"year","agency_key","CESA","district_number","school_number","agency_type","school_type","charter","district_name","school_name","grade_label","race_ethnicity","gender","total_enrollment_prek-12","pre-k_number","pre-k_percent","kinder_number","kinder_percent","grade_1_number","grade_1_percent","grade_2_number","grade_2_percent","grade_3_number","grade_3_percent","grade_4_number","grade_4_percent","grade_5_number","grade_5_percent","grade_6_number","grade_6_percent","grade_7_number","grade_7_percent","grade_8_number","grade_8_percent","grade_9_number","grade_9_percent","grade_10_number","grade_10_percent","grade_11_number","grade_11_percent","grade_12_number","grade_12_percent"
"2006","17423","06","0147","","03","Summary   ","N","Appleton Area","","Grades PreK-12","All Races","Both Genders","15212",257,"1.689400                      ",1134,"7.454600                      ",1078,"7.086500                      ",1022,"6.718300                      ",1037,"6.816900                      ",1041,"6.843200                      ",1058,"6.955000                      ",1145,"7.526900                      ",1134,"7.454600                      ",1248,"8.204000                      ",1233,"8.105400                      ",1205,"7.921300                      ",1284,"8.440700                      ",1336,"8.782500                      "
"2006","17469","06","0147","0020","04","High      ","N","Appleton Area","East High","Grades PreK-12","All Races","Both Genders","1530",0,"0.000000                      ",0,"0.000000                      ",0,"0.000000                      ",0,"0.000000                      ",0,"0.000000                      ",0,"0.000000                      ",0,"0.000000                      ",0,"0.000000                      ",0,"0.000000                      ",0,"0.000000                      ",366,"23.921500                     ",380,"24.836600                     ",381,"24.901900                     ",403,"26.339800                     "
"2006","26962","06","0147","0030","04","High      ","N","Appleton Area","North High","Grades PreK-12","All Races","Both Genders","1719",0,"0.000000                      ",0,"0.000000                      ",0,"0.000000                      ",0,"0.000000                      ",0,"0.000000                      ",0,"0.000000                      ",0,"0.000000                      ",0,"0.000000                      ",0,"0.000000                      ",0,"0.000000                      ",415,"24.141900                     ",424,"24.665500                     ",437,"25.421700                     ",443,"25.770700                     "
"2006","17448","06","0147","0040","04","High      ","N","Appleton Area","West High","Grades PreK-12","All Races","Both Genders","1433",0,"0.000000                      ",0,"0.000000                      ",0,"0.000000                      ",0,"0.000000                      ",0,"0.000000                      ",0,"0.000000                      ",0,"0.000000                      ",0,"0.000000                      ",0,"0.000000                      ",0,"0.000000                      ",381,"26.587500                     ",330,"23.028600                     ",389,"27.145800                     ",333,"23.237900                     "
"2006","17331","06","0147","0060","04","Elem      ","N","Appleton Area","Badger Elementary","Grades PreK-12","All Races","Both Genders","287",1,"0.348400                      ",51,"17.770000                     ",51,"17.770000                     ",38,"13.240400                     ",36,"12.543500                     ",35,"12.195100                     ",38,"13.240400                     ",37,"12.891900                     ",0,"0.000000                      ",0,"0.000000                      ",0,"0.000000                      ",0,"0.000000                      ",0,"0.000000                      ",0,"0.000000                      "
"2006","17332","06","0147","0080","04","Elem      ","N","Appleton Area","Columbus Elementary","Grades PreK-12","All Races","Both Genders","182",0,"0.000000                      ",26,"14.285700                     ",25,"13.736200                     ",21,"11.538400                     ",28,"15.384600                     ",29,"15.934000                     ",28,"15.384600                     ",25,"13.736200                     ",0,"0.000000                      ",0,"0.000000                      ",0,"0.000000                      ",0,"0.000000                      ",0,"0.000000                      ",0,"0.000000                      "
"2006","17333","06","0147","0100","04","Elem      ","N","Appleton Area","Edison Elementary","Grades PreK-12","All Races","Both Genders","282",19,"6.737500                      ",42,"14.893600                     ",47,"16.666600                     ",46,"16.312000                     ",36,"12.765900                     ",34,"12.056700                     ",22,"7.801400                      ",36,"12.765900                     ",0,"0.000000                      ",0,"0.000000                      ",0,"0.000000                      ",0,"0.000000                      ",0,"0.000000                      ",0,"0.000000                      "
"2006","71979","06","0147","0105","04","Elem      ","N","Appleton Area","Child Learning Center","Grades PreK-12","All Races","Both Genders","43",19,"44.186000                     ",24,"55.813900                     ",0,"0.000000                      ",0,"0.000000                      ",0,"0.000000                      ",0,"0.000000                      ",0,"0.000000                      ",0,"0.000000                      ",0,"0.000000                      ",0,"0.000000                      ",0,"0.000000                      ",0,"0.000000                      ",0,"0.000000                      ",0,"0.000000                      "
"2006","70074","06","0147","0110","04","Elem      ","Y","Appleton Area","Classical School","Grades PreK-12","All Races","Both Genders","423",0,"0.000000                      ",50,"11.820300                     ",51,"12.056700                     ",50,"11.820300                     ",51,"12.056700                     ",50,"11.820300                     ",50,"11.820300                     ",53,"12.529500                     ",43,"10.165400                     ",25,"5.910100                      ",0,"0.000000                      ",0,"0.000000                      ",0,"0.000000                      ",0,"0.000000                      "
"2006","17334","06","0147","0120","04","Mid/Jr Hi ","N","Appleton Area","Einstein Middle","Grades PreK-12","All Races","Both Genders","484",0,"0.000000                      ",0,"0.000000                      ",0,"0.000000                      ",0,"0.000000                      ",0,"0.000000                      ",0,"0.000000                      ",0,"0.000000                      ",0,"0.000000                      ",212,"43.801600                     ",272,"56.198300                     ",0,"0.000000                      ",0,"0.000000                      ",0,"0.000000                      ",0,"0.000000                      "
"2006","71974","06","0147","0125","04","Elem      ","Y","Appleton Area","Wisconsin Connections Academy","Grades PreK-12","All Races","Both Genders","432",0,"0.000000                      ",32,"7.407400                      ",46,"10.648100                     ",43,"9.953700                      ",37,"8.564800                      ",44,"10.185100                     ",58,"13.425900                     ",59,"13.657400                     ",48,"11.111100                     ",65,"15.046200                     ",0,"0.000000                      ",0,"0.000000                      ",0,"0.000000                      ",0,"0.000000                      "
"2006","17335","06","0147","0130","04","Elem      ","N","Appleton Area","Ferber Elementary","Grades PreK-12","All Races","Both Genders","690",5,"0.724600                      ",90,"13.043400                     ",92,"13.333300                     ",96,"13.913000                     ",93,"13.478200                     ",109,"15.797100                     ",95,"13.768100                     ",110,"15.942000                     ",0,"0.000000                      ",0,"0.000000                      ",0,"0.000000                      ",0,"0.000000                      ",0,"0.000000                      ",0,"0.000000                      "
"2006","00062","06","0147","0135","04","Elem      ","Y","Appleton Area","Fox River Academy","Grades PreK-12","All Races","Both Genders","12",0,"0.000000                      ",0,"0.000000                      ",0,"0.000000                      ",0,"0.000000                      ",7,"58.333300                     ",4,"33.333300                     ",0,"0.000000                      ",1,"8.333300                      ",0,"0.000000                      ",0,"0.000000                      ",0,"0.000000                      ",0,"0.000000                      ",0,"0.000000                      ",0,"0.000000                      "
"2006","17336","06","0147","0140","04","Elem      ","N","Appleton Area","Foster Elementary","Grades PreK-12","All Races","Both Genders","245",0,"0.000000                      ",31,"12.653000                     ",35,"14.285700                     ",44,"17.959100                     ",27,"11.020400                     ",34,"13.877500                     ",36,"14.693800                     ",38,"15.510200                     ",0,"0.000000                      ",0,"0.000000                      ",0,"0.000000                      ",0,"0.000000                      ",0,"0.000000                      ",0,"0.000000                      "
"2006","00063","06","0147","0145","04","Elem      ","Y","Appleton Area","Appleton Public Montesori","Grades PreK-12","All Races","Both Genders","11",0,"0.000000                      ",0,"0.000000                      ",0,"0.000000                      ",2,"18.181800                     ",3,"27.272700                     ",3,"27.272700                     ",2,"18.181800                     ",1,"9.090900                      ",0,"0.000000                      ",0,"0.000000                      ",0,"0.000000                      ",0,"0.000000                      ",0,"0.000000                      ",0,"0.000000                      "
"2006","17337","06","0147","0160","04","Elem      ","N","Appleton Area","Franklin Elementary","Grades PreK-12","All Races","Both Genders","374",3,"0.802100                      ",49,"13.101600                     ",58,"15.508000                     ",57,"15.240600                     ",44,"11.764700                     ",54,"14.438500                     ",50,"13.368900                     ",59,"15.775400                     ",0,"0.000000                      ",0,"0.000000                      ",0,"0.000000                      ",0,"0.000000                      ",0,"0.000000                      ",0,"0.000000                      "
"2006","17338","06","0147","0180","04","Elem      ","N","Appleton Area","Highlands Elementary","Grades PreK-12","All Races","Both Genders","554",15,"2.707500                      ",97,"17.509000                     ",82,"14.801400                     ",65,"11.732800                     ",79,"14.259900                     ",54,"9.747200                      ",67,"12.093800                     ",95,"17.148000                     ",0,"0.000000                      ",0,"0.000000                      ",0,"0.000000                      ",0,"0.000000                      ",0,"0.000000                      ",0,"0.000000                      "
"2006","17470","06","0147","0190","04","Elem      ","N","Appleton Area","Horizons Elementary","Grades PreK-12","All Races","Both Genders","432",6,"1.388800                      ",55,"12.731400                     ",68,"15.740700                     ",54,"12.500000                     ",55,"12.731400                     ",57,"13.194400                     ",70,"16.203700                     ",67,"15.509200                     ",0,"0.000000                      ",0,"0.000000                      ",0,"0.000000                      ",0,"0.000000                      ",0,"0.000000                      ",0,"0.000000                      "
"2006","17471","06","0147","0195","04","Elem      ","N","Appleton Area","Houdini Elementary","Grades PreK-12","All Races","Both Genders","625",20,"3.200000                      ",92,"14.720000                     ",60,"9.600000                      ",83,"13.280000                     ",85,"13.600000                     ",92,"14.720000                     ",98,"15.680000                     ",95,"15.200000                     ",0,"0.000000                      ",0,"0.000000                      ",0,"0.000000                      ",0,"0.000000                      ",0,"0.000000                      ",0,"0.000000                      "
"2006","17339","06","0147","0200","04","Elem      ","N","Appleton Area","Huntley Elementary","Grades PreK-12","All Races","Both Genders","568",3,"0.528100                      ",84,"14.788700                     ",88,"15.492900                     ",88,"15.492900                     ",84,"14.788700                     ",82,"14.436600                     ",69,"12.147800                     ",70,"12.323900                     ",0,"0.000000                      ",0,"0.000000                      ",0,"0.000000                      ",0,"0.000000                      ",0,"0.000000                      ",0,"0.000000                      "
"2006","71200","06","0147","0210","04","Mid/Jr Hi ","Y","Appleton Area","Odyssey-Magellan","Grades PreK-12","All Races","Both Genders","137",0,"0.000000                      ",0,"0.000000                      ",0,"0.000000                      ",0,"0.000000                      ",13,"9.489000                      ",26,"18.978100                     ",26,"18.978100                     ",26,"18.978100                     ",19,"13.868600                     ",27,"19.708000                     ",0,"0.000000                      ",0,"0.000000                      ",0,"0.000000                      ",0,"0.000000                      "
"2006","17472","06","0147","0220","04","Elem      ","N","Appleton Area","Berry Elementary","Grades PreK-12","All Races","Both Genders","500",9,"1.800000                      ",75,"15.000000                     ",65,"13.000000                     ",60,"12.000000                     ",75,"15.000000                     ",58,"11.600000                     ",85,"17.000000                     ",73,"14.600000                     ",0,"0.000000                      ",0,"0.000000                      ",0,"0.000000                      ",0,"0.000000                      ",0,"0.000000                      ",0,"0.000000                      "
"2006","70173","06","0147","0230","04","Mid/Jr Hi ","Y","Appleton Area","Appleton Community Learning Center","Grades PreK-12","All Races","Both Genders","9",0,"0.000000                      ",0,"0.000000                      ",0,"0.000000                      ",0,"0.000000                      ",0,"0.000000                      ",0,"0.000000                      ",0,"0.000000                      ",0,"0.000000                      ",0,"0.000000                      ",9,"100.000000                    ",0,"0.000000                      ",0,"0.000000                      ",0,"0.000000                      ",0,"0.000000                      "
"2006","17340","06","0147","0240","04","Elem      ","N","Appleton Area","Jefferson Elementary","Grades PreK-12","All Races","Both Genders","412",35,"8.495100                      ",60,"14.563100                     ",48,"11.650400                     ",52,"12.621300                     ",56,"13.592200                     ",55,"13.349500                     ",53,"12.864000                     ",53,"12.864000                     ",0,"0.000000                      ",0,"0.000000                      ",0,"0.000000                      ",0,"0.000000                      ",0,"0.000000                      ",0,"0.000000                      "
"2006","17341","06","0147","0260","04","Elem      ","N","Appleton Area","Johnston Elementary","Grades PreK-12","All Races","Both Genders","568",14,"2.464700                      ",96,"16.901400                     ",85,"14.964700                     ",78,"13.732300                     ",76,"13.380200                     ",72,"12.676000                     ",71,"12.500000                     ",76,"13.380200                     ",0,"0.000000                      ",0,"0.000000                      ",0,"0.000000                      ",0,"0.000000                      ",0,"0.000000                      ",0,"0.000000                      "
"2006","17342","06","0147","0280","04","Elem      ","N","Appleton Area","Lincoln Elementary","Grades PreK-12","All Races","Both Genders","363",17,"4.683100                      ",50,"13.774100                     ",51,"14.049500                     ",37,"10.192800                     ",45,"12.396600                     ",58,"15.977900                     ",39,"10.743800                     ",66,"18.181800                     ",0,"0.000000                      ",0,"0.000000                      ",0,"0.000000                      ",0,"0.000000                      ",0,"0.000000                      ",0,"0.000000                      "
"2006","17343","06","0147","0300","04","Mid/Jr Hi ","N","Appleton Area","Madison Middle","Grades PreK-12","All Races","Both Genders","749",0,"0.000000                      ",0,"0.000000                      ",0,"0.000000                      ",0,"0.000000                      ",0,"0.000000                      ",0,"0.000000                      ",0,"0.000000                      ",0,"0.000000                      ",359,"47.930500                     ",390,"52.069400                     ",0,"0.000000                      ",0,"0.000000                      ",0,"0.000000                      ",0,"0.000000                      "
"2006","17344","06","0147","0320","04","Elem      ","N","Appleton Area","McKinley Elementary","Grades PreK-12","All Races","Both Genders","582",90,"15.463900                     ",86,"14.776600                     ",76,"13.058400                     ",72,"12.371100                     ",69,"11.855600                     ",53,"9.106500                      ",69,"11.855600                     ",67,"11.512000                     ",0,"0.000000                      ",0,"0.000000                      ",0,"0.000000                      ",0,"0.000000                      ",0,"0.000000                      ",0,"0.000000                      "
"2006","17345","06","0147","0340","04","Elem      ","N","Appleton Area","Richmond Elementary","Grades PreK-12","All Races","Both Genders","277",1,"0.361000                      ",44,"15.884400                     ",50,"18.050500                     ",36,"12.996300                     ",38,"13.718400                     ",38,"13.718400                     ",32,"11.552300                     ",38,"13.718400                     ",0,"0.000000                      ",0,"0.000000                      ",0,"0.000000                      ",0,"0.000000                      ",0,"0.000000                      ",0,"0.000000                      "
"2006","17346","06","0147","0360","04","Mid/Jr Hi ","N","Appleton Area","Roosevelt Middle","Grades PreK-12","All Races","Both Genders","408",0,"0.000000                      ",0,"0.000000                      ",0,"0.000000                      ",0,"0.000000                      ",0,"0.000000                      ",0,"0.000000                      ",0,"0.000000                      ",0,"0.000000                      ",207,"50.735200                     ",201,"49.264700                     ",0,"0.000000                      ",0,"0.000000                      ",0,"0.000000                      ",0,"0.000000                      "
"2006","30742","06","0147","0400","04","High      ","Y","Appleton Area","Appleton Central Alternative School","Grades PreK-12","All Races","Both Genders","109",0,"0.000000                      ",0,"0.000000                      ",0,"0.000000                      ",0,"0.000000                      ",0,"0.000000                      ",0,"0.000000                      ",0,"0.000000                      ",0,"0.000000                      ",0,"0.000000                      ",0,"0.000000                      ",0,"0.000000                      ",5,"4.587100                      ",16,"14.678800                     ",88,"80.733900                     "
"2006","17348","06","0147","0410","04","Mid/Jr Hi ","N","Appleton Area","Wilson Middle","Grades PreK-12","All Races","Both Genders","494",0,"0.000000                      ",0,"0.000000                      ",0,"0.000000                      ",0,"0.000000                      ",0,"0.000000                      ",0,"0.000000                      ",0,"0.000000                      ",0,"0.000000                      ",240,"48.582900                     ",254,"51.417000                     ",0,"0.000000                      ",0,"0.000000                      ",0,"0.000000                      ",0,"0.000000                      "
"2006","71201","06","0147","0420","04","High      ","Y","Appleton Area","Renaissance Sch","Grades PreK-12","All Races","Both Genders","155",0,"0.000000                      ",0,"0.000000                      ",0,"0.000000                      ",0,"0.000000                      ",0,"0.000000                      ",0,"0.000000                      ",0,"0.000000                      ",0,"0.000000                      ",0,"0.000000                      ",0,"0.000000                      ",43,"27.741900                     ",29,"18.709600                     ",40,"25.806400                     ",43,"27.741900                     "
"2006","71975","06","0147","0430","04","High      ","Y","Appleton Area","Tesla Engineering Charter School","Grades PreK-12","All Races","Both Genders","47",0,"0.000000                      ",0,"0.000000                      ",0,"0.000000                      ",0,"0.000000                      ",0,"0.000000                      ",0,"0.000000                      ",0,"0.000000                      ",0,"0.000000                      ",0,"0.000000                      ",0,"0.000000                      ",8,"17.021200                     ",18,"38.297800                     ",7,"14.893600                     ",14,"29.787200                     "
"2006","71976","06","0147","0440","04","High      ","Y","Appleton Area","Appleton eSchool","Grades PreK-12","All Races","Both Genders","13",0,"0.000000                      ",0,"0.000000                      ",0,"0.000000                      ",0,"0.000000                      ",0,"0.000000                      ",0,"0.000000                      ",0,"0.000000                      ",0,"0.000000                      ",0,"0.000000                      ",0,"0.000000                      ",4,"30.769200                     ",2,"15.384600                     ",1,"7.692300                      ",6,"46.153800                     "
"2006","72510","06","0147","0460","04","High      ","Y","Appleton Area","Valley New School","Grades PreK-12","All Races","Both Genders","63",0,"0.000000                      ",0,"0.000000                      ",0,"0.000000                      ",0,"0.000000                      ",0,"0.000000                      ",0,"0.000000                      ",0,"0.000000                      ",0,"0.000000                      ",6,"9.523800                      ",5,"7.936500                      ",16,"25.396800                     ",17,"26.984100                     ",13,"20.634900                     ",6,"9.523800                      "
"2006","72944","06","0147","0480","04","High      ","Y","Appleton Area","Dan Spalding Academy","Grades PreK-12","All Races","Both Genders","1",0,"0.000000                      ",0,"0.000000                      ",0,"0.000000                      ",0,"0.000000                      ",0,"0.000000                      ",0,"0.000000                      ",0,"0.000000                      ",0,"0.000000                      ",0,"0.000000                      ",0,"0.000000                      ",0,"0.000000                      ",1,"100.000000                    ",0,"0.000000                      ",0,"0.000000                      "
"2006","00139","06","0147","9415","4C","High      ","Y","Appleton Area","Chance II Charter","Grades PreK-12","All Races","Both Genders","0",0,"--                            ",0,"--                            ",0,"--                            ",0,"--                            ",0,"--                            ",0,"--                            ",0,"--                            ",0,"--                            ",0,"--                            ",0,"--                            ",0,"--                            ",0,"--                            ",0,"--                            ",0,"--                            "
"2006","09391","06","0336","","03","Summary   ","N","Beaver Dam","","Grades PreK-12","All Races","Both Genders","3393",55,"1.620900                      ",257,"7.574400                      ",234,"6.896500                      ",228,"6.719700                      ",247,"7.279600                      ",232,"6.837600                      ",229,"6.749100                      ",215,"6.336500                      ",231,"6.808100                      ",243,"7.161800                      ",305,"8.989000                      ",255,"7.515400                      ",322,"9.490100                      ",340,"10.020600                     "
"2006","09377","06","0336","0020","04","Mid/Jr Hi ","N","Beaver Dam","Beaver Dam Middle","Grades PreK-12","All Races","Both Genders","675",0,"0.000000                      ",0,"0.000000                      ",0,"0.000000                      ",0,"0.000000                      ",0,"0.000000                      ",0,"0.000000                      ",0,"0.000000                      ",215,"31.851800                     ",225,"33.333300                     ",235,"34.814800                     ",0,"0.000000                      ",0,"0.000000                      ",0,"0.000000                      ",0,"0.000000                      "
"2006","09378","06","0336","0040","04","High      ","N","Beaver Dam","Beaver Dam High","Grades PreK-12","All Races","Both Genders","1131",0,"0.000000                      ",0,"0.000000                      ",0,"0.000000                      ",0,"0.000000                      ",0,"0.000000                      ",0,"0.000000                      ",0,"0.000000                      ",0,"0.000000                      ",0,"0.000000                      ",0,"0.000000                      ",304,"26.878800                     ",244,"21.573800                     ",293,"25.906200                     ",290,"25.641000                     "
"2006","09379","06","0336","0080","04","Elem      ","N","Beaver Dam","Jefferson Elementary","Grades PreK-12","All Races","Both Genders","336",0,"0.000000                      ",64,"19.047600                     ",61,"18.154700                     ",47,"13.988000                     ",57,"16.964200                     ",54,"16.071400                     ",53,"15.773800                     ",0,"0.000000                      ",0,"0.000000                      ",0,"0.000000                      ",0,"0.000000                      ",0,"0.000000                      ",0,"0.000000                      ",0,"0.000000                      "
"2006","09380","06","0336","0100","04","Elem      ","N","Beaver Dam","Lincoln Elementary","Grades PreK-12","All Races","Both Genders","239",0,"0.000000                      ",41,"17.154800                     ",37,"15.481100                     ",45,"18.828400                     ",41,"17.154800                     ",38,"15.899500                     ",37,"15.481100                     ",0,"0.000000                      ",0,"0.000000                      ",0,"0.000000                      ",0,"0.000000                      ",0,"0.000000                      ",0,"0.000000                      ",0,"0.000000                      "
"2006","48786","06","0336","0110","04","Elem      ","N","Beaver Dam","Prairie View Elementary","Grades PreK-12","All Races","Both Genders","253",55,"21.739100                     ",45,"17.786500                     ",35,"13.833900                     ",39,"15.415000                     ",30,"11.857700                     ",24,"9.486100                      ",25,"9.881400                      ",0,"0.000000                      ",0,"0.000000                      ",0,"0.000000                      ",0,"0.000000                      ",0,"0.000000                      ",0,"0.000000                      ",0,"0.000000                      "
"2006","09381","06","0336","0120","04","Elem      ","N","Beaver Dam","South Beaver Dam Elementary","Grades PreK-12","All Races","Both Genders","118",0,"0.000000                      ",20,"16.949100                     ",19,"16.101600                     ",17,"14.406700                     ",22,"18.644000                     ",19,"16.101600                     ",21,"17.796600                     ",0,"0.000000                      ",0,"0.000000                      ",0,"0.000000                      ",0,"0.000000                      ",0,"0.000000                      ",0,"0.000000                      ",0,"0.000000                      "
"2006","09382","06","0336","0140","04","Elem      ","N","Beaver Dam","Trenton Elementary","Grades PreK-12","All Races","Both Genders","118",0,"0.000000                      ",21,"17.796600                     ",18,"15.254200                     ",17,"14.406700                     ",19,"16.101600                     ",20,"16.949100                     ",23,"19.491500                     ",0,"0.000000                      ",0,"0.000000                      ",0,"0.000000                      ",0,"0.000000                      ",0,"0.000000                      ",0,"0.000000                      ",0,"0.000000                      "
"2006","09383","06","0336","0160","04","Elem      ","N","Beaver Dam","Washington Elementary","Grades PreK-12","All Races","Both Genders","275",0,"0.000000                      ",42,"15.272700                     ",43,"15.636300                     ",40,"14.545400                     ",54,"19.636300                     ",48,"17.454500                     ",48,"17.454500                     ",0,"0.000000                      ",0,"0.000000                      ",0,"0.000000                      ",0,"0.000000                      ",0,"0.000000                      ",0,"0.000000                      ",0,"0.000000                      "
"2006","09384","06","0336","0180","04","Elem      ","N","Beaver Dam","Wilson Elementary","Grades PreK-12","All Races","Both Genders","143",0,"0.000000                      ",24,"16.783200                     ",21,"14.685300                     ",23,"16.083900                     ",24,"16.783200                     ",29,"20.279700                     ",22,"15.384600                     ",0,"0.000000                      ",0,"0.000000                      ",0,"0.000000                      ",0,"0.000000                      ",0,"0.000000                      ",0,"0.000000                      ",0,"0.000000                      "
"2006","26901","06","0336","0200","04","El/Sec    ","Y","Beaver Dam","Beaver Dam Charter Sch","Grades PreK-12","All Races","Both Genders","105",0,"0.000000                      ",0,"0.000000                      ",0,"0.000000                      ",0,"0.000000                      ",0,"0.000000                      ",0,"0.000000                      ",0,"0.000000                      ",0,"0.000000                      ",6,"5.714200                      ",8,"7.619000                      ",1,"0.952300                      ",11,"10.476100                     ",29,"27.619000                     ",50,"47.619000                     "
"2006","17531","06","0434","","03","Summary   ","N","Berlin Area","","Grades PreK-12","All Races","Both Genders","1674",9,"0.537600                      ",95,"5.675000                      ",105,"6.272400                      ",123,"7.347600                      ",109,"6.511300                      ",105,"6.272400                      ",120,"7.168400                      ",136,"8.124200                      ",123,"7.347600                      ",150,"8.960500                      ",143,"8.542400                      ",162,"9.677400                      ",135,"8.064500                      ",159,"9.498200                      "
"2006","17522","06","0434","0040","04","High      ","N","Berlin Area","Berlin High","Grades PreK-12","All Races","Both Genders","599",0,"0.000000                      ",0,"0.000000                      ",0,"0.000000                      ",0,"0.000000                      ",0,"0.000000                      ",0,"0.000000                      ",0,"0.000000                      ",0,"0.000000                      ",0,"0.000000                      ",0,"0.000000                      ",143,"23.873100                     ",162,"27.045000                     ",135,"22.537500                     ",159,"26.544200                     "
"2006","17523","06","0434","0060","04","Elem      ","N","Berlin Area","Clay Lamberton Elementary","Grades PreK-12","All Races","Both Genders","588",9,"1.530600                      ",78,"13.265300                     ",92,"15.646200                     ",105,"17.857100                     ",96,"16.326500                     ",88,"14.965900                     ",120,"20.408100                     ",0,"0.000000                      ",0,"0.000000                      ",0,"0.000000                      ",0,"0.000000                      ",0,"0.000000                      ",0,"0.000000                      ",0,"0.000000                      "
"2006","17524","06","0434","0080","04","Mid/Jr Hi ","N","Berlin Area","Berlin Middle","Grades PreK-12","All Races","Both Genders","409",0,"0.000000                      ",0,"0.000000                      ",0,"0.000000                      ",0,"0.000000                      ",0,"0.000000                      ",0,"0.000000                      ",0,"0.000000                      ",136,"33.251800                     ",123,"30.073300                     ",150,"36.674800                     ",0,"0.000000                      ",0,"0.000000                      ",0,"0.000000                      ",0,"0.000000                      "
"2006","18168","06","0434","0100","04","Elem      ","N","Berlin Area","Poy Sippi Elementary","Grades PreK-12","All Races","Both Genders","78",0,"0.000000                      ",17,"21.794800                     ",13,"16.666600                     ",18,"23.076900                     ",13,"16.666600                     ",17,"21.794800                     ",0,"0.000000                      ",0,"0.000000                      ",0,"0.000000                      ",0,"0.000000                      ",0,"0.000000                      ",0,"0.000000                      ",0,"0.000000                      ",0,"0.000000                      "
"2006","71537","06","0434","9800","4C","El/Sec    ","Y","Berlin Area","Enterprise Charter School","Grades PreK-12","All Races","Both Genders","2",0,"0.000000                      ",0,"0.000000                      ",0,"0.000000                      ",0,"0.000000                      ",0,"0.000000                      ",0,"0.000000                      ",0,"0.000000                      ",1,"50.000000                     ",0,"0.000000                      ",1,"50.000000                     ",0,"0.000000                      ",0,"0.000000                      ",0,"0.000000                      ",0,"0.000000                      "
"2006","00907","06","0910","","03","Summary   ","N","Campbellsport","","Grades PreK-12","All Races","Both Genders","1467",24,"1.635900                      ",87,"5.930400                      ",96,"6.543900                      ",93,"6.339400                      ",111,"7.566400                      ",95,"6.475800                      ",80,"5.453300                      ",105,"7.157400                      ",117,"7.975400                      ",124,"8.452600                      ",136,"9.270600                      ",130,"8.861600                      ",136,"9.270600                      ",133,"9.066100                      "
"2006","00901","06","0910","0020","04","Elem      ","N","Campbellsport","Campbellsport Elementary","Grades PreK-12","All Races","Both Genders","376",19,"5.053100                      ",49,"13.031900                     ",55,"14.627600                     ",46,"12.234000                     ",67,"17.819100                     ",54,"14.361700                     ",42,"11.170200                     ",44,"11.702100                     ",0,"0.000000                      ",0,"0.000000                      ",0,"0.000000                      ",0,"0.000000                      ",0,"0.000000                      ",0,"0.000000                      "
"2006","00902","06","0910","0040","04","High      ","N","Campbellsport","Campbellsport High","Grades PreK-12","All Races","Both Genders","535",0,"0.000000                      ",0,"0.000000                      ",0,"0.000000                      ",0,"0.000000                      ",0,"0.000000                      ",0,"0.000000                      ",0,"0.000000                      ",0,"0.000000                      ",0,"0.000000                      ",0,"0.000000                      ",136,"25.420500                     ",130,"24.299000                     ",136,"25.420500                     ",133,"24.859800                     "
"2006","01075","06","0910","0080","04","Elem      ","N","Campbellsport","Eden Elementary","Grades PreK-12","All Races","Both Genders","315",5,"1.587300                      ",38,"12.063400                     ",41,"13.015800                     ",47,"14.920600                     ",44,"13.968200                     ",41,"13.015800                     ",38,"12.063400                     ",61,"19.365000                     ",0,"0.000000                      ",0,"0.000000                      ",0,"0.000000                      ",0,"0.000000                      ",0,"0.000000                      ",0,"0.000000                      "
"2006","71619","06","0910","0300","04","Mid/Jr Hi ","N","Campbellsport","Campbellsport Jr High","Grades PreK-12","All Races","Both Genders","241",0,"0.000000                      ",0,"0.000000                      ",0,"0.000000                      ",0,"0.000000                      ",0,"0.000000                      ",0,"0.000000                      ",0,"0.000000                      ",0,"0.000000                      ",117,"48.547700                     ",124,"51.452200                     ",0,"0.000000                      ",0,"0.000000                      ",0,"0.000000                      ",0,"0.000000                      "
"2006","01193","06","1687","","03","Summary   ","N","Erin","","Grades PreK-12","All Races","Both Genders","377",33,"8.753300                      ",39,"10.344800                     ",30,"7.957500                      ",40,"10.610000                     ",35,"9.283800                      ",39,"10.344800                     ",32,"8.488000                      ",37,"9.814300                      ",50,"13.262500                     ",42,"11.140500                     ",0,"0.000000                      ",0,"0.000000                      ",0,"0.000000                      ",0,"0.000000                      "
"2006","01178","06","1687","0020","04","Elem      ","N","Erin","Erin Elementary","Grades PreK-12","All Races","Both Genders","377",33,"8.753300                      ",39,"10.344800                     ",30,"7.957500                      ",40,"10.610000                     ",35,"9.283800                      ",39,"10.344800                     ",32,"8.488000                      ",37,"9.814300                      ",50,"13.262500                     ",42,"11.140500                     ",0,"0.000000                      ",0,"0.000000                      ",0,"0.000000                      ",0,"0.000000                      "
"2006","17641","06","1862","","03","Summary   ","N","Fond du Lac","","Grades PreK-12","All Races","Both Genders","7589",455,"5.995500                      ",544,"7.168200                      ",535,"7.049600                      ",512,"6.746600                      ",503,"6.628000                      ",469,"6.179900                      ",514,"6.772900                      ",533,"7.023300                      ",494,"6.509400                      ",553,"7.286800                      ",624,"8.222400                      ",632,"8.327800                      ",592,"7.800700                      ",629,"8.288300                      "
"2006","17615","06","1862","0030","04","Elem      ","N","Fond du Lac","Chegwin Elementary","Grades PreK-12","All Races","Both Genders","362",55,"15.193300                     ",61,"16.850800                     ",50,"13.812100                     ",54,"14.917100                     ",39,"10.773400                     ",58,"16.022000                     ",45,"12.430900                     ",0,"0.000000                      ",0,"0.000000                      ",0,"0.000000                      ",0,"0.000000                      ",0,"0.000000                      ",0,"0.000000                      ",0,"0.000000                      "
"2006","17616","06","1862","0080","04","Elem      ","N","Fond du Lac","Evans Elementary","Grades PreK-12","All Races","Both Genders","323",31,"9.597500                      ",48,"14.860600                     ",46,"14.241400                     ",51,"15.789400                     ",47,"14.551000                     ",51,"15.789400                     ",49,"15.170200                     ",0,"0.000000                      ",0,"0.000000                      ",0,"0.000000                      ",0,"0.000000                      ",0,"0.000000                      ",0,"0.000000                      ",0,"0.000000                      "
"2006","17618","06","1862","0120","04","Elem      ","N","Fond du Lac","Riverside Elementary","Grades PreK-12","All Races","Both Genders","347",115,"33.141200                     ",44,"12.680100                     ",40,"11.527300                     ",40,"11.527300                     ",39,"11.239100                     ",37,"10.662800                     ",32,"9.221900                      ",0,"0.000000                      ",0,"0.000000                      ",0,"0.000000                      ",0,"0.000000                      ",0,"0.000000                      ",0,"0.000000                      ",0,"0.000000                      "
"2006","17619","06","1862","0140","04","High      ","N","Fond du Lac","Fond du Lac High School","Grades PreK-12","All Races","Both Genders","2477",0,"0.000000                      ",0,"0.000000                      ",0,"0.000000                      ",0,"0.000000                      ",0,"0.000000                      ",0,"0.000000                      ",0,"0.000000                      ",0,"0.000000                      ",0,"0.000000                      ",0,"0.000000                      ",624,"25.191700                     ",632,"25.514700                     ",592,"23.899800                     ",629,"25.393600                     "
"2006","17620","06","1862","0200","04","Elem      ","N","Fond du Lac","Lakeshore Elementary","Grades PreK-12","All Races","Both Genders","484",12,"2.479300                      ",78,"16.115700                     ",79,"16.322300                     ",69,"14.256100                     ",81,"16.735500                     ",75,"15.495800                     ",90,"18.595000                     ",0,"0.000000                      ",0,"0.000000                      ",0,"0.000000                      ",0,"0.000000                      ",0,"0.000000                      ",0,"0.000000                      ",0,"0.000000                      "
"2006","17621","06","1862","0230","04","Elem      ","N","Fond du Lac","Parkside Elementary","Grades PreK-12","All Races","Both Genders","258",14,"5.426300                      ",50,"19.379800                     ",39,"15.116200                     ",38,"14.728600                     ",41,"15.891400                     ",36,"13.953400                     ",40,"15.503800                     ",0,"0.000000                      ",0,"0.000000                      ",0,"0.000000                      ",0,"0.000000                      ",0,"0.000000                      ",0,"0.000000                      ",0,"0.000000                      "
"2006","17622","06","1862","0240","04","Elem      ","N","Fond du Lac","Pier Elementary","Grades PreK-12","All Races","Both Genders","429",81,"18.881100                     ",65,"15.151500                     ",54,"12.587400                     ",49,"11.421900                     ",66,"15.384600                     ",51,"11.888100                     ",63,"14.685300                     ",0,"0.000000                      ",0,"0.000000                      ",0,"0.000000                      ",0,"0.000000                      ",0,"0.000000                      ",0,"0.000000                      ",0,"0.000000                      "
"2006","17623","06","1862","0260","04","Elem      ","N","Fond du Lac","Roberts Elementary","Grades PreK-12","All Races","Both Genders","449",26,"5.790600                      ",71,"15.812900                     ",87,"19.376300                     ",72,"16.035600                     ",68,"15.144700                     ",58,"12.917500                     ",67,"14.922000                     ",0,"0.000000                      ",0,"0.000000                      ",0,"0.000000                      ",0,"0.000000                      ",0,"0.000000                      ",0,"0.000000                      ",0,"0.000000                      "
"2006","17624","06","1862","0280","04","Elem      ","N","Fond du Lac","Rosenow Elementary","Grades PreK-12","All Races","Both Genders","440",62,"14.090900                     ",54,"12.272700                     ",61,"13.863600                     ",79,"17.954500                     ",54,"12.272700                     ",53,"12.045400                     ",77,"17.500000                     ",0,"0.000000                      ",0,"0.000000                      ",0,"0.000000                      ",0,"0.000000                      ",0,"0.000000                      ",0,"0.000000                      ",0,"0.000000                      "
"2006","17625","06","1862","0300","04","Mid/Jr Hi ","N","Fond du Lac","Sabish Middle","Grades PreK-12","All Races","Both Genders","564",0,"0.000000                      ",0,"0.000000                      ",0,"0.000000                      ",0,"0.000000                      ",0,"0.000000                      ",0,"0.000000                      ",0,"0.000000                      ",204,"36.170200                     ",180,"31.914800                     ",180,"31.914800                     ",0,"0.000000                      ",0,"0.000000                      ",0,"0.000000                      ",0,"0.000000                      "
"2006","17626","06","1862","0335","04","Mid/Jr Hi ","N","Fond du Lac","Theisen Middle","Grades PreK-12","All Races","Both Genders","523",0,"0.000000                      ",0,"0.000000                      ",0,"0.000000                      ",0,"0.000000                      ",0,"0.000000                      ",0,"0.000000                      ",0,"0.000000                      ",168,"32.122300                     ",169,"32.313500                     ",186,"35.564000                     ",0,"0.000000                      ",0,"0.000000                      ",0,"0.000000                      ",0,"0.000000                      "
"2006","17627","06","1862","0360","04","Elem      ","N","Fond du Lac","Waters Elementary","Grades PreK-12","All Races","Both Genders","440",59,"13.409000                     ",73,"16.590900                     ",79,"17.954500                     ",60,"13.636300                     ",68,"15.454500                     ",50,"11.363600                     ",51,"11.590900                     ",0,"0.000000                      ",0,"0.000000                      ",0,"0.000000                      ",0,"0.000000                      ",0,"0.000000                      ",0,"0.000000                      ",0,"0.000000                      "
"2006","17628","06","1862","0365","04","Mid/Jr Hi ","N","Fond du Lac","Woodworth Middle","Grades PreK-12","All Races","Both Genders","493",0,"0.000000                      ",0,"0.000000                      ",0,"0.000000                      ",0,"0.000000                      ",0,"0.000000                      ",0,"0.000000                      ",0,"0.000000                      ",161,"32.657200                     ",145,"29.411700                     ",187,"37.931000                     ",0,"0.000000                      ",0,"0.000000                      ",0,"0.000000                      ",0,"0.000000                      "
"2006","10732","06","1953","","03","Summary   ","N","Freedom Area","","Grades PreK-12","All Races","Both Genders","1584",107,"6.755000                      ",99,"6.250000                      ",98,"6.186800                      ",108,"6.818100                      ",125,"7.891400                      ",93,"5.871200                      ",103,"6.502500                      ",103,"6.502500                      ",114,"7.196900                      ",113,"7.133800                      ",130,"8.207000                      ",133,"8.396400                      ",129,"8.143900                      ",129,"8.143900                      "
"2006","10728","06","1953","0020","04","Elem      ","N","Freedom Area","Freedom Elementary","Grades PreK-12","All Races","Both Genders","733",107,"14.597500                     ",99,"13.506100                     ",98,"13.369700                     ",108,"14.733900                     ",125,"17.053200                     ",93,"12.687500                     ",103,"14.051800                     ",0,"0.000000                      ",0,"0.000000                      ",0,"0.000000                      ",0,"0.000000                      ",0,"0.000000                      ",0,"0.000000                      ",0,"0.000000                      "
"2006","10729","06","1953","0040","04","Mid/Jr Hi ","N","Freedom Area","Freedom Middle","Grades PreK-12","All Races","Both Genders","330",0,"0.000000                      ",0,"0.000000                      ",0,"0.000000                      ",0,"0.000000                      ",0,"0.000000                      ",0,"0.000000                      ",0,"0.000000                      ",103,"31.212100                     ",114,"34.545400                     ",113,"34.242400                     ",0,"0.000000                      ",0,"0.000000                      ",0,"0.000000                      ",0,"0.000000                      "
"2006","10730","06","1953","0060","04","High      ","N","Freedom Area","Freedom High","Grades PreK-12","All Races","Both Genders","521",0,"0.000000                      ",0,"0.000000                      ",0,"0.000000                      ",0,"0.000000                      ",0,"0.000000                      ",0,"0.000000                      ",0,"0.000000                      ",0,"0.000000                      ",0,"0.000000                      ",0,"0.000000                      ",130,"24.952000                     ",133,"25.527800                     ",129,"24.760000                     ",129,"24.760000                     "
"2006","17797","06","2310","","03","Summary   ","N","Green Lake","","Grades PreK-12","All Races","Both Genders","373",25,"6.702400                      ",18,"4.825700                      ",24,"6.434300                      ",30,"8.042800                      ",24,"6.434300                      ",31,"8.310900                      ",20,"5.361900                      ",20,"5.361900                      ",27,"7.238600                      ",21,"5.630000                      ",34,"9.115200                      ",36,"9.651400                      ",28,"7.506700                      ",35,"9.383300                      "
"2006","17791","06","2310","0020","04","Elem      ","N","Green Lake","Green Lake Elementary","Grades PreK-12","All Races","Both Genders","192",25,"13.020800                     ",18,"9.375000                      ",24,"12.500000                     ",30,"15.625000                     ",24,"12.500000                     ",31,"16.145800                     ",20,"10.416600                     ",20,"10.416600                     ",0,"0.000000                      ",0,"0.000000                      ",0,"0.000000                      ",0,"0.000000                      ",0,"0.000000                      ",0,"0.000000                      "
"2006","17792","06","2310","0040","04","High      ","N","Green Lake","Green Lake High","Grades PreK-12","All Races","Both Genders","181",0,"0.000000                      ",0,"0.000000                      ",0,"0.000000                      ",0,"0.000000                      ",0,"0.000000                      ",0,"0.000000                      ",0,"0.000000                      ",0,"0.000000                      ",27,"14.917100                     ",21,"11.602200                     ",34,"18.784500                     ",36,"19.889500                     ",28,"15.469600                     ",35,"19.337000                     "
"2006","01194","06","2436","","03","Summary   ","N","Hartford UHS","","Grades PreK-12","All Races","Both Genders","1714",0,"0.000000                      ",0,"0.000000                      ",0,"0.000000                      ",0,"0.000000                      ",0,"0.000000                      ",0,"0.000000                      ",0,"0.000000                      ",0,"0.000000                      ",0,"0.000000                      ",0,"0.000000                      ",430,"25.087500                     ",465,"27.129500                     ",427,"24.912400                     ",392,"22.870400                     "
"2006","01179","06","2436","0020","04","High      ","N","Hartford UHS","Hartford High","Grades PreK-12","All Races","Both Genders","1714",0,"0.000000                      ",0,"0.000000                      ",0,"0.000000                      ",0,"0.000000                      ",0,"0.000000                      ",0,"0.000000                      ",0,"0.000000                      ",0,"0.000000                      ",0,"0.000000                      ",0,"0.000000                      ",430,"25.087500                     ",465,"27.129500                     ",427,"24.912400                     ",392,"22.870400                     "
"2006","01195","06","2443","","03","Summary   ","N","Hartford J1","","Grades PreK-12","All Races","Both Genders","1628",33,"2.027000                      ",196,"12.039300                     ",174,"10.687900                     ",184,"11.302200                     ",175,"10.749300                     ",172,"10.565100                     ",164,"10.073700                     ",172,"10.565100                     ",168,"10.319400                     ",190,"11.670700                     ",0,"0.000000                      ",0,"0.000000                      ",0,"0.000000                      ",0,"0.000000                      "
"2006","01180","06","2443","0020","04","Mid/Jr Hi ","N","Hartford J1","Central Middle","Grades PreK-12","All Races","Both Genders","530",0,"0.000000                      ",0,"0.000000                      ",0,"0.000000                      ",0,"0.000000                      ",0,"0.000000                      ",0,"0.000000                      ",0,"0.000000                      ",172,"32.452800                     ",168,"31.698100                     ",190,"35.849000                     ",0,"0.000000                      ",0,"0.000000                      ",0,"0.000000                      ",0,"0.000000                      "
"2006","01181","06","2443","0040","04","Elem      ","N","Hartford J1","Lincoln Elementary","Grades PreK-12","All Races","Both Genders","551",17,"3.085200                      ",84,"15.245000                     ",98,"17.785800                     ",78,"14.156000                     ",91,"16.515400                     ",95,"17.241300                     ",88,"15.970900                     ",0,"0.000000                      ",0,"0.000000                      ",0,"0.000000                      ",0,"0.000000                      ",0,"0.000000                      ",0,"0.000000                      ",0,"0.000000                      "
"2006","01182","06","2443","0050","04","Elem      ","N","Hartford J1","Rossman Elementary","Grades PreK-12","All Races","Both Genders","547",16,"2.925000                      ",112,"20.475300                     ",76,"13.893900                     ",106,"19.378400                     ",84,"15.356400                     ",77,"14.076700                     ",76,"13.893900                     ",0,"0.000000                      ",0,"0.000000                      ",0,"0.000000                      ",0,"0.000000                      ",0,"0.000000                      ",0,"0.000000                      ",0,"0.000000                      "
"2006","71513","06","2443","9200","4C","Mid/Jr Hi ","Y","Hartford J1","Passage Middle School","Grades PreK-12","All Races","Both Genders","0",0,"--                            ",0,"--                            ",0,"--                            ",0,"--                            ",0,"--                            ",0,"--                            ",0,"--                            ",0,"--                            ",0,"--                            ",0,"--                            ",0,"--                            ",0,"--                            ",0,"--                            ",0,"--                            "
"2006","01617","06","2523","","03","Summary   ","N","Herman #22","","Grades PreK-12","All Races","Both Genders","94",10,"10.638200                     ",7,"7.446800                      ",9,"9.574400                      ",4,"4.255300                      ",8,"8.510600                      ",10,"10.638200                     ",9,"9.574400                      ",14,"14.893600                     ",10,"10.638200                     ",13,"13.829700                     ",0,"0.000000                      ",0,"0.000000                      ",0,"0.000000                      ",0,"0.000000                      "
"2006","01608","06","2523","0020","04","Elem      ","N","Herman #22","Herman Elementary","Grades PreK-12","All Races","Both Genders","94",10,"10.638200                     ",7,"7.446800                      ",9,"9.574400                      ",4,"4.255300                      ",8,"8.510600                      ",10,"10.638200                     ",9,"9.574400                      ",14,"14.893600                     ",10,"10.638200                     ",13,"13.829700                     ",0,"0.000000                      ",0,"0.000000                      ",0,"0.000000                      ",0,"0.000000                      "
"2006","01379","06","2576","","03","Summary   ","N","Horicon","","Grades PreK-12","All Races","Both Genders","934",15,"1.605900                      ",47,"5.032100                      ",60,"6.423900                      ",50,"5.353300                      ",67,"7.173400                      ",52,"5.567400                      ",71,"7.601700                      ",57,"6.102700                      ",69,"7.387500                      ",65,"6.959300                      ",91,"9.743000                      ",83,"8.886500                      ",106,"11.349000                     ",101,"10.813700                     "
"2006","01371","06","2576","0040","04","Elem      ","N","Horicon","Van Brunt Elementary","Grades PreK-12","All Races","Both Genders","362",15,"4.143600                      ",47,"12.983400                     ",60,"16.574500                     ",50,"13.812100                     ",67,"18.508200                     ",52,"14.364600                     ",71,"19.613200                     ",0,"0.000000                      ",0,"0.000000                      ",0,"0.000000                      ",0,"0.000000                      ",0,"0.000000                      ",0,"0.000000                      ",0,"0.000000                      "
"2006","01372","06","2576","0060","04","High      ","N","Horicon","Horicon High","Grades PreK-12","All Races","Both Genders","381",0,"0.000000                      ",0,"0.000000                      ",0,"0.000000                      ",0,"0.000000                      ",0,"0.000000                      ",0,"0.000000                      ",0,"0.000000                      ",0,"0.000000                      ",0,"0.000000                      ",0,"0.000000                      ",91,"23.884500                     ",83,"21.784700                     ",106,"27.821500                     ",101,"26.509100                     "
"2006","01373","06","2576","0080","04","Mid/Jr Hi ","N","Horicon","Van Brunt Middle","Grades PreK-12","All Races","Both Genders","191",0,"0.000000                      ",0,"0.000000                      ",0,"0.000000                      ",0,"0.000000                      ",0,"0.000000                      ",0,"0.000000                      ",0,"0.000000                      ",57,"29.842900                     ",69,"36.125600                     ",65,"34.031400                     ",0,"0.000000                      ",0,"0.000000                      ",0,"0.000000                      ",0,"0.000000                      "
"2006","17835","06","2583","","03","Summary   ","N","Hortonville","","Grades PreK-12","All Races","Both Genders","3188",11,"0.345000                      ",196,"6.148000                      ",236,"7.402700                      ",220,"6.900800                      ",229,"7.183100                      ",212,"6.649900                      ",223,"6.994900                      ",256,"8.030100                      ",262,"8.218300                      ",255,"7.998700                      ",274,"8.594700                      ",301,"9.441600                      ",274,"8.594700                      ",239,"7.496800                      "
"2006","17816","06","2583","0010","04","Elem      ","N","Hortonville","Greenville Elementary","Grades PreK-12","All Races","Both Genders","681",0,"0.000000                      ",127,"18.649000                     ",153,"22.466900                     ",142,"20.851600                     ",127,"18.649000                     ",132,"19.383200                     ",0,"0.000000                      ",0,"0.000000                      ",0,"0.000000                      ",0,"0.000000                      ",0,"0.000000                      ",0,"0.000000                      ",0,"0.000000                      ",0,"0.000000                      "
"2006","17828","06","2583","0020","04","Elem      ","N","Hortonville","Hortonville Elementary","Grades PreK-12","All Races","Both Genders","423",11,"2.600400                      ",69,"16.312000                     ",83,"19.621700                     ",78,"18.439700                     ",102,"24.113400                     ",80,"18.912500                     ",0,"0.000000                      ",0,"0.000000                      ",0,"0.000000                      ",0,"0.000000                      ",0,"0.000000                      ",0,"0.000000                      ",0,"0.000000                      ",0,"0.000000                      "
"2006","17829","06","2583","0030","04","Mid/Jr Hi ","N","Hortonville","Hortonville Middle","Grades PreK-12","All Races","Both Genders","480",0,"0.000000                      ",0,"0.000000                      ",0,"0.000000                      ",0,"0.000000                      ",0,"0.000000                      ",0,"0.000000                      ",107,"22.291600                     ",118,"24.583300                     ",122,"25.416600                     ",133,"27.708300                     ",0,"0.000000                      ",0,"0.000000                      ",0,"0.000000                      ",0,"0.000000                      "
"2006","17830","06","2583","0040","04","High      ","N","Hortonville","Hortonville High","Grades PreK-12","All Races","Both Genders","1088",0,"0.000000                      ",0,"0.000000                      ",0,"0.000000                      ",0,"0.000000                      ",0,"0.000000                      ",0,"0.000000                      ",0,"0.000000                      ",0,"0.000000                      ",0,"0.000000                      ",0,"0.000000                      ",274,"25.183800                     ",301,"27.665400                     ",274,"25.183800                     ",239,"21.966900                     "
"2006","71852","06","2583","0210","04","Mid/Jr Hi ","N","Hortonville","Greenville Middle","Grades PreK-12","All Races","Both Genders","516",0,"0.000000                      ",0,"0.000000                      ",0,"0.000000                      ",0,"0.000000                      ",0,"0.000000                      ",0,"0.000000                      ",116,"22.480600                     ",138,"26.744100                     ",140,"27.131700                     ",122,"23.643400                     ",0,"0.000000                      ",0,"0.000000                      ",0,"0.000000                      ",0,"0.000000                      "
"2006","01419","06","2625","","03","Summary   ","N","Hustisford","","Grades PreK-12","All Races","Both Genders","392",29,"7.397900                      ",23,"5.867300                      ",23,"5.867300                      ",19,"4.846900                      ",29,"7.397900                      ",13,"3.316300                      ",22,"5.612200                      ",33,"8.418300                      ",27,"6.887700                      ",25,"6.377500                      ",41,"10.459100                     ",34,"8.673400                      ",43,"10.969300                     ",31,"7.908100                      "
"2006","01415","06","2625","0020","04","Elem      ","N","Hustisford","John Hustis Elementary","Grades PreK-12","All Races","Both Genders","191",29,"15.183200                     ",23,"12.041800                     ",23,"12.041800                     ",19,"9.947600                      ",29,"15.183200                     ",13,"6.806200                      ",22,"11.518300                     ",33,"17.277400                     ",0,"0.000000                      ",0,"0.000000                      ",0,"0.000000                      ",0,"0.000000                      ",0,"0.000000                      ",0,"0.000000                      "
"2006","01416","06","2625","0040","04","High      ","N","Hustisford","Hustisford High","Grades PreK-12","All Races","Both Genders","201",0,"0.000000                      ",0,"0.000000                      ",0,"0.000000                      ",0,"0.000000                      ",0,"0.000000                      ",0,"0.000000                      ",0,"0.000000                      ",0,"0.000000                      ",27,"13.432800                     ",25,"12.437800                     ",41,"20.398000                     ",34,"16.915400                     ",43,"21.393000                     ",31,"15.422800                     "
"2006","01476","06","2744","","03","Summary   ","N","Dodgeland","","Grades PreK-12","All Races","Both Genders","786",55,"6.997400                      ",41,"5.216200                      ",59,"7.506300                      ",52,"6.615700                      ",58,"7.379100                      ",52,"6.615700                      ",45,"5.725100                      ",64,"8.142400                      ",58,"7.379100                      ",61,"7.760800                      ",71,"9.033000                      ",65,"8.269700                      ",51,"6.488500                      ",54,"6.870200                      "
"2006","01470","06","2744","0022","04","High      ","N","Dodgeland","Dodgeland Middle/High Sch","Grades PreK-12","All Races","Both Genders","424",0,"0.000000                      ",0,"0.000000                      ",0,"0.000000                      ",0,"0.000000                      ",0,"0.000000                      ",0,"0.000000                      ",0,"0.000000                      ",64,"15.094300                     ",58,"13.679200                     ",61,"14.386700                     ",71,"16.745200                     ",65,"15.330100                     ",51,"12.028300                     ",54,"12.735800                     "
"2006","01471","06","2744","0040","04","Elem      ","N","Dodgeland","Dodgeland Elementary","Grades PreK-12","All Races","Both Genders","362",55,"15.193300                     ",41,"11.325900                     ",59,"16.298300                     ",52,"14.364600                     ",58,"16.022000                     ",52,"14.364600                     ",45,"12.430900                     ",0,"0.000000                      ",0,"0.000000                      ",0,"0.000000                      ",0,"0.000000                      ",0,"0.000000                      ",0,"0.000000                      ",0,"0.000000                      "
"2006","10702","06","2758","","03","Summary   ","N","Kaukauna Area","","Grades PreK-12","All Races","Both Genders","3935",300,"7.623800                      ",275,"6.988500                      ",271,"6.886900                      ",255,"6.480300                      ",233,"5.921200                      ",249,"6.327800                      ",236,"5.997400                      ",246,"6.251500                      ",279,"7.090200                      ",243,"6.175300                      ",336,"8.538700                      ",334,"8.487900                      ",321,"8.157500                      ",357,"9.072400                      "
"2006","10687","06","2758","0040","04","High      ","N","Kaukauna Area","Kaukauna High","Grades PreK-12","All Races","Both Genders","1348",0,"0.000000                      ",0,"0.000000                      ",0,"0.000000                      ",0,"0.000000                      ",0,"0.000000                      ",0,"0.000000                      ",0,"0.000000                      ",0,"0.000000                      ",0,"0.000000                      ",0,"0.000000                      ",336,"24.925800                     ",334,"24.777400                     ",321,"23.813000                     ",357,"26.483600                     "
"2006","10688","06","2758","0050","04","Elem      ","N","Kaukauna Area","Dr H B Tanner Elementary","Grades PreK-12","All Races","Both Genders","492",178,"36.178800                     ",145,"29.471500                     ",133,"27.032500                     ",36,"7.317000                      ",0,"0.000000                      ",0,"0.000000                      ",0,"0.000000                      ",0,"0.000000                      ",0,"0.000000                      ",0,"0.000000                      ",0,"0.000000                      ",0,"0.000000                      ",0,"0.000000                      ",0,"0.000000                      "
"2006","10689","06","2758","0060","04","Elem      ","N","Kaukauna Area","Nicolet Elementary","Grades PreK-12","All Races","Both Genders","146",33,"22.602700                     ",37,"25.342400                     ",45,"30.821900                     ",31,"21.232800                     ",0,"0.000000                      ",0,"0.000000                      ",0,"0.000000                      ",0,"0.000000                      ",0,"0.000000                      ",0,"0.000000                      ",0,"0.000000                      ",0,"0.000000                      ",0,"0.000000                      ",0,"0.000000                      "
"2006","10690","06","2758","0080","04","Elem      ","N","Kaukauna Area","Park Elementary","Grades PreK-12","All Races","Both Genders","221",49,"22.171900                     ",47,"21.266900                     ",45,"20.361900                     ",44,"19.909500                     ",36,"16.289500                     ",0,"0.000000                      ",0,"0.000000                      ",0,"0.000000                      ",0,"0.000000                      ",0,"0.000000                      ",0,"0.000000                      ",0,"0.000000                      ",0,"0.000000                      ",0,"0.000000                      "
"2006","10691","06","2758","0100","04","Elem      ","N","Kaukauna Area","Quinney Elementary","Grades PreK-12","All Races","Both Genders","554",0,"0.000000                      ",0,"0.000000                      ",0,"0.000000                      ",99,"17.870000                     ",146,"26.353700                     ",162,"29.241800                     ",147,"26.534200                     ",0,"0.000000                      ",0,"0.000000                      ",0,"0.000000                      ",0,"0.000000                      ",0,"0.000000                      ",0,"0.000000                      ",0,"0.000000                      "
"2006","10692","06","2758","0120","04","Elem      ","N","Kaukauna Area","Haen Elementary","Grades PreK-12","All Races","Both Genders","406",40,"9.852200                      ",46,"11.330000                     ",48,"11.822600                     ",45,"11.083700                     ",51,"12.561500                     ",87,"21.428500                     ",89,"21.921100                     ",0,"0.000000                      ",0,"0.000000                      ",0,"0.000000                      ",0,"0.000000                      ",0,"0.000000                      ",0,"0.000000                      ",0,"0.000000                      "
"2006","70066","06","2758","0200","04","Mid/Jr Hi ","N","Kaukauna Area","River View Middle","Grades PreK-12","All Races","Both Genders","768",0,"0.000000                      ",0,"0.000000                      ",0,"0.000000                      ",0,"0.000000                      ",0,"0.000000                      ",0,"0.000000                      ",0,"0.000000                      ",246,"32.031200                     ",279,"36.328100                     ",243,"31.640600                     ",0,"0.000000                      ",0,"0.000000                      ",0,"0.000000                      ",0,"0.000000                      "
"2006","01513","06","2800","","03","Summary   ","N","Kewaskum","","Grades PreK-12","All Races","Both Genders","1887",97,"5.140400                      ",127,"6.730200                      ",118,"6.253300                      ",117,"6.200300                      ",110,"5.829300                      ",98,"5.193400                      ",131,"6.942200                      ",147,"7.790100                      ",122,"6.465200                      ",154,"8.161100                      ",191,"10.121800                     ",159,"8.426000                      ",153,"8.108100                      ",163,"8.638000                      "
"2006","01519","06","2800","0040","04","Elem      ","N","Kewaskum","Farmington Elementary","Grades PreK-12","All Races","Both Genders","234",27,"11.538400                     ",37,"15.811900                     ",33,"14.102500                     ",26,"11.111100                     ",37,"15.811900                     ",23,"9.829000                      ",51,"21.794800                     ",0,"0.000000                      ",0,"0.000000                      ",0,"0.000000                      ",0,"0.000000                      ",0,"0.000000                      ",0,"0.000000                      ",0,"0.000000                      "
"2006","01516","06","2800","0060","04","Elem      ","N","Kewaskum","Kewaskum Elementary","Grades PreK-12","All Races","Both Genders","419",48,"11.455800                     ",65,"15.513100                     ",62,"14.797100                     ",64,"15.274400                     ",55,"13.126400                     ",60,"14.319800                     ",65,"15.513100                     ",0,"0.000000                      ",0,"0.000000                      ",0,"0.000000                      ",0,"0.000000                      ",0,"0.000000                      ",0,"0.000000                      ",0,"0.000000                      "
"2006","01517","06","2800","0080","04","High      ","N","Kewaskum","Kewaskum High","Grades PreK-12","All Races","Both Genders","666",0,"0.000000                      ",0,"0.000000                      ",0,"0.000000                      ",0,"0.000000                      ",0,"0.000000                      ",0,"0.000000                      ",0,"0.000000                      ",0,"0.000000                      ",0,"0.000000                      ",0,"0.000000                      ",191,"28.678600                     ",159,"23.873800                     ",153,"22.972900                     ",163,"24.474400                     "
"2006","01518","06","2800","0090","04","Mid/Jr Hi ","N","Kewaskum","Kewaskum Middle","Grades PreK-12","All Races","Both Genders","423",0,"0.000000                      ",0,"0.000000                      ",0,"0.000000                      ",0,"0.000000                      ",0,"0.000000                      ",0,"0.000000                      ",0,"0.000000                      ",147,"34.751700                     ",122,"28.841600                     ",154,"36.406600                     ",0,"0.000000                      ",0,"0.000000                      ",0,"0.000000                      ",0,"0.000000                      "
"2006","00922","06","2800","0100","04","Elem      ","N","Kewaskum","Wayne Elementary","Grades PreK-12","All Races","Both Genders","145",22,"15.172400                     ",25,"17.241300                     ",23,"15.862000                     ",27,"18.620600                     ",18,"12.413700                     ",15,"10.344800                     ",15,"10.344800                     ",0,"0.000000                      ",0,"0.000000                      ",0,"0.000000                      ",0,"0.000000                      ",0,"0.000000                      ",0,"0.000000                      ",0,"0.000000                      "
"2006","10789","06","2835","","03","Summary   ","N","Kimberly Area","","Grades PreK-12","All Races","Both Genders","4047",300,"7.412800                      ",297,"7.338700                      ",294,"7.264600                      ",265,"6.548000                      ",302,"7.462300                      ",256,"6.325600                      ",275,"6.795100                      ",305,"7.536400                      ",284,"7.017500                      ",293,"7.239900                      ",330,"8.154100                      ",282,"6.968100                      ",303,"7.487000                      ",261,"6.449200                      "
"2006","10479","06","2835","0020","04","Elem      ","N","Kimberly Area","Janssen Elementary","Grades PreK-12","All Races","Both Genders","501",95,"18.962000                     ",82,"16.367200                     ",74,"14.770400                     ",62,"12.375200                     ",76,"15.169600                     ",67,"13.373200                     ",45,"8.982000                      ",0,"0.000000                      ",0,"0.000000                      ",0,"0.000000                      ",0,"0.000000                      ",0,"0.000000                      ",0,"0.000000                      ",0,"0.000000                      "
"2006","10783","06","2835","0040","04","Mid/Jr Hi ","N","Kimberly Area","Gerritts Middle","Grades PreK-12","All Races","Both Genders","882",0,"0.000000                      ",0,"0.000000                      ",0,"0.000000                      ",0,"0.000000                      ",0,"0.000000                      ",0,"0.000000                      ",0,"0.000000                      ",305,"34.580400                     ",284,"32.199500                     ",293,"33.219900                     ",0,"0.000000                      ",0,"0.000000                      ",0,"0.000000                      ",0,"0.000000                      "
"2006","30747","06","2835","0060","04","Elem      ","N","Kimberly Area","Sunrise Elementary","Grades PreK-12","All Races","Both Genders","729",107,"14.677600                     ",109,"14.951900                     ",116,"15.912200                     ",107,"14.677600                     ",106,"14.540400                     ",81,"11.111100                     ",103,"14.128900                     ",0,"0.000000                      ",0,"0.000000                      ",0,"0.000000                      ",0,"0.000000                      ",0,"0.000000                      ",0,"0.000000                      ",0,"0.000000                      "
"2006","10784","06","2835","0080","04","High      ","N","Kimberly Area","Kimberly High","Grades PreK-12","All Races","Both Genders","1176",0,"0.000000                      ",0,"0.000000                      ",0,"0.000000                      ",0,"0.000000                      ",0,"0.000000                      ",0,"0.000000                      ",0,"0.000000                      ",0,"0.000000                      ",0,"0.000000                      ",0,"0.000000                      ",330,"28.061200                     ",282,"23.979500                     ",303,"25.765300                     ",261,"22.193800                     "
"2006","10785","06","2835","0110","04","Elem      ","N","Kimberly Area","Westside Elementary","Grades PreK-12","All Races","Both Genders","449",63,"14.031100                     ",62,"13.808400                     ",67,"14.922000                     ",62,"13.808400                     ",66,"14.699300                     ",59,"13.140300                     ",70,"15.590200                     ",0,"0.000000                      ",0,"0.000000                      ",0,"0.000000                      ",0,"0.000000                      ",0,"0.000000                      ",0,"0.000000                      ",0,"0.000000                      "
"2006","71616","06","2835","0120","04","Elem      ","N","Kimberly Area","Mapleview Elementary","Grades PreK-12","All Races","Both Genders","310",35,"11.290300                     ",44,"14.193500                     ",37,"11.935400                     ",34,"10.967700                     ",54,"17.419300                     ",49,"15.806400                     ",57,"18.387000                     ",0,"0.000000                      ",0,"0.000000                      ",0,"0.000000                      ",0,"0.000000                      ",0,"0.000000                      ",0,"0.000000                      ",0,"0.000000                      "
"2006","00081","06","2835","0400","04","High      ","Y","Kimberly Area","Caring Opportunities for Recovery","Grades PreK-12","All Races","Both Genders","5",0,"0.000000                      ",0,"0.000000                      ",0,"0.000000                      ",0,"0.000000                      ",0,"0.000000                      ",0,"0.000000                      ",0,"0.000000                      ",0,"0.000000                      ",0,"0.000000                      ",0,"0.000000                      ",0,"0.000000                      ",2,"40.000000                     ",1,"20.000000                     ",2,"40.000000                     "
"2006","10850","06","3129","","03","Summary   ","N","Little Chute Area","","Grades PreK-12","All Races","Both Genders","1512",82,"5.423200                      ",93,"6.150700                      ",77,"5.092500                      ",88,"5.820100                      ",89,"5.886200                      ",101,"6.679800                      ",96,"6.349200                      ",94,"6.216900                      ",99,"6.547600                      ",111,"7.341200                      ",150,"9.920600                      ",145,"9.589900                      ",151,"9.986700                      ",136,"8.994700                      "
"2006","10843","06","3129","0020","04","Elem      ","N","Little Chute Area","Little Chute Elementary","Grades PreK-12","All Races","Both Genders","626",82,"13.099000                     ",93,"14.856200                     ",77,"12.300300                     ",88,"14.057500                     ",89,"14.217200                     ",101,"16.134100                     ",96,"15.335400                     ",0,"0.000000                      ",0,"0.000000                      ",0,"0.000000                      ",0,"0.000000                      ",0,"0.000000                      ",0,"0.000000                      ",0,"0.000000                      "
"2006","10844","06","3129","0040","04","High      ","N","Little Chute Area","Little Chute High","Grades PreK-12","All Races","Both Genders","582",0,"0.000000                      ",0,"0.000000                      ",0,"0.000000                      ",0,"0.000000                      ",0,"0.000000                      ",0,"0.000000                      ",0,"0.000000                      ",0,"0.000000                      ",0,"0.000000                      ",0,"0.000000                      ",150,"25.773100                     ",145,"24.914000                     ",151,"25.945000                     ",136,"23.367600                     "
"2006","10845","06","3129","0060","04","Mid/Jr Hi ","N","Little Chute Area","Little Chute Middle","Grades PreK-12","All Races","Both Genders","304",0,"0.000000                      ",0,"0.000000                      ",0,"0.000000                      ",0,"0.000000                      ",0,"0.000000                      ",0,"0.000000                      ",0,"0.000000                      ",94,"30.921000                     ",99,"32.565700                     ",111,"36.513100                     ",0,"0.000000                      ",0,"0.000000                      ",0,"0.000000                      ",0,"0.000000                      "
"2006","01592","06","3171","","03","Summary   ","N","Lomira","","Grades PreK-12","All Races","Both Genders","1095",10,"0.913200                      ",68,"6.210000                      ",75,"6.849300                      ",66,"6.027300                      ",66,"6.027300                      ",87,"7.945200                      ",77,"7.031900                      ",71,"6.484000                      ",74,"6.757900                      ",87,"7.945200                      ",99,"9.041000                      ",99,"9.041000                      ",101,"9.223700                      ",115,"10.502200                     "
"2006","01585","06","3171","0040","04","Elem      ","N","Lomira","Lomira Elementary","Grades PreK-12","All Races","Both Genders","297",10,"3.367000                      ",34,"11.447800                     ",36,"12.121200                     ",34,"11.447800                     ",32,"10.774400                     ",42,"14.141400                     ",38,"12.794600                     ",71,"23.905700                     ",0,"0.000000                      ",0,"0.000000                      ",0,"0.000000                      ",0,"0.000000                      ",0,"0.000000                      ",0,"0.000000                      "
"2006","01586","06","3171","0060","04","High      ","N","Lomira","Lomira High","Grades PreK-12","All Races","Both Genders","414",0,"0.000000                      ",0,"0.000000                      ",0,"0.000000                      ",0,"0.000000                      ",0,"0.000000                      ",0,"0.000000                      ",0,"0.000000                      ",0,"0.000000                      ",0,"0.000000                      ",0,"0.000000                      ",99,"23.913000                     ",99,"23.913000                     ",101,"24.396100                     ",115,"27.777700                     "
"2006","01587","06","3171","0070","04","Mid/Jr Hi ","N","Lomira","Lomira Junior High","Grades PreK-12","All Races","Both Genders","161",0,"0.000000                      ",0,"0.000000                      ",0,"0.000000                      ",0,"0.000000                      ",0,"0.000000                      ",0,"0.000000                      ",0,"0.000000                      ",0,"0.000000                      ",74,"45.962700                     ",87,"54.037200                     ",0,"0.000000                      ",0,"0.000000                      ",0,"0.000000                      ",0,"0.000000                      "
"2006","02325","06","3171","0080","04","Elem      ","N","Lomira","Theresa Elementary","Grades PreK-12","All Races","Both Genders","223",0,"0.000000                      ",34,"15.246600                     ",39,"17.488700                     ",32,"14.349700                     ",34,"15.246600                     ",45,"20.179300                     ",39,"17.488700                     ",0,"0.000000                      ",0,"0.000000                      ",0,"0.000000                      ",0,"0.000000                      ",0,"0.000000                      ",0,"0.000000                      ",0,"0.000000                      "
"2006","17878","06","3276","","03","Summary   ","N","Manawa","","Grades PreK-12","All Races","Both Genders","850",49,"5.764700                      ",58,"6.823500                      ",61,"7.176400                      ",48,"5.647000                      ",50,"5.882300                      ",49,"5.764700                      ",44,"5.176400                      ",69,"8.117600                      ",63,"7.411700                      ",68,"8.000000                      ",77,"9.058800                      ",77,"9.058800                      ",75,"8.823500                      ",62,"7.294100                      "
"2006","17871","06","3276","0040","04","High      ","N","Manawa","Little Wolf High","Grades PreK-12","All Races","Both Genders","291",0,"0.000000                      ",0,"0.000000                      ",0,"0.000000                      ",0,"0.000000                      ",0,"0.000000                      ",0,"0.000000                      ",0,"0.000000                      ",0,"0.000000                      ",0,"0.000000                      ",0,"0.000000                      ",77,"26.460400                     ",77,"26.460400                     ",75,"25.773100                     ",62,"21.305800                     "
"2006","17872","06","3276","0060","04","Elem      ","N","Manawa","Manawa Elementary","Grades PreK-12","All Races","Both Genders","315",49,"15.555500                     ",58,"18.412600                     ",61,"19.365000                     ",48,"15.238000                     ",50,"15.873000                     ",49,"15.555500                     ",0,"0.000000                      ",0,"0.000000                      ",0,"0.000000                      ",0,"0.000000                      ",0,"0.000000                      ",0,"0.000000                      ",0,"0.000000                      ",0,"0.000000                      "
"2006","17873","06","3276","0080","04","Mid/Jr Hi ","N","Manawa","Manawa Middle","Grades PreK-12","All Races","Both Genders","244",0,"0.000000                      ",0,"0.000000                      ",0,"0.000000                      ",0,"0.000000                      ",0,"0.000000                      ",0,"0.000000                      ",44,"18.032700                     ",69,"28.278600                     ",63,"25.819600                     ",68,"27.868800                     ",0,"0.000000                      ",0,"0.000000                      ",0,"0.000000                      ",0,"0.000000                      "
"2006","71547","06","3276","9408","4C","High      ","Y","Manawa","Waupaca County Charter","Grades PreK-12","All Races","Both Genders","0",0,"--                            ",0,"--                            ",0,"--                            ",0,"--                            ",0,"--                            ",0,"--                            ",0,"--                            ",0,"--                            ",0,"--                            ",0,"--                            ",0,"--                            ",0,"--                            ",0,"--                            ",0,"--                            "
"2006","09611","06","3325","","03","Summary   ","N","Markesan","","Grades PreK-12","All Races","Both Genders","806",10,"1.240600                      ",52,"6.451600                      ",51,"6.327500                      ",69,"8.560700                      ",45,"5.583100                      ",46,"5.707100                      ",54,"6.699700                      ",59,"7.320000                      ",57,"7.071900                      ",62,"7.692300                      ",73,"9.057000                      ",77,"9.553300                      ",65,"8.064500                      ",86,"10.669900                     "
"2006","09604","06","3325","0025","04","Mid/Jr Hi ","N","Markesan","Markesan Middle","Grades PreK-12","All Races","Both Genders","119",0,"0.000000                      ",0,"0.000000                      ",0,"0.000000                      ",0,"0.000000                      ",0,"0.000000                      ",0,"0.000000                      ",0,"0.000000                      ",0,"0.000000                      ",57,"47.899100                     ",62,"52.100800                     ",0,"0.000000                      ",0,"0.000000                      ",0,"0.000000                      ",0,"0.000000                      "
"2006","09605","06","3325","0100","04","Elem      ","N","Markesan","Markesan Primary","Grades PreK-12","All Races","Both Genders","228",10,"4.385900                      ",52,"22.807000                     ",51,"22.368400                     ",69,"30.263100                     ",45,"19.736800                     ",0,"0.000000                      ",1,"0.438500                      ",0,"0.000000                      ",0,"0.000000                      ",0,"0.000000                      ",0,"0.000000                      ",0,"0.000000                      ",0,"0.000000                      ",0,"0.000000                      "
"2006","00069","06","3325","0110","04","Elem      ","N","Markesan","Markesan Intermediate","Grades PreK-12","All Races","Both Genders","158",0,"0.000000                      ",0,"0.000000                      ",0,"0.000000                      ",0,"0.000000                      ",0,"0.000000                      ",46,"29.113900                     ",53,"33.544300                     ",59,"37.341700                     ",0,"0.000000                      ",0,"0.000000                      ",0,"0.000000                      ",0,"0.000000                      ",0,"0.000000                      ",0,"0.000000                      "
"2006","09606","06","3325","0120","04","High      ","N","Markesan","Markesan High","Grades PreK-12","All Races","Both Genders","301",0,"0.000000                      ",0,"0.000000                      ",0,"0.000000                      ",0,"0.000000                      ",0,"0.000000                      ",0,"0.000000                      ",0,"0.000000                      ",0,"0.000000                      ",0,"0.000000                      ",0,"0.000000                      ",73,"24.252400                     ",77,"25.581300                     ",65,"21.594600                     ",86,"28.571400                     "
"2006","01618","06","3367","","03","Summary   ","N","Mayville","","Grades PreK-12","All Races","Both Genders","1136",15,"1.320400                      ",72,"6.338000                      ",64,"5.633800                      ",59,"5.193600                      ",68,"5.985900                      ",58,"5.105600                      ",75,"6.602100                      ",86,"7.570400                      ",72,"6.338000                      ",74,"6.514000                      ",118,"10.387300                     ",118,"10.387300                     ",133,"11.707700                     ",124,"10.915400                     "
"2006","01609","06","3367","0060","04","Mid/Jr Hi ","N","Mayville","Mayville Middle","Grades PreK-12","All Races","Both Genders","432",0,"0.000000                      ",0,"0.000000                      ",0,"0.000000                      ",0,"0.000000                      ",67,"15.509200                     ",58,"13.425900                     ",75,"17.361100                     ",86,"19.907400                     ",72,"16.666600                     ",74,"17.129600                     ",0,"0.000000                      ",0,"0.000000                      ",0,"0.000000                      ",0,"0.000000                      "
"2006","01610","06","3367","0080","04","High      ","N","Mayville","Mayville High","Grades PreK-12","All Races","Both Genders","493",0,"0.000000                      ",0,"0.000000                      ",0,"0.000000                      ",0,"0.000000                      ",0,"0.000000                      ",0,"0.000000                      ",0,"0.000000                      ",0,"0.000000                      ",0,"0.000000                      ",0,"0.000000                      ",118,"23.935000                     ",118,"23.935000                     ",133,"26.977600                     ",124,"25.152100                     "
"2006","01611","06","3367","0090","04","Elem      ","N","Mayville","Parkview Elementary","Grades PreK-12","All Races","Both Genders","211",15,"7.109000                      ",72,"34.123200                     ",64,"30.331700                     ",59,"27.962000                     ",1,"0.473900                      ",0,"0.000000                      ",0,"0.000000                      ",0,"0.000000                      ",0,"0.000000                      ",0,"0.000000                      ",0,"0.000000                      ",0,"0.000000                      ",0,"0.000000                      ",0,"0.000000                      "
"2006","17965","06","3430","","03","Summary   ","N","Menasha","","Grades PreK-12","All Races","Both Genders","3709",234,"6.308900                      ",281,"7.576100                      ",244,"6.578500                      ",275,"7.414300                      ",231,"6.228000                      ",221,"5.958400                      ",221,"5.958400                      ",284,"7.657000                      ",264,"7.117800                      ",274,"7.387400                      ",302,"8.142300                      ",298,"8.034500                      ",267,"7.198700                      ",313,"8.438900                      "
"2006","17916","06","3430","0020","04","Mid/Jr Hi ","N","Menasha","Maplewood Middle","Grades PreK-12","All Races","Both Genders","771",0,"0.000000                      ",0,"0.000000                      ",0,"0.000000                      ",0,"0.000000                      ",0,"0.000000                      ",0,"0.000000                      ",0,"0.000000                      ",265,"34.370900                     ",246,"31.906600                     ",260,"33.722400                     ",0,"0.000000                      ",0,"0.000000                      ",0,"0.000000                      ",0,"0.000000                      "
"2006","17917","06","3430","0040","04","Elem      ","N","Menasha","Butte des Morts Elementary","Grades PreK-12","All Races","Both Genders","357",0,"0.000000                      ",64,"17.927100                     ",63,"17.647000                     ",64,"17.927100                     ",48,"13.445300                     ",53,"14.845900                     ",65,"18.207200                     ",0,"0.000000                      ",0,"0.000000                      ",0,"0.000000                      ",0,"0.000000                      ",0,"0.000000                      ",0,"0.000000                      ",0,"0.000000                      "
"2006","17918","06","3430","0060","04","Elem      ","N","Menasha","Clovis Grove Elementary","Grades PreK-12","All Races","Both Genders","507",34,"6.706100                      ",93,"18.343100                     ",71,"14.003900                     ",93,"18.343100                     ",73,"14.398400                     ",67,"13.214900                     ",76,"14.990100                     ",0,"0.000000                      ",0,"0.000000                      ",0,"0.000000                      ",0,"0.000000                      ",0,"0.000000                      ",0,"0.000000                      ",0,"0.000000                      "
"2006","17919","06","3430","0080","04","Elem      ","N","Menasha","Jefferson Elementary","Grades PreK-12","All Races","Both Genders","183",0,"0.000000                      ",33,"18.032700                     ",28,"15.300500                     ",30,"16.393400                     ",27,"14.754000                     ",32,"17.486300                     ",33,"18.032700                     ",0,"0.000000                      ",0,"0.000000                      ",0,"0.000000                      ",0,"0.000000                      ",0,"0.000000                      ",0,"0.000000                      ",0,"0.000000                      "
"2006","17920","06","3430","0100","04","High      ","N","Menasha","Menasha High","Grades PreK-12","All Races","Both Genders","1173",0,"0.000000                      ",0,"0.000000                      ",0,"0.000000                      ",0,"0.000000                      ",0,"0.000000                      ",0,"0.000000                      ",0,"0.000000                      ",0,"0.000000                      ",0,"0.000000                      ",0,"0.000000                      ",302,"25.745900                     ",291,"24.808100                     ",267,"22.762100                     ",313,"26.683700                     "
"2006","17921","06","3430","0120","04","Elem      ","N","Menasha","Gegan Elementary","Grades PreK-12","All Races","Both Genders","356",0,"0.000000                      ",70,"19.662900                     ",67,"18.820200                     ",65,"18.258400                     ",66,"18.539300                     ",54,"15.168500                     ",34,"9.550500                      ",0,"0.000000                      ",0,"0.000000                      ",0,"0.000000                      ",0,"0.000000                      ",0,"0.000000                      ",0,"0.000000                      ",0,"0.000000                      "
"2006","17922","06","3430","0140","04","Elem      ","N","Menasha","Nicolet Elementary","Grades PreK-12","All Races","Both Genders","108",0,"0.000000                      ",21,"19.444400                     ",15,"13.888800                     ",23,"21.296200                     ",17,"15.740700                     ",15,"13.888800                     ",13,"12.037000                     ",1,"0.925900                      ",2,"1.851800                      ",1,"0.925900                      ",0,"0.000000                      ",0,"0.000000                      ",0,"0.000000                      ",0,"0.000000                      "
"2006","27000","06","3430","0160","04","Elem      ","N","Menasha","Banta Sch","Grades PreK-12","All Races","Both Genders","200",200,"100.000000                    ",0,"0.000000                      ",0,"0.000000                      ",0,"0.000000                      ",0,"0.000000                      ",0,"0.000000                      ",0,"0.000000                      ",0,"0.000000                      ",0,"0.000000                      ",0,"0.000000                      ",0,"0.000000                      ",0,"0.000000                      ",0,"0.000000                      ",0,"0.000000                      "
"2006","71354","06","3430","0200","04","Mid/Jr Hi ","Y","Menasha","School on the Lake","Grades PreK-12","All Races","Both Genders","47",0,"0.000000                      ",0,"0.000000                      ",0,"0.000000                      ",0,"0.000000                      ",0,"0.000000                      ",0,"0.000000                      ",0,"0.000000                      ",18,"38.297800                     ",16,"34.042500                     ",13,"27.659500                     ",0,"0.000000                      ",0,"0.000000                      ",0,"0.000000                      ",0,"0.000000                      "
"2006","00138","06","3430","9415","04","High      ","Y","Menasha","Chance II Charter","Grades PreK-12","All Races","Both Genders","7",0,"0.000000                      ",0,"0.000000                      ",0,"0.000000                      ",0,"0.000000                      ",0,"0.000000                      ",0,"0.000000                      ",0,"0.000000                      ",0,"0.000000                      ",0,"0.000000                      ",0,"0.000000                      ",0,"0.000000                      ",7,"100.000000                    ",0,"0.000000                      ",0,"0.000000                      "
"2006","17996","06","3892","","03","Summary   ","N","Neenah","","Grades PreK-12","All Races","Both Genders","6332",52,"0.821200                      ",447,"7.059300                      ",415,"6.554000                      ",426,"6.727700                      ",458,"7.233100                      ",436,"6.885600                      ",450,"7.106700                      ",488,"7.706800                      ",512,"8.085900                      ",492,"7.770000                      ",533,"8.417500                      ",541,"8.543900                      ",515,"8.133200                      ",567,"8.954500                      "
"2006","17975","06","3892","0040","04","Elem      ","N","Neenah","Clayton Elementary","Grades PreK-12","All Races","Both Genders","273",4,"1.465200                      ",45,"16.483500                     ",46,"16.849800                     ",39,"14.285700                     ",50,"18.315000                     ",43,"15.750900                     ",46,"16.849800                     ",0,"0.000000                      ",0,"0.000000                      ",0,"0.000000                      ",0,"0.000000                      ",0,"0.000000                      ",0,"0.000000                      ",0,"0.000000                      "
"2006","17976","06","3892","0060","04","Elem      ","N","Neenah","Coolidge Elementary","Grades PreK-12","All Races","Both Genders","319",0,"0.000000                      ",46,"14.420000                     ",45,"14.106500                     ",57,"17.868300                     ",54,"16.927800                     ",61,"19.122200                     ",56,"17.554800                     ",0,"0.000000                      ",0,"0.000000                      ",0,"0.000000                      ",0,"0.000000                      ",0,"0.000000                      ",0,"0.000000                      ",0,"0.000000                      "
"2006","17977","06","3892","0080","04","Elem      ","N","Neenah","Hoover Elementary","Grades PreK-12","All Races","Both Genders","241",1,"0.414900                      ",42,"17.427300                     ",39,"16.182500                     ",42,"17.427300                     ",42,"17.427300                     ",38,"15.767600                     ",37,"15.352600                     ",0,"0.000000                      ",0,"0.000000                      ",0,"0.000000                      ",0,"0.000000                      ",0,"0.000000                      ",0,"0.000000                      ",0,"0.000000                      "
"2006","17978","06","3892","0100","04","Elem      ","N","Neenah","Lakeview Elementary","Grades PreK-12","All Races","Both Genders","367",5,"1.362300                      ",46,"12.534000                     ",62,"16.893700                     ",61,"16.621200                     ",68,"18.528600                     ",56,"15.258800                     ",69,"18.801000                     ",0,"0.000000                      ",0,"0.000000                      ",0,"0.000000                      ",0,"0.000000                      ",0,"0.000000                      ",0,"0.000000                      ",0,"0.000000                      "
"2006","72844","06","3892","0125","04","Elem      ","Y","Neenah","ACE Charter School","Grades PreK-12","All Races","Both Genders","97",0,"0.000000                      ",22,"22.680400                     ",21,"21.649400                     ",24,"24.742200                     ",16,"16.494800                     ",14,"14.432900                     ",0,"0.000000                      ",0,"0.000000                      ",0,"0.000000                      ",0,"0.000000                      ",0,"0.000000                      ",0,"0.000000                      ",0,"0.000000                      ",0,"0.000000                      "
"2006","17979","06","3892","0180","04","High      ","N","Neenah","Neenah High","Grades PreK-12","All Races","Both Genders","2156",0,"0.000000                      ",0,"0.000000                      ",0,"0.000000                      ",0,"0.000000                      ",0,"0.000000                      ",0,"0.000000                      ",0,"0.000000                      ",0,"0.000000                      ",0,"0.000000                      ",0,"0.000000                      ",533,"24.721700                     ",541,"25.092700                     ",515,"23.886800                     ",567,"26.298700                     "
"2006","17980","06","3892","0200","04","Elem      ","N","Neenah","Roosevelt Elementary","Grades PreK-12","All Races","Both Genders","107",0,"0.000000                      ",23,"21.495300                     ",19,"17.757000                     ",15,"14.018600                     ",17,"15.887800                     ",19,"17.757000                     ",14,"13.084100                     ",0,"0.000000                      ",0,"0.000000                      ",0,"0.000000                      ",0,"0.000000                      ",0,"0.000000                      ",0,"0.000000                      ",0,"0.000000                      "
"2006","17981","06","3892","0210","04","Mid/Jr Hi ","N","Neenah","Shattuck Middle","Grades PreK-12","All Races","Both Genders","913",0,"0.000000                      ",0,"0.000000                      ",0,"0.000000                      ",0,"0.000000                      ",0,"0.000000                      ",0,"0.000000                      ",0,"0.000000                      ",310,"33.953900                     ",308,"33.734900                     ",295,"32.311000                     ",0,"0.000000                      ",0,"0.000000                      ",0,"0.000000                      ",0,"0.000000                      "
"2006","17982","06","3892","0215","04","Mid/Jr Hi ","N","Neenah","Horace Mann Middle","Grades PreK-12","All Races","Both Genders","579",0,"0.000000                      ",0,"0.000000                      ",0,"0.000000                      ",0,"0.000000                      ",0,"0.000000                      ",0,"0.000000                      ",0,"0.000000                      ",178,"30.742600                     ",204,"35.233100                     ",197,"34.024100                     ",0,"0.000000                      ",0,"0.000000                      ",0,"0.000000                      ",0,"0.000000                      "
"2006","17983","06","3892","0220","04","Elem      ","N","Neenah","Spring Road Elementary","Grades PreK-12","All Races","Both Genders","410",1,"0.243900                      ",56,"13.658500                     ",64,"15.609700                     ",70,"17.073100                     ",76,"18.536500                     ",64,"15.609700                     ",79,"19.268200                     ",0,"0.000000                      ",0,"0.000000                      ",0,"0.000000                      ",0,"0.000000                      ",0,"0.000000                      ",0,"0.000000                      ",0,"0.000000                      "
"2006","17984","06","3892","0240","04","Elem      ","N","Neenah","Taft Elementary","Grades PreK-12","All Races","Both Genders","184",1,"0.543400                      ",20,"10.869500                     ",28,"15.217300                     ",36,"19.565200                     ",26,"14.130400                     ",26,"14.130400                     ",47,"25.543400                     ",0,"0.000000                      ",0,"0.000000                      ",0,"0.000000                      ",0,"0.000000                      ",0,"0.000000                      ",0,"0.000000                      ",0,"0.000000                      "
"2006","17985","06","3892","0260","04","Elem      ","N","Neenah","Tullar Elementary","Grades PreK-12","All Races","Both Genders","322",0,"0.000000                      ",66,"20.496800                     ",46,"14.285700                     ",37,"11.490600                     ",47,"14.596200                     ",66,"20.496800                     ",60,"18.633500                     ",0,"0.000000                      ",0,"0.000000                      ",0,"0.000000                      ",0,"0.000000                      ",0,"0.000000                      ",0,"0.000000                      ",0,"0.000000                      "
"2006","17986","06","3892","0280","04","Elem      ","N","Neenah","Washington Early Learning Center","Grades PreK-12","All Races","Both Genders","54",40,"74.074000                     ",14,"25.925900                     ",0,"0.000000                      ",0,"0.000000                      ",0,"0.000000                      ",0,"0.000000                      ",0,"0.000000                      ",0,"0.000000                      ",0,"0.000000                      ",0,"0.000000                      ",0,"0.000000                      ",0,"0.000000                      ",0,"0.000000                      ",0,"0.000000                      "
"2006","17987","06","3892","0300","04","Elem      ","N","Neenah","Wilson Elementary","Grades PreK-12","All Races","Both Genders","310",0,"0.000000                      ",67,"21.612900                     ",45,"14.516100                     ",45,"14.516100                     ",62,"20.000000                     ",49,"15.806400                     ",42,"13.548300                     ",0,"0.000000                      ",0,"0.000000                      ",0,"0.000000                      ",0,"0.000000                      ",0,"0.000000                      ",0,"0.000000                      ",0,"0.000000                      "
"2006","01730","06","3913","","03","Summary   ","N","Neosho J3","","Grades PreK-12","All Races","Both Genders","197",15,"7.614200                      ",30,"15.228400                     ",18,"9.137000                      ",24,"12.182700                     ",21,"10.659800                     ",21,"10.659800                     ",19,"9.644600                      ",15,"7.614200                      ",20,"10.152200                     ",14,"7.106500                      ",0,"0.000000                      ",0,"0.000000                      ",0,"0.000000                      ",0,"0.000000                      "
"2006","01727","06","3913","0020","04","Elem      ","N","Neosho J3","Neosho Elementary","Grades PreK-12","All Races","Both Genders","197",15,"7.614200                      ",30,"15.228400                     ",18,"9.137000                      ",24,"12.182700                     ",21,"10.659800                     ",21,"10.659800                     ",19,"9.644600                      ",15,"7.614200                      ",20,"10.152200                     ",14,"7.106500                      ",0,"0.000000                      ",0,"0.000000                      ",0,"0.000000                      ",0,"0.000000                      "
"2006","18081","06","3955","","03","Summary   ","N","New London","","Grades PreK-12","All Races","Both Genders","2498",19,"0.760600                      ",149,"5.964700                      ",141,"5.644500                      ",163,"6.525200                      ",156,"6.244900                      ",170,"6.805400                      ",179,"7.165700                      ",207,"8.286600                      ",192,"7.686100                      ",183,"7.325800                      ",217,"8.686900                      ",262,"10.488300                     ",225,"9.007200                      ",235,"9.407500                      "
"2006","18068","06","3955","0040","04","Elem      ","N","New London","Lincoln Elementary","Grades PreK-12","All Races","Both Genders","276",18,"6.521700                      ",42,"15.217300                     ",49,"17.753600                     ",37,"13.405700                     ",33,"11.956500                     ",48,"17.391300                     ",49,"17.753600                     ",0,"0.000000                      ",0,"0.000000                      ",0,"0.000000                      ",0,"0.000000                      ",0,"0.000000                      ",0,"0.000000                      ",0,"0.000000                      "
"2006","18069","06","3955","0080","04","High      ","N","New London","New London High","Grades PreK-12","All Races","Both Genders","896",0,"0.000000                      ",0,"0.000000                      ",0,"0.000000                      ",0,"0.000000                      ",0,"0.000000                      ",0,"0.000000                      ",0,"0.000000                      ",0,"0.000000                      ",0,"0.000000                      ",0,"0.000000                      ",217,"24.218700                     ",257,"28.683000                     ",207,"23.102600                     ",215,"23.995500                     "
"2006","18070","06","3955","0090","04","Elem      ","N","New London","Parkview Elementary","Grades PreK-12","All Races","Both Genders","326",0,"0.000000                      ",58,"17.791400                     ",44,"13.496900                     ",52,"15.950900                     ",57,"17.484600                     ",53,"16.257600                     ",62,"19.018400                     ",0,"0.000000                      ",0,"0.000000                      ",0,"0.000000                      ",0,"0.000000                      ",0,"0.000000                      ",0,"0.000000                      ",0,"0.000000                      "
"2006","18195","06","3955","0100","04","Elem      ","N","New London","Readfield Elementary","Grades PreK-12","All Races","Both Genders","188",1,"0.531900                      ",30,"15.957400                     ",18,"9.574400                      ",35,"18.617000                     ",33,"17.553100                     ",34,"18.085100                     ",37,"19.680800                     ",0,"0.000000                      ",0,"0.000000                      ",0,"0.000000                      ",0,"0.000000                      ",0,"0.000000                      ",0,"0.000000                      ",0,"0.000000                      "
"2006","18071","06","3955","0120","04","Elem      ","N","New London","Sugar Bush Elementary","Grades PreK-12","All Races","Both Genders","187",0,"0.000000                      ",19,"10.160400                     ",30,"16.042700                     ",39,"20.855600                     ",33,"17.647000                     ",35,"18.716500                     ",31,"16.577500                     ",0,"0.000000                      ",0,"0.000000                      ",0,"0.000000                      ",0,"0.000000                      ",0,"0.000000                      ",0,"0.000000                      ",0,"0.000000                      "
"2006","18072","06","3955","0140","04","Mid/Jr Hi ","N","New London","New London Middle","Grades PreK-12","All Races","Both Genders","582",0,"0.000000                      ",0,"0.000000                      ",0,"0.000000                      ",0,"0.000000                      ",0,"0.000000                      ",0,"0.000000                      ",0,"0.000000                      ",207,"35.567000                     ",192,"32.989600                     ",183,"31.443200                     ",0,"0.000000                      ",0,"0.000000                      ",0,"0.000000                      ",0,"0.000000                      "
"2006","71983","06","3955","0850","04","High      ","Y","New London","Challenging all Students  to Learn Effec","Grades PreK-12","All Races","Both Genders","43",0,"0.000000                      ",0,"0.000000                      ",0,"0.000000                      ",0,"0.000000                      ",0,"0.000000                      ",0,"0.000000                      ",0,"0.000000                      ",0,"0.000000                      ",0,"0.000000                      ",0,"0.000000                      ",0,"0.000000                      ",5,"11.627900                     ",18,"41.860400                     ",20,"46.511600                     "
"2006","71548","06","3955","9408","4C","High      ","Y","New London","Waupaca County Charter","Grades PreK-12","All Races","Both Genders","0",0,"--                            ",0,"--                            ",0,"--                            ",0,"--                            ",0,"--                            ",0,"--                            ",0,"--                            ",0,"--                            ",0,"--                            ",0,"--                            ",0,"--                            ",0,"--                            ",0,"--                            ",0,"--                            "
"2006","17770","06","3983","","03","Summary   ","N","North Fond du Lac","","Grades PreK-12","All Races","Both Genders","1255",74,"5.896400                      ",83,"6.613500                      ",94,"7.490000                      ",80,"6.374500                      ",83,"6.613500                      ",83,"6.613500                      ",94,"7.490000                      ",98,"7.808700                      ",103,"8.207100                      ",89,"7.091600                      ",107,"8.525800                      ",94,"7.490000                      ",85,"6.772900                      ",88,"7.011900                      "
"2006","17762","06","3983","0020","04","Mid/Jr Hi ","N","North Fond du Lac","Bessie Allen Middle","Grades PreK-12","All Races","Both Genders","290",0,"0.000000                      ",0,"0.000000                      ",0,"0.000000                      ",0,"0.000000                      ",0,"0.000000                      ",0,"0.000000                      ",0,"0.000000                      ",98,"33.793100                     ",103,"35.517200                     ",89,"30.689600                     ",0,"0.000000                      ",0,"0.000000                      ",0,"0.000000                      ",0,"0.000000                      "
"2006","17763","06","3983","0055","04","Elem      ","N","North Fond du Lac","Friendship Learning Elementary","Grades PreK-12","All Races","Both Genders","434",0,"0.000000                      ",0,"0.000000                      ",94,"21.658900                     ",80,"18.433100                     ",83,"19.124400                     ",83,"19.124400                     ",94,"21.658900                     ",0,"0.000000                      ",0,"0.000000                      ",0,"0.000000                      ",0,"0.000000                      ",0,"0.000000                      ",0,"0.000000                      ",0,"0.000000                      "
"2006","17764","06","3983","0060","04","High      ","N","North Fond du Lac","Horace Mann High","Grades PreK-12","All Races","Both Genders","374",0,"0.000000                      ",0,"0.000000                      ",0,"0.000000                      ",0,"0.000000                      ",0,"0.000000                      ",0,"0.000000                      ",0,"0.000000                      ",0,"0.000000                      ",0,"0.000000                      ",0,"0.000000                      ",107,"28.609600                     ",94,"25.133600                     ",85,"22.727200                     ",88,"23.529400                     "
"2006","71924","06","3983","0110","04","Elem      ","N","North Fond du Lac","Early Learning Center","Grades PreK-12","All Races","Both Genders","157",74,"47.133700                     ",83,"52.866200                     ",0,"0.000000                      ",0,"0.000000                      ",0,"0.000000                      ",0,"0.000000                      ",0,"0.000000                      ",0,"0.000000                      ",0,"0.000000                      ",0,"0.000000                      ",0,"0.000000                      ",0,"0.000000                      ",0,"0.000000                      ",0,"0.000000                      "
"2006","01776","06","4025","","03","Summary   ","N","Oakfield","","Grades PreK-12","All Races","Both Genders","576",0,"0.000000                      ",40,"6.944400                      ",40,"6.944400                      ",23,"3.993000                      ",33,"5.729100                      ",32,"5.555500                      ",44,"7.638800                      ",36,"6.250000                      ",51,"8.854100                      ",49,"8.506900                      ",65,"11.284700                     ",52,"9.027700                      ",53,"9.201300                      ",58,"10.069400                     "
"2006","01769","06","4025","0030","04","Elem      ","N","Oakfield","Reynolds Elementary","Grades PreK-12","All Races","Both Genders","212",0,"0.000000                      ",40,"18.867900                     ",40,"18.867900                     ",23,"10.849000                     ",33,"15.566000                     ",32,"15.094300                     ",44,"20.754700                     ",0,"0.000000                      ",0,"0.000000                      ",0,"0.000000                      ",0,"0.000000                      ",0,"0.000000                      ",0,"0.000000                      ",0,"0.000000                      "
"2006","01770","06","4025","0060","04","High      ","N","Oakfield","Oakfield High","Grades PreK-12","All Races","Both Genders","228",0,"0.000000                      ",0,"0.000000                      ",0,"0.000000                      ",0,"0.000000                      ",0,"0.000000                      ",0,"0.000000                      ",0,"0.000000                      ",0,"0.000000                      ",0,"0.000000                      ",0,"0.000000                      ",65,"28.508700                     ",52,"22.807000                     ",53,"23.245600                     ",58,"25.438500                     "
"2006","01771","06","4025","0080","04","Mid/Jr Hi ","N","Oakfield","Oakfield Middle","Grades PreK-12","All Races","Both Genders","136",0,"0.000000                      ",0,"0.000000                      ",0,"0.000000                      ",0,"0.000000                      ",0,"0.000000                      ",0,"0.000000                      ",0,"0.000000                      ",36,"26.470500                     ",51,"37.500000                     ",49,"36.029400                     ",0,"0.000000                      ",0,"0.000000                      ",0,"0.000000                      ",0,"0.000000                      "
"2006","18120","06","4088","","03","Summary   ","N","Omro","","Grades PreK-12","All Races","Both Genders","1319",22,"1.667900                      ",96,"7.278200                      ",91,"6.899100                      ",101,"7.657300                      ",91,"6.899100                      ",103,"7.808900                      ",91,"6.899100                      ",114,"8.642900                      ",107,"8.112200                      ",90,"6.823300                      ",104,"7.884700                      ",113,"8.567000                      ",95,"7.202400                      ",101,"7.657300                      "
"2006","18113","06","4088","0040","04","Elem      ","N","Omro","Patch Elementary","Grades PreK-12","All Races","Both Genders","187",0,"0.000000                      ",96,"51.336800                     ",91,"48.663100                     ",0,"0.000000                      ",0,"0.000000                      ",0,"0.000000                      ",0,"0.000000                      ",0,"0.000000                      ",0,"0.000000                      ",0,"0.000000                      ",0,"0.000000                      ",0,"0.000000                      ",0,"0.000000                      ",0,"0.000000                      "
"2006","18114","06","4088","0060","04","High      ","N","Omro","Omro High","Grades PreK-12","All Races","Both Genders","413",0,"0.000000                      ",0,"0.000000                      ",0,"0.000000                      ",0,"0.000000                      ",0,"0.000000                      ",0,"0.000000                      ",0,"0.000000                      ",0,"0.000000                      ",0,"0.000000                      ",0,"0.000000                      ",104,"25.181500                     ",113,"27.360700                     ",95,"23.002400                     ",101,"24.455200                     "
"2006","18115","06","4088","0080","04","Mid/Jr Hi ","N","Omro","Omro Middle","Grades PreK-12","All Races","Both Genders","311",0,"0.000000                      ",0,"0.000000                      ",0,"0.000000                      ",0,"0.000000                      ",0,"0.000000                      ",0,"0.000000                      ",0,"0.000000                      ",114,"36.655900                     ",107,"34.405100                     ",90,"28.938900                     ",0,"0.000000                      ",0,"0.000000                      ",0,"0.000000                      ",0,"0.000000                      "
"2006","71196","06","4088","0110","04","Elem      ","N","Omro","Omro Elementary","Grades PreK-12","All Races","Both Genders","408",22,"5.392100                      ",0,"0.000000                      ",0,"0.000000                      ",101,"24.754900                     ",91,"22.303900                     ",103,"25.245000                     ",91,"22.303900                     ",0,"0.000000                      ",0,"0.000000                      ",0,"0.000000                      ",0,"0.000000                      ",0,"0.000000                      ",0,"0.000000                      ",0,"0.000000                      "
"2006","71335","06","4088","0120","04","Elem      ","N","Omro","Enterprise Special Education School","Grades PreK-12","All Races","Both Genders","1",0,"0.000000                      ",0,"0.000000                      ",0,"0.000000                      ",0,"0.000000                      ",0,"0.000000                      ",0,"0.000000                      ",0,"0.000000                      ",1,"100.000000                    ",0,"0.000000                      ",0,"0.000000                      ",0,"0.000000                      ",0,"0.000000                      ",0,"0.000000                      ",0,"0.000000                      "
"2006","71334","06","4088","9800","04","El/Sec    ","Y","Omro","Enterprise Charter School","Grades PreK-12","All Races","Both Genders","2",0,"0.000000                      ",0,"0.000000                      ",0,"0.000000                      ",0,"0.000000                      ",0,"0.000000                      ",0,"0.000000                      ",0,"0.000000                      ",0,"0.000000                      ",0,"0.000000                      ",0,"0.000000                      ",0,"0.000000                      ",0,"0.000000                      ",0,"0.000000                      ",2,"100.000000                    "
"2006","17271","06","4179","","03","Summary   ","N","Oshkosh Area","","Grades PreK-12","All Races","Both Genders","10230",171,"1.671500                      ",746,"7.292200                      ",693,"6.774100                      ",693,"6.774100                      ",710,"6.940300                      ",692,"6.764400                      ",716,"6.999000                      ",763,"7.458400                      ",792,"7.741900                      ",817,"7.986300                      ",884,"8.641200                      ",843,"8.240400                      ",945,"9.237500                      ",765,"7.478000                      "
"2006","17145","06","4179","0060","04","Elem      ","N","Oshkosh Area","E Cook Elementary","Grades PreK-12","All Races","Both Genders","240",0,"0.000000                      ",33,"13.750000                     ",44,"18.333300                     ",41,"17.083300                     ",40,"16.666600                     ",34,"14.166600                     ",48,"20.000000                     ",0,"0.000000                      ",0,"0.000000                      ",0,"0.000000                      ",0,"0.000000                      ",0,"0.000000                      ",0,"0.000000                      ",0,"0.000000                      "
"2006","17146","06","4179","0080","04","Elem      ","N","Oshkosh Area","Franklin Elementary","Grades PreK-12","All Races","Both Genders","378",2,"0.529100                      ",67,"17.724800                     ",59,"15.608400                     ",65,"17.195700                     ",62,"16.402100                     ",66,"17.460300                     ",57,"15.079300                     ",0,"0.000000                      ",0,"0.000000                      ",0,"0.000000                      ",0,"0.000000                      ",0,"0.000000                      ",0,"0.000000                      ",0,"0.000000                      "
"2006","71748","06","4179","0115","04","Elem      ","Y","Oshkosh Area","EAA/Oshkosh 3rd Gr Aviation","Grades PreK-12","All Races","Both Genders","45",0,"0.000000                      ",0,"0.000000                      ",0,"0.000000                      ",0,"0.000000                      ",45,"100.000000                    ",0,"0.000000                      ",0,"0.000000                      ",0,"0.000000                      ",0,"0.000000                      ",0,"0.000000                      ",0,"0.000000                      ",0,"0.000000                      ",0,"0.000000                      ",0,"0.000000                      "
"2006","17292","06","4179","0120","04","Elem      ","N","Oshkosh Area","Green Meadow Elementary","Grades PreK-12","All Races","Both Genders","116",0,"0.000000                      ",20,"17.241300                     ",13,"11.206800                     ",19,"16.379300                     ",19,"16.379300                     ",26,"22.413700                     ",19,"16.379300                     ",0,"0.000000                      ",0,"0.000000                      ",0,"0.000000                      ",0,"0.000000                      ",0,"0.000000                      ",0,"0.000000                      ",0,"0.000000                      "
"2006","17147","06","4179","0130","04","Elem      ","N","Oshkosh Area","Shapiro Elementary","Grades PreK-12","All Races","Both Genders","213",25,"11.737000                     ",38,"17.840300                     ",37,"17.370800                     ",39,"18.309800                     ",14,"6.572700                      ",32,"15.023400                     ",28,"13.145500                     ",0,"0.000000                      ",0,"0.000000                      ",0,"0.000000                      ",0,"0.000000                      ",0,"0.000000                      ",0,"0.000000                      ",0,"0.000000                      "
"2006","17148","06","4179","0140","04","Elem      ","N","Oshkosh Area","Jefferson Elementary","Grades PreK-12","All Races","Both Genders","257",26,"10.116700                     ",38,"14.785900                     ",39,"15.175000                     ",38,"14.785900                     ",40,"15.564200                     ",33,"12.840400                     ",43,"16.731500                     ",0,"0.000000                      ",0,"0.000000                      ",0,"0.000000                      ",0,"0.000000                      ",0,"0.000000                      ",0,"0.000000                      ",0,"0.000000                      "
"2006","39523","06","4179","0150","04","Elem      ","N","Oshkosh Area","Traeger Elementary","Grades PreK-12","All Races","Both Genders","538",13,"2.416300                      ",92,"17.100300                     ",81,"15.055700                     ",81,"15.055700                     ",93,"17.286200                     ",80,"14.869800                     ",98,"18.215600                     ",0,"0.000000                      ",0,"0.000000                      ",0,"0.000000                      ",0,"0.000000                      ",0,"0.000000                      ",0,"0.000000                      ",0,"0.000000                      "
"2006","17149","06","4179","0160","04","Elem      ","N","Oshkosh Area","Lakeside Elementary","Grades PreK-12","All Races","Both Genders","182",0,"0.000000                      ",24,"13.186800                     ",25,"13.736200                     ",30,"16.483500                     ",31,"17.032900                     ",35,"19.230700                     ",37,"20.329600                     ",0,"0.000000                      ",0,"0.000000                      ",0,"0.000000                      ",0,"0.000000                      ",0,"0.000000                      ",0,"0.000000                      ",0,"0.000000                      "
"2006","72836","06","4179","0170","04","Elem      ","Y","Oshkosh Area","Accelerated Advanced Learning Program","Grades PreK-12","All Races","Both Genders","35",0,"0.000000                      ",0,"0.000000                      ",0,"0.000000                      ",0,"0.000000                      ",0,"0.000000                      ",5,"14.285700                     ",6,"17.142800                     ",9,"25.714200                     ",7,"20.000000                     ",8,"22.857100                     ",0,"0.000000                      ",0,"0.000000                      ",0,"0.000000                      ",0,"0.000000                      "
"2006","17150","06","4179","0180","04","Elem      ","N","Oshkosh Area","Lincoln Elementary","Grades PreK-12","All Races","Both Genders","113",13,"11.504400                     ",14,"12.389300                     ",22,"19.469000                     ",13,"11.504400                     ",13,"11.504400                     ",18,"15.929200                     ",20,"17.699100                     ",0,"0.000000                      ",0,"0.000000                      ",0,"0.000000                      ",0,"0.000000                      ",0,"0.000000                      ",0,"0.000000                      ",0,"0.000000                      "
"2006","72508","06","4179","0185","04","Elem      ","Y","Oshkosh Area","Environmental Education Charter School","Grades PreK-12","All Races","Both Genders","176",0,"0.000000                      ",0,"0.000000                      ",0,"0.000000                      ",0,"0.000000                      ",0,"0.000000                      ",86,"48.863600                     ",90,"51.136300                     ",0,"0.000000                      ",0,"0.000000                      ",0,"0.000000                      ",0,"0.000000                      ",0,"0.000000                      ",0,"0.000000                      ",0,"0.000000                      "
"2006","17151","06","4179","0220","04","Elem      ","N","Oshkosh Area","Merrill Elementary","Grades PreK-12","All Races","Both Genders","227",0,"0.000000                      ",42,"18.502200                     ",30,"13.215800                     ",42,"18.502200                     ",28,"12.334800                     ",47,"20.704800                     ",38,"16.740000                     ",0,"0.000000                      ",0,"0.000000                      ",0,"0.000000                      ",0,"0.000000                      ",0,"0.000000                      ",0,"0.000000                      ",0,"0.000000                      "
"2006","17152","06","4179","0240","04","Mid/Jr Hi ","N","Oshkosh Area","Merrill Middle","Grades PreK-12","All Races","Both Genders","466",0,"0.000000                      ",0,"0.000000                      ",0,"0.000000                      ",0,"0.000000                      ",0,"0.000000                      ",0,"0.000000                      ",0,"0.000000                      ",145,"31.115800                     ",145,"31.115800                     ",176,"37.768200                     ",0,"0.000000                      ",0,"0.000000                      ",0,"0.000000                      ",0,"0.000000                      "
"2006","39522","06","4179","0250","04","Mid/Jr Hi ","N","Oshkosh Area","Traeger Middle","Grades PreK-12","All Races","Both Genders","546",0,"0.000000                      ",0,"0.000000                      ",0,"0.000000                      ",0,"0.000000                      ",0,"0.000000                      ",0,"0.000000                      ",0,"0.000000                      ",174,"31.868100                     ",201,"36.813100                     ",171,"31.318600                     ",0,"0.000000                      ",0,"0.000000                      ",0,"0.000000                      ",0,"0.000000                      "
"2006","17153","06","4179","0260","04","Elem      ","N","Oshkosh Area","Oaklawn Elementary","Grades PreK-12","All Races","Both Genders","215",1,"0.465100                      ",48,"22.325500                     ",43,"20.000000                     ",39,"18.139500                     ",23,"10.697600                     ",30,"13.953400                     ",31,"14.418600                     ",0,"0.000000                      ",0,"0.000000                      ",0,"0.000000                      ",0,"0.000000                      ",0,"0.000000                      ",0,"0.000000                      ",0,"0.000000                      "
"2006","17293","06","4179","0280","04","Elem      ","N","Oshkosh Area","Oakwood Elementary","Grades PreK-12","All Races","Both Genders","304",0,"0.000000                      ",93,"30.592100                     ",72,"23.684200                     ",68,"22.368400                     ",71,"23.355200                     ",0,"0.000000                      ",0,"0.000000                      ",0,"0.000000                      ",0,"0.000000                      ",0,"0.000000                      ",0,"0.000000                      ",0,"0.000000                      ",0,"0.000000                      ",0,"0.000000                      "
"2006","17154","06","4179","0290","04","High      ","N","Oshkosh Area","North High","Grades PreK-12","All Races","Both Genders","1386",0,"0.000000                      ",0,"0.000000                      ",0,"0.000000                      ",0,"0.000000                      ",0,"0.000000                      ",0,"0.000000                      ",0,"0.000000                      ",0,"0.000000                      ",0,"0.000000                      ",0,"0.000000                      ",363,"26.190400                     ",344,"24.819600                     ",384,"27.705600                     ",295,"21.284200                     "
"2006","17155","06","4179","0300","04","High      ","N","Oshkosh Area","West High","Grades PreK-12","All Races","Both Genders","1967",0,"0.000000                      ",0,"0.000000                      ",0,"0.000000                      ",0,"0.000000                      ",0,"0.000000                      ",0,"0.000000                      ",0,"0.000000                      ",0,"0.000000                      ",0,"0.000000                      ",0,"0.000000                      ",514,"26.131100                     ",488,"24.809300                     ",540,"27.452900                     ",425,"21.606500                     "
"2006","17156","06","4179","0320","04","Mid/Jr Hi ","N","Oshkosh Area","Tipler Middle","Grades PreK-12","All Races","Both Genders","442",0,"0.000000                      ",0,"0.000000                      ",0,"0.000000                      ",0,"0.000000                      ",0,"0.000000                      ",0,"0.000000                      ",0,"0.000000                      ",148,"33.484100                     ",156,"35.294100                     ",138,"31.221700                     ",0,"0.000000                      ",0,"0.000000                      ",0,"0.000000                      ",0,"0.000000                      "
"2006","17157","06","4179","0340","04","Elem      ","N","Oshkosh Area","Read Elementary","Grades PreK-12","All Races","Both Genders","313",45,"14.376900                     ",41,"13.099000                     ",55,"17.571800                     ",43,"13.738000                     ",40,"12.779500                     ",49,"15.654900                     ",40,"12.779500                     ",0,"0.000000                      ",0,"0.000000                      ",0,"0.000000                      ",0,"0.000000                      ",0,"0.000000                      ",0,"0.000000                      ",0,"0.000000                      "
"2006","17158","06","4179","0360","04","Elem      ","N","Oshkosh Area","Roosevelt Elementary","Grades PreK-12","All Races","Both Genders","252",0,"0.000000                      ",54,"21.428500                     ",39,"15.476100                     ",43,"17.063400                     ",47,"18.650700                     ",30,"11.904700                     ",39,"15.476100                     ",0,"0.000000                      ",0,"0.000000                      ",0,"0.000000                      ",0,"0.000000                      ",0,"0.000000                      ",0,"0.000000                      ",0,"0.000000                      "
"2006","17159","06","4179","0400","04","Elem      ","N","Oshkosh Area","Smith Elementary","Grades PreK-12","All Races","Both Genders","216",45,"20.833300                     ",35,"16.203700                     ",28,"12.962900                     ",34,"15.740700                     ",32,"14.814800                     ",23,"10.648100                     ",19,"8.796200                      ",0,"0.000000                      ",0,"0.000000                      ",0,"0.000000                      ",0,"0.000000                      ",0,"0.000000                      ",0,"0.000000                      ",0,"0.000000                      "
"2006","72837","06","4179","0410","04","High      ","Y","Oshkosh Area","Journeys-Project Based Learning","Grades PreK-12","All Races","Both Genders","22",0,"0.000000                      ",0,"0.000000                      ",0,"0.000000                      ",0,"0.000000                      ",0,"0.000000                      ",0,"0.000000                      ",0,"0.000000                      ",0,"0.000000                      ",1,"4.545400                      ",6,"27.272700                     ",6,"27.272700                     ",7,"31.818100                     ",2,"9.090900                      ",0,"0.000000                      "
"2006","17160","06","4179","0440","04","Mid/Jr Hi ","N","Oshkosh Area","South Park Middle","Grades PreK-12","All Races","Both Genders","445",0,"0.000000                      ",0,"0.000000                      ",0,"0.000000                      ",0,"0.000000                      ",0,"0.000000                      ",0,"0.000000                      ",0,"0.000000                      ",150,"33.707800                     ",133,"29.887600                     ",162,"36.404400                     ",0,"0.000000                      ",0,"0.000000                      ",0,"0.000000                      ",0,"0.000000                      "
"2006","17294","06","4179","0460","04","Elem      ","N","Oshkosh Area","Sunset Elementary","Grades PreK-12","All Races","Both Genders","105",0,"0.000000                      ",22,"20.952300                     ",18,"17.142800                     ",13,"12.380900                     ",20,"19.047600                     ",14,"13.333300                     ",18,"17.142800                     ",0,"0.000000                      ",0,"0.000000                      ",0,"0.000000                      ",0,"0.000000                      ",0,"0.000000                      ",0,"0.000000                      ",0,"0.000000                      "
"2006","72838","06","4179","0470","04","High      ","Y","Oshkosh Area","East High School","Grades PreK-12","All Races","Both Genders","69",0,"0.000000                      ",0,"0.000000                      ",0,"0.000000                      ",0,"0.000000                      ",0,"0.000000                      ",0,"0.000000                      ",0,"0.000000                      ",0,"0.000000                      ",0,"0.000000                      ",0,"0.000000                      ",1,"1.449200                      ",4,"5.797100                      ",19,"27.536200                     ",45,"65.217300                     "
"2006","17161","06","4179","0480","04","Elem      ","N","Oshkosh Area","Washington Elementary","Grades PreK-12","All Races","Both Genders","216",0,"0.000000                      ",34,"15.740700                     ",42,"19.444400                     ",32,"14.814800                     ",40,"18.518500                     ",34,"15.740700                     ",34,"15.740700                     ",0,"0.000000                      ",0,"0.000000                      ",0,"0.000000                      ",0,"0.000000                      ",0,"0.000000                      ",0,"0.000000                      ",0,"0.000000                      "
"2006","17162","06","4179","0500","04","Mid/Jr Hi ","N","Oshkosh Area","Webster Stanley Middle","Grades PreK-12","All Races","Both Genders","442",0,"0.000000                      ",0,"0.000000                      ",0,"0.000000                      ",0,"0.000000                      ",0,"0.000000                      ",0,"0.000000                      ",0,"0.000000                      ",137,"30.995400                     ",149,"33.710400                     ",156,"35.294100                     ",0,"0.000000                      ",0,"0.000000                      ",0,"0.000000                      ",0,"0.000000                      "
"2006","17163","06","4179","0520","04","Elem      ","N","Oshkosh Area","Webster Stanley Elementary","Grades PreK-12","All Races","Both Genders","304",1,"0.328900                      ",51,"16.776300                     ",46,"15.131500                     ",53,"17.434200                     ",52,"17.105200                     ",50,"16.447300                     ",51,"16.776300                     ",0,"0.000000                      ",0,"0.000000                      ",0,"0.000000                      ",0,"0.000000                      ",0,"0.000000                      ",0,"0.000000                      ",0,"0.000000                      "
"2006","02032","06","4820","","03","Summary   ","N","Richfield J1","","Grades PreK-12","All Races","Both Genders","380",7,"1.842100                      ",29,"7.631500                      ",37,"9.736800                      ",32,"8.421000                      ",38,"10.000000                     ",48,"12.631500                     ",41,"10.789400                     ",40,"10.526300                     ",51,"13.421000                     ",57,"15.000000                     ",0,"0.000000                      ",0,"0.000000                      ",0,"0.000000                      ",0,"0.000000                      "
"2006","02029","06","4820","0020","04","Elem      ","N","Richfield J1","Richfield Elementary","Grades PreK-12","All Races","Both Genders","275",0,"0.000000                      ",0,"0.000000                      ",0,"0.000000                      ",0,"0.000000                      ",38,"13.818100                     ",48,"17.454500                     ",41,"14.909000                     ",40,"14.545400                     ",51,"18.545400                     ",57,"20.727200                     ",0,"0.000000                      ",0,"0.000000                      ",0,"0.000000                      ",0,"0.000000                      "
"2006","01051","06","4820","0040","04","Elem      ","N","Richfield J1","Plat Elementary","Grades PreK-12","All Races","Both Genders","105",7,"6.666600                      ",29,"27.619000                     ",37,"35.238000                     ",32,"30.476100                     ",0,"0.000000                      ",0,"0.000000                      ",0,"0.000000                      ",0,"0.000000                      ",0,"0.000000                      ",0,"0.000000                      ",0,"0.000000                      ",0,"0.000000                      ",0,"0.000000                      ",0,"0.000000                      "
"2006","01403","06","4843","","03","Summary   ","N","Friess Lake","","Grades PreK-12","All Races","Both Genders","323",6,"1.857500                      ",32,"9.907100                      ",40,"12.383900                     ",37,"11.455100                     ",33,"10.216700                     ",39,"12.074300                     ",32,"9.907100                      ",37,"11.455100                     ",29,"8.978300                      ",38,"11.764700                     ",0,"0.000000                      ",0,"0.000000                      ",0,"0.000000                      ",0,"0.000000                      "
"2006","01395","06","4843","0020","04","Elem      ","N","Friess Lake","Friess Lake Sch","Grades PreK-12","All Races","Both Genders","323",6,"1.857500                      ",32,"9.907100                      ",40,"12.383900                     ",37,"11.455100                     ",33,"10.216700                     ",39,"12.074300                     ",32,"9.907100                      ",37,"11.455100                     ",29,"8.978300                      ",38,"11.764700                     ",0,"0.000000                      ",0,"0.000000                      ",0,"0.000000                      ",0,"0.000000                      "
"2006","18212","06","4872","","03","Summary   ","N","Ripon","","Grades PreK-12","All Races","Both Genders","1763",18,"1.020900                      ",125,"7.090100                      ",133,"7.543900                      ",114,"6.466200                      ",139,"7.884200                      ",154,"8.735100                      ",130,"7.373700                      ",122,"6.920000                      ",130,"7.373700                      ",130,"7.373700                      ",144,"8.167800                      ",138,"7.827500                      ",144,"8.167800                      ",142,"8.054400                      "
"2006","18204","06","4872","0100","04","Elem      ","N","Ripon","Murray Park Elementary","Grades PreK-12","All Races","Both Genders","423",0,"0.000000                      ",0,"0.000000                      ",0,"0.000000                      ",0,"0.000000                      ",139,"32.860500                     ",154,"36.406600                     ",130,"30.732800                     ",0,"0.000000                      ",0,"0.000000                      ",0,"0.000000                      ",0,"0.000000                      ",0,"0.000000                      ",0,"0.000000                      ",0,"0.000000                      "
"2006","70070","06","4872","0110","04","Elem      ","N","Ripon","Barlow Park Elementary","Grades PreK-12","All Races","Both Genders","390",18,"4.615300                      ",125,"32.051200                     ",133,"34.102500                     ",114,"29.230700                     ",0,"0.000000                      ",0,"0.000000                      ",0,"0.000000                      ",0,"0.000000                      ",0,"0.000000                      ",0,"0.000000                      ",0,"0.000000                      ",0,"0.000000                      ",0,"0.000000                      ",0,"0.000000                      "
"2006","18205","06","4872","0120","04","High      ","N","Ripon","Ripon High","Grades PreK-12","All Races","Both Genders","568",0,"0.000000                      ",0,"0.000000                      ",0,"0.000000                      ",0,"0.000000                      ",0,"0.000000                      ",0,"0.000000                      ",0,"0.000000                      ",0,"0.000000                      ",0,"0.000000                      ",0,"0.000000                      ",144,"25.352100                     ",138,"24.295700                     ",144,"25.352100                     ",142,"25.000000                     "
"2006","18206","06","4872","0140","04","Mid/Jr Hi ","N","Ripon","Ripon Middle","Grades PreK-12","All Races","Both Genders","382",0,"0.000000                      ",0,"0.000000                      ",0,"0.000000                      ",0,"0.000000                      ",0,"0.000000                      ",0,"0.000000                      ",0,"0.000000                      ",122,"31.937100                     ",130,"34.031400                     ",130,"34.031400                     ",0,"0.000000                      ",0,"0.000000                      ",0,"0.000000                      ",0,"0.000000                      "
"2006","71538","06","4872","9800","4C","El/Sec    ","Y","Ripon","Enterprise Charter School","Grades PreK-12","All Races","Both Genders","0",0,"--                            ",0,"--                            ",0,"--                            ",0,"--                            ",0,"--                            ",0,"--                            ",0,"--                            ",0,"--                            ",0,"--                            ",0,"--                            ",0,"--                            ",0,"--                            ",0,"--                            ",0,"--                            "
"2006","18260","06","4956","","03","Summary   ","N","Rosendale-Brandon","","Grades PreK-12","All Races","Both Genders","1020",54,"5.294100                      ",60,"5.882300                      ",76,"7.450900                      ",66,"6.470500                      ",81,"7.941100                      ",67,"6.568600                      ",86,"8.431300                      ",62,"6.078400                      ",76,"7.450900                      ",85,"8.333300                      ",86,"8.431300                      ",79,"7.745000                      ",72,"7.058800                      ",70,"6.862700                      "
"2006","09439","06","4956","0025","04","Elem      ","N","Rosendale-Brandon","Brandon Elementary","Grades PreK-12","All Races","Both Genders","217",31,"14.285700                     ",26,"11.981500                     ",32,"14.746500                     ",29,"13.364000                     ",37,"17.050600                     ",29,"13.364000                     ",33,"15.207300                     ",0,"0.000000                      ",0,"0.000000                      ",0,"0.000000                      ",0,"0.000000                      ",0,"0.000000                      ",0,"0.000000                      ",0,"0.000000                      "
"2006","09440","06","4956","0030","04","Mid/Jr Hi ","N","Rosendale-Brandon","Brandon Middle","Grades PreK-12","All Races","Both Genders","87",0,"0.000000                      ",0,"0.000000                      ",0,"0.000000                      ",0,"0.000000                      ",0,"0.000000                      ",0,"0.000000                      ",0,"0.000000                      ",30,"34.482700                     ",25,"28.735600                     ",32,"36.781600                     ",0,"0.000000                      ",0,"0.000000                      ",0,"0.000000                      ",0,"0.000000                      "
"2006","18255","06","4956","0050","04","High      ","N","Rosendale-Brandon","Laconia High","Grades PreK-12","All Races","Both Genders","307",0,"0.000000                      ",0,"0.000000                      ",0,"0.000000                      ",0,"0.000000                      ",0,"0.000000                      ",0,"0.000000                      ",0,"0.000000                      ",0,"0.000000                      ",0,"0.000000                      ",0,"0.000000                      ",86,"28.013000                     ",79,"25.732800                     ",72,"23.452700                     ",70,"22.801300                     "
"2006","18256","06","4956","0060","04","Elem      ","N","Rosendale-Brandon","Rosendale Primary","Grades PreK-12","All Races","Both Genders","182",23,"12.637300                     ",34,"18.681300                     ",44,"24.175800                     ",37,"20.329600                     ",44,"24.175800                     ",0,"0.000000                      ",0,"0.000000                      ",0,"0.000000                      ",0,"0.000000                      ",0,"0.000000                      ",0,"0.000000                      ",0,"0.000000                      ",0,"0.000000                      ",0,"0.000000                      "
"2006","18257","06","4956","0080","04","Mid/Jr Hi ","N","Rosendale-Brandon","Rosendale Intermediate","Grades PreK-12","All Races","Both Genders","227",0,"0.000000                      ",0,"0.000000                      ",0,"0.000000                      ",0,"0.000000                      ",0,"0.000000                      ",38,"16.740000                     ",53,"23.348000                     ",32,"14.096900                     ",51,"22.466900                     ",53,"23.348000                     ",0,"0.000000                      ",0,"0.000000                      ",0,"0.000000                      ",0,"0.000000                      "
"2006","02047","06","4998","","03","Summary   ","N","Rubicon J6","","Grades PreK-12","All Races","Both Genders","149",0,"0.000000                      ",12,"8.053600                      ",21,"14.093900                     ",12,"8.053600                      ",20,"13.422800                     ",19,"12.751600                     ",18,"12.080500                     ",14,"9.395900                      ",18,"12.080500                     ",15,"10.067100                     ",0,"0.000000                      ",0,"0.000000                      ",0,"0.000000                      ",0,"0.000000                      "
"2006","02041","06","4998","0020","04","Elem      ","N","Rubicon J6","Saylesville Elementary","Grades PreK-12","All Races","Both Genders","149",0,"0.000000                      ",12,"8.053600                      ",21,"14.093900                     ",12,"8.053600                      ",20,"13.422800                     ",19,"12.751600                     ",18,"12.080500                     ",14,"9.395900                      ",18,"12.080500                     ",15,"10.067100                     ",0,"0.000000                      ",0,"0.000000                      ",0,"0.000000                      ",0,"0.000000                      "
"2006","11193","06","5348","","03","Summary   ","N","Shiocton","","Grades PreK-12","All Races","Both Genders","837",51,"6.093100                      ",65,"7.765800                      ",56,"6.690500                      ",54,"6.451600                      ",64,"7.646300                      ",51,"6.093100                      ",60,"7.168400                      ",63,"7.526800                      ",52,"6.212600                      ",65,"7.765800                      ",55,"6.571000                      ",67,"8.004700                      ",63,"7.526800                      ",71,"8.482600                      "
"2006","11189","06","5348","0020","04","Elem      ","N","Shiocton","Shiocton Elementary","Grades PreK-12","All Races","Both Genders","581",51,"8.777900                      ",65,"11.187600                     ",56,"9.638500                      ",54,"9.294300                      ",64,"11.015400                     ",51,"8.777900                      ",60,"10.327000                     ",63,"10.843300                     ",52,"8.950000                      ",65,"11.187600                     ",0,"0.000000                      ",0,"0.000000                      ",0,"0.000000                      ",0,"0.000000                      "
"2006","11190","06","5348","0040","04","High      ","N","Shiocton","Shiocton High","Grades PreK-12","All Races","Both Genders","256",0,"0.000000                      ",0,"0.000000                      ",0,"0.000000                      ",0,"0.000000                      ",0,"0.000000                      ",0,"0.000000                      ",0,"0.000000                      ",0,"0.000000                      ",0,"0.000000                      ",0,"0.000000                      ",55,"21.484300                     ",67,"26.171800                     ",63,"24.609300                     ",71,"27.734300                     "
"2006","02263","06","5390","","03","Summary   ","N","Slinger","","Grades PreK-12","All Races","Both Genders","2869",157,"5.472200                      ",166,"5.785900                      ",196,"6.831600                      ",170,"5.925400                      ",193,"6.727000                      ",202,"7.040700                      ",180,"6.273900                      ",210,"7.319600                      ",223,"7.772700                      ",218,"7.598400                      ",243,"8.469800                      ",254,"8.853200                      ",226,"7.877300                      ",231,"8.051500                      "
"2006","00825","06","5390","0010","04","Elem      ","N","Slinger","Allenton Elementary","Grades PreK-12","All Races","Both Genders","392",42,"10.714200                     ",52,"13.265300                     ",52,"13.265300                     ",54,"13.775500                     ",64,"16.326500                     ",70,"17.857100                     ",58,"14.795900                     ",0,"0.000000                      ",0,"0.000000                      ",0,"0.000000                      ",0,"0.000000                      ",0,"0.000000                      ",0,"0.000000                      ",0,"0.000000                      "
"2006","02255","06","5390","0020","04","Elem      ","N","Slinger","Slinger Elementary","Grades PreK-12","All Races","Both Genders","490",60,"12.244800                     ",59,"12.040800                     ",82,"16.734600                     ",70,"14.285700                     ",70,"14.285700                     ",71,"14.489700                     ",78,"15.918300                     ",0,"0.000000                      ",0,"0.000000                      ",0,"0.000000                      ",0,"0.000000                      ",0,"0.000000                      ",0,"0.000000                      ",0,"0.000000                      "
"2006","02257","06","5390","0060","04","Mid/Jr Hi ","N","Slinger","Slinger Middle","Grades PreK-12","All Races","Both Genders","647",0,"0.000000                      ",0,"0.000000                      ",0,"0.000000                      ",0,"0.000000                      ",0,"0.000000                      ",0,"0.000000                      ",0,"0.000000                      ",208,"32.148300                     ",221,"34.157600                     ",218,"33.693900                     ",0,"0.000000                      ",0,"0.000000                      ",0,"0.000000                      ",0,"0.000000                      "
"2006","02258","06","5390","0080","04","High      ","N","Slinger","Slinger High","Grades PreK-12","All Races","Both Genders","956",0,"0.000000                      ",0,"0.000000                      ",0,"0.000000                      ",0,"0.000000                      ",0,"0.000000                      ",0,"0.000000                      ",0,"0.000000                      ",0,"0.000000                      ",2,"0.209200                      ",0,"0.000000                      ",243,"25.418400                     ",254,"26.569000                     ",226,"23.640100                     ",231,"24.163100                     "
"2006","71851","06","5390","0100","04","Elem      ","N","Slinger","Addison Elementary","Grades PreK-12","All Races","Both Genders","384",55,"14.322900                     ",55,"14.322900                     ",62,"16.145800                     ",46,"11.979100                     ",59,"15.364500                     ",61,"15.885400                     ",44,"11.458300                     ",2,"0.520800                      ",0,"0.000000                      ",0,"0.000000                      ",0,"0.000000                      ",0,"0.000000                      ",0,"0.000000                      ",0,"0.000000                      "
"2006","09874","06","6216","","03","Summary   ","N","Waupun","","Grades PreK-12","All Races","Both Genders","2184",29,"1.327800                      ",156,"7.142800                      ",150,"6.868100                      ",128,"5.860800                      ",154,"7.051200                      ",151,"6.913900                      ",165,"7.554900                      ",171,"7.829600                      ",137,"6.272800                      ",201,"9.203200                      ",173,"7.921200                      ",183,"8.379100                      ",176,"8.058600                      ",210,"9.615300                      "
"2006","09865","06","6216","0020","04","Elem      ","N","Waupun","Alto Elementary","Grades PreK-12","All Races","Both Genders","114",1,"0.877100                      ",20,"17.543800                     ",17,"14.912200                     ",18,"15.789400                     ",18,"15.789400                     ",18,"15.789400                     ",22,"19.298200                     ",0,"0.000000                      ",0,"0.000000                      ",0,"0.000000                      ",0,"0.000000                      ",0,"0.000000                      ",0,"0.000000                      ",0,"0.000000                      "
"2006","09561","06","6216","0080","04","Elem      ","N","Waupun","Fox Lake Elementary","Grades PreK-12","All Races","Both Genders","120",6,"5.000000                      ",21,"17.500000                     ",18,"15.000000                     ",15,"12.500000                     ",20,"16.666600                     ",22,"18.333300                     ",18,"15.000000                     ",0,"0.000000                      ",0,"0.000000                      ",0,"0.000000                      ",0,"0.000000                      ",0,"0.000000                      ",0,"0.000000                      ",0,"0.000000                      "
"2006","09866","06","6216","0100","04","Elem      ","N","Waupun","Jefferson Elementary","Grades PreK-12","All Races","Both Genders","302",6,"1.986700                      ",52,"17.218500                     ",44,"14.569500                     ",45,"14.900600                     ",50,"16.556200                     ",51,"16.887400                     ",54,"17.880700                     ",0,"0.000000                      ",0,"0.000000                      ",0,"0.000000                      ",0,"0.000000                      ",0,"0.000000                      ",0,"0.000000                      ",0,"0.000000                      "
"2006","09867","06","6216","0160","04","Elem      ","N","Waupun","Washington Elementary","Grades PreK-12","All Races","Both Genders","397",16,"4.030200                      ",63,"15.869000                     ",71,"17.884100                     ",50,"12.594400                     ",66,"16.624600                     ",60,"15.113300                     ",71,"17.884100                     ",0,"0.000000                      ",0,"0.000000                      ",0,"0.000000                      ",0,"0.000000                      ",0,"0.000000                      ",0,"0.000000                      ",0,"0.000000                      "
"2006","09868","06","6216","0180","04","Mid/Jr Hi ","N","Waupun","Waupun Middle","Grades PreK-12","All Races","Both Genders","509",0,"0.000000                      ",0,"0.000000                      ",0,"0.000000                      ",0,"0.000000                      ",0,"0.000000                      ",0,"0.000000                      ",0,"0.000000                      ",171,"33.595200                     ",137,"26.915500                     ",201,"39.489100                     ",0,"0.000000                      ",0,"0.000000                      ",0,"0.000000                      ",0,"0.000000                      "
"2006","09869","06","6216","0200","04","High      ","N","Waupun","Waupun High","Grades PreK-12","All Races","Both Genders","720",0,"0.000000                      ",0,"0.000000                      ",0,"0.000000                      ",0,"0.000000                      ",0,"0.000000                      ",0,"0.000000                      ",0,"0.000000                      ",0,"0.000000                      ",0,"0.000000                      ",0,"0.000000                      ",173,"24.027700                     ",183,"25.416600                     ",174,"24.166600                     ",190,"26.388800                     "
"2006","71355","06","6216","0400","04","High      ","Y","Waupun","Waupun Alternative High","Grades PreK-12","All Races","Both Genders","22",0,"0.000000                      ",0,"0.000000                      ",0,"0.000000                      ",0,"0.000000                      ",0,"0.000000                      ",0,"0.000000                      ",0,"0.000000                      ",0,"0.000000                      ",0,"0.000000                      ",0,"0.000000                      ",0,"0.000000                      ",0,"0.000000                      ",2,"9.090900                      ",20,"90.909000                     "
"2006","02479","06","6307","","03","Summary   ","N","West Bend","","Grades PreK-12","All Races","Both Genders","6795",91,"1.339200                      ",501,"7.373000                      ",469,"6.902100                      ",470,"6.916800                      ",478,"7.034500                      ",486,"7.152300                      ",468,"6.887400                      ",460,"6.769600                      ",468,"6.887400                      ",486,"7.152300                      ",569,"8.373800                      ",607,"8.933000                      ",681,"10.022000                     ",561,"8.256000                      "
"2006","02457","06","6307","0010","04","Mid/Jr Hi ","N","West Bend","Badger Middle","Grades PreK-12","All Races","Both Genders","820",0,"0.000000                      ",0,"0.000000                      ",0,"0.000000                      ",0,"0.000000                      ",0,"0.000000                      ",0,"0.000000                      ",0,"0.000000                      ",270,"32.926800                     ",260,"31.707300                     ",290,"35.365800                     ",0,"0.000000                      ",0,"0.000000                      ",0,"0.000000                      ",0,"0.000000                      "
"2006","02458","06","6307","0020","04","Elem      ","N","West Bend","Barton Elementary","Grades PreK-12","All Races","Both Genders","400",0,"0.000000                      ",82,"20.500000                     ",67,"16.750000                     ",56,"14.000000                     ",66,"16.500000                     ",65,"16.250000                     ",64,"16.000000                     ",0,"0.000000                      ",0,"0.000000                      ",0,"0.000000                      ",0,"0.000000                      ",0,"0.000000                      ",0,"0.000000                      ",0,"0.000000                      "
"2006","02459","06","6307","0040","04","Elem      ","N","West Bend","Decorah Elementary","Grades PreK-12","All Races","Both Genders","461",66,"14.316700                     ",71,"15.401300                     ",67,"14.533600                     ",61,"13.232100                     ",64,"13.882800                     ",68,"14.750500                     ",64,"13.882800                     ",0,"0.000000                      ",0,"0.000000                      ",0,"0.000000                      ",0,"0.000000                      ",0,"0.000000                      ",0,"0.000000                      ",0,"0.000000                      "
"2006","02460","06","6307","0050","04","High      ","N","West Bend","East High","Grades PreK-12","All Races","Both Genders","1240",0,"0.000000                      ",0,"0.000000                      ",0,"0.000000                      ",0,"0.000000                      ",0,"0.000000                      ",0,"0.000000                      ",0,"0.000000                      ",0,"0.000000                      ",0,"0.000000                      ",0,"0.000000                      ",275,"22.177400                     ",315,"25.403200                     ",358,"28.870900                     ",292,"23.548300                     "
"2006","02461","06","6307","0060","04","Elem      ","N","West Bend","Fair Park Elementary","Grades PreK-12","All Races","Both Genders","499",0,"0.000000                      ",88,"17.635200                     ",87,"17.434800                     ",74,"14.829600                     ",85,"17.034000                     ",83,"16.633200                     ",82,"16.432800                     ",0,"0.000000                      ",0,"0.000000                      ",0,"0.000000                      ",0,"0.000000                      ",0,"0.000000                      ",0,"0.000000                      ",0,"0.000000                      "
"2006","02462","06","6307","0070","04","Elem      ","N","West Bend","Green Tree Elementary","Grades PreK-12","All Races","Both Genders","497",0,"0.000000                      ",76,"15.291700                     ",69,"13.883200                     ",92,"18.511000                     ",86,"17.303800                     ",81,"16.297700                     ",93,"18.712200                     ",0,"0.000000                      ",0,"0.000000                      ",0,"0.000000                      ",0,"0.000000                      ",0,"0.000000                      ",0,"0.000000                      ",0,"0.000000                      "
"2006","01444","06","6307","0080","04","Elem      ","N","West Bend","Jackson Elementary","Grades PreK-12","All Races","Both Genders","518",9,"1.737400                      ",90,"17.374500                     ",80,"15.444000                     ",94,"18.146700                     ",76,"14.671800                     ",98,"18.918900                     ",71,"13.706500                     ",0,"0.000000                      ",0,"0.000000                      ",0,"0.000000                      ",0,"0.000000                      ",0,"0.000000                      ",0,"0.000000                      ",0,"0.000000                      "
"2006","02463","06","6307","0100","04","Elem      ","N","West Bend","McLane Elementary","Grades PreK-12","All Races","Both Genders","588",16,"2.721000                      ",94,"15.986300                     ",99,"16.836700                     ",93,"15.816300                     ",101,"17.176800                     ",91,"15.476100                     ",94,"15.986300                     ",0,"0.000000                      ",0,"0.000000                      ",0,"0.000000                      ",0,"0.000000                      ",0,"0.000000                      ",0,"0.000000                      ",0,"0.000000                      "
"2006","02464","06","6307","0160","04","Mid/Jr Hi ","N","West Bend","Silverbrook Middle","Grades PreK-12","All Races","Both Genders","594",0,"0.000000                      ",0,"0.000000                      ",0,"0.000000                      ",0,"0.000000                      ",0,"0.000000                      ",0,"0.000000                      ",0,"0.000000                      ",190,"31.986500                     ",208,"35.016800                     ",196,"32.996600                     ",0,"0.000000                      ",0,"0.000000                      ",0,"0.000000                      ",0,"0.000000                      "
"2006","02465","06","6307","0180","04","Elem      ","N","West Bend","Silver Maple PK","Grades PreK-12","All Races","Both Genders","3",3,"100.000000                    ",0,"0.000000                      ",0,"0.000000                      ",0,"0.000000                      ",0,"0.000000                      ",0,"0.000000                      ",0,"0.000000                      ",0,"0.000000                      ",0,"0.000000                      ",0,"0.000000                      ",0,"0.000000                      ",0,"0.000000                      ",0,"0.000000                      ",0,"0.000000                      "
"2006","02466","06","6307","0200","04","High      ","N","West Bend","West High","Grades PreK-12","All Races","Both Genders","1178",0,"0.000000                      ",0,"0.000000                      ",0,"0.000000                      ",0,"0.000000                      ",0,"0.000000                      ",0,"0.000000                      ",0,"0.000000                      ",0,"0.000000                      ",0,"0.000000                      ",0,"0.000000                      ",294,"24.957500                     ",292,"24.787700                     ",323,"27.419300                     ",269,"22.835300                     "
"2006","18363","06","6384","","03","Summary   ","N","Weyauwega-Fremont","","Grades PreK-12","All Races","Both Genders","1068",60,"5.617900                      ",56,"5.243400                      ",62,"5.805200                      ",56,"5.243400                      ",57,"5.337000                      ",70,"6.554300                      ",69,"6.460600                      ",63,"5.898800                      ",93,"8.707800                      ",82,"7.677900                      ",87,"8.146000                      ",109,"10.205900                     ",89,"8.333300                      ",115,"10.767700                     "
"2006","17781","06","6384","0040","04","Elem      ","N","Weyauwega-Fremont","Fremont Elementary","Grades PreK-12","All Races","Both Genders","165",60,"36.363600                     ",17,"10.303000                     ",20,"12.121200                     ",16,"9.696900                      ",19,"11.515100                     ",14,"8.484800                      ",19,"11.515100                     ",0,"0.000000                      ",0,"0.000000                      ",0,"0.000000                      ",0,"0.000000                      ",0,"0.000000                      ",0,"0.000000                      ",0,"0.000000                      "
"2006","18357","06","6384","0080","04","Elem      ","N","Weyauwega-Fremont","Weyauwega Elementary","Grades PreK-12","All Races","Both Genders","265",0,"0.000000                      ",39,"14.716900                     ",42,"15.849000                     ",40,"15.094300                     ",38,"14.339600                     ",56,"21.132000                     ",50,"18.867900                     ",0,"0.000000                      ",0,"0.000000                      ",0,"0.000000                      ",0,"0.000000                      ",0,"0.000000                      ",0,"0.000000                      ",0,"0.000000                      "
"2006","18358","06","6384","0100","04","High      ","N","Weyauwega-Fremont","Weyauwega High","Grades PreK-12","All Races","Both Genders","400",0,"0.000000                      ",0,"0.000000                      ",0,"0.000000                      ",0,"0.000000                      ",0,"0.000000                      ",0,"0.000000                      ",0,"0.000000                      ",0,"0.000000                      ",0,"0.000000                      ",0,"0.000000                      ",87,"21.750000                     ",109,"27.250000                     ",89,"22.250000                     ",115,"28.750000                     "
"2006","18359","06","6384","0120","04","Mid/Jr Hi ","N","Weyauwega-Fremont","Weyauwega Middle","Grades PreK-12","All Races","Both Genders","238",0,"0.000000                      ",0,"0.000000                      ",0,"0.000000                      ",0,"0.000000                      ",0,"0.000000                      ",0,"0.000000                      ",0,"0.000000                      ",63,"26.470500                     ",93,"39.075600                     ",82,"34.453700                     ",0,"0.000000                      ",0,"0.000000                      ",0,"0.000000                      ",0,"0.000000                      "
"2006","51953","06","6384","9408","04","High      ","Y","Weyauwega-Fremont","Waupaca County Charter","Grades PreK-12","All Races","Both Genders","2",0,"0.000000                      ",0,"0.000000                      ",0,"0.000000                      ",0,"0.000000                      ",0,"0.000000                      ",0,"0.000000                      ",0,"0.000000                      ",0,"0.000000                      ",0,"0.000000                      ",0,"0.000000                      ",0,"0.000000                      ",2,"100.000000                    ",0,"0.000000                      ",0,"0.000000                      "
"2006","18417","06","6608","","03","Summary   ","N","Winneconne Community","","Grades PreK-12","All Races","Both Genders","1570",23,"1.464900                      ",103,"6.560500                      ",106,"6.751500                      ",107,"6.815200                      ",97,"6.178300                      ",102,"6.496800                      ",110,"7.006300                      ",126,"8.025400                      ",131,"8.343900                      ",120,"7.643300                      ",138,"8.789800                      ",128,"8.152800                      ",144,"9.171900                      ",135,"8.598700                      "
"2006","18412","06","6608","0020","04","Elem      ","N","Winneconne Community","Winchester Elementary","Grades PreK-12","All Races","Both Genders","83",0,"0.000000                      ",21,"25.301200                     ",16,"19.277100                     ",19,"22.891500                     ",15,"18.072200                     ",12,"14.457800                     ",0,"0.000000                      ",0,"0.000000                      ",0,"0.000000                      ",0,"0.000000                      ",0,"0.000000                      ",0,"0.000000                      ",0,"0.000000                      ",0,"0.000000                      "
"2006","18413","06","6608","0040","04","Elem      ","N","Winneconne Community","Winneconne Elementary","Grades PreK-12","All Races","Both Genders","565",23,"4.070700                      ",82,"14.513200                     ",90,"15.929200                     ",88,"15.575200                     ",82,"14.513200                     ",90,"15.929200                     ",110,"19.469000                     ",0,"0.000000                      ",0,"0.000000                      ",0,"0.000000                      ",0,"0.000000                      ",0,"0.000000                      ",0,"0.000000                      ",0,"0.000000                      "
"2006","18414","06","6608","0060","04","High      ","N","Winneconne Community","Winneconne High","Grades PreK-12","All Races","Both Genders","545",0,"0.000000                      ",0,"0.000000                      ",0,"0.000000                      ",0,"0.000000                      ",0,"0.000000                      ",0,"0.000000                      ",0,"0.000000                      ",0,"0.000000                      ",0,"0.000000                      ",0,"0.000000                      ",138,"25.321100                     ",128,"23.486200                     ",144,"26.422000                     ",135,"24.770600                     "
"2006","18415","06","6608","0080","04","Mid/Jr Hi ","N","Winneconne Community","Winneconne Middle","Grades PreK-12","All Races","Both Genders","377",0,"0.000000                      ",0,"0.000000                      ",0,"0.000000                      ",0,"0.000000                      ",0,"0.000000                      ",0,"0.000000                      ",0,"0.000000                      ",126,"33.421700                     ",131,"34.748000                     ",120,"31.830200                     ",0,"0.000000                      ",0,"0.000000                      ",0,"0.000000                      ",0,"0.000000                      "
