"year","agency_key","CESA","district_number","school_number","agency_type","school_type","charter","district_name","school_name","grade_label","race_ethnicity","gender","total_enrollment_prek-12","pre-k_number","pre-k_percent","kinder_number","kinder_percent","grade_1_number","grade_1_percent","grade_2_number","grade_2_percent","grade_3_number","grade_3_percent","grade_4_number","grade_4_percent","grade_5_number","grade_5_percent","grade_6_number","grade_6_percent","grade_7_number","grade_7_percent","grade_8_number","grade_8_percent","grade_9_number","grade_9_percent","grade_10_number","grade_10_percent","grade_11_number","grade_11_percent","grade_12_number","grade_12_percent"
"2005","76415","07","0070","","03","Summary   ","N","Algoma","","Grades PreK-12","All Races","Both Genders","610",38,"6.229500                      ",45,"7.377000                      ",33,"5.409800                      ",23,"3.770400                      ",30,"4.918000                      ",30,"4.918000                      ",35,"5.737700                      ",39,"6.393400                      ",43,"7.049100                      ",45,"7.377000                      ",56,"9.180300                      ",63,"10.327800                     ",60,"9.836000                      ",70,"11.475400                     "
"2005","76412","07","0070","0020","04","Elem      ","N","Algoma","Algoma Elementary/Middle","Grades PreK-12","All Races","Both Genders","361",38,"10.526300                     ",45,"12.465300                     ",33,"9.141200                      ",23,"6.371100                      ",30,"8.310200                      ",30,"8.310200                      ",35,"9.695200                      ",39,"10.803300                     ",43,"11.911300                     ",45,"12.465300                     ",0,"0.000000                      ",0,"0.000000                      ",0,"0.000000                      ",0,"0.000000                      "
"2005","76413","07","0070","0040","04","High      ","N","Algoma","Algoma High","Grades PreK-12","All Races","Both Genders","249",0,"0.000000                      ",0,"0.000000                      ",0,"0.000000                      ",0,"0.000000                      ",0,"0.000000                      ",0,"0.000000                      ",0,"0.000000                      ",0,"0.000000                      ",0,"0.000000                      ",0,"0.000000                      ",56,"22.489900                     ",63,"25.301200                     ",60,"24.096300                     ",70,"28.112400                     "
"2005","80087","07","0070","9204","4C","High      ","Y","Algoma","Northeast WI Online Charter Sch (NEWOCS)","Grades PreK-12","All Races","Both Genders","0",0,"--                            ",0,"--                            ",0,"--                            ",0,"--                            ",0,"--                            ",0,"--                            ",0,"--                            ",0,"--                            ",0,"--                            ",0,"--                            ",0,"--                            ",0,"--                            ",0,"--                            ",0,"--                            "
"2005","76280","07","0182","","03","Summary   ","N","Ashwaubenon","","Grades PreK-12","All Races","Both Genders","3118",30,"0.962100                      ",205,"6.574700                      ",197,"6.318100                      ",197,"6.318100                      ",207,"6.638800                      ",228,"7.312300                      ",195,"6.254000                      ",251,"8.050000                      ",246,"7.889600                      ",262,"8.402800                      ",275,"8.819700                      ",243,"7.793400                      ",308,"9.878100                      ",274,"8.787600                      "
"2005","76298","07","0182","0020","04","High      ","N","Ashwaubenon","Ashwaubenon High","Grades PreK-12","All Races","Both Genders","1100",0,"0.000000                      ",0,"0.000000                      ",0,"0.000000                      ",0,"0.000000                      ",0,"0.000000                      ",0,"0.000000                      ",0,"0.000000                      ",0,"0.000000                      ",0,"0.000000                      ",0,"0.000000                      ",275,"25.000000                     ",243,"22.090900                     ",308,"28.000000                     ",274,"24.909000                     "
"2005","76299","07","0182","0045","04","Mid/Jr Hi ","N","Ashwaubenon","Parkview Middle","Grades PreK-12","All Races","Both Genders","759",0,"0.000000                      ",0,"0.000000                      ",0,"0.000000                      ",0,"0.000000                      ",0,"0.000000                      ",0,"0.000000                      ",0,"0.000000                      ",251,"33.069800                     ",246,"32.411000                     ",262,"34.519100                     ",0,"0.000000                      ",0,"0.000000                      ",0,"0.000000                      ",0,"0.000000                      "
"2005","76316","07","0182","0050","04","Elem      ","N","Ashwaubenon","Pioneer Elementary","Grades PreK-12","All Races","Both Genders","403",0,"0.000000                      ",0,"0.000000                      ",80,"19.851100                     ",72,"17.866000                     ",84,"20.843600                     ",91,"22.580600                     ",76,"18.858500                     ",0,"0.000000                      ",0,"0.000000                      ",0,"0.000000                      ",0,"0.000000                      ",0,"0.000000                      ",0,"0.000000                      ",0,"0.000000                      "
"2005","76300","07","0182","0055","04","Elem      ","N","Ashwaubenon","Cormier School and Early Learning","Grades PreK-12","All Races","Both Genders","235",30,"12.765900                     ",205,"87.234000                     ",0,"0.000000                      ",0,"0.000000                      ",0,"0.000000                      ",0,"0.000000                      ",0,"0.000000                      ",0,"0.000000                      ",0,"0.000000                      ",0,"0.000000                      ",0,"0.000000                      ",0,"0.000000                      ",0,"0.000000                      ",0,"0.000000                      "
"2005","76301","07","0182","0060","04","Elem      ","N","Ashwaubenon","Valley View Elementary","Grades PreK-12","All Races","Both Genders","621",0,"0.000000                      ",0,"0.000000                      ",117,"18.840500                     ",125,"20.128800                     ",123,"19.806700                     ",137,"22.061100                     ",119,"19.162600                     ",0,"0.000000                      ",0,"0.000000                      ",0,"0.000000                      ",0,"0.000000                      ",0,"0.000000                      ",0,"0.000000                      ",0,"0.000000                      "
"2005","80088","07","0182","9204","4C","High      ","Y","Ashwaubenon","Northeast WI Online Charter Sch (NEWOCS)","Grades PreK-12","All Races","Both Genders","0",0,"--                            ",0,"--                            ",0,"--                            ",0,"--                            ",0,"--                            ",0,"--                            ",0,"--                            ",0,"--                            ",0,"--                            ",0,"--                            ",0,"--                            ",0,"--                            ",0,"--                            ",0,"--                            "
"2005","76554","07","0658","","03","Summary   ","N","Brillion","","Grades PreK-12","All Races","Both Genders","847",7,"0.826400                      ",57,"6.729600                      ",58,"6.847600                      ",39,"4.604400                      ",47,"5.548900                      ",51,"6.021200                      ",67,"7.910200                      ",57,"6.729600                      ",68,"8.028300                      ",50,"5.903100                      ",92,"10.861800                     ",75,"8.854700                      ",82,"9.681200                      ",97,"11.452100                     "
"2005","76550","07","0658","0020","04","Elem      ","N","Brillion","Brillion Elementary","Grades PreK-12","All Races","Both Genders","326",7,"2.147200                      ",57,"17.484600                     ",58,"17.791400                     ",39,"11.963100                     ",47,"14.417100                     ",51,"15.644100                     ",67,"20.552100                     ",0,"0.000000                      ",0,"0.000000                      ",0,"0.000000                      ",0,"0.000000                      ",0,"0.000000                      ",0,"0.000000                      ",0,"0.000000                      "
"2005","76551","07","0658","0021","04","Mid/Jr Hi ","N","Brillion","Brillion Middle","Grades PreK-12","All Races","Both Genders","175",0,"0.000000                      ",0,"0.000000                      ",0,"0.000000                      ",0,"0.000000                      ",0,"0.000000                      ",0,"0.000000                      ",0,"0.000000                      ",57,"32.571400                     ",68,"38.857100                     ",50,"28.571400                     ",0,"0.000000                      ",0,"0.000000                      ",0,"0.000000                      ",0,"0.000000                      "
"2005","79327","07","0658","0040","04","High      ","N","Brillion","Brillion High","Grades PreK-12","All Races","Both Genders","346",0,"0.000000                      ",0,"0.000000                      ",0,"0.000000                      ",0,"0.000000                      ",0,"0.000000                      ",0,"0.000000                      ",0,"0.000000                      ",0,"0.000000                      ",0,"0.000000                      ",0,"0.000000                      ",92,"26.589500                     ",75,"21.676300                     ",82,"23.699400                     ",97,"28.034600                     "
"2005","80089","07","0658","9204","4C","High      ","Y","Brillion","Northeast WI Online Charter Sch (NEWOCS)","Grades PreK-12","All Races","Both Genders","0",0,"--                            ",0,"--                            ",0,"--                            ",0,"--                            ",0,"--                            ",0,"--                            ",0,"--                            ",0,"--                            ",0,"--                            ",0,"--                            ",0,"--                            ",0,"--                            ",0,"--                            ",0,"--                            "
"2005","77943","07","1029","","03","Summary   ","N","Cedar Grove-Belgium Area","","Grades PreK-12","All Races","Both Genders","1020",80,"7.843100                      ",78,"7.647000                      ",78,"7.647000                      ",70,"6.862700                      ",69,"6.764700                      ",62,"6.078400                      ",81,"7.941100                      ",71,"6.960700                      ",83,"8.137200                      ",69,"6.764700                      ",60,"5.882300                      ",81,"7.941100                      ",60,"5.882300                      ",78,"7.647000                      "
"2005","77941","07","1029","0020","04","Elem      ","N","Cedar Grove-Belgium Area","Cedar Grove Elementary","Grades PreK-12","All Races","Both Genders","437",80,"18.306600                     ",78,"17.848900                     ",78,"17.848900                     ",70,"16.018300                     ",69,"15.789400                     ",62,"14.187600                     ",0,"0.000000                      ",0,"0.000000                      ",0,"0.000000                      ",0,"0.000000                      ",0,"0.000000                      ",0,"0.000000                      ",0,"0.000000                      ",0,"0.000000                      "
"2005","77942","07","1029","0040","04","High      ","N","Cedar Grove-Belgium Area","Cedar Grove High","Grades PreK-12","All Races","Both Genders","279",0,"0.000000                      ",0,"0.000000                      ",0,"0.000000                      ",0,"0.000000                      ",0,"0.000000                      ",0,"0.000000                      ",0,"0.000000                      ",0,"0.000000                      ",0,"0.000000                      ",0,"0.000000                      ",60,"21.505300                     ",81,"29.032200                     ",60,"21.505300                     ",78,"27.956900                     "
"2005","75139","07","1029","0200","04","Mid/Jr Hi ","N","Cedar Grove-Belgium Area","Cedar Grove Middle","Grades PreK-12","All Races","Both Genders","304",0,"0.000000                      ",0,"0.000000                      ",0,"0.000000                      ",0,"0.000000                      ",0,"0.000000                      ",0,"0.000000                      ",81,"26.644700                     ",71,"23.355200                     ",83,"27.302600                     ",69,"22.697300                     ",0,"0.000000                      ",0,"0.000000                      ",0,"0.000000                      ",0,"0.000000                      "
"2005","80090","07","1029","9204","4C","High      ","Y","Cedar Grove-Belgium Area","Northeast WI Online Charter Sch (NEWOCS)","Grades PreK-12","All Races","Both Genders","0",0,"--                            ",0,"--                            ",0,"--                            ",0,"--                            ",0,"--                            ",0,"--                            ",0,"--                            ",0,"--                            ",0,"--                            ",0,"--                            ",0,"--                            ",0,"--                            ",0,"--                            ",0,"--                            "
"2005","77947","07","1085","","03","Summary   ","N","Chilton","","Grades PreK-12","All Races","Both Genders","1246",79,"6.340200                      ",55,"4.414100                      ",72,"5.778400                      ",68,"5.457400                      ",67,"5.377200                      ",76,"6.099500                      ",71,"5.698200                      ",75,"6.019200                      ",115,"9.229500                      ",109,"8.747900                      ",105,"8.426900                      ",130,"10.433300                     ",110,"8.828200                      ",114,"9.149200                      "
"2005","79631","07","1085","0020","04","Elem      ","N","Chilton","Chilton Elementary","Grades PreK-12","All Races","Both Genders","417",79,"18.944800                     ",55,"13.189400                     ",72,"17.266100                     ",68,"16.306900                     ",67,"16.067100                     ",76,"18.225400                     ",0,"0.000000                      ",0,"0.000000                      ",0,"0.000000                      ",0,"0.000000                      ",0,"0.000000                      ",0,"0.000000                      ",0,"0.000000                      ",0,"0.000000                      "
"2005","77944","07","1085","0030","04","Mid/Jr Hi ","N","Chilton","Chilton Middle","Grades PreK-12","All Races","Both Genders","370",0,"0.000000                      ",0,"0.000000                      ",0,"0.000000                      ",0,"0.000000                      ",0,"0.000000                      ",0,"0.000000                      ",71,"19.189100                     ",75,"20.270200                     ",115,"31.081000                     ",109,"29.459400                     ",0,"0.000000                      ",0,"0.000000                      ",0,"0.000000                      ",0,"0.000000                      "
"2005","77945","07","1085","0040","04","High      ","N","Chilton","Chilton High","Grades PreK-12","All Races","Both Genders","459",0,"0.000000                      ",0,"0.000000                      ",0,"0.000000                      ",0,"0.000000                      ",0,"0.000000                      ",0,"0.000000                      ",0,"0.000000                      ",0,"0.000000                      ",0,"0.000000                      ",0,"0.000000                      ",105,"22.875800                     ",130,"28.322400                     ",110,"23.965100                     ",114,"24.836600                     "
"2005","80091","07","1085","9204","4C","High      ","Y","Chilton","Northeast WI Online Charter Sch (NEWOCS)","Grades PreK-12","All Races","Both Genders","0",0,"--                            ",0,"--                            ",0,"--                            ",0,"--                            ",0,"--                            ",0,"--                            ",0,"--                            ",0,"--                            ",0,"--                            ",0,"--                            ",0,"--                            ",0,"--                            ",0,"--                            ",0,"--                            "
"2005","76392","07","1407","","03","Summary   ","N","Denmark","","Grades PreK-12","All Races","Both Genders","1621",95,"5.860500                      ",95,"5.860500                      ",90,"5.552100                      ",113,"6.971000                      ",95,"5.860500                      ",103,"6.354100                      ",102,"6.292400                      ",130,"8.019700                      ",110,"6.785900                      ",130,"8.019700                      ",141,"8.698300                      ",145,"8.945000                      ",133,"8.204800                      ",139,"8.574900                      "
"2005","79309","07","1407","0040","04","Elem      ","N","Denmark","Denmark Early Childhood Ctr","Grades PreK-12","All Races","Both Genders","190",95,"50.000000                     ",95,"50.000000                     ",0,"0.000000                      ",0,"0.000000                      ",0,"0.000000                      ",0,"0.000000                      ",0,"0.000000                      ",0,"0.000000                      ",0,"0.000000                      ",0,"0.000000                      ",0,"0.000000                      ",0,"0.000000                      ",0,"0.000000                      ",0,"0.000000                      "
"2005","76406","07","1407","0060","04","Elem      ","N","Denmark","Denmark Elementary","Grades PreK-12","All Races","Both Genders","503",0,"0.000000                      ",0,"0.000000                      ",90,"17.892600                     ",113,"22.465200                     ",95,"18.886600                     ",103,"20.477100                     ",102,"20.278300                     ",0,"0.000000                      ",0,"0.000000                      ",0,"0.000000                      ",0,"0.000000                      ",0,"0.000000                      ",0,"0.000000                      ",0,"0.000000                      "
"2005","79306","07","1407","0080","04","High      ","N","Denmark","Denmark High","Grades PreK-12","All Races","Both Genders","547",0,"0.000000                      ",0,"0.000000                      ",0,"0.000000                      ",0,"0.000000                      ",0,"0.000000                      ",0,"0.000000                      ",0,"0.000000                      ",0,"0.000000                      ",0,"0.000000                      ",0,"0.000000                      ",140,"25.594100                     ",141,"25.776900                     ",129,"23.583100                     ",137,"25.045700                     "
"2005","76391","07","1407","0100","04","Mid/Jr Hi ","N","Denmark","Denmark Middle","Grades PreK-12","All Races","Both Genders","370",0,"0.000000                      ",0,"0.000000                      ",0,"0.000000                      ",0,"0.000000                      ",0,"0.000000                      ",0,"0.000000                      ",0,"0.000000                      ",130,"35.135100                     ",110,"29.729700                     ",130,"35.135100                     ",0,"0.000000                      ",0,"0.000000                      ",0,"0.000000                      ",0,"0.000000                      "
"2005","75030","07","1407","0800","04","El/Sec    ","Y","Denmark","Denmark Empowerment Charter School","Grades PreK-12","All Races","Both Genders","11",0,"0.000000                      ",0,"0.000000                      ",0,"0.000000                      ",0,"0.000000                      ",0,"0.000000                      ",0,"0.000000                      ",0,"0.000000                      ",0,"0.000000                      ",0,"0.000000                      ",0,"0.000000                      ",1,"9.090900                      ",4,"36.363600                     ",4,"36.363600                     ",2,"18.181800                     "
"2005","80092","07","1407","9204","4C","High      ","Y","Denmark","Northeast WI Online Charter Sch (NEWOCS)","Grades PreK-12","All Races","Both Genders","1",0,"0.000000                      ",0,"0.000000                      ",0,"0.000000                      ",0,"0.000000                      ",0,"0.000000                      ",0,"0.000000                      ",0,"0.000000                      ",0,"0.000000                      ",0,"0.000000                      ",0,"0.000000                      ",0,"0.000000                      ",0,"0.000000                      ",0,"0.000000                      ",1,"100.000000                    "
"2005","76538","07","1414","","03","Summary   ","N","De Pere","","Grades PreK-12","All Races","Both Genders","3422",18,"0.526000                      ",265,"7.744000                      ",241,"7.042600                      ",226,"6.604300                      ",266,"7.773200                      ",242,"7.071800                      ",240,"7.013400                      ",262,"7.656300                      ",254,"7.422500                      ",295,"8.620600                      ",313,"9.146600                      ",263,"7.685500                      ",284,"8.299200                      ",253,"7.393300                      "
"2005","76547","07","1414","0020","04","High      ","N","De Pere","De Pere High","Grades PreK-12","All Races","Both Genders","1113",0,"0.000000                      ",0,"0.000000                      ",0,"0.000000                      ",0,"0.000000                      ",0,"0.000000                      ",0,"0.000000                      ",0,"0.000000                      ",0,"0.000000                      ",0,"0.000000                      ",0,"0.000000                      ",313,"28.122100                     ",263,"23.629800                     ",284,"25.516600                     ",253,"22.731300                     "
"2005","76548","07","1414","0030","04","Mid/Jr Hi ","N","De Pere","De Pere Middle","Grades PreK-12","All Races","Both Genders","549",0,"0.000000                      ",0,"0.000000                      ",0,"0.000000                      ",0,"0.000000                      ",0,"0.000000                      ",0,"0.000000                      ",0,"0.000000                      ",0,"0.000000                      ",254,"46.265900                     ",295,"53.734000                     ",0,"0.000000                      ",0,"0.000000                      ",0,"0.000000                      ",0,"0.000000                      "
"2005","76532","07","1414","0040","04","Elem      ","N","De Pere","Dickinson Elementary","Grades PreK-12","All Races","Both Genders","550",0,"0.000000                      ",120,"21.818100                     ",101,"18.363600                     ",100,"18.181800                     ",124,"22.545400                     ",105,"19.090900                     ",0,"0.000000                      ",0,"0.000000                      ",0,"0.000000                      ",0,"0.000000                      ",0,"0.000000                      ",0,"0.000000                      ",0,"0.000000                      ",0,"0.000000                      "
"2005","75218","07","1414","0050","04","Elem      ","N","De Pere","Heritage Elementary","Grades PreK-12","All Races","Both Genders","708",18,"2.542300                      ",145,"20.480200                     ",140,"19.774000                     ",126,"17.796600                     ",142,"20.056400                     ",137,"19.350200                     ",0,"0.000000                      ",0,"0.000000                      ",0,"0.000000                      ",0,"0.000000                      ",0,"0.000000                      ",0,"0.000000                      ",0,"0.000000                      ",0,"0.000000                      "
"2005","75012","07","1414","0200","04","Mid/Jr Hi ","N","De Pere","Foxview Intermediate School","Grades PreK-12","All Races","Both Genders","502",0,"0.000000                      ",0,"0.000000                      ",0,"0.000000                      ",0,"0.000000                      ",0,"0.000000                      ",0,"0.000000                      ",240,"47.808700                     ",262,"52.191200                     ",0,"0.000000                      ",0,"0.000000                      ",0,"0.000000                      ",0,"0.000000                      ",0,"0.000000                      ",0,"0.000000                      "
"2005","80093","07","1414","9204","4C","High      ","Y","De Pere","Northeast WI Online Charter Sch (NEWOCS)","Grades PreK-12","All Races","Both Genders","0",0,"--                            ",0,"--                            ",0,"--                            ",0,"--                            ",0,"--                            ",0,"--                            ",0,"--                            ",0,"--                            ",0,"--                            ",0,"--                            ",0,"--                            ",0,"--                            ",0,"--                            ",0,"--                            "
"2005","77924","07","1631","","03","Summary   ","N","Elkhart Lake-Glenbeulah","","Grades PreK-12","All Races","Both Genders","564",28,"4.964500                      ",44,"7.801400                      ",35,"6.205600                      ",40,"7.092100                      ",33,"5.851000                      ",32,"5.673700                      ",34,"6.028300                      ",30,"5.319100                      ",50,"8.865200                      ",49,"8.687900                      ",36,"6.382900                      ",39,"6.914800                      ",58,"10.283600                     ",56,"9.929000                      "
"2005","77939","07","1631","0020","04","Elem      ","N","Elkhart Lake-Glenbeulah","Elkhart Lake Elementary/Middle","Grades PreK-12","All Races","Both Genders","375",28,"7.466600                      ",44,"11.733300                     ",35,"9.333300                      ",40,"10.666600                     ",33,"8.800000                      ",32,"8.533300                      ",34,"9.066600                      ",30,"8.000000                      ",50,"13.333300                     ",49,"13.066600                     ",0,"0.000000                      ",0,"0.000000                      ",0,"0.000000                      ",0,"0.000000                      "
"2005","77940","07","1631","0040","04","High      ","N","Elkhart Lake-Glenbeulah","Elkhart Lake High","Grades PreK-12","All Races","Both Genders","189",0,"0.000000                      ",0,"0.000000                      ",0,"0.000000                      ",0,"0.000000                      ",0,"0.000000                      ",0,"0.000000                      ",0,"0.000000                      ",0,"0.000000                      ",0,"0.000000                      ",0,"0.000000                      ",36,"19.047600                     ",39,"20.634900                     ",58,"30.687800                     ",56,"29.629600                     "
"2005","80094","07","1631","9204","4C","High      ","Y","Elkhart Lake-Glenbeulah","Northeast WI Online Charter Sch (NEWOCS)","Grades PreK-12","All Races","Both Genders","0",0,"--                            ",0,"--                            ",0,"--                            ",0,"--                            ",0,"--                            ",0,"--                            ",0,"--                            ",0,"--                            ",0,"--                            ",0,"--                            ",0,"--                            ",0,"--                            ",0,"--                            ",0,"--                            "
"2005","76395","07","2114","","03","Summary   ","N","Gibraltar Area","","Grades PreK-12","All Races","Both Genders","626",16,"2.555900                      ",43,"6.869000                      ",39,"6.230000                      ",50,"7.987200                      ",40,"6.389700                      ",44,"7.028700                      ",41,"6.549500                      ",46,"7.348200                      ",49,"7.827400                      ",52,"8.306700                      ",45,"7.188400                      ",54,"8.626100                      ",57,"9.105400                      ",50,"7.987200                      "
"2005","76394","07","2114","0100","04","Elem      ","N","Gibraltar Area","Gibraltar Elementary","Grades PreK-12","All Races","Both Genders","273",16,"5.860800                      ",43,"15.750900                     ",39,"14.285700                     ",50,"18.315000                     ",40,"14.652000                     ",44,"16.117200                     ",41,"15.018300                     ",0,"0.000000                      ",0,"0.000000                      ",0,"0.000000                      ",0,"0.000000                      ",0,"0.000000                      ",0,"0.000000                      ",0,"0.000000                      "
"2005","79307","07","2114","0120","04","High      ","N","Gibraltar Area","Gibraltar High","Grades PreK-12","All Races","Both Genders","200",0,"0.000000                      ",0,"0.000000                      ",0,"0.000000                      ",0,"0.000000                      ",0,"0.000000                      ",0,"0.000000                      ",0,"0.000000                      ",0,"0.000000                      ",0,"0.000000                      ",0,"0.000000                      ",44,"22.000000                     ",53,"26.500000                     ",55,"27.500000                     ",48,"24.000000                     "
"2005","75180","07","2114","0200","04","Mid/Jr Hi ","N","Gibraltar Area","Gibraltar Middle","Grades PreK-12","All Races","Both Genders","147",0,"0.000000                      ",0,"0.000000                      ",0,"0.000000                      ",0,"0.000000                      ",0,"0.000000                      ",0,"0.000000                      ",0,"0.000000                      ",46,"31.292500                     ",49,"33.333300                     ",52,"35.374100                     ",0,"0.000000                      ",0,"0.000000                      ",0,"0.000000                      ",0,"0.000000                      "
"2005","80095","07","2114","9204","4C","High      ","Y","Gibraltar Area","Northeast WI Online Charter Sch (NEWOCS)","Grades PreK-12","All Races","Both Genders","6",0,"0.000000                      ",0,"0.000000                      ",0,"0.000000                      ",0,"0.000000                      ",0,"0.000000                      ",0,"0.000000                      ",0,"0.000000                      ",0,"0.000000                      ",0,"0.000000                      ",0,"0.000000                      ",1,"16.666600                     ",1,"16.666600                     ",2,"33.333300                     ",2,"33.333300                     "
"2005","78904","07","2114","9411","4C","High      ","Y","Gibraltar Area","Door County Charter","Grades PreK-12","All Races","Both Genders","5",0,"0.000000                      ",0,"0.000000                      ",0,"0.000000                      ",0,"0.000000                      ",0,"0.000000                      ",0,"0.000000                      ",0,"0.000000                      ",0,"0.000000                      ",0,"0.000000                      ",0,"0.000000                      ",0,"0.000000                      ",2,"40.000000                     ",1,"20.000000                     ",2,"40.000000                     "
"2005","76281","07","2289","","03","Summary   ","N","Green Bay Area","","Grades PreK-12","All Races","Both Genders","20300",481,"2.369400                      ",1508,"7.428500                      ",1449,"7.137900                      ",1461,"7.197000                      ",1431,"7.049200                      ",1442,"7.103400                      ",1435,"7.068900                      ",1470,"7.241300                      ",1497,"7.374300                      ",1605,"7.906400                      ",1616,"7.960500                      ",1651,"8.133000                      ",1563,"7.699500                      ",1691,"8.330000                      "
"2005","76331","07","2289","0020","04","Elem      ","N","Green Bay Area","Aldo Leopold Community Sch K-8","Grades PreK-12","All Races","Both Genders","395",2,"0.506300                      ",48,"12.151800                     ",44,"11.139200                     ",44,"11.139200                     ",35,"8.860700                      ",45,"11.392400                     ",47,"11.898700                     ",44,"11.139200                     ",36,"9.113900                      ",50,"12.658200                     ",0,"0.000000                      ",0,"0.000000                      ",0,"0.000000                      ",0,"0.000000                      "
"2005","76286","07","2289","0030","04","Elem      ","N","Green Bay Area","Baird Elementary","Grades PreK-12","All Races","Both Genders","304",1,"0.328900                      ",49,"16.118400                     ",47,"15.460500                     ",56,"18.421000                     ",53,"17.434200                     ",48,"15.789400                     ",50,"16.447300                     ",0,"0.000000                      ",0,"0.000000                      ",0,"0.000000                      ",0,"0.000000                      ",0,"0.000000                      ",0,"0.000000                      ",0,"0.000000                      "
"2005","75238","07","2289","0040","04","El/Sec    ","N","Green Bay Area","Bay View","Grades PreK-12","All Races","Both Genders","147",0,"0.000000                      ",0,"0.000000                      ",0,"0.000000                      ",0,"0.000000                      ",0,"0.000000                      ",0,"0.000000                      ",0,"0.000000                      ",0,"0.000000                      ",2,"1.360500                      ",12,"8.163200                      ",6,"4.081600                      ",27,"18.367300                     ",34,"23.129200                     ",66,"44.897900                     "
"2005","79285","07","2289","0060","04","Elem      ","N","Green Bay Area","Beaumont Elementary","Grades PreK-12","All Races","Both Genders","295",0,"0.000000                      ",58,"19.661000                     ",48,"16.271100                     ",52,"17.627100                     ",48,"16.271100                     ",53,"17.966100                     ",36,"12.203300                     ",0,"0.000000                      ",0,"0.000000                      ",0,"0.000000                      ",0,"0.000000                      ",0,"0.000000                      ",0,"0.000000                      ",0,"0.000000                      "
"2005","76317","07","2289","0100","04","Elem      ","N","Green Bay Area","Chappell Elementary","Grades PreK-12","All Races","Both Genders","234",9,"3.846100                      ",46,"19.658100                     ",39,"16.666600                     ",36,"15.384600                     ",31,"13.247800                     ",27,"11.538400                     ",46,"19.658100                     ",0,"0.000000                      ",0,"0.000000                      ",0,"0.000000                      ",0,"0.000000                      ",0,"0.000000                      ",0,"0.000000                      ",0,"0.000000                      "
"2005","76325","07","2289","0140","04","Elem      ","N","Green Bay Area","Danz Elementary","Grades PreK-12","All Races","Both Genders","437",1,"0.228800                      ",67,"15.331800                     ",89,"20.366100                     ",66,"15.102900                     ",88,"20.137200                     ",70,"16.018300                     ",56,"12.814600                     ",0,"0.000000                      ",0,"0.000000                      ",0,"0.000000                      ",0,"0.000000                      ",0,"0.000000                      ",0,"0.000000                      ",0,"0.000000                      "
"2005","75103","07","2289","0160","04","Elem      ","N","Green Bay Area","Red Smith K-8","Grades PreK-12","All Races","Both Genders","778",15,"1.928000                      ",65,"8.354700                      ",42,"5.398400                      ",43,"5.526900                      ",61,"7.840600                      ",45,"5.784000                      ",51,"6.555200                      ",165,"21.208200                     ",146,"18.766000                     ",145,"18.637500                     ",0,"0.000000                      ",0,"0.000000                      ",0,"0.000000                      ",0,"0.000000                      "
"2005","76332","07","2289","0175","04","Elem      ","N","Green Bay Area","Doty Elementary","Grades PreK-12","All Races","Both Genders","331",12,"3.625300                      ",62,"18.731100                     ",57,"17.220500                     ",65,"19.637400                     ",50,"15.105700                     ",32,"9.667600                      ",53,"16.012000                     ",0,"0.000000                      ",0,"0.000000                      ",0,"0.000000                      ",0,"0.000000                      ",0,"0.000000                      ",0,"0.000000                      ",0,"0.000000                      "
"2005","76333","07","2289","0180","04","High      ","N","Green Bay Area","East High","Grades PreK-12","All Races","Both Genders","1455",0,"0.000000                      ",0,"0.000000                      ",0,"0.000000                      ",0,"0.000000                      ",0,"0.000000                      ",0,"0.000000                      ",0,"0.000000                      ",0,"0.000000                      ",0,"0.000000                      ",0,"0.000000                      ",377,"25.910600                     ",351,"24.123700                     ",350,"24.054900                     ",377,"25.910600                     "
"2005","76310","07","2289","0190","04","Mid/Jr Hi ","N","Green Bay Area","Edison Middle","Grades PreK-12","All Races","Both Genders","1181",0,"0.000000                      ",0,"0.000000                      ",0,"0.000000                      ",0,"0.000000                      ",0,"0.000000                      ",0,"0.000000                      ",0,"0.000000                      ",362,"30.651900                     ",403,"34.123600                     ",416,"35.224300                     ",0,"0.000000                      ",0,"0.000000                      ",0,"0.000000                      ",0,"0.000000                      "
"2005","79291","07","2289","0200","04","Elem      ","N","Green Bay Area","Eisenhower Elementary","Grades PreK-12","All Races","Both Genders","381",2,"0.524900                      ",75,"19.685000                     ",61,"16.010400                     ",79,"20.734900                     ",49,"12.860800                     ",62,"16.272900                     ",53,"13.910700                     ",0,"0.000000                      ",0,"0.000000                      ",0,"0.000000                      ",0,"0.000000                      ",0,"0.000000                      ",0,"0.000000                      ",0,"0.000000                      "
"2005","79289","07","2289","0220","04","Elem      ","N","Green Bay Area","Elmore Elementary","Grades PreK-12","All Races","Both Genders","245",0,"0.000000                      ",33,"13.469300                     ",42,"17.142800                     ",44,"17.959100                     ",40,"16.326500                     ",45,"18.367300                     ",41,"16.734600                     ",0,"0.000000                      ",0,"0.000000                      ",0,"0.000000                      ",0,"0.000000                      ",0,"0.000000                      ",0,"0.000000                      ",0,"0.000000                      "
"2005","76302","07","2289","0280","04","Elem      ","N","Green Bay Area","Fort Howard Elementary","Grades PreK-12","All Races","Both Genders","271",0,"0.000000                      ",49,"18.081100                     ",40,"14.760100                     ",48,"17.712100                     ",40,"14.760100                     ",47,"17.343100                     ",47,"17.343100                     ",0,"0.000000                      ",0,"0.000000                      ",0,"0.000000                      ",0,"0.000000                      ",0,"0.000000                      ",0,"0.000000                      ",0,"0.000000                      "
"2005","76303","07","2289","0300","04","Mid/Jr Hi ","N","Green Bay Area","Franklin Middle","Grades PreK-12","All Races","Both Genders","847",0,"0.000000                      ",0,"0.000000                      ",0,"0.000000                      ",0,"0.000000                      ",0,"0.000000                      ",0,"0.000000                      ",0,"0.000000                      ",267,"31.523000                     ",281,"33.175900                     ",299,"35.301000                     ",0,"0.000000                      ",0,"0.000000                      ",0,"0.000000                      ",0,"0.000000                      "
"2005","76318","07","2289","0320","04","Elem      ","N","Green Bay Area","Howe Elementary","Grades PreK-12","All Races","Both Genders","457",36,"7.877400                      ",71,"15.536100                     ",64,"14.004300                     ",67,"14.660800                     ",68,"14.879600                     ",85,"18.599500                     ",66,"14.442000                     ",0,"0.000000                      ",0,"0.000000                      ",0,"0.000000                      ",0,"0.000000                      ",0,"0.000000                      ",0,"0.000000                      ",0,"0.000000                      "
"2005","78973","07","2289","0340","04","Elem      ","N","Green Bay Area","Jackson Elementary","Grades PreK-12","All Races","Both Genders","340",43,"12.647000                     ",60,"17.647000                     ",54,"15.882300                     ",43,"12.647000                     ",38,"11.176400                     ",50,"14.705800                     ",52,"15.294100                     ",0,"0.000000                      ",0,"0.000000                      ",0,"0.000000                      ",0,"0.000000                      ",0,"0.000000                      ",0,"0.000000                      ",0,"0.000000                      "
"2005","76304","07","2289","0360","04","Elem      ","N","Green Bay Area","Jefferson Elementary","Grades PreK-12","All Races","Both Genders","157",1,"0.636900                      ",26,"16.560500                     ",24,"15.286600                     ",25,"15.923500                     ",23,"14.649600                     ",25,"15.923500                     ",33,"21.019100                     ",0,"0.000000                      ",0,"0.000000                      ",0,"0.000000                      ",0,"0.000000                      ",0,"0.000000                      ",0,"0.000000                      ",0,"0.000000                      "
"2005","79290","07","2289","0370","04","Elem      ","N","Green Bay Area","Keller Elementary","Grades PreK-12","All Races","Both Genders","424",270,"63.679200                     ",24,"5.660300                      ",31,"7.311300                      ",29,"6.839600                      ",19,"4.481100                      ",28,"6.603700                      ",23,"5.424500                      ",0,"0.000000                      ",0,"0.000000                      ",0,"0.000000                      ",0,"0.000000                      ",0,"0.000000                      ",0,"0.000000                      ",0,"0.000000                      "
"2005","76287","07","2289","0380","04","Elem      ","N","Green Bay Area","Kennedy Elementary","Grades PreK-12","All Races","Both Genders","300",16,"5.333300                      ",48,"16.000000                     ",43,"14.333300                     ",38,"12.666600                     ",55,"18.333300                     ",49,"16.333300                     ",51,"17.000000                     ",0,"0.000000                      ",0,"0.000000                      ",0,"0.000000                      ",0,"0.000000                      ",0,"0.000000                      ",0,"0.000000                      ",0,"0.000000                      "
"2005","76275","07","2289","0390","04","Elem      ","N","Green Bay Area","King Elementary","Grades PreK-12","All Races","Both Genders","419",2,"0.477300                      ",57,"13.603800                     ",67,"15.990400                     ",72,"17.183700                     ",73,"17.422400                     ",66,"15.751700                     ",82,"19.570400                     ",0,"0.000000                      ",0,"0.000000                      ",0,"0.000000                      ",0,"0.000000                      ",0,"0.000000                      ",0,"0.000000                      ",0,"0.000000                      "
"2005","79293","07","2289","0400","04","Elem      ","N","Green Bay Area","Langlade Elementary","Grades PreK-12","All Races","Both Genders","347",6,"1.729100                      ",59,"17.002800                     ",66,"19.020100                     ",42,"12.103700                     ",57,"16.426500                     ",66,"19.020100                     ",51,"14.697400                     ",0,"0.000000                      ",0,"0.000000                      ",0,"0.000000                      ",0,"0.000000                      ",0,"0.000000                      ",0,"0.000000                      ",0,"0.000000                      "
"2005","76305","07","2289","0420","04","Elem      ","N","Green Bay Area","Lincoln Elementary","Grades PreK-12","All Races","Both Genders","244",8,"3.278600                      ",35,"14.344200                     ",38,"15.573700                     ",42,"17.213100                     ",48,"19.672100                     ",39,"15.983600                     ",34,"13.934400                     ",0,"0.000000                      ",0,"0.000000                      ",0,"0.000000                      ",0,"0.000000                      ",0,"0.000000                      ",0,"0.000000                      ",0,"0.000000                      "
"2005","76276","07","2289","0425","04","Mid/Jr Hi ","N","Green Bay Area","Lombardi Middle","Grades PreK-12","All Races","Both Genders","946",0,"0.000000                      ",0,"0.000000                      ",0,"0.000000                      ",0,"0.000000                      ",0,"0.000000                      ",0,"0.000000                      ",0,"0.000000                      ",295,"31.183900                     ",300,"31.712400                     ",351,"37.103500                     ",0,"0.000000                      ",0,"0.000000                      ",0,"0.000000                      ",0,"0.000000                      "
"2005","76288","07","2289","0430","04","Elem      ","N","Green Bay Area","MacArthur Elementary","Grades PreK-12","All Races","Both Genders","311",2,"0.643000                      ",45,"14.469400                     ",41,"13.183200                     ",46,"14.790900                     ",56,"18.006400                     ",57,"18.327900                     ",64,"20.578700                     ",0,"0.000000                      ",0,"0.000000                      ",0,"0.000000                      ",0,"0.000000                      ",0,"0.000000                      ",0,"0.000000                      ",0,"0.000000                      "
"2005","76311","07","2289","0435","04","Elem      ","N","Green Bay Area","Martin Elementary","Grades PreK-12","All Races","Both Genders","394",2,"0.507600                      ",69,"17.512600                     ",63,"15.989800                     ",59,"14.974600                     ",59,"14.974600                     ",65,"16.497400                     ",77,"19.543100                     ",0,"0.000000                      ",0,"0.000000                      ",0,"0.000000                      ",0,"0.000000                      ",0,"0.000000                      ",0,"0.000000                      ",0,"0.000000                      "
"2005","76271","07","2289","0437","04","Elem      ","N","Green Bay Area","McAuliffe Elementary","Grades PreK-12","All Races","Both Genders","554",7,"1.263500                      ",92,"16.606400                     ",92,"16.606400                     ",95,"17.148000                     ",103,"18.592000                     ",81,"14.620900                     ",84,"15.162400                     ",0,"0.000000                      ",0,"0.000000                      ",0,"0.000000                      ",0,"0.000000                      ",0,"0.000000                      ",0,"0.000000                      ",0,"0.000000                      "
"2005","76312","07","2289","0440","04","Elem      ","N","Green Bay Area","Nicolet Elementary","Grades PreK-12","All Races","Both Genders","522",0,"0.000000                      ",86,"16.475000                     ",94,"18.007600                     ",95,"18.199200                     ",76,"14.559300                     ",95,"18.199200                     ",76,"14.559300                     ",0,"0.000000                      ",0,"0.000000                      ",0,"0.000000                      ",0,"0.000000                      ",0,"0.000000                      ",0,"0.000000                      ",0,"0.000000                      "
"2005","76313","07","2289","0540","04","High      ","N","Green Bay Area","Preble High","Grades PreK-12","All Races","Both Genders","2180",0,"0.000000                      ",0,"0.000000                      ",0,"0.000000                      ",0,"0.000000                      ",0,"0.000000                      ",0,"0.000000                      ",0,"0.000000                      ",0,"0.000000                      ",0,"0.000000                      ",0,"0.000000                      ",542,"24.862300                     ",589,"27.018300                     ",527,"24.174300                     ",522,"23.944900                     "
"2005","76314","07","2289","0590","04","Elem      ","N","Green Bay Area","Sullivan Elementary","Grades PreK-12","All Races","Both Genders","499",19,"3.807600                      ",82,"16.432800                     ",81,"16.232400                     ",93,"18.637200                     ",84,"16.833600                     ",78,"15.631200                     ",62,"12.424800                     ",0,"0.000000                      ",0,"0.000000                      ",0,"0.000000                      ",0,"0.000000                      ",0,"0.000000                      ",0,"0.000000                      ",0,"0.000000                      "
"2005","76289","07","2289","0600","04","High      ","N","Green Bay Area","Southwest High","Grades PreK-12","All Races","Both Genders","1443",0,"0.000000                      ",0,"0.000000                      ",0,"0.000000                      ",0,"0.000000                      ",0,"0.000000                      ",0,"0.000000                      ",0,"0.000000                      ",0,"0.000000                      ",0,"0.000000                      ",0,"0.000000                      ",360,"24.948000                     ",370,"25.641000                     ",323,"22.383900                     ",390,"27.027000                     "
"2005","76290","07","2289","0640","04","Elem      ","N","Green Bay Area","Tank Elementary","Grades PreK-12","All Races","Both Genders","178",1,"0.561700                      ",23,"12.921300                     ",30,"16.853900                     ",26,"14.606700                     ",31,"17.415700                     ",31,"17.415700                     ",36,"20.224700                     ",0,"0.000000                      ",0,"0.000000                      ",0,"0.000000                      ",0,"0.000000                      ",0,"0.000000                      ",0,"0.000000                      ",0,"0.000000                      "
"2005","76319","07","2289","0660","04","Mid/Jr Hi ","N","Green Bay Area","Washington Middle","Grades PreK-12","All Races","Both Genders","998",0,"0.000000                      ",0,"0.000000                      ",0,"0.000000                      ",0,"0.000000                      ",0,"0.000000                      ",0,"0.000000                      ",0,"0.000000                      ",337,"33.767500                     ",329,"32.965900                     ",332,"33.266500                     ",0,"0.000000                      ",0,"0.000000                      ",0,"0.000000                      ",0,"0.000000                      "
"2005","76320","07","2289","0680","04","Elem      ","N","Green Bay Area","Webster Elementary","Grades PreK-12","All Races","Both Genders","365",21,"5.753400                      ",73,"20.000000                     ",50,"13.698600                     ",60,"16.438300                     ",47,"12.876700                     ",55,"15.068400                     ",59,"16.164300                     ",0,"0.000000                      ",0,"0.000000                      ",0,"0.000000                      ",0,"0.000000                      ",0,"0.000000                      ",0,"0.000000                      ",0,"0.000000                      "
"2005","79282","07","2289","0700","04","Elem      ","N","Green Bay Area","Wequiock Elementary","Grades PreK-12","All Races","Both Genders","157",2,"1.273800                      ",25,"15.923500                     ",30,"19.108200                     ",18,"11.464900                     ",28,"17.834300                     ",27,"17.197400                     ",27,"17.197400                     ",0,"0.000000                      ",0,"0.000000                      ",0,"0.000000                      ",0,"0.000000                      ",0,"0.000000                      ",0,"0.000000                      ",0,"0.000000                      "
"2005","76306","07","2289","0720","04","High      ","N","Green Bay Area","West High","Grades PreK-12","All Races","Both Genders","1310",0,"0.000000                      ",0,"0.000000                      ",0,"0.000000                      ",0,"0.000000                      ",0,"0.000000                      ",0,"0.000000                      ",0,"0.000000                      ",0,"0.000000                      ",0,"0.000000                      ",0,"0.000000                      ",331,"25.267100                     ",314,"23.969400                     ",329,"25.114500                     ",336,"25.648800                     "
"2005","76272","07","2289","0730","04","Elem      ","N","Green Bay Area","Wilder Elementary","Grades PreK-12","All Races","Both Genders","454",3,"0.660700                      ",81,"17.841400                     ",72,"15.859000                     ",78,"17.180600                     ",71,"15.638700                     ",71,"15.638700                     ",78,"17.180600                     ",0,"0.000000                      ",0,"0.000000                      ",0,"0.000000                      ",0,"0.000000                      ",0,"0.000000                      ",0,"0.000000                      ",0,"0.000000                      "
"2005","80096","07","2289","9204","4C","High      ","Y","Green Bay Area","Northeast WI Online Charter Sch (NEWOCS)","Grades PreK-12","All Races","Both Genders","0",0,"--                            ",0,"--                            ",0,"--                            ",0,"--                            ",0,"--                            ",0,"--                            ",0,"--                            ",0,"--                            ",0,"--                            ",0,"--                            ",0,"--                            ",0,"--                            ",0,"--                            ",0,"--                            "
"2005","76511","07","2534","","03","Summary   ","N","Hilbert","","Grades PreK-12","All Races","Both Genders","472",0,"0.000000                      ",24,"5.084700                      ",28,"5.932200                      ",28,"5.932200                      ",28,"5.932200                      ",19,"4.025400                      ",35,"7.415200                      ",37,"7.838900                      ",45,"9.533800                      ",32,"6.779600                      ",55,"11.652500                     ",41,"8.686400                      ",55,"11.652500                     ",45,"9.533800                      "
"2005","76509","07","2534","0020","04","Elem      ","N","Hilbert","Hilbert Elementary","Grades PreK-12","All Races","Both Genders","199",0,"0.000000                      ",24,"12.060300                     ",28,"14.070300                     ",28,"14.070300                     ",28,"14.070300                     ",19,"9.547700                      ",35,"17.587900                     ",37,"18.592900                     ",0,"0.000000                      ",0,"0.000000                      ",0,"0.000000                      ",0,"0.000000                      ",0,"0.000000                      ",0,"0.000000                      "
"2005","76510","07","2534","0040","04","High      ","N","Hilbert","Hilbert High","Grades PreK-12","All Races","Both Genders","196",0,"0.000000                      ",0,"0.000000                      ",0,"0.000000                      ",0,"0.000000                      ",0,"0.000000                      ",0,"0.000000                      ",0,"0.000000                      ",0,"0.000000                      ",0,"0.000000                      ",0,"0.000000                      ",55,"28.061200                     ",41,"20.918300                     ",55,"28.061200                     ",45,"22.959100                     "
"2005","75177","07","2534","0200","04","Mid/Jr Hi ","N","Hilbert","Hilbert Middle","Grades PreK-12","All Races","Both Genders","77",0,"0.000000                      ",0,"0.000000                      ",0,"0.000000                      ",0,"0.000000                      ",0,"0.000000                      ",0,"0.000000                      ",0,"0.000000                      ",0,"0.000000                      ",45,"58.441500                     ",32,"41.558400                     ",0,"0.000000                      ",0,"0.000000                      ",0,"0.000000                      ",0,"0.000000                      "
"2005","80097","07","2534","9204","4C","High      ","Y","Hilbert","Northeast WI Online Charter Sch (NEWOCS)","Grades PreK-12","All Races","Both Genders","0",0,"--                            ",0,"--                            ",0,"--                            ",0,"--                            ",0,"--                            ",0,"--                            ",0,"--                            ",0,"--                            ",0,"--                            ",0,"--                            ",0,"--                            ",0,"--                            ",0,"--                            ",0,"--                            "
"2005","76266","07","2604","","03","Summary   ","N","Howard-Suamico","","Grades PreK-12","All Races","Both Genders","4886",61,"1.248400                      ",366,"7.490700                      ",368,"7.531700                      ",352,"7.204200                      ",380,"7.777300                      ",333,"6.815300                      ",337,"6.897200                      ",373,"7.634000                      ",380,"7.777300                      ",398,"8.145700                      ",401,"8.207100                      ",441,"9.025700                      ",351,"7.183700                      ",345,"7.060900                      "
"2005","76277","07","2604","0020","04","High      ","N","Howard-Suamico","Bay Port High","Grades PreK-12","All Races","Both Genders","1538",0,"0.000000                      ",0,"0.000000                      ",0,"0.000000                      ",0,"0.000000                      ",0,"0.000000                      ",0,"0.000000                      ",0,"0.000000                      ",0,"0.000000                      ",0,"0.000000                      ",0,"0.000000                      ",401,"26.072800                     ",441,"28.673600                     ",351,"22.821800                     ",345,"22.431700                     "
"2005","76278","07","2604","0030","04","Mid/Jr Hi ","N","Howard-Suamico","Bay View Middle","Grades PreK-12","All Races","Both Genders","778",0,"0.000000                      ",0,"0.000000                      ",0,"0.000000                      ",0,"0.000000                      ",0,"0.000000                      ",0,"0.000000                      ",0,"0.000000                      ",0,"0.000000                      ",380,"48.843100                     ",398,"51.156800                     ",0,"0.000000                      ",0,"0.000000                      ",0,"0.000000                      ",0,"0.000000                      "
"2005","76263","07","2604","0040","04","Elem      ","N","Howard-Suamico","Forest Glen Elementary","Grades PreK-12","All Races","Both Genders","713",30,"4.207500                      ",145,"20.336600                     ",149,"20.897600                     ",128,"17.952300                     ",140,"19.635300                     ",121,"16.970500                     ",0,"0.000000                      ",0,"0.000000                      ",0,"0.000000                      ",0,"0.000000                      ",0,"0.000000                      ",0,"0.000000                      ",0,"0.000000                      ",0,"0.000000                      "
"2005","79281","07","2604","0050","04","Elem      ","N","Howard-Suamico","Meadowbrook Elementary","Grades PreK-12","All Races","Both Genders","396",31,"7.828200                      ",64,"16.161600                     ",68,"17.171700                     ",79,"19.949400                     ",85,"21.464600                     ",69,"17.424200                     ",0,"0.000000                      ",0,"0.000000                      ",0,"0.000000                      ",0,"0.000000                      ",0,"0.000000                      ",0,"0.000000                      ",0,"0.000000                      ",0,"0.000000                      "
"2005","76307","07","2604","0060","04","Elem      ","N","Howard-Suamico","Howard Elementary","Grades PreK-12","All Races","Both Genders","207",0,"0.000000                      ",50,"24.154500                     ",37,"17.874300                     ",41,"19.806700                     ",41,"19.806700                     ",38,"18.357400                     ",0,"0.000000                      ",0,"0.000000                      ",0,"0.000000                      ",0,"0.000000                      ",0,"0.000000                      ",0,"0.000000                      ",0,"0.000000                      ",0,"0.000000                      "
"2005","76264","07","2604","0100","04","Elem      ","N","Howard-Suamico","Suamico Elementary","Grades PreK-12","All Races","Both Genders","544",0,"0.000000                      ",107,"19.669100                     ",114,"20.955800                     ",104,"19.117600                     ",114,"20.955800                     ",105,"19.301400                     ",0,"0.000000                      ",0,"0.000000                      ",0,"0.000000                      ",0,"0.000000                      ",0,"0.000000                      ",0,"0.000000                      ",0,"0.000000                      ",0,"0.000000                      "
"2005","75079","07","2604","0110","04","Elem      ","N","Howard-Suamico","Lineville Intermediate Sch","Grades PreK-12","All Races","Both Genders","710",0,"0.000000                      ",0,"0.000000                      ",0,"0.000000                      ",0,"0.000000                      ",0,"0.000000                      ",0,"0.000000                      ",337,"47.464700                     ",373,"52.535200                     ",0,"0.000000                      ",0,"0.000000                      ",0,"0.000000                      ",0,"0.000000                      ",0,"0.000000                      ",0,"0.000000                      "
"2005","80098","07","2604","9204","4C","High      ","Y","Howard-Suamico","Northeast WI Online Charter Sch (NEWOCS)","Grades PreK-12","All Races","Both Genders","0",0,"--                            ",0,"--                            ",0,"--                            ",0,"--                            ",0,"--                            ",0,"--                            ",0,"--                            ",0,"--                            ",0,"--                            ",0,"--                            ",0,"--                            ",0,"--                            ",0,"--                            ",0,"--                            "
"2005","79588","07","2605","","03","Summary   ","N","Howards Grove","","Grades PreK-12","All Races","Both Genders","977",2,"0.204700                      ",65,"6.653000                      ",56,"5.731800                      ",61,"6.243600                      ",74,"7.574200                      ",72,"7.369400                      ",85,"8.700100                      ",77,"7.881200                      ",69,"7.062400                      ",80,"8.188300                      ",62,"6.345900                      ",90,"9.211800                      ",99,"10.133000                     ",85,"8.700100                      "
"2005","79587","07","2605","0060","04","High      ","N","Howards Grove","Howards Grove High","Grades PreK-12","All Races","Both Genders","336",0,"0.000000                      ",0,"0.000000                      ",0,"0.000000                      ",0,"0.000000                      ",0,"0.000000                      ",0,"0.000000                      ",0,"0.000000                      ",0,"0.000000                      ",0,"0.000000                      ",0,"0.000000                      ",62,"18.452300                     ",90,"26.785700                     ",99,"29.464200                     ",85,"25.297600                     "
"2005","77737","07","2605","0110","04","Elem      ","N","Howards Grove","Northview Elementary","Grades PreK-12","All Races","Both Genders","330",2,"0.606000                      ",65,"19.696900                     ",56,"16.969600                     ",61,"18.484800                     ",74,"22.424200                     ",72,"21.818100                     ",0,"0.000000                      ",0,"0.000000                      ",0,"0.000000                      ",0,"0.000000                      ",0,"0.000000                      ",0,"0.000000                      ",0,"0.000000                      ",0,"0.000000                      "
"2005","77738","07","2605","0125","04","Mid/Jr Hi ","N","Howards Grove","Howards Grove Middle","Grades PreK-12","All Races","Both Genders","311",0,"0.000000                      ",0,"0.000000                      ",0,"0.000000                      ",0,"0.000000                      ",0,"0.000000                      ",0,"0.000000                      ",85,"27.331100                     ",77,"24.758800                     ",69,"22.186400                     ",80,"25.723400                     ",0,"0.000000                      ",0,"0.000000                      ",0,"0.000000                      ",0,"0.000000                      "
"2005","80099","07","2605","9204","4C","High      ","Y","Howards Grove","Northeast WI Online Charter Sch (NEWOCS)","Grades PreK-12","All Races","Both Genders","0",0,"--                            ",0,"--                            ",0,"--                            ",0,"--                            ",0,"--                            ",0,"--                            ",0,"--                            ",0,"--                            ",0,"--                            ",0,"--                            ",0,"--                            ",0,"--                            ",0,"--                            ",0,"--                            "
"2005","79305","07","2814","","03","Summary   ","N","Kewaunee","","Grades PreK-12","All Races","Both Genders","1086",49,"4.511900                      ",61,"5.616900                      ",63,"5.801100                      ",65,"5.985200                      ",64,"5.893100                      ",68,"6.261500                      ",78,"7.182300                      ",82,"7.550600                      ",77,"7.090200                      ",73,"6.721900                      ",103,"9.484300                      ",79,"7.274400                      ",122,"11.233800                     ",102,"9.392200                      "
"2005","76385","07","2814","0100","04","High      ","N","Kewaunee","Kewaunee High","Grades PreK-12","All Races","Both Genders","395",0,"0.000000                      ",0,"0.000000                      ",0,"0.000000                      ",0,"0.000000                      ",0,"0.000000                      ",0,"0.000000                      ",0,"0.000000                      ",0,"0.000000                      ",0,"0.000000                      ",0,"0.000000                      ",103,"26.075900                     ",79,"20.000000                     ",119,"30.126500                     ",94,"23.797400                     "
"2005","76397","07","2814","0160","04","Elem      ","N","Kewaunee","Kewaunee Middle School","Grades PreK-12","All Races","Both Genders","680",49,"7.205800                      ",61,"8.970500                      ",63,"9.264700                      ",65,"9.558800                      ",64,"9.411700                      ",68,"10.000000                     ",78,"11.470500                     ",82,"12.058800                     ",77,"11.323500                     ",73,"10.735200                     ",0,"0.000000                      ",0,"0.000000                      ",0,"0.000000                      ",0,"0.000000                      "
"2005","75046","07","2814","0400","04","High      ","Y","Kewaunee","Lakeshore Alternative School","Grades PreK-12","All Races","Both Genders","11",0,"0.000000                      ",0,"0.000000                      ",0,"0.000000                      ",0,"0.000000                      ",0,"0.000000                      ",0,"0.000000                      ",0,"0.000000                      ",0,"0.000000                      ",0,"0.000000                      ",0,"0.000000                      ",0,"0.000000                      ",0,"0.000000                      ",3,"27.272700                     ",8,"72.727200                     "
"2005","80100","07","2814","9204","4C","High      ","Y","Kewaunee","Northeast WI Online Charter Sch (NEWOCS)","Grades PreK-12","All Races","Both Genders","0",0,"--                            ",0,"--                            ",0,"--                            ",0,"--                            ",0,"--                            ",0,"--                            ",0,"--                            ",0,"--                            ",0,"--                            ",0,"--                            ",0,"--                            ",0,"--                            ",0,"--                            ",0,"--                            "
"2005","77867","07","2828","","03","Summary   ","N","Kiel Area","","Grades PreK-12","All Races","Both Genders","1420",14,"0.985900                      ",80,"5.633800                      ",97,"6.830900                      ",94,"6.619700                      ",91,"6.408400                      ",90,"6.338000                      ",100,"7.042200                      ",103,"7.253500                      ",107,"7.535200                      ",116,"8.169000                      ",122,"8.591500                      ",129,"9.084500                      ",123,"8.661900                      ",154,"10.845000                     "
"2005","77863","07","2828","0040","04","High      ","N","Kiel Area","Kiel High","Grades PreK-12","All Races","Both Genders","528",0,"0.000000                      ",0,"0.000000                      ",0,"0.000000                      ",0,"0.000000                      ",0,"0.000000                      ",0,"0.000000                      ",0,"0.000000                      ",0,"0.000000                      ",0,"0.000000                      ",0,"0.000000                      ",122,"23.106000                     ",129,"24.431800                     ",123,"23.295400                     ",154,"29.166600                     "
"2005","77864","07","2828","0060","04","Mid/Jr Hi ","N","Kiel Area","Kiel Middle","Grades PreK-12","All Races","Both Genders","426",0,"0.000000                      ",0,"0.000000                      ",0,"0.000000                      ",0,"0.000000                      ",0,"0.000000                      ",0,"0.000000                      ",100,"23.474100                     ",103,"24.178400                     ",107,"25.117300                     ",116,"27.230000                     ",0,"0.000000                      ",0,"0.000000                      ",0,"0.000000                      ",0,"0.000000                      "
"2005","77821","07","2828","0080","04","Elem      ","N","Kiel Area","Meeme Elementary","Grades PreK-12","All Races","Both Genders","71",1,"1.408400                      ",10,"14.084500                     ",18,"25.352100                     ",14,"19.718300                     ",12,"16.901400                     ",16,"22.535200                     ",0,"0.000000                      ",0,"0.000000                      ",0,"0.000000                      ",0,"0.000000                      ",0,"0.000000                      ",0,"0.000000                      ",0,"0.000000                      ",0,"0.000000                      "
"2005","77865","07","2828","0100","04","Elem      ","N","Kiel Area","Zielanis Elementary","Grades PreK-12","All Races","Both Genders","395",13,"3.291100                      ",70,"17.721500                     ",79,"20.000000                     ",80,"20.253100                     ",79,"20.000000                     ",74,"18.734100                     ",0,"0.000000                      ",0,"0.000000                      ",0,"0.000000                      ",0,"0.000000                      ",0,"0.000000                      ",0,"0.000000                      ",0,"0.000000                      ",0,"0.000000                      "
"2005","74932","07","2828","0405","04","El/Sec    ","Y","Kiel Area","Kiel eSchool","Grades PreK-12","All Races","Both Genders","2",0,"0.000000                      ",0,"0.000000                      ",0,"0.000000                      ",0,"0.000000                      ",0,"0.000000                      ",0,"0.000000                      ",0,"0.000000                      ",0,"0.000000                      ",0,"0.000000                      ",0,"0.000000                      ",1,"50.000000                     ",0,"0.000000                      ",0,"0.000000                      ",1,"50.000000                     "
"2005","77853","07","2842","","03","Summary   ","N","Kohler","","Grades PreK-12","All Races","Both Genders","547",47,"8.592300                      ",48,"8.775100                      ",35,"6.398500                      ",35,"6.398500                      ",41,"7.495400                      ",44,"8.043800                      ",41,"7.495400                      ",40,"7.312600                      ",42,"7.678200                      ",45,"8.226600                      ",36,"6.581300                      ",32,"5.850000                      ",31,"5.667200                      ",30,"5.484400                      "
"2005","77868","07","2842","0020","04","Elem      ","N","Kohler","Kohler Elementary","Grades PreK-12","All Races","Both Genders","331",47,"14.199300                     ",48,"14.501500                     ",35,"10.574000                     ",35,"10.574000                     ",41,"12.386700                     ",44,"13.293000                     ",41,"12.386700                     ",40,"12.084500                     ",0,"0.000000                      ",0,"0.000000                      ",0,"0.000000                      ",0,"0.000000                      ",0,"0.000000                      ",0,"0.000000                      "
"2005","77852","07","2842","0040","04","High      ","N","Kohler","Kohler High","Grades PreK-12","All Races","Both Genders","216",0,"0.000000                      ",0,"0.000000                      ",0,"0.000000                      ",0,"0.000000                      ",0,"0.000000                      ",0,"0.000000                      ",0,"0.000000                      ",0,"0.000000                      ",42,"19.444400                     ",45,"20.833300                     ",36,"16.666600                     ",32,"14.814800                     ",31,"14.351800                     ",30,"13.888800                     "
"2005","79957","07","2842","9204","04","High      ","Y","Kohler","Northeast WI Online Charter Sch (NEWOCS)","Grades PreK-12","All Races","Both Genders","0",0,"--                            ",0,"--                            ",0,"--                            ",0,"--                            ",0,"--                            ",0,"--                            ",0,"--                            ",0,"--                            ",0,"--                            ",0,"--                            ",0,"--                            ",0,"--                            ",0,"--                            ",0,"--                            "
"2005","76390","07","3220","","03","Summary   ","N","Luxemburg-Casco","","Grades PreK-12","All Races","Both Genders","1932",20,"1.035100                      ",143,"7.401600                      ",130,"6.728700                      ",116,"6.004100                      ",137,"7.091000                      ",134,"6.935800                      ",138,"7.142800                      ",126,"6.521700                      ",154,"7.971000                      ",177,"9.161400                      ",180,"9.316700                      ",148,"7.660400                      ",172,"8.902600                      ",157,"8.126200                      "
"2005","78980","07","3220","0100","04","Elem      ","N","Luxemburg-Casco","Luxemburg-Casco Intermediate","Grades PreK-12","All Races","Both Genders","535",0,"0.000000                      ",0,"0.000000                      ",0,"0.000000                      ",0,"0.000000                      ",137,"25.607400                     ",134,"25.046700                     ",138,"25.794300                     ",126,"23.551400                     ",0,"0.000000                      ",0,"0.000000                      ",0,"0.000000                      ",0,"0.000000                      ",0,"0.000000                      ",0,"0.000000                      "
"2005","75031","07","3220","0110","04","Elem      ","N","Luxemburg-Casco","Luxemburg-Casco Primary","Grades PreK-12","All Races","Both Genders","409",20,"4.889900                      ",143,"34.963300                     ",130,"31.784800                     ",116,"28.361800                     ",0,"0.000000                      ",0,"0.000000                      ",0,"0.000000                      ",0,"0.000000                      ",0,"0.000000                      ",0,"0.000000                      ",0,"0.000000                      ",0,"0.000000                      ",0,"0.000000                      ",0,"0.000000                      "
"2005","76402","07","3220","0120","04","Mid/Jr Hi ","N","Luxemburg-Casco","Luxemburg-Casco Middle","Grades PreK-12","All Races","Both Genders","331",0,"0.000000                      ",0,"0.000000                      ",0,"0.000000                      ",0,"0.000000                      ",0,"0.000000                      ",0,"0.000000                      ",0,"0.000000                      ",0,"0.000000                      ",154,"46.525600                     ",177,"53.474300                     ",0,"0.000000                      ",0,"0.000000                      ",0,"0.000000                      ",0,"0.000000                      "
"2005","76386","07","3220","0140","04","High      ","N","Luxemburg-Casco","Luxemburg-Casco High","Grades PreK-12","All Races","Both Genders","657",0,"0.000000                      ",0,"0.000000                      ",0,"0.000000                      ",0,"0.000000                      ",0,"0.000000                      ",0,"0.000000                      ",0,"0.000000                      ",0,"0.000000                      ",0,"0.000000                      ",0,"0.000000                      ",180,"27.397200                     ",148,"22.526600                     ",172,"26.179600                     ",157,"23.896400                     "
"2005","80101","07","3220","9204","4C","High      ","Y","Luxemburg-Casco","Northeast WI Online Charter Sch (NEWOCS)","Grades PreK-12","All Races","Both Genders","0",0,"--                            ",0,"--                            ",0,"--                            ",0,"--                            ",0,"--                            ",0,"--                            ",0,"--                            ",0,"--                            ",0,"--                            ",0,"--                            ",0,"--                            ",0,"--                            ",0,"--                            ",0,"--                            "
"2005","76359","07","3290","","03","Summary   ","N","Manitowoc","","Grades PreK-12","All Races","Both Genders","5345",74,"1.384400                      ",372,"6.959700                      ",383,"7.165500                      ",350,"6.548100                      ",350,"6.548100                      ",367,"6.866200                      ",363,"6.791300                      ",400,"7.483600                      ",416,"7.782900                      ",420,"7.857800                      ",460,"8.606100                      ",470,"8.793200                      ",473,"8.849300                      ",447,"8.362900                      "
"2005","76375","07","3290","0060","04","Elem      ","N","Manitowoc","Franklin Elementary","Grades PreK-12","All Races","Both Genders","347",0,"0.000000                      ",0,"0.000000                      ",54,"15.561900                     ",55,"15.850100                     ",60,"17.291000                     ",57,"16.426500                     ",61,"17.579200                     ",60,"17.291000                     ",0,"0.000000                      ",0,"0.000000                      ",0,"0.000000                      ",0,"0.000000                      ",0,"0.000000                      ",0,"0.000000                      "
"2005","76376","07","3290","0100","04","Elem      ","N","Manitowoc","Jackson Elementary","Grades PreK-12","All Races","Both Genders","468",0,"0.000000                      ",0,"0.000000                      ",74,"15.811900                     ",74,"15.811900                     ",77,"16.452900                     ",78,"16.666600                     ",72,"15.384600                     ",93,"19.871700                     ",0,"0.000000                      ",0,"0.000000                      ",0,"0.000000                      ",0,"0.000000                      ",0,"0.000000                      ",0,"0.000000                      "
"2005","76377","07","3290","0120","04","Elem      ","N","Manitowoc","Jefferson Elementary","Grades PreK-12","All Races","Both Genders","409",0,"0.000000                      ",0,"0.000000                      ",66,"16.136900                     ",71,"17.359400                     ",68,"16.625900                     ",63,"15.403400                     ",76,"18.581900                     ",65,"15.892400                     ",0,"0.000000                      ",0,"0.000000                      ",0,"0.000000                      ",0,"0.000000                      ",0,"0.000000                      ",0,"0.000000                      "
"2005","76378","07","3290","0140","04","High      ","N","Manitowoc","Lincoln High","Grades PreK-12","All Races","Both Genders","1390",0,"0.000000                      ",0,"0.000000                      ",0,"0.000000                      ",0,"0.000000                      ",0,"0.000000                      ",0,"0.000000                      ",0,"0.000000                      ",0,"0.000000                      ",0,"0.000000                      ",0,"0.000000                      ",0,"0.000000                      ",470,"33.812900                     ",473,"34.028700                     ",447,"32.158200                     "
"2005","79303","07","3290","0160","04","Elem      ","N","Manitowoc","Madison Elementary","Grades PreK-12","All Races","Both Genders","254",0,"0.000000                      ",0,"0.000000                      ",64,"25.196800                     ",37,"14.566900                     ",38,"14.960600                     ",37,"14.566900                     ",39,"15.354300                     ",39,"15.354300                     ",0,"0.000000                      ",0,"0.000000                      ",0,"0.000000                      ",0,"0.000000                      ",0,"0.000000                      ",0,"0.000000                      "
"2005","76379","07","3290","0220","04","Elem      ","N","Manitowoc","Monroe Elementary","Grades PreK-12","All Races","Both Genders","357",0,"0.000000                      ",0,"0.000000                      ",55,"15.406100                     ",54,"15.126000                     ",45,"12.605000                     ",65,"18.207200                     ",63,"17.647000                     ",75,"21.008400                     ",0,"0.000000                      ",0,"0.000000                      ",0,"0.000000                      ",0,"0.000000                      ",0,"0.000000                      ",0,"0.000000                      "
"2005","76380","07","3290","0240","04","Elem      ","N","Manitowoc","Riverview Elementary","Grades PreK-12","All Races","Both Genders","446",74,"16.591900                     ",372,"83.408000                     ",0,"0.000000                      ",0,"0.000000                      ",0,"0.000000                      ",0,"0.000000                      ",0,"0.000000                      ",0,"0.000000                      ",0,"0.000000                      ",0,"0.000000                      ",0,"0.000000                      ",0,"0.000000                      ",0,"0.000000                      ",0,"0.000000                      "
"2005","76381","07","3290","0260","04","Elem      ","N","Manitowoc","Stangel Elementary","Grades PreK-12","All Races","Both Genders","378",0,"0.000000                      ",0,"0.000000                      ",70,"18.518500                     ",59,"15.608400                     ",62,"16.402100                     ",67,"17.724800                     ",52,"13.756600                     ",68,"17.989400                     ",0,"0.000000                      ",0,"0.000000                      ",0,"0.000000                      ",0,"0.000000                      ",0,"0.000000                      ",0,"0.000000                      "
"2005","79304","07","3290","0280","04","Mid/Jr Hi ","N","Manitowoc","Washington Junior High","Grades PreK-12","All Races","Both Genders","649",0,"0.000000                      ",0,"0.000000                      ",0,"0.000000                      ",0,"0.000000                      ",0,"0.000000                      ",0,"0.000000                      ",0,"0.000000                      ",0,"0.000000                      ",211,"32.511500                     ",213,"32.819700                     ",225,"34.668700                     ",0,"0.000000                      ",0,"0.000000                      ",0,"0.000000                      "
"2005","76382","07","3290","0300","04","Mid/Jr Hi ","N","Manitowoc","Wilson Junior High","Grades PreK-12","All Races","Both Genders","647",0,"0.000000                      ",0,"0.000000                      ",0,"0.000000                      ",0,"0.000000                      ",0,"0.000000                      ",0,"0.000000                      ",0,"0.000000                      ",0,"0.000000                      ",205,"31.684600                     ",207,"31.993800                     ",235,"36.321400                     ",0,"0.000000                      ",0,"0.000000                      ",0,"0.000000                      "
"2005","80102","07","3290","9204","4C","High      ","Y","Manitowoc","Northeast WI Online Charter Sch (NEWOCS)","Grades PreK-12","All Races","Both Genders","0",0,"--                            ",0,"--                            ",0,"--                            ",0,"--                            ",0,"--                            ",0,"--                            ",0,"--                            ",0,"--                            ",0,"--                            ",0,"--                            ",0,"--                            ",0,"--                            ",0,"--                            ",0,"--                            "
"2005","76366","07","3661","","03","Summary   ","N","Mishicot","","Grades PreK-12","All Races","Both Genders","1101",54,"4.904600                      ",60,"5.449500                      ",66,"5.994500                      ",63,"5.722000                      ",65,"5.903700                      ",66,"5.994500                      ",71,"6.448600                      ",97,"8.810100                      ",85,"7.720200                      ",95,"8.628500                      ",98,"8.900900                      ",82,"7.447700                      ",101,"9.173400                      ",98,"8.900900                      "
"2005","76362","07","3661","0040","04","High      ","N","Mishicot","Mishicot High","Grades PreK-12","All Races","Both Genders","379",0,"0.000000                      ",0,"0.000000                      ",0,"0.000000                      ",0,"0.000000                      ",0,"0.000000                      ",0,"0.000000                      ",0,"0.000000                      ",0,"0.000000                      ",0,"0.000000                      ",0,"0.000000                      ",98,"25.857500                     ",82,"21.635800                     ",101,"26.649000                     ",98,"25.857500                     "
"2005","76363","07","3661","0060","04","Elem      ","N","Mishicot","Schultz Elementary","Grades PreK-12","All Races","Both Genders","445",54,"12.134800                     ",60,"13.483100                     ",66,"14.831400                     ",63,"14.157300                     ",65,"14.606700                     ",66,"14.831400                     ",71,"15.955000                     ",0,"0.000000                      ",0,"0.000000                      ",0,"0.000000                      ",0,"0.000000                      ",0,"0.000000                      ",0,"0.000000                      ",0,"0.000000                      "
"2005","75222","07","3661","0120","04","Mid/Jr Hi ","N","Mishicot","Mishicot Middle","Grades PreK-12","All Races","Both Genders","277",0,"0.000000                      ",0,"0.000000                      ",0,"0.000000                      ",0,"0.000000                      ",0,"0.000000                      ",0,"0.000000                      ",0,"0.000000                      ",97,"35.018000                     ",85,"30.685900                     ",95,"34.296000                     ",0,"0.000000                      ",0,"0.000000                      ",0,"0.000000                      ",0,"0.000000                      "
"2005","80103","07","3661","9204","4C","High      ","Y","Mishicot","Northeast WI Online Charter Sch (NEWOCS)","Grades PreK-12","All Races","Both Genders","0",0,"--                            ",0,"--                            ",0,"--                            ",0,"--                            ",0,"--                            ",0,"--                            ",0,"--                            ",0,"--                            ",0,"--                            ",0,"--                            ",0,"--                            ",0,"--                            ",0,"--                            ",0,"--                            "
"2005","77820","07","3941","","03","Summary   ","N","New Holstein","","Grades PreK-12","All Races","Both Genders","1188",56,"4.713800                      ",63,"5.303000                      ",69,"5.808000                      ",61,"5.134600                      ",64,"5.387200                      ",60,"5.050500                      ",71,"5.976400                      ",72,"6.060600                      ",87,"7.323200                      ",80,"6.734000                      ",123,"10.353500                     ",129,"10.858500                     ",124,"10.437700                     ",129,"10.858500                     "
"2005","77818","07","3941","0060","04","Elem      ","N","New Holstein","New Holstein Elementary","Grades PreK-12","All Races","Both Genders","373",56,"15.013400                     ",63,"16.890000                     ",69,"18.498600                     ",61,"16.353800                     ",64,"17.158100                     ",60,"16.085700                     ",0,"0.000000                      ",0,"0.000000                      ",0,"0.000000                      ",0,"0.000000                      ",0,"0.000000                      ",0,"0.000000                      ",0,"0.000000                      ",0,"0.000000                      "
"2005","77819","07","3941","0080","04","High      ","N","New Holstein","New Holstein High","Grades PreK-12","All Races","Both Genders","505",0,"0.000000                      ",0,"0.000000                      ",0,"0.000000                      ",0,"0.000000                      ",0,"0.000000                      ",0,"0.000000                      ",0,"0.000000                      ",0,"0.000000                      ",0,"0.000000                      ",0,"0.000000                      ",123,"24.356400                     ",129,"25.544500                     ",124,"24.554400                     ",129,"25.544500                     "
"2005","75149","07","3941","0200","04","Mid/Jr Hi ","N","New Holstein","New Holstein Middle","Grades PreK-12","All Races","Both Genders","310",0,"0.000000                      ",0,"0.000000                      ",0,"0.000000                      ",0,"0.000000                      ",0,"0.000000                      ",0,"0.000000                      ",71,"22.903200                     ",72,"23.225800                     ",87,"28.064500                     ",80,"25.806400                     ",0,"0.000000                      ",0,"0.000000                      ",0,"0.000000                      ",0,"0.000000                      "
"2005","80104","07","3941","9204","4C","High      ","Y","New Holstein","Northeast WI Online Charter Sch (NEWOCS)","Grades PreK-12","All Races","Both Genders","0",0,"--                            ",0,"--                            ",0,"--                            ",0,"--                            ",0,"--                            ",0,"--                            ",0,"--                            ",0,"--                            ",0,"--                            ",0,"--                            ",0,"--                            ",0,"--                            ",0,"--                            ",0,"--                            "
"2005","79601","07","4137","","03","Summary   ","N","Oostburg","","Grades PreK-12","All Races","Both Genders","948",12,"1.265800                      ",72,"7.594900                      ",59,"6.223600                      ",58,"6.118100                      ",82,"8.649700                      ",54,"5.696200                      ",92,"9.704600                      ",71,"7.489400                      ",66,"6.962000                      ",82,"8.649700                      ",79,"8.333300                      ",86,"9.071700                      ",68,"7.172900                      ",67,"7.067500                      "
"2005","77793","07","4137","0040","04","Mid/Jr Hi ","N","Oostburg","Oostburg Middle","Grades PreK-12","All Races","Both Genders","219",0,"0.000000                      ",0,"0.000000                      ",0,"0.000000                      ",0,"0.000000                      ",0,"0.000000                      ",0,"0.000000                      ",0,"0.000000                      ",71,"32.420000                     ",66,"30.136900                     ",82,"37.442900                     ",0,"0.000000                      ",0,"0.000000                      ",0,"0.000000                      ",0,"0.000000                      "
"2005","77794","07","4137","0060","04","Elem      ","N","Oostburg","Oostburg Elementary","Grades PreK-12","All Races","Both Genders","429",12,"2.797200                      ",72,"16.783200                     ",59,"13.752900                     ",58,"13.519800                     ",82,"19.114200                     ",54,"12.587400                     ",92,"21.445200                     ",0,"0.000000                      ",0,"0.000000                      ",0,"0.000000                      ",0,"0.000000                      ",0,"0.000000                      ",0,"0.000000                      ",0,"0.000000                      "
"2005","77795","07","4137","0080","04","High      ","N","Oostburg","Oostburg High","Grades PreK-12","All Races","Both Genders","300",0,"0.000000                      ",0,"0.000000                      ",0,"0.000000                      ",0,"0.000000                      ",0,"0.000000                      ",0,"0.000000                      ",0,"0.000000                      ",0,"0.000000                      ",0,"0.000000                      ",0,"0.000000                      ",79,"26.333300                     ",86,"28.666600                     ",68,"22.666600                     ",67,"22.333300                     "
"2005","80105","07","4137","9204","4C","High      ","Y","Oostburg","Northeast WI Online Charter Sch (NEWOCS)","Grades PreK-12","All Races","Both Genders","0",0,"--                            ",0,"--                            ",0,"--                            ",0,"--                            ",0,"--                            ",0,"--                            ",0,"--                            ",0,"--                            ",0,"--                            ",0,"--                            ",0,"--                            ",0,"--                            ",0,"--                            ",0,"--                            "
"2005","77777","07","4473","","03","Summary   ","N","Plymouth","","Grades PreK-12","All Races","Both Genders","2424",82,"3.382800                      ",151,"6.229300                      ",157,"6.476800                      ",150,"6.188100                      ",150,"6.188100                      ",143,"5.899300                      ",149,"6.146800                      ",185,"7.632000                      ",176,"7.260700                      ",193,"7.962000                      ",234,"9.653400                      ",212,"8.745800                      ",231,"9.529700                      ",211,"8.704600                      "
"2005","77949","07","4473","0020","04","Elem      ","N","Plymouth","Cascade Elementary","Grades PreK-12","All Races","Both Genders","127",0,"0.000000                      ",21,"16.535400                     ",21,"16.535400                     ",23,"18.110200                     ",19,"14.960600                     ",23,"18.110200                     ",20,"15.748000                     ",0,"0.000000                      ",0,"0.000000                      ",0,"0.000000                      ",0,"0.000000                      ",0,"0.000000                      ",0,"0.000000                      ",0,"0.000000                      "
"2005","79599","07","4473","0040","04","Elem      ","N","Plymouth","Fairview Elementary","Grades PreK-12","All Races","Both Genders","240",0,"0.000000                      ",40,"16.666600                     ",43,"17.916600                     ",34,"14.166600                     ",40,"16.666600                     ",35,"14.583300                     ",48,"20.000000                     ",0,"0.000000                      ",0,"0.000000                      ",0,"0.000000                      ",0,"0.000000                      ",0,"0.000000                      ",0,"0.000000                      ",0,"0.000000                      "
"2005","77788","07","4473","0050","04","Elem      ","N","Plymouth","Horizon Elementary","Grades PreK-12","All Races","Both Genders","319",46,"14.420000                     ",44,"13.793100                     ",54,"16.927800                     ",45,"14.106500                     ",44,"13.793100                     ",42,"13.166100                     ",44,"13.793100                     ",0,"0.000000                      ",0,"0.000000                      ",0,"0.000000                      ",0,"0.000000                      ",0,"0.000000                      ",0,"0.000000                      ",0,"0.000000                      "
"2005","77789","07","4473","0060","04","Elem      ","N","Plymouth","Parkview Elementary","Grades PreK-12","All Races","Both Genders","296",36,"12.162100                     ",46,"15.540500                     ",39,"13.175600                     ",48,"16.216200                     ",47,"15.878300                     ",43,"14.527000                     ",37,"12.500000                     ",0,"0.000000                      ",0,"0.000000                      ",0,"0.000000                      ",0,"0.000000                      ",0,"0.000000                      ",0,"0.000000                      ",0,"0.000000                      "
"2005","77774","07","4473","0100","04","High      ","N","Plymouth","Plymouth High","Grades PreK-12","All Races","Both Genders","888",0,"0.000000                      ",0,"0.000000                      ",0,"0.000000                      ",0,"0.000000                      ",0,"0.000000                      ",0,"0.000000                      ",0,"0.000000                      ",0,"0.000000                      ",0,"0.000000                      ",0,"0.000000                      ",234,"26.351300                     ",212,"23.873800                     ",231,"26.013500                     ",211,"23.761200                     "
"2005","77775","07","4473","0120","04","Mid/Jr Hi ","N","Plymouth","Riverview Middle","Grades PreK-12","All Races","Both Genders","554",0,"0.000000                      ",0,"0.000000                      ",0,"0.000000                      ",0,"0.000000                      ",0,"0.000000                      ",0,"0.000000                      ",0,"0.000000                      ",185,"33.393500                     ",176,"31.768900                     ",193,"34.837500                     ",0,"0.000000                      ",0,"0.000000                      ",0,"0.000000                      ",0,"0.000000                      "
"2005","80106","07","4473","9204","4C","High      ","Y","Plymouth","Northeast WI Online Charter Sch (NEWOCS)","Grades PreK-12","All Races","Both Genders","0",0,"--                            ",0,"--                            ",0,"--                            ",0,"--                            ",0,"--                            ",0,"--                            ",0,"--                            ",0,"--                            ",0,"--                            ",0,"--                            ",0,"--                            ",0,"--                            ",0,"--                            ",0,"--                            "
"2005","76447","07","4613","","03","Summary   ","N","Pulaski Community","","Grades PreK-12","All Races","Both Genders","3600",27,"0.750000                      ",242,"6.722200                      ",229,"6.361100                      ",276,"7.666600                      ",257,"7.138800                      ",274,"7.611100                      ",279,"7.750000                      ",319,"8.861100                      ",291,"8.083300                      ",294,"8.166600                      ",280,"7.777700                      ",273,"7.583300                      ",255,"7.083300                      ",304,"8.444400                      "
"2005","76484","07","4613","0020","04","Elem      ","N","Pulaski Community","Fairview Elementary","Grades PreK-12","All Races","Both Genders","119",0,"0.000000                      ",16,"13.445300                     ",16,"13.445300                     ",25,"21.008400                     ",19,"15.966300                     ",25,"21.008400                     ",18,"15.126000                     ",0,"0.000000                      ",0,"0.000000                      ",0,"0.000000                      ",0,"0.000000                      ",0,"0.000000                      ",0,"0.000000                      ",0,"0.000000                      "
"2005","76444","07","4613","0040","04","Elem      ","N","Pulaski Community","Glenbrook Elementary","Grades PreK-12","All Races","Both Genders","502",14,"2.788800                      ",82,"16.334600                     ",68,"13.545800                     ",87,"17.330600                     ",82,"16.334600                     ",74,"14.741000                     ",95,"18.924300                     ",0,"0.000000                      ",0,"0.000000                      ",0,"0.000000                      ",0,"0.000000                      ",0,"0.000000                      ",0,"0.000000                      ",0,"0.000000                      "
"2005","79315","07","4613","0050","04","Elem      ","N","Pulaski Community","Hillcrest Elementary","Grades PreK-12","All Races","Both Genders","188",0,"0.000000                      ",21,"11.170200                     ",21,"11.170200                     ",42,"22.340400                     ",35,"18.617000                     ",31,"16.489300                     ",38,"20.212700                     ",0,"0.000000                      ",0,"0.000000                      ",0,"0.000000                      ",0,"0.000000                      ",0,"0.000000                      ",0,"0.000000                      ",0,"0.000000                      "
"2005","76308","07","4613","0060","04","Elem      ","N","Pulaski Community","Lannoye Elementary","Grades PreK-12","All Races","Both Genders","280",0,"0.000000                      ",46,"16.428500                     ",47,"16.785700                     ",45,"16.071400                     ",50,"17.857100                     ",49,"17.500000                     ",43,"15.357100                     ",0,"0.000000                      ",0,"0.000000                      ",0,"0.000000                      ",0,"0.000000                      ",0,"0.000000                      ",0,"0.000000                      ",0,"0.000000                      "
"2005","76445","07","4613","0100","04","High      ","N","Pulaski Community","Pulaski High","Grades PreK-12","All Races","Both Genders","1112",0,"0.000000                      ",0,"0.000000                      ",0,"0.000000                      ",0,"0.000000                      ",0,"0.000000                      ",0,"0.000000                      ",0,"0.000000                      ",0,"0.000000                      ",0,"0.000000                      ",0,"0.000000                      ",280,"25.179800                     ",273,"24.550300                     ",255,"22.931600                     ",304,"27.338100                     "
"2005","76430","07","4613","0120","04","Elem      ","N","Pulaski Community","Sunnyside Elementary","Grades PreK-12","All Races","Both Genders","495",13,"2.626200                      ",77,"15.555500                     ",77,"15.555500                     ",77,"15.555500                     ",71,"14.343400                     ",95,"19.191900                     ",85,"17.171700                     ",0,"0.000000                      ",0,"0.000000                      ",0,"0.000000                      ",0,"0.000000                      ",0,"0.000000                      ",0,"0.000000                      ",0,"0.000000                      "
"2005","75137","07","4613","0200","04","Mid/Jr Hi ","N","Pulaski Community","Pulaski Community Middle","Grades PreK-12","All Races","Both Genders","904",0,"0.000000                      ",0,"0.000000                      ",0,"0.000000                      ",0,"0.000000                      ",0,"0.000000                      ",0,"0.000000                      ",0,"0.000000                      ",319,"35.287600                     ",291,"32.190200                     ",294,"32.522100                     ",0,"0.000000                      ",0,"0.000000                      ",0,"0.000000                      ",0,"0.000000                      "
"2005","80107","07","4613","9204","4C","High      ","Y","Pulaski Community","Northeast WI Online Charter Sch (NEWOCS)","Grades PreK-12","All Races","Both Genders","0",0,"--                            ",0,"--                            ",0,"--                            ",0,"--                            ",0,"--                            ",0,"--                            ",0,"--                            ",0,"--                            ",0,"--                            ",0,"--                            ",0,"--                            ",0,"--                            ",0,"--                            ",0,"--                            "
"2005","77758","07","4641","","03","Summary   ","N","Random Lake","","Grades PreK-12","All Races","Both Genders","974",12,"1.232000                      ",58,"5.954800                      ",54,"5.544100                      ",48,"4.928100                      ",53,"5.441400                      ",66,"6.776100                      ",76,"7.802800                      ",52,"5.338800                      ",89,"9.137500                      ",102,"10.472200                     ",99,"10.164200                     ",94,"9.650900                      ",79,"8.110800                      ",92,"9.445500                      "
"2005","77769","07","4641","0020","04","Mid/Jr Hi ","N","Random Lake","Random Lake Middle","Grades PreK-12","All Races","Both Genders","243",0,"0.000000                      ",0,"0.000000                      ",0,"0.000000                      ",0,"0.000000                      ",0,"0.000000                      ",0,"0.000000                      ",0,"0.000000                      ",52,"21.399100                     ",89,"36.625500                     ",102,"41.975300                     ",0,"0.000000                      ",0,"0.000000                      ",0,"0.000000                      ",0,"0.000000                      "
"2005","77965","07","4641","0040","04","Elem      ","N","Random Lake","Batavia Elementary","Grades PreK-12","All Races","Both Genders","106",0,"0.000000                      ",19,"17.924500                     ",14,"13.207500                     ",13,"12.264100                     ",14,"13.207500                     ",22,"20.754700                     ",24,"22.641500                     ",0,"0.000000                      ",0,"0.000000                      ",0,"0.000000                      ",0,"0.000000                      ",0,"0.000000                      ",0,"0.000000                      ",0,"0.000000                      "
"2005","77770","07","4641","0060","04","Elem      ","N","Random Lake","Random Lake Elementary","Grades PreK-12","All Races","Both Genders","261",12,"4.597700                      ",39,"14.942500                     ",40,"15.325600                     ",35,"13.409900                     ",39,"14.942500                     ",44,"16.858200                     ",52,"19.923300                     ",0,"0.000000                      ",0,"0.000000                      ",0,"0.000000                      ",0,"0.000000                      ",0,"0.000000                      ",0,"0.000000                      ",0,"0.000000                      "
"2005","77771","07","4641","0080","04","High      ","N","Random Lake","Random Lake High","Grades PreK-12","All Races","Both Genders","364",0,"0.000000                      ",0,"0.000000                      ",0,"0.000000                      ",0,"0.000000                      ",0,"0.000000                      ",0,"0.000000                      ",0,"0.000000                      ",0,"0.000000                      ",0,"0.000000                      ",0,"0.000000                      ",99,"27.197800                     ",94,"25.824100                     ",79,"21.703200                     ",92,"25.274700                     "
"2005","80108","07","4641","9204","4C","High      ","Y","Random Lake","Northeast WI Online Charter Sch (NEWOCS)","Grades PreK-12","All Races","Both Genders","0",0,"--                            ",0,"--                            ",0,"--                            ",0,"--                            ",0,"--                            ",0,"--                            ",0,"--                            ",0,"--                            ",0,"--                            ",0,"--                            ",0,"--                            ",0,"--                            ",0,"--                            ",0,"--                            "
"2005","76353","07","4760","","03","Summary   ","N","Reedsville","","Grades PreK-12","All Races","Both Genders","683",4,"0.585600                      ",39,"5.710100                      ",43,"6.295700                      ",41,"6.002900                      ",39,"5.710100                      ",35,"5.124400                      ",37,"5.417200                      ",54,"7.906200                      ",57,"8.345500                      ",54,"7.906200                      ",76,"11.127300                     ",72,"10.541700                     ",68,"9.956000                      ",64,"9.370400                      "
"2005","76367","07","4760","0020","04","Elem      ","N","Reedsville","Reedsville Elementary","Grades PreK-12","All Races","Both Genders","292",4,"1.369800                      ",39,"13.356100                     ",43,"14.726000                     ",41,"14.041000                     ",39,"13.356100                     ",35,"11.986300                     ",37,"12.671200                     ",54,"18.493100                     ",0,"0.000000                      ",0,"0.000000                      ",0,"0.000000                      ",0,"0.000000                      ",0,"0.000000                      ",0,"0.000000                      "
"2005","76350","07","4760","0040","04","High      ","N","Reedsville","Reedsville High","Grades PreK-12","All Races","Both Genders","280",0,"0.000000                      ",0,"0.000000                      ",0,"0.000000                      ",0,"0.000000                      ",0,"0.000000                      ",0,"0.000000                      ",0,"0.000000                      ",0,"0.000000                      ",0,"0.000000                      ",0,"0.000000                      ",76,"27.142800                     ",72,"25.714200                     ",68,"24.285700                     ",64,"22.857100                     "
"2005","76351","07","4760","0060","04","Mid/Jr Hi ","N","Reedsville","Reedsville Middle","Grades PreK-12","All Races","Both Genders","111",0,"0.000000                      ",0,"0.000000                      ",0,"0.000000                      ",0,"0.000000                      ",0,"0.000000                      ",0,"0.000000                      ",0,"0.000000                      ",0,"0.000000                      ",57,"51.351300                     ",54,"48.648600                     ",0,"0.000000                      ",0,"0.000000                      ",0,"0.000000                      ",0,"0.000000                      "
"2005","80109","07","4760","9204","4C","High      ","Y","Reedsville","Northeast WI Online Charter Sch (NEWOCS)","Grades PreK-12","All Races","Both Genders","2",0,"0.000000                      ",0,"0.000000                      ",0,"0.000000                      ",0,"0.000000                      ",0,"0.000000                      ",0,"0.000000                      ",0,"0.000000                      ",0,"0.000000                      ",0,"0.000000                      ",1,"50.000000                     ",0,"0.000000                      ",0,"0.000000                      ",0,"0.000000                      ",1,"50.000000                     "
"2005","76348","07","5130","","03","Summary   ","N","Sevastopol","","Grades PreK-12","All Races","Both Genders","638",28,"4.388700                      ",36,"5.642600                      ",33,"5.172400                      ",27,"4.231900                      ",36,"5.642600                      ",36,"5.642600                      ",41,"6.426300                      ",46,"7.210000                      ",48,"7.523500                      ",47,"7.366700                      ",61,"9.561100                      ",70,"10.971700                     ",63,"9.874600                      ",66,"10.344800                     "
"2005","79300","07","5130","0010","04","Elem      ","N","Sevastopol","Sevastopol Pre-School","Grades PreK-12","All Races","Both Genders","28",28,"100.000000                    ",0,"0.000000                      ",0,"0.000000                      ",0,"0.000000                      ",0,"0.000000                      ",0,"0.000000                      ",0,"0.000000                      ",0,"0.000000                      ",0,"0.000000                      ",0,"0.000000                      ",0,"0.000000                      ",0,"0.000000                      ",0,"0.000000                      ",0,"0.000000                      "
"2005","76356","07","5130","0020","04","Elem      ","N","Sevastopol","Sevastopol Elementary","Grades PreK-12","All Races","Both Genders","255",0,"0.000000                      ",36,"14.117600                     ",33,"12.941100                     ",27,"10.588200                     ",36,"14.117600                     ",36,"14.117600                     ",41,"16.078400                     ",46,"18.039200                     ",0,"0.000000                      ",0,"0.000000                      ",0,"0.000000                      ",0,"0.000000                      ",0,"0.000000                      ",0,"0.000000                      "
"2005","76357","07","5130","0030","04","Mid/Jr Hi ","N","Sevastopol","Sevastopol Junior High","Grades PreK-12","All Races","Both Genders","95",0,"0.000000                      ",0,"0.000000                      ",0,"0.000000                      ",0,"0.000000                      ",0,"0.000000                      ",0,"0.000000                      ",0,"0.000000                      ",0,"0.000000                      ",48,"50.526300                     ",47,"49.473600                     ",0,"0.000000                      ",0,"0.000000                      ",0,"0.000000                      ",0,"0.000000                      "
"2005","76358","07","5130","0040","04","High      ","N","Sevastopol","Sevastopol High","Grades PreK-12","All Races","Both Genders","260",0,"0.000000                      ",0,"0.000000                      ",0,"0.000000                      ",0,"0.000000                      ",0,"0.000000                      ",0,"0.000000                      ",0,"0.000000                      ",0,"0.000000                      ",0,"0.000000                      ",0,"0.000000                      ",61,"23.461500                     ",70,"26.923000                     ",63,"24.230700                     ",66,"25.384600                     "
"2005","80110","07","5130","9204","4C","High      ","Y","Sevastopol","Northeast WI Online Charter Sch (NEWOCS)","Grades PreK-12","All Races","Both Genders","0",0,"--                            ",0,"--                            ",0,"--                            ",0,"--                            ",0,"--                            ",0,"--                            ",0,"--                            ",0,"--                            ",0,"--                            ",0,"--                            ",0,"--                            ",0,"--                            ",0,"--                            ",0,"--                            "
"2005","78928","07","5130","9411","4C","High      ","Y","Sevastopol","Door County Charter","Grades PreK-12","All Races","Both Genders","0",0,"--                            ",0,"--                            ",0,"--                            ",0,"--                            ",0,"--                            ",0,"--                            ",0,"--                            ",0,"--                            ",0,"--                            ",0,"--                            ",0,"--                            ",0,"--                            ",0,"--                            ",0,"--                            "
"2005","76435","07","5138","","03","Summary   ","N","Seymour Community","","Grades PreK-12","All Races","Both Genders","2435",23,"0.944500                      ",158,"6.488700                      ",158,"6.488700                      ",167,"6.858300                      ",165,"6.776100                      ",148,"6.078000                      ",168,"6.899300                      ",200,"8.213500                      ",212,"8.706300                      ",210,"8.624200                      ",207,"8.501000                      ",223,"9.158100                      ",179,"7.351100                      ",217,"8.911700                      "
"2005","76559","07","5138","0020","04","Elem      ","N","Seymour Community","Black Creek Elementary","Grades PreK-12","All Races","Both Genders","429",0,"0.000000                      ",45,"10.489500                     ",47,"10.955700                     ",44,"10.256400                     ",53,"12.354300                     ",41,"9.557100                      ",47,"10.955700                     ",51,"11.888100                     ",53,"12.354300                     ",48,"11.188800                     ",0,"0.000000                      ",0,"0.000000                      ",0,"0.000000                      ",0,"0.000000                      "
"2005","79314","07","5138","0060","04","Elem      ","N","Seymour Community","Rock Ledge Elementary","Grades PreK-12","All Races","Both Genders","710",23,"3.239400                      ",113,"15.915400                     ",111,"15.633800                     ",123,"17.323900                     ",112,"15.774600                     ",107,"15.070400                     ",121,"17.042200                     ",0,"0.000000                      ",0,"0.000000                      ",0,"0.000000                      ",0,"0.000000                      ",0,"0.000000                      ",0,"0.000000                      ",0,"0.000000                      "
"2005","76432","07","5138","0080","04","Mid/Jr Hi ","N","Seymour Community","Seymour Middle","Grades PreK-12","All Races","Both Genders","470",0,"0.000000                      ",0,"0.000000                      ",0,"0.000000                      ",0,"0.000000                      ",0,"0.000000                      ",0,"0.000000                      ",0,"0.000000                      ",149,"31.702100                     ",159,"33.829700                     ",162,"34.468000                     ",0,"0.000000                      ",0,"0.000000                      ",0,"0.000000                      ",0,"0.000000                      "
"2005","76433","07","5138","0100","04","High      ","N","Seymour Community","Seymour High","Grades PreK-12","All Races","Both Genders","826",0,"0.000000                      ",0,"0.000000                      ",0,"0.000000                      ",0,"0.000000                      ",0,"0.000000                      ",0,"0.000000                      ",0,"0.000000                      ",0,"0.000000                      ",0,"0.000000                      ",0,"0.000000                      ",207,"25.060500                     ",223,"26.997500                     ",179,"21.670700                     ",217,"26.271100                     "
"2005","80111","07","5138","9204","4C","High      ","Y","Seymour Community","Northeast WI Online Charter Sch (NEWOCS)","Grades PreK-12","All Races","Both Genders","0",0,"--                            ",0,"--                            ",0,"--                            ",0,"--                            ",0,"--                            ",0,"--                            ",0,"--                            ",0,"--                            ",0,"--                            ",0,"--                            ",0,"--                            ",0,"--                            ",0,"--                            ",0,"--                            "
"2005","77734","07","5271","","03","Summary   ","N","Sheboygan Area","","Grades PreK-12","All Races","Both Genders","10248",621,"6.059700                      ",710,"6.928100                      ",664,"6.479300                      ",655,"6.391400                      ",665,"6.489000                      ",724,"7.064700                      ",697,"6.801300                      ",705,"6.879300                      ",751,"7.328200                      ",777,"7.581900                      ",838,"8.177200                      ",786,"7.669700                      ",792,"7.728300                      ",863,"8.421100                      "
"2005","77933","07","5271","0020","04","Elem      ","N","Sheboygan Area","Cleveland Elementary","Grades PreK-12","All Races","Both Genders","127",0,"0.000000                      ",25,"19.685000                     ",19,"14.960600                     ",20,"15.748000                     ",18,"14.173200                     ",21,"16.535400                     ",24,"18.897600                     ",0,"0.000000                      ",0,"0.000000                      ",0,"0.000000                      ",0,"0.000000                      ",0,"0.000000                      ",0,"0.000000                      ",0,"0.000000                      "
"2005","77763","07","5271","0040","04","Elem      ","N","Sheboygan Area","Cooper Elementary","Grades PreK-12","All Races","Both Genders","276",0,"0.000000                      ",60,"21.739100                     ",42,"15.217300                     ",40,"14.492700                     ",40,"14.492700                     ",46,"16.666600                     ",48,"17.391300                     ",0,"0.000000                      ",0,"0.000000                      ",0,"0.000000                      ",0,"0.000000                      ",0,"0.000000                      ",0,"0.000000                      ",0,"0.000000                      "
"2005","77764","07","5271","0060","04","Mid/Jr Hi ","N","Sheboygan Area","Farnsworth Middle","Grades PreK-12","All Races","Both Genders","739",0,"0.000000                      ",0,"0.000000                      ",0,"0.000000                      ",0,"0.000000                      ",0,"0.000000                      ",0,"0.000000                      ",0,"0.000000                      ",238,"32.205600                     ",235,"31.799700                     ",266,"35.994500                     ",0,"0.000000                      ",0,"0.000000                      ",0,"0.000000                      ",0,"0.000000                      "
"2005","79594","07","5271","0093","04","Elem      ","N","Sheboygan Area","Early Learning Center","Grades PreK-12","All Races","Both Genders","606",606,"100.000000                    ",0,"0.000000                      ",0,"0.000000                      ",0,"0.000000                      ",0,"0.000000                      ",0,"0.000000                      ",0,"0.000000                      ",0,"0.000000                      ",0,"0.000000                      ",0,"0.000000                      ",0,"0.000000                      ",0,"0.000000                      ",0,"0.000000                      ",0,"0.000000                      "
"2005","77765","07","5271","0100","04","Elem      ","N","Sheboygan Area","Grant Elementary","Grades PreK-12","All Races","Both Genders","397",0,"0.000000                      ",57,"14.357600                     ",68,"17.128400                     ",63,"15.869000                     ",67,"16.876500                     ",75,"18.891600                     ",67,"16.876500                     ",0,"0.000000                      ",0,"0.000000                      ",0,"0.000000                      ",0,"0.000000                      ",0,"0.000000                      ",0,"0.000000                      ",0,"0.000000                      "
"2005","77750","07","5271","0110","04","Mid/Jr Hi ","N","Sheboygan Area","Horace Mann Middle","Grades PreK-12","All Races","Both Genders","704",0,"0.000000                      ",0,"0.000000                      ",0,"0.000000                      ",0,"0.000000                      ",0,"0.000000                      ",0,"0.000000                      ",0,"0.000000                      ",223,"31.676100                     ",238,"33.806800                     ",243,"34.517000                     ",0,"0.000000                      ",0,"0.000000                      ",0,"0.000000                      ",0,"0.000000                      "
"2005","77751","07","5271","0120","04","Elem      ","N","Sheboygan Area","Jackson Elementary","Grades PreK-12","All Races","Both Genders","349",0,"0.000000                      ",67,"19.197700                     ",55,"15.759300                     ",59,"16.905400                     ",51,"14.613100                     ",62,"17.765000                     ",55,"15.759300                     ",0,"0.000000                      ",0,"0.000000                      ",0,"0.000000                      ",0,"0.000000                      ",0,"0.000000                      ",0,"0.000000                      ",0,"0.000000                      "
"2005","77752","07","5271","0140","04","Elem      ","N","Sheboygan Area","Jefferson Elementary","Grades PreK-12","All Races","Both Genders","250",0,"0.000000                      ",44,"17.600000                     ",39,"15.600000                     ",42,"16.800000                     ",39,"15.600000                     ",53,"21.200000                     ",33,"13.200000                     ",0,"0.000000                      ",0,"0.000000                      ",0,"0.000000                      ",0,"0.000000                      ",0,"0.000000                      ",0,"0.000000                      ",0,"0.000000                      "
"2005","79591","07","5271","0180","04","Elem      ","N","Sheboygan Area","Lincoln-Erdman Elementary","Grades PreK-12","All Races","Both Genders","319",0,"0.000000                      ",49,"15.360500                     ",54,"16.927800                     ",49,"15.360500                     ",52,"16.300900                     ",55,"17.241300                     ",60,"18.808700                     ",0,"0.000000                      ",0,"0.000000                      ",0,"0.000000                      ",0,"0.000000                      ",0,"0.000000                      ",0,"0.000000                      ",0,"0.000000                      "
"2005","77753","07","5271","0200","04","Elem      ","N","Sheboygan Area","Longfellow Elementary","Grades PreK-12","All Races","Both Genders","423",0,"0.000000                      ",63,"14.893600                     ",66,"15.602800                     ",80,"18.912500                     ",74,"17.494000                     ",78,"18.439700                     ",62,"14.657200                     ",0,"0.000000                      ",0,"0.000000                      ",0,"0.000000                      ",0,"0.000000                      ",0,"0.000000                      ",0,"0.000000                      ",0,"0.000000                      "
"2005","77754","07","5271","0240","04","Elem      ","N","Sheboygan Area","James Madison Elementary","Grades PreK-12","All Races","Both Genders","324",1,"0.308600                      ",45,"13.888800                     ",57,"17.592500                     ",52,"16.049300                     ",58,"17.901200                     ",61,"18.827100                     ",50,"15.432000                     ",0,"0.000000                      ",0,"0.000000                      ",0,"0.000000                      ",0,"0.000000                      ",0,"0.000000                      ",0,"0.000000                      ",0,"0.000000                      "
"2005","77739","07","5271","0280","04","High      ","N","Sheboygan Area","North High","Grades PreK-12","All Races","Both Genders","1747",0,"0.000000                      ",0,"0.000000                      ",0,"0.000000                      ",0,"0.000000                      ",0,"0.000000                      ",0,"0.000000                      ",0,"0.000000                      ",0,"0.000000                      ",0,"0.000000                      ",0,"0.000000                      ",425,"24.327400                     ",438,"25.071500                     ",421,"24.098400                     ",463,"26.502500                     "
"2005","77755","07","5271","0300","04","Elem      ","N","Sheboygan Area","Pigeon River Elementary","Grades PreK-12","All Races","Both Genders","470",14,"2.978700                      ",82,"17.446800                     ",73,"15.531900                     ",68,"14.468000                     ",82,"17.446800                     ",75,"15.957400                     ",76,"16.170200                     ",0,"0.000000                      ",0,"0.000000                      ",0,"0.000000                      ",0,"0.000000                      ",0,"0.000000                      ",0,"0.000000                      ",0,"0.000000                      "
"2005","77756","07","5271","0320","04","Elem      ","N","Sheboygan Area","Sheridan Elementary","Grades PreK-12","All Races","Both Genders","239",0,"0.000000                      ",52,"21.757300                     ",33,"13.807500                     ",41,"17.154800                     ",27,"11.297000                     ",41,"17.154800                     ",45,"18.828400                     ",0,"0.000000                      ",0,"0.000000                      ",0,"0.000000                      ",0,"0.000000                      ",0,"0.000000                      ",0,"0.000000                      ",0,"0.000000                      "
"2005","79592","07","5271","0340","04","High      ","N","Sheboygan Area","South High","Grades PreK-12","All Races","Both Genders","1532",0,"0.000000                      ",0,"0.000000                      ",0,"0.000000                      ",0,"0.000000                      ",0,"0.000000                      ",0,"0.000000                      ",0,"0.000000                      ",0,"0.000000                      ",0,"0.000000                      ",0,"0.000000                      ",413,"26.958200                     ",348,"22.715400                     ",371,"24.216700                     ",400,"26.109600                     "
"2005","77757","07","5271","0360","04","Mid/Jr Hi ","N","Sheboygan Area","Urban Middle","Grades PreK-12","All Races","Both Genders","790",0,"0.000000                      ",0,"0.000000                      ",0,"0.000000                      ",0,"0.000000                      ",0,"0.000000                      ",0,"0.000000                      ",0,"0.000000                      ",244,"30.886000                     ",278,"35.189800                     ",268,"33.924000                     ",0,"0.000000                      ",0,"0.000000                      ",0,"0.000000                      ",0,"0.000000                      "
"2005","77741","07","5271","0380","04","Elem      ","N","Sheboygan Area","Washington Elementary","Grades PreK-12","All Races","Both Genders","434",0,"0.000000                      ",73,"16.820200                     ",70,"16.129000                     ",65,"14.976900                     ",64,"14.746500                     ",79,"18.202700                     ",83,"19.124400                     ",0,"0.000000                      ",0,"0.000000                      ",0,"0.000000                      ",0,"0.000000                      ",0,"0.000000                      ",0,"0.000000                      ",0,"0.000000                      "
"2005","77742","07","5271","0400","04","Elem      ","N","Sheboygan Area","Wilson Elementary","Grades PreK-12","All Races","Both Genders","522",0,"0.000000                      ",93,"17.816000                     ",88,"16.858200                     ",76,"14.559300                     ",93,"17.816000                     ",78,"14.942500                     ",94,"18.007600                     ",0,"0.000000                      ",0,"0.000000                      ",0,"0.000000                      ",0,"0.000000                      ",0,"0.000000                      ",0,"0.000000                      ",0,"0.000000                      "
"2005","80112","07","5271","9204","4C","High      ","Y","Sheboygan Area","Northeast WI Online Charter Sch (NEWOCS)","Grades PreK-12","All Races","Both Genders","0",0,"--                            ",0,"--                            ",0,"--                            ",0,"--                            ",0,"--                            ",0,"--                            ",0,"--                            ",0,"--                            ",0,"--                            ",0,"--                            ",0,"--                            ",0,"--                            ",0,"--                            ",0,"--                            "
"2005","77731","07","5278","","03","Summary   ","N","Sheboygan Falls","","Grades PreK-12","All Races","Both Genders","1692",15,"0.886500                      ",114,"6.737500                      ",109,"6.442000                      ",91,"5.378200                      ",137,"8.096900                      ",103,"6.087400                      ",106,"6.264700                      ",117,"6.914800                      ",130,"7.683200                      ",141,"8.333300                      ",170,"10.047200                     ",154,"9.101600                      ",155,"9.160700                      ",150,"8.865200                      "
"2005","77726","07","5278","0020","04","Elem      ","N","Sheboygan Falls","Sheboygan Falls Elementary","Grades PreK-12","All Races","Both Genders","569",15,"2.636200                      ",114,"20.035100                     ",109,"19.156400                     ",91,"15.992900                     ",137,"24.077300                     ",103,"18.101900                     ",0,"0.000000                      ",0,"0.000000                      ",0,"0.000000                      ",0,"0.000000                      ",0,"0.000000                      ",0,"0.000000                      ",0,"0.000000                      ",0,"0.000000                      "
"2005","77727","07","5278","0040","04","High      ","N","Sheboygan Falls","Sheboygan Falls High","Grades PreK-12","All Races","Both Genders","629",0,"0.000000                      ",0,"0.000000                      ",0,"0.000000                      ",0,"0.000000                      ",0,"0.000000                      ",0,"0.000000                      ",0,"0.000000                      ",0,"0.000000                      ",0,"0.000000                      ",0,"0.000000                      ",170,"27.027000                     ",154,"24.483300                     ",155,"24.642200                     ",150,"23.847300                     "
"2005","77728","07","5278","0060","04","Mid/Jr Hi ","N","Sheboygan Falls","Sheboygan Falls Middle","Grades PreK-12","All Races","Both Genders","494",0,"0.000000                      ",0,"0.000000                      ",0,"0.000000                      ",0,"0.000000                      ",0,"0.000000                      ",0,"0.000000                      ",106,"21.457400                     ",117,"23.684200                     ",130,"26.315700                     ",141,"28.542500                     ",0,"0.000000                      ",0,"0.000000                      ",0,"0.000000                      ",0,"0.000000                      "
"2005","80113","07","5278","9204","4C","High      ","Y","Sheboygan Falls","Northeast WI Online Charter Sch (NEWOCS)","Grades PreK-12","All Races","Both Genders","0",0,"--                            ",0,"--                            ",0,"--                            ",0,"--                            ",0,"--                            ",0,"--                            ",0,"--                            ",0,"--                            ",0,"--                            ",0,"--                            ",0,"--                            ",0,"--                            ",0,"--                            ",0,"--                            "
"2005","76401","07","5457","","03","Summary   ","N","Southern Door County","","Grades PreK-12","All Races","Both Genders","1299",83,"6.389500                      ",60,"4.618900                      ",85,"6.543400                      ",88,"6.774400                      ",87,"6.697400                      ",88,"6.774400                      ",78,"6.004600                      ",111,"8.545000                      ",88,"6.774400                      ",127,"9.776700                      ",108,"8.314000                      ",84,"6.466500                      ",100,"7.698200                      ",112,"8.622000                      "
"2005","76399","07","5457","0020","04","Elem      ","N","Southern Door County","Southern Door Elementary","Grades PreK-12","All Races","Both Genders","569",83,"14.586900                     ",60,"10.544800                     ",85,"14.938400                     ",88,"15.465700                     ",87,"15.289900                     ",88,"15.465700                     ",78,"13.708200                     ",0,"0.000000                      ",0,"0.000000                      ",0,"0.000000                      ",0,"0.000000                      ",0,"0.000000                      ",0,"0.000000                      ",0,"0.000000                      "
"2005","79308","07","5457","0040","04","Mid/Jr Hi ","N","Southern Door County","Southern Door Middle","Grades PreK-12","All Races","Both Genders","326",0,"0.000000                      ",0,"0.000000                      ",0,"0.000000                      ",0,"0.000000                      ",0,"0.000000                      ",0,"0.000000                      ",0,"0.000000                      ",111,"34.049000                     ",88,"26.993800                     ",127,"38.957000                     ",0,"0.000000                      ",0,"0.000000                      ",0,"0.000000                      ",0,"0.000000                      "
"2005","76400","07","5457","0220","04","High      ","N","Southern Door County","Southern Door High","Grades PreK-12","All Races","Both Genders","404",0,"0.000000                      ",0,"0.000000                      ",0,"0.000000                      ",0,"0.000000                      ",0,"0.000000                      ",0,"0.000000                      ",0,"0.000000                      ",0,"0.000000                      ",0,"0.000000                      ",0,"0.000000                      ",108,"26.732600                     ",84,"20.792000                     ",100,"24.752400                     ",112,"27.722700                     "
"2005","80114","07","5457","9204","4C","High      ","Y","Southern Door County","Northeast WI Online Charter Sch (NEWOCS)","Grades PreK-12","All Races","Both Genders","0",0,"--                            ",0,"--                            ",0,"--                            ",0,"--                            ",0,"--                            ",0,"--                            ",0,"--                            ",0,"--                            ",0,"--                            ",0,"--                            ",0,"--                            ",0,"--                            ",0,"--                            ",0,"--                            "
"2005","78931","07","5457","9411","4C","High      ","Y","Southern Door County","Door County Charter","Grades PreK-12","All Races","Both Genders","0",0,"--                            ",0,"--                            ",0,"--                            ",0,"--                            ",0,"--                            ",0,"--                            ",0,"--                            ",0,"--                            ",0,"--                            ",0,"--                            ",0,"--                            ",0,"--                            ",0,"--                            ",0,"--                            "
"2005","77722","07","5614","","03","Summary   ","N","Stockbridge","","Grades PreK-12","All Races","Both Genders","288",20,"6.944400                      ",19,"6.597200                      ",15,"5.208300                      ",12,"4.166600                      ",17,"5.902700                      ",24,"8.333300                      ",16,"5.555500                      ",24,"8.333300                      ",31,"10.763800                     ",22,"7.638800                      ",21,"7.291600                      ",21,"7.291600                      ",23,"7.986100                      ",23,"7.986100                      "
"2005","77720","07","5614","0020","04","Elem      ","N","Stockbridge","Stockbridge Elementary","Grades PreK-12","All Races","Both Genders","123",20,"16.260100                     ",19,"15.447100                     ",15,"12.195100                     ",12,"9.756000                      ",17,"13.821100                     ",24,"19.512100                     ",16,"13.008100                     ",0,"0.000000                      ",0,"0.000000                      ",0,"0.000000                      ",0,"0.000000                      ",0,"0.000000                      ",0,"0.000000                      ",0,"0.000000                      "
"2005","77721","07","5614","0040","04","High      ","N","Stockbridge","Stockbridge High","Grades PreK-12","All Races","Both Genders","88",0,"0.000000                      ",0,"0.000000                      ",0,"0.000000                      ",0,"0.000000                      ",0,"0.000000                      ",0,"0.000000                      ",0,"0.000000                      ",0,"0.000000                      ",0,"0.000000                      ",0,"0.000000                      ",21,"23.863600                     ",21,"23.863600                     ",23,"26.136300                     ",23,"26.136300                     "
"2005","74986","07","5614","0200","04","Mid/Jr Hi ","N","Stockbridge","Stockbridge Middle","Grades PreK-12","All Races","Both Genders","77",0,"0.000000                      ",0,"0.000000                      ",0,"0.000000                      ",0,"0.000000                      ",0,"0.000000                      ",0,"0.000000                      ",0,"0.000000                      ",24,"31.168800                     ",31,"40.259700                     ",22,"28.571400                     ",0,"0.000000                      ",0,"0.000000                      ",0,"0.000000                      ",0,"0.000000                      "
"2005","80115","07","5614","9204","4C","High      ","Y","Stockbridge","Northeast WI Online Charter Sch (NEWOCS)","Grades PreK-12","All Races","Both Genders","0",0,"--                            ",0,"--                            ",0,"--                            ",0,"--                            ",0,"--                            ",0,"--                            ",0,"--                            ",0,"--                            ",0,"--                            ",0,"--                            ",0,"--                            ",0,"--                            ",0,"--                            ",0,"--                            "
"2005","76349","07","5642","","03","Summary   ","N","Sturgeon Bay","","Grades PreK-12","All Races","Both Genders","1330",96,"7.218000                      ",75,"5.639000                      ",72,"5.413500                      ",53,"3.984900                      ",60,"4.511200                      ",72,"5.413500                      ",70,"5.263100                      ",85,"6.390900                      ",90,"6.766900                      ",123,"9.248100                      ",118,"8.872100                      ",119,"8.947300                      ",143,"10.751800                     ",154,"11.578900                     "
"2005","76342","07","5642","0010","04","High      ","N","Sturgeon Bay","Sturgeon Bay High","Grades PreK-12","All Races","Both Genders","525",0,"0.000000                      ",0,"0.000000                      ",0,"0.000000                      ",0,"0.000000                      ",0,"0.000000                      ",0,"0.000000                      ",0,"0.000000                      ",0,"0.000000                      ",0,"0.000000                      ",0,"0.000000                      ",116,"22.095200                     ",119,"22.666600                     ",142,"27.047600                     ",148,"28.190400                     "
"2005","76343","07","5642","0050","04","Elem      ","N","Sturgeon Bay","Sunrise Elementary","Grades PreK-12","All Races","Both Genders","202",0,"0.000000                      ",0,"0.000000                      ",0,"0.000000                      ",0,"0.000000                      ",60,"29.702900                     ",72,"35.643500                     ",70,"34.653400                     ",0,"0.000000                      ",0,"0.000000                      ",0,"0.000000                      ",0,"0.000000                      ",0,"0.000000                      ",0,"0.000000                      ",0,"0.000000                      "
"2005","79298","07","5642","0070","04","Elem      ","N","Sturgeon Bay","Sunset Elementary","Grades PreK-12","All Races","Both Genders","96",96,"100.000000                    ",0,"0.000000                      ",0,"0.000000                      ",0,"0.000000                      ",0,"0.000000                      ",0,"0.000000                      ",0,"0.000000                      ",0,"0.000000                      ",0,"0.000000                      ",0,"0.000000                      ",0,"0.000000                      ",0,"0.000000                      ",0,"0.000000                      ",0,"0.000000                      "
"2005","76344","07","5642","0080","04","Mid/Jr Hi ","N","Sturgeon Bay","Walker Middle","Grades PreK-12","All Races","Both Genders","298",0,"0.000000                      ",0,"0.000000                      ",0,"0.000000                      ",0,"0.000000                      ",0,"0.000000                      ",0,"0.000000                      ",0,"0.000000                      ",85,"28.523400                     ",90,"30.201300                     ",123,"41.275100                     ",0,"0.000000                      ",0,"0.000000                      ",0,"0.000000                      ",0,"0.000000                      "
"2005","75226","07","5642","0120","04","Elem      ","N","Sturgeon Bay","Sawyer Elementary","Grades PreK-12","All Races","Both Genders","200",0,"0.000000                      ",75,"37.500000                     ",72,"36.000000                     ",53,"26.500000                     ",0,"0.000000                      ",0,"0.000000                      ",0,"0.000000                      ",0,"0.000000                      ",0,"0.000000                      ",0,"0.000000                      ",0,"0.000000                      ",0,"0.000000                      ",0,"0.000000                      ",0,"0.000000                      "
"2005","80116","07","5642","9204","4C","High      ","Y","Sturgeon Bay","Northeast WI Online Charter Sch (NEWOCS)","Grades PreK-12","All Races","Both Genders","0",0,"--                            ",0,"--                            ",0,"--                            ",0,"--                            ",0,"--                            ",0,"--                            ",0,"--                            ",0,"--                            ",0,"--                            ",0,"--                            ",0,"--                            ",0,"--                            ",0,"--                            ",0,"--                            "
"2005","74968","07","5642","9411","04","High      ","Y","Sturgeon Bay","Door County Charter","Grades PreK-12","All Races","Both Genders","9",0,"0.000000                      ",0,"0.000000                      ",0,"0.000000                      ",0,"0.000000                      ",0,"0.000000                      ",0,"0.000000                      ",0,"0.000000                      ",0,"0.000000                      ",0,"0.000000                      ",0,"0.000000                      ",2,"22.222200                     ",0,"0.000000                      ",1,"11.111100                     ",6,"66.666600                     "
"2005","79297","07","5824","","03","Summary   ","N","Two Rivers","","Grades PreK-12","All Races","Both Genders","2089",54,"2.584900                      ",116,"5.552800                      ",123,"5.887900                      ",119,"5.696500                      ",138,"6.606000                      ",135,"6.462400                      ",131,"6.270900                      ",177,"8.472900                      ",183,"8.760100                      ",165,"7.898500                      ",189,"9.047300                      ",210,"10.052600                     ",178,"8.520800                      ",171,"8.185700                      "
"2005","76335","07","5824","0020","04","Elem      ","N","Two Rivers","Case Elementary","Grades PreK-12","All Races","Both Genders","280",54,"19.285700                     ",39,"13.928500                     ",40,"14.285700                     ",36,"12.857100                     ",36,"12.857100                     ",41,"14.642800                     ",34,"12.142800                     ",0,"0.000000                      ",0,"0.000000                      ",0,"0.000000                      ",0,"0.000000                      ",0,"0.000000                      ",0,"0.000000                      ",0,"0.000000                      "
"2005","79296","07","5824","0040","04","Elem      ","N","Two Rivers","Koenig Elementary","Grades PreK-12","All Races","Both Genders","250",0,"0.000000                      ",34,"13.600000                     ",44,"17.600000                     ",38,"15.200000                     ",47,"18.800000                     ",42,"16.800000                     ",45,"18.000000                     ",0,"0.000000                      ",0,"0.000000                      ",0,"0.000000                      ",0,"0.000000                      ",0,"0.000000                      ",0,"0.000000                      ",0,"0.000000                      "
"2005","76336","07","5824","0050","04","Mid/Jr Hi ","N","Two Rivers","Clarke Middle","Grades PreK-12","All Races","Both Genders","525",0,"0.000000                      ",0,"0.000000                      ",0,"0.000000                      ",0,"0.000000                      ",0,"0.000000                      ",0,"0.000000                      ",0,"0.000000                      ",177,"33.714200                     ",183,"34.857100                     ",165,"31.428500                     ",0,"0.000000                      ",0,"0.000000                      ",0,"0.000000                      ",0,"0.000000                      "
"2005","76337","07","5824","0060","04","Elem      ","N","Two Rivers","Magee Elementary","Grades PreK-12","All Races","Both Genders","286",0,"0.000000                      ",43,"15.034900                     ",39,"13.636300                     ",45,"15.734200                     ",55,"19.230700                     ",52,"18.181800                     ",52,"18.181800                     ",0,"0.000000                      ",0,"0.000000                      ",0,"0.000000                      ",0,"0.000000                      ",0,"0.000000                      ",0,"0.000000                      ",0,"0.000000                      "
"2005","79096","07","5824","0080","04","High      ","N","Two Rivers","Two Rivers High","Grades PreK-12","All Races","Both Genders","748",0,"0.000000                      ",0,"0.000000                      ",0,"0.000000                      ",0,"0.000000                      ",0,"0.000000                      ",0,"0.000000                      ",0,"0.000000                      ",0,"0.000000                      ",0,"0.000000                      ",0,"0.000000                      ",189,"25.267300                     ",210,"28.074800                     ",178,"23.796700                     ",171,"22.860900                     "
"2005","80117","07","5824","9204","4C","High      ","Y","Two Rivers","Northeast WI Online Charter Sch (NEWOCS)","Grades PreK-12","All Races","Both Genders","1",0,"0.000000                      ",0,"0.000000                      ",0,"0.000000                      ",0,"0.000000                      ",0,"0.000000                      ",0,"0.000000                      ",0,"0.000000                      ",0,"0.000000                      ",0,"0.000000                      ",0,"0.000000                      ",1,"100.000000                    ",0,"0.000000                      ",0,"0.000000                      ",0,"0.000000                      "
"2005","76326","07","5866","","03","Summary   ","N","Valders Area","","Grades PreK-12","All Races","Both Genders","1110",5,"0.450400                      ",59,"5.315300                      ",70,"6.306300                      ",66,"5.945900                      ",74,"6.666600                      ",77,"6.936900                      ",95,"8.558500                      ",76,"6.846800                      ",100,"9.009000                      ",89,"8.018000                      ",105,"9.459400                      ",93,"8.378300                      ",109,"9.819800                      ",92,"8.288200                      "
"2005","76340","07","5866","0040","04","Elem      ","N","Valders Area","Valders Elementary","Grades PreK-12","All Races","Both Genders","351",5,"1.424500                      ",59,"16.809100                     ",70,"19.943000                     ",66,"18.803400                     ",74,"21.082600                     ",77,"21.937300                     ",0,"0.000000                      ",0,"0.000000                      ",0,"0.000000                      ",0,"0.000000                      ",0,"0.000000                      ",0,"0.000000                      ",0,"0.000000                      ",0,"0.000000                      "
"2005","76341","07","5866","0060","04","High      ","N","Valders Area","Valders High","Grades PreK-12","All Races","Both Genders","399",0,"0.000000                      ",0,"0.000000                      ",0,"0.000000                      ",0,"0.000000                      ",0,"0.000000                      ",0,"0.000000                      ",0,"0.000000                      ",0,"0.000000                      ",0,"0.000000                      ",0,"0.000000                      ",105,"26.315700                     ",93,"23.308200                     ",109,"27.318200                     ",92,"23.057600                     "
"2005","79295","07","5866","0080","04","Mid/Jr Hi ","N","Valders Area","Valders Middle","Grades PreK-12","All Races","Both Genders","360",0,"0.000000                      ",0,"0.000000                      ",0,"0.000000                      ",0,"0.000000                      ",0,"0.000000                      ",0,"0.000000                      ",95,"26.388800                     ",76,"21.111100                     ",100,"27.777700                     ",89,"24.722200                     ",0,"0.000000                      ",0,"0.000000                      ",0,"0.000000                      ",0,"0.000000                      "
"2005","80118","07","5866","9204","4C","High      ","Y","Valders Area","Northeast WI Online Charter Sch (NEWOCS)","Grades PreK-12","All Races","Both Genders","0",0,"--                            ",0,"--                            ",0,"--                            ",0,"--                            ",0,"--                            ",0,"--                            ",0,"--                            ",0,"--                            ",0,"--                            ",0,"--                            ",0,"--                            ",0,"--                            ",0,"--                            ",0,"--                            "
"2005","76329","07","6069","","03","Summary   ","N","Washington","","Grades PreK-12","All Races","Both Genders","98",0,"0.000000                      ",4,"4.081600                      ",4,"4.081600                      ",4,"4.081600                      ",5,"5.102000                      ",7,"7.142800                      ",11,"11.224400                     ",9,"9.183600                      ",11,"11.224400                     ",6,"6.122400                      ",12,"12.244800                     ",8,"8.163200                      ",9,"9.183600                      ",8,"8.163200                      "
"2005","76327","07","6069","0020","04","Elem      ","N","Washington","Washington Island Elementary","Grades PreK-12","All Races","Both Genders","61",0,"0.000000                      ",4,"6.557300                      ",4,"6.557300                      ",4,"6.557300                      ",5,"8.196700                      ",7,"11.475400                     ",11,"18.032700                     ",9,"14.754000                     ",11,"18.032700                     ",6,"9.836000                      ",0,"0.000000                      ",0,"0.000000                      ",0,"0.000000                      ",0,"0.000000                      "
"2005","76328","07","6069","0040","04","High      ","N","Washington","Washington Island High","Grades PreK-12","All Races","Both Genders","37",0,"0.000000                      ",0,"0.000000                      ",0,"0.000000                      ",0,"0.000000                      ",0,"0.000000                      ",0,"0.000000                      ",0,"0.000000                      ",0,"0.000000                      ",0,"0.000000                      ",0,"0.000000                      ",12,"32.432400                     ",8,"21.621600                     ",9,"24.324300                     ",8,"21.621600                     "
"2005","76539","07","6328","","03","Summary   ","N","West De Pere","","Grades PreK-12","All Races","Both Genders","2126",19,"0.893600                      ",158,"7.431700                      ",151,"7.102500                      ",158,"7.431700                      ",145,"6.820300                      ",150,"7.055500                      ",158,"7.431700                      ",155,"7.290600                      ",149,"7.008400                      ",150,"7.055500                      ",189,"8.889900                      ",180,"8.466600                      ",175,"8.231400                      ",189,"8.889900                      "
"2005","76533","07","6328","0110","04","Mid/Jr Hi ","N","West De Pere","West De Pere Middle","Grades PreK-12","All Races","Both Genders","612",0,"0.000000                      ",0,"0.000000                      ",0,"0.000000                      ",0,"0.000000                      ",0,"0.000000                      ",0,"0.000000                      ",158,"25.816900                     ",155,"25.326700                     ",149,"24.346400                     ",150,"24.509800                     ",0,"0.000000                      ",0,"0.000000                      ",0,"0.000000                      ",0,"0.000000                      "
"2005","76534","07","6328","0120","04","High      ","N","West De Pere","West De Pere High","Grades PreK-12","All Races","Both Genders","733",0,"0.000000                      ",0,"0.000000                      ",0,"0.000000                      ",0,"0.000000                      ",0,"0.000000                      ",0,"0.000000                      ",0,"0.000000                      ",0,"0.000000                      ",0,"0.000000                      ",0,"0.000000                      ",189,"25.784400                     ",180,"24.556600                     ",175,"23.874400                     ",189,"25.784400                     "
"2005","79325","07","6328","0140","04","Elem      ","N","West De Pere","Westwood Elementary","Grades PreK-12","All Races","Both Genders","781",19,"2.432700                      ",158,"20.230400                     ",151,"19.334100                     ",158,"20.230400                     ",145,"18.565900                     ",150,"19.206100                     ",0,"0.000000                      ",0,"0.000000                      ",0,"0.000000                      ",0,"0.000000                      ",0,"0.000000                      ",0,"0.000000                      ",0,"0.000000                      ",0,"0.000000                      "
"2005","80119","07","6328","9204","4C","High      ","Y","West De Pere","Northeast WI Online Charter Sch (NEWOCS)","Grades PreK-12","All Races","Both Genders","0",0,"--                            ",0,"--                            ",0,"--                            ",0,"--                            ",0,"--                            ",0,"--                            ",0,"--                            ",0,"--                            ",0,"--                            ",0,"--                            ",0,"--                            ",0,"--                            ",0,"--                            ",0,"--                            "
"2005","76411","07","6734","","03","Summary   ","N","Wrightstown Community","","Grades PreK-12","All Races","Both Genders","1089",0,"0.000000                      ",77,"7.070700                      ",77,"7.070700                      ",74,"6.795200                      ",75,"6.887000                      ",62,"5.693200                      ",76,"6.978800                      ",68,"6.244200                      ",107,"9.825500                      ",109,"10.009100                     ",103,"9.458200                      ",100,"9.182700                      ",77,"7.070700                      ",84,"7.713400                      "
"2005","76423","07","6734","0020","04","Elem      ","N","Wrightstown Community","Wrightstown Elementary","Grades PreK-12","All Races","Both Genders","365",0,"0.000000                      ",77,"21.095800                     ",77,"21.095800                     ",74,"20.273900                     ",75,"20.547900                     ",62,"16.986300                     ",0,"0.000000                      ",0,"0.000000                      ",0,"0.000000                      ",0,"0.000000                      ",0,"0.000000                      ",0,"0.000000                      ",0,"0.000000                      ",0,"0.000000                      "
"2005","76407","07","6734","0030","04","Mid/Jr Hi ","N","Wrightstown Community","Wrightstown Middle","Grades PreK-12","All Races","Both Genders","360",0,"0.000000                      ",0,"0.000000                      ",0,"0.000000                      ",0,"0.000000                      ",0,"0.000000                      ",0,"0.000000                      ",76,"21.111100                     ",68,"18.888800                     ",107,"29.722200                     ",109,"30.277700                     ",0,"0.000000                      ",0,"0.000000                      ",0,"0.000000                      ",0,"0.000000                      "
"2005","76408","07","6734","0040","04","High      ","N","Wrightstown Community","Wrightstown High","Grades PreK-12","All Races","Both Genders","364",0,"0.000000                      ",0,"0.000000                      ",0,"0.000000                      ",0,"0.000000                      ",0,"0.000000                      ",0,"0.000000                      ",0,"0.000000                      ",0,"0.000000                      ",0,"0.000000                      ",0,"0.000000                      ",103,"28.296700                     ",100,"27.472500                     ",77,"21.153800                     ",84,"23.076900                     "
"2005","80120","07","6734","9204","4C","High      ","Y","Wrightstown Community","Northeast WI Online Charter Sch (NEWOCS)","Grades PreK-12","All Races","Both Genders","0",0,"--                            ",0,"--                            ",0,"--                            ",0,"--                            ",0,"--                            ",0,"--                            ",0,"--                            ",0,"--                            ",0,"--                            ",0,"--                            ",0,"--                            ",0,"--                            ",0,"--                            ",0,"--                            "
