"year","agency_key","CESA","district_number","school_number","agency_type","school_type","charter","district_name","school_name","grade_label","race_ethnicity","gender","enrollment_prek-12","number_eligible_for_subsidized_lunch","percent_eligible_for_subsidized_lunch","number_not_eligible_for_subsidized_lunch_or_no_data","percent_not_eligible_for_subsidized_lunch_or_no_data"
"2002","48093","01","0714","","03","Elem      ","N","Elmbrook","","Elementary School Type/ Prek-12","All Races","Both Genders",2966,142,"4.7875927100                  ",2824,"95.2124072800                 "
"2002","48093","01","0714","","03","Mid/Jr Hi ","N","Elmbrook","","Middle/Junior High School Type/ Prek-12","All Races","Both Genders",1790,90,"5.0279329600                  ",1700,"94.9720670300                 "
"2002","48093","01","0714","","03","High      ","N","Elmbrook","","High School Type/ PreK-12","All Races","Both Genders",2627,72,"2.7407689300                  ",2555,"97.2592310600                 "
"2002","48093","01","0714","","03","El/Sec    ","N","Elmbrook","","Combined Elementary/Secondary School Type/ Prek-12","All Races","Both Genders",66,11,"16.6666666600                 ",55,"83.3333333300                 "
"2002","48093","01","0714","","03","Summary   ","N","Elmbrook","","Grades PreK-12","All Races","Both Genders",7449,315,"4.2287555300                  ",7134,"95.7712444600                 "
"2002","46328","01","0714","0020","04","High      ","N","Elmbrook","Central Hi","Grades PreK-12","All Races","Both Genders",1325,51,"3.8490566000                  ",1274,"96.1509433900                 "
"2002","46296","01","0714","0040","04","Elem      ","N","Elmbrook","Brookfield El","Grades PreK-12","All Races","Both Genders",417,14,"3.3573141400                  ",403,"96.6426858500                 "
"2002","46329","01","0714","0060","04","High      ","N","Elmbrook","East Hi","Grades PreK-12","All Races","Both Genders",1302,21,"1.6129032200                  ",1281,"98.3870967700                 "
"2002","46330","01","0714","0080","04","Elem      ","N","Elmbrook","Burleigh El","Grades PreK-12","All Races","Both Genders",747,31,"4.1499330600                  ",716,"95.8500669300                 "
"2002","46331","01","0714","0100","04","Elem      ","N","Elmbrook","Dixon El","Grades PreK-12","All Races","Both Genders",401,23,"5.7356608400                  ",378,"94.2643391500                 "
"2002","46206","01","0714","0150","04","Mid/Jr Hi ","N","Elmbrook","Pilgrim Park Mid","Grades PreK-12","All Races","Both Genders",867,41,"4.7289504000                  ",826,"95.2710495900                 "
"2002","46297","01","0714","0160","04","El/Sec    ","N","Elmbrook","Fairview South","Grades PreK-12","All Races","Both Genders",66,11,"16.6666666600                 ",55,"83.3333333300                 "
"2002","46298","01","0714","0170","04","Elem      ","N","Elmbrook","Hillside El","Grades PreK-12","All Races","Both Genders",378,16,"4.2328042300                  ",362,"95.7671957600                 "
"2002","48010","01","0714","0190","04","Elem      ","N","Elmbrook","Swanson El","Grades PreK-12","All Races","Both Genders",654,43,"6.5749235400                  ",611,"93.4250764500                 "
"2002","46207","01","0714","0250","04","Elem      ","N","Elmbrook","Tonawanda El","Grades PreK-12","All Races","Both Genders",369,15,"4.0650406500                  ",354,"95.9349593400                 "
"2002","46299","01","0714","0270","04","Mid/Jr Hi ","N","Elmbrook","Wisconsin Hills Mid","Grades PreK-12","All Races","Both Genders",923,49,"5.3087757300                  ",874,"94.6912242600                 "
"2002","48301","01","0721","","03","Elem      ","N","Brown Deer","","Elementary School Type/ Prek-12","All Races","Both Genders",560,91,"16.2500000000                 ",469,"83.7500000000                 "
"2002","48301","01","0721","","03","Mid/Jr Hi ","N","Brown Deer","","Middle/Junior High School Type/ Prek-12","All Races","Both Genders",585,94,"16.0683760600                 ",491,"83.9316239300                 "
"2002","48301","01","0721","","03","High      ","N","Brown Deer","","High School Type/ PreK-12","All Races","Both Genders",631,37,"5.8637083900                  ",594,"94.1362916000                 "
"2002","48301","01","0721","","03","El/Sec    ","N","Brown Deer","","Combined Elementary/Secondary School Type/ Prek-12","All Races","Both Genders",0,0,"--                            ",0,"--                            "
"2002","48301","01","0721","","03","Summary   ","N","Brown Deer","","Grades PreK-12","All Races","Both Genders",1776,222,"12.5000000000                 ",1554,"87.5000000000                 "
"2002","47168","01","0721","0040","04","High      ","N","Brown Deer","Brown Deer Hi","Grades PreK-12","All Races","Both Genders",631,37,"5.8637083900                  ",594,"94.1362916000                 "
"2002","47169","01","0721","0060","04","Mid/Jr Hi ","N","Brown Deer","Brown Deer Mid","Grades PreK-12","All Races","Both Genders",585,94,"16.0683760600                 ",491,"83.9316239300                 "
"2002","47170","01","0721","0080","04","Elem      ","N","Brown Deer","Dean El","Grades PreK-12","All Races","Both Genders",334,54,"16.1676646700                 ",280,"83.8323353200                 "
"2002","47171","01","0721","0090","04","Elem      ","N","Brown Deer","Algonquin El","Grades PreK-12","All Races","Both Genders",226,37,"16.3716814100                 ",189,"83.6283185800                 "
"2002","49734","01","0721","9200","4C","Mid/Jr Hi ","Y","Brown Deer","Passage Middle School","Grades PreK-12","All Races","Both Genders",1,,"",,""
"2002","48095","01","1015","","03","Elem      ","N","Cedarburg","","Elementary School Type/ Prek-12","All Races","Both Genders",1201,33,"2.7477102400                  ",1168,"97.2522897500                 "
"2002","48095","01","1015","","03","Mid/Jr Hi ","N","Cedarburg","","Middle/Junior High School Type/ Prek-12","All Races","Both Genders",649,17,"2.6194144800                  ",632,"97.3805855100                 "
"2002","48095","01","1015","","03","High      ","N","Cedarburg","","High School Type/ PreK-12","All Races","Both Genders",1109,10,"0.9017132500                  ",1099,"99.0982867400                 "
"2002","48095","01","1015","","03","El/Sec    ","N","Cedarburg","","Combined Elementary/Secondary School Type/ Prek-12","All Races","Both Genders",0,0,"--                            ",0,"--                            "
"2002","48095","01","1015","","03","Summary   ","N","Cedarburg","","Grades PreK-12","All Races","Both Genders",2959,60,"2.0277120600                  ",2899,"97.9722879300                 "
"2002","46337","01","1015","0020","04","High      ","N","Cedarburg","Cedarburg Hi","Grades PreK-12","All Races","Both Genders",1109,10,"0.9017132500                  ",1099,"99.0982867400                 "
"2002","46338","01","1015","0070","04","Elem      ","N","Cedarburg","Parkview El","Grades PreK-12","All Races","Both Genders",406,10,"2.4630541800                  ",396,"97.5369458100                 "
"2002","46339","01","1015","0075","04","Elem      ","N","Cedarburg","Westlawn El","Grades PreK-12","All Races","Both Genders",298,13,"4.3624161000                  ",285,"95.6375838900                 "
"2002","46340","01","1015","0090","04","Elem      ","N","Cedarburg","Thorson El","Grades PreK-12","All Races","Both Genders",497,10,"2.0120724300                  ",487,"97.9879275600                 "
"2002","46341","01","1015","0100","04","Mid/Jr Hi ","N","Cedarburg","Webster Mid","Grades PreK-12","All Races","Both Genders",649,17,"2.6194144800                  ",632,"97.3805855100                 "
"2002","48065","01","1253","","03","Elem      ","N","Cudahy","","Elementary School Type/ Prek-12","All Races","Both Genders",1624,522,"32.1428571400                 ",1102,"67.8571428500                 "
"2002","48065","01","1253","","03","Mid/Jr Hi ","N","Cudahy","","Middle/Junior High School Type/ Prek-12","All Races","Both Genders",447,116,"25.9507829900                 ",331,"74.0492170000                 "
"2002","48065","01","1253","","03","High      ","N","Cudahy","","High School Type/ PreK-12","All Races","Both Genders",877,170,"19.3842645300                 ",707,"80.6157354600                 "
"2002","48065","01","1253","","03","El/Sec    ","N","Cudahy","","Combined Elementary/Secondary School Type/ Prek-12","All Races","Both Genders",0,0,"--                            ",0,"--                            "
"2002","48065","01","1253","","03","Summary   ","N","Cudahy","","Grades PreK-12","All Races","Both Genders",2948,808,"27.4084124800                 ",2140,"72.5915875100                 "
"2002","46184","01","1253","0022","04","Mid/Jr Hi ","N","Cudahy","Cudahy Mid","Grades PreK-12","All Races","Both Genders",447,116,"25.9507829900                 ",331,"74.0492170000                 "
"2002","46185","01","1253","0040","04","High      ","N","Cudahy","Cudahy Hi","Grades PreK-12","All Races","Both Genders",877,170,"19.3842645300                 ",707,"80.6157354600                 "
"2002","46186","01","1253","0050","04","Elem      ","N","Cudahy","Mitchell El","Grades PreK-12","All Races","Both Genders",349,67,"19.1977077300                 ",282,"80.8022922600                 "
"2002","46187","01","1253","0060","04","Elem      ","N","Cudahy","Jones El","Grades PreK-12","All Races","Both Genders",212,55,"25.9433962200                 ",157,"74.0566037700                 "
"2002","46188","01","1253","0080","04","Elem      ","N","Cudahy","Lincoln El","Grades PreK-12","All Races","Both Genders",384,124,"32.2916666600                 ",260,"67.7083333300                 "
"2002","49355","01","1253","0120","04","Elem      ","N","Cudahy","Park View El","Grades PreK-12","All Races","Both Genders",383,168,"43.8642297600                 ",215,"56.1357702300                 "
"2002","44868","01","1253","0140","04","Elem      ","N","Cudahy","Kosciuszko El","Grades PreK-12","All Races","Both Genders",296,108,"36.4864864800                 ",188,"63.5135135100                 "
"2002","49737","01","1253","9200","4C","Mid/Jr Hi ","Y","Cudahy","Passage Middle School","Grades PreK-12","All Races","Both Genders",0,0,"--                            ",0,"--                            "
"2002","49738","01","1253","9801","4C","High      ","Y","Cudahy","Connects Learning Center","Grades PreK-12","All Races","Both Genders",5,,"",,""
"2002","48295","01","1376","","03","Elem      ","N","Kettle Moraine","","Elementary School Type/ Prek-12","All Races","Both Genders",1782,101,"5.6677890000                  ",1681,"94.3322109900                 "
"2002","48295","01","1376","","03","Mid/Jr Hi ","N","Kettle Moraine","","Middle/Junior High School Type/ Prek-12","All Races","Both Genders",1016,51,"5.0196850300                  ",965,"94.9803149600                 "
"2002","48295","01","1376","","03","High      ","N","Kettle Moraine","","High School Type/ PreK-12","All Races","Both Genders",1438,54,"3.7552155700                  ",1384,"96.2447844200                 "
"2002","48295","01","1376","","03","El/Sec    ","N","Kettle Moraine","","Combined Elementary/Secondary School Type/ Prek-12","All Races","Both Genders",0,0,"--                            ",0,"--                            "
"2002","48295","01","1376","","03","Summary   ","N","Kettle Moraine","","Grades PreK-12","All Races","Both Genders",4236,206,"4.8630783700                  ",4030,"95.1369216200                 "
"2002","46274","01","1376","0040","04","Elem      ","N","Kettle Moraine","Cushing El","Grades PreK-12","All Races","Both Genders",538,22,"4.0892193300                  ",516,"95.9107806600                 "
"2002","46194","01","1376","0060","04","Elem      ","N","Kettle Moraine","Dousman El","Grades PreK-12","All Races","Both Genders",502,48,"9.5617529800                  ",454,"90.4382470100                 "
"2002","47048","01","1376","0120","04","High      ","N","Kettle Moraine","Kettle Moraine Hi","Grades PreK-12","All Races","Both Genders",1438,54,"3.7552155700                  ",1384,"96.2447844200                 "
"2002","46195","01","1376","0140","04","Mid/Jr Hi ","N","Kettle Moraine","Kettle Moraine Mid","Grades PreK-12","All Races","Both Genders",1016,51,"5.0196850300                  ",965,"94.9803149600                 "
"2002","46212","01","1376","0160","04","Elem      ","N","Kettle Moraine","Magee El","Grades PreK-12","All Races","Both Genders",286,14,"4.8951048900                  ",272,"95.1048951000                 "
"2002","47047","01","1376","0240","04","Elem      ","N","Kettle Moraine","Wales El","Grades PreK-12","All Races","Both Genders",456,17,"3.7280701700                  ",439,"96.2719298200                 "
"2002","48115","01","1890","","03","Elem      ","N","Fox Point J2","","Elementary School Type/ Prek-12","All Races","Both Genders",523,27,"5.1625239000                  ",496,"94.8374760900                 "
"2002","48115","01","1890","","03","Mid/Jr Hi ","N","Fox Point J2","","Middle/Junior High School Type/ Prek-12","All Races","Both Genders",377,25,"6.6312997300                  ",352,"93.3687002600                 "
"2002","48115","01","1890","","03","High      ","N","Fox Point J2","","High School Type/ PreK-12","All Races","Both Genders",0,0,"--                            ",0,"--                            "
"2002","48115","01","1890","","03","El/Sec    ","N","Fox Point J2","","Combined Elementary/Secondary School Type/ Prek-12","All Races","Both Genders",0,0,"--                            ",0,"--                            "
"2002","48115","01","1890","","03","Summary   ","N","Fox Point J2","","Grades PreK-12","All Races","Both Genders",900,52,"5.7777777700                  ",848,"94.2222222200                 "
"2002","46440","01","1890","0020","04","Mid/Jr Hi ","N","Fox Point J2","Bayside Mid","Grades PreK-12","All Races","Both Genders",377,25,"6.6312997300                  ",352,"93.3687002600                 "
"2002","46441","01","1890","0040","04","Elem      ","N","Fox Point J2","Stormonth El","Grades PreK-12","All Races","Both Genders",523,27,"5.1625239000                  ",496,"94.8374760900                 "
"2002","48112","01","1897","","03","Elem      ","N","Maple Dale-Indian Hill","","Elementary School Type/ Prek-12","All Races","Both Genders",267,16,"5.9925093600                  ",251,"94.0074906300                 "
"2002","48112","01","1897","","03","Mid/Jr Hi ","N","Maple Dale-Indian Hill","","Middle/Junior High School Type/ Prek-12","All Races","Both Genders",340,17,"5.0000000000                  ",323,"95.0000000000                 "
"2002","48112","01","1897","","03","High      ","N","Maple Dale-Indian Hill","","High School Type/ PreK-12","All Races","Both Genders",0,0,"--                            ",0,"--                            "
"2002","48112","01","1897","","03","El/Sec    ","N","Maple Dale-Indian Hill","","Combined Elementary/Secondary School Type/ Prek-12","All Races","Both Genders",0,0,"--                            ",0,"--                            "
"2002","48112","01","1897","","03","Summary   ","N","Maple Dale-Indian Hill","","Grades PreK-12","All Races","Both Genders",607,33,"5.4365733100                  ",574,"94.5634266800                 "
"2002","46442","01","1897","0020","04","Elem      ","N","Maple Dale-Indian Hill","Indian Hill El","Grades PreK-12","All Races","Both Genders",267,16,"5.9925093600                  ",251,"94.0074906300                 "
"2002","46443","01","1897","0040","04","Mid/Jr Hi ","N","Maple Dale-Indian Hill","Maple Dale El","Grades PreK-12","All Races","Both Genders",340,17,"5.0000000000                  ",323,"95.0000000000                 "
"2002","48075","01","1900","","03","Elem      ","N","Franklin Public","","Elementary School Type/ Prek-12","All Races","Both Genders",1923,203,"10.5564222500                 ",1720,"89.4435777400                 "
"2002","48075","01","1900","","03","Mid/Jr Hi ","N","Franklin Public","","Middle/Junior High School Type/ Prek-12","All Races","Both Genders",612,71,"11.6013071800                 ",541,"88.3986928100                 "
"2002","48075","01","1900","","03","High      ","N","Franklin Public","","High School Type/ PreK-12","All Races","Both Genders",1356,102,"7.5221238900                  ",1254,"92.4778761000                 "
"2002","48075","01","1900","","03","El/Sec    ","N","Franklin Public","","Combined Elementary/Secondary School Type/ Prek-12","All Races","Both Genders",0,0,"--                            ",0,"--                            "
"2002","48075","01","1900","","03","Summary   ","N","Franklin Public","","Grades PreK-12","All Races","Both Genders",3891,376,"9.6633256200                  ",3515,"90.3366743700                 "
"2002","46220","01","1900","0020","04","Elem      ","N","Franklin Public","Ben Franklin El","Grades PreK-12","All Races","Both Genders",425,39,"9.1764705800                  ",386,"90.8235294100                 "
"2002","46221","01","1900","0040","04","Elem      ","N","Franklin Public","Country Dale El","Grades PreK-12","All Races","Both Genders",338,38,"11.2426035500                 ",300,"88.7573964400                 "
"2002","46222","01","1900","0060","04","High      ","N","Franklin Public","Franklin Hi","Grades PreK-12","All Races","Both Genders",1356,102,"7.5221238900                  ",1254,"92.4778761000                 "
"2002","46223","01","1900","0070","04","Mid/Jr Hi ","N","Franklin Public","Forest Park Mid","Grades PreK-12","All Races","Both Genders",612,71,"11.6013071800                 ",541,"88.3986928100                 "
"2002","46224","01","1900","0080","04","Elem      ","N","Franklin Public","Pleasant View El","Grades PreK-12","All Races","Both Genders",433,47,"10.8545034600                 ",386,"89.1454965300                 "
"2002","46226","01","1900","0100","04","Elem      ","N","Franklin Public","Robinwood El","Grades PreK-12","All Races","Both Genders",333,47,"14.1141141100                 ",286,"85.8858858800                 "
"2002","46227","01","1900","0120","04","Elem      ","N","Franklin Public","Southwood Glen El","Grades PreK-12","All Races","Both Genders",394,32,"8.1218274100                  ",362,"91.8781725800                 "
"2002","49744","01","1900","9200","4C","Mid/Jr Hi ","Y","Franklin Public","Passage Middle School","Grades PreK-12","All Races","Both Genders",1,,"",,""
"2002","48083","01","1945","","03","Elem      ","N","Northern Ozaukee","","Elementary School Type/ Prek-12","All Races","Both Genders",364,31,"8.5164835100                  ",333,"91.4835164800                 "
"2002","48083","01","1945","","03","Mid/Jr Hi ","N","Northern Ozaukee","","Middle/Junior High School Type/ Prek-12","All Races","Both Genders",195,13,"6.6666666600                  ",182,"93.3333333300                 "
"2002","48083","01","1945","","03","High      ","N","Northern Ozaukee","","High School Type/ PreK-12","All Races","Both Genders",341,14,"4.1055718400                  ",327,"95.8944281500                 "
"2002","48083","01","1945","","03","El/Sec    ","N","Northern Ozaukee","","Combined Elementary/Secondary School Type/ Prek-12","All Races","Both Genders",0,0,"--                            ",0,"--                            "
"2002","48083","01","1945","","03","Summary   ","N","Northern Ozaukee","","Grades PreK-12","All Races","Both Genders",900,58,"6.4444444400                  ",842,"93.5555555500                 "
"2002","46278","01","1945","0040","04","Elem      ","N","Northern Ozaukee","Ozaukee El","Grades PreK-12","All Races","Both Genders",364,31,"8.5164835100                  ",333,"91.4835164800                 "
"2002","46279","01","1945","0060","04","High      ","N","Northern Ozaukee","Ozaukee Hi","Grades PreK-12","All Races","Both Genders",341,14,"4.1055718400                  ",327,"95.8944281500                 "
"2002","46281","01","1945","0080","04","Mid/Jr Hi ","N","Northern Ozaukee","Ozaukee Mid","Grades PreK-12","All Races","Both Genders",195,13,"6.6666666600                  ",182,"93.3333333300                 "
"2002","48084","01","2058","","03","Elem      ","N","Germantown","","Elementary School Type/ Prek-12","All Races","Both Genders",1546,73,"4.7218628700                  ",1473,"95.2781371200                 "
"2002","48084","01","2058","","03","Mid/Jr Hi ","N","Germantown","","Middle/Junior High School Type/ Prek-12","All Races","Both Genders",863,39,"4.5191193500                  ",824,"95.4808806400                 "
"2002","48084","01","2058","","03","High      ","N","Germantown","","High School Type/ PreK-12","All Races","Both Genders",1233,47,"3.8118410300                  ",1186,"96.1881589600                 "
"2002","48084","01","2058","","03","El/Sec    ","N","Germantown","","Combined Elementary/Secondary School Type/ Prek-12","All Races","Both Genders",0,0,"--                            ",0,"--                            "
"2002","48084","01","2058","","03","Summary   ","N","Germantown","","Grades PreK-12","All Races","Both Genders",3642,159,"4.3657331100                  ",3483,"95.6342668800                 "
"2002","46273","01","2058","0020","04","Elem      ","N","Germantown","Amy Belle El","Grades PreK-12","All Races","Both Genders",315,13,"4.1269841200                  ",302,"95.8730158700                 "
"2002","46286","01","2058","0040","04","Elem      ","N","Germantown","County Line El","Grades PreK-12","All Races","Both Genders",527,18,"3.4155597700                  ",509,"96.5844402200                 "
"2002","46283","01","2058","0110","04","Mid/Jr Hi ","N","Germantown","Kennedy Mid","Grades PreK-12","All Races","Both Genders",863,39,"4.5191193500                  ",824,"95.4808806400                 "
"2002","46285","01","2058","0120","04","Elem      ","N","Germantown","MacArthur El","Grades PreK-12","All Races","Both Genders",422,30,"7.1090047300                  ",392,"92.8909952600                 "
"2002","46282","01","2058","0140","04","Elem      ","N","Germantown","Rockfield El","Grades PreK-12","All Races","Both Genders",282,12,"4.2553191400                  ",270,"95.7446808500                 "
"2002","46284","01","2058","0180","04","High      ","N","Germantown","Germantown Hi","Grades PreK-12","All Races","Both Genders",1233,47,"3.8118410300                  ",1186,"96.1881589600                 "
"2002","48116","01","2177","","03","Elem      ","N","Nicolet UHS","","Elementary School Type/ Prek-12","All Races","Both Genders",0,0,"--                            ",0,"--                            "
"2002","48116","01","2177","","03","Mid/Jr Hi ","N","Nicolet UHS","","Middle/Junior High School Type/ Prek-12","All Races","Both Genders",0,0,"--                            ",0,"--                            "
"2002","48116","01","2177","","03","High      ","N","Nicolet UHS","","High School Type/ PreK-12","All Races","Both Genders",1415,89,"6.2897526500                  ",1326,"93.7102473400                 "
"2002","48116","01","2177","","03","El/Sec    ","N","Nicolet UHS","","Combined Elementary/Secondary School Type/ Prek-12","All Races","Both Genders",0,0,"--                            ",0,"--                            "
"2002","48116","01","2177","","03","Summary   ","N","Nicolet UHS","","Grades PreK-12","All Races","Both Genders",1415,89,"6.2897526500                  ",1326,"93.7102473400                 "
"2002","46444","01","2177","0020","04","High      ","N","Nicolet UHS","Nicolet Hi","Grades PreK-12","All Races","Both Genders",1415,89,"6.2897526500                  ",1326,"93.7102473400                 "
"2002","48113","01","2184","","03","Elem      ","N","Glendale-River Hills","","Elementary School Type/ Prek-12","All Races","Both Genders",584,129,"22.0890410900                 ",455,"77.9109589000                 "
"2002","48113","01","2184","","03","Mid/Jr Hi ","N","Glendale-River Hills","","Middle/Junior High School Type/ Prek-12","All Races","Both Genders",506,114,"22.5296442600                 ",392,"77.4703557300                 "
"2002","48113","01","2184","","03","High      ","N","Glendale-River Hills","","High School Type/ PreK-12","All Races","Both Genders",0,0,"--                            ",0,"--                            "
"2002","48113","01","2184","","03","El/Sec    ","N","Glendale-River Hills","","Combined Elementary/Secondary School Type/ Prek-12","All Races","Both Genders",0,0,"--                            ",0,"--                            "
"2002","48113","01","2184","","03","Summary   ","N","Glendale-River Hills","","Grades PreK-12","All Races","Both Genders",1090,243,"22.2935779800                 ",847,"77.7064220100                 "
"2002","47099","01","2184","0010","04","Mid/Jr Hi ","N","Glendale-River Hills","Glen Hills Mid","Grades PreK-12","All Races","Both Genders",506,114,"22.5296442600                 ",392,"77.4703557300                 "
"2002","47100","01","2184","0020","04","Elem      ","N","Glendale-River Hills","Good Hope El","Grades PreK-12","All Races","Both Genders",165,17,"10.3030303000                 ",148,"89.6969696900                 "
"2002","47101","01","2184","0060","04","Elem      ","N","Glendale-River Hills","Parkway El","Grades PreK-12","All Races","Both Genders",419,112,"26.7303102600                 ",307,"73.2696897300                 "
"2002","48255","01","2217","","03","Elem      ","N","Grafton","","Elementary School Type/ Prek-12","All Races","Both Genders",787,51,"6.4803049500                  ",736,"93.5196950400                 "
"2002","48255","01","2217","","03","Mid/Jr Hi ","N","Grafton","","Middle/Junior High School Type/ Prek-12","All Races","Both Genders",440,16,"3.6363636300                  ",424,"96.3636363600                 "
"2002","48255","01","2217","","03","High      ","N","Grafton","","High School Type/ PreK-12","All Races","Both Genders",780,15,"1.9230769200                  ",765,"98.0769230700                 "
"2002","48255","01","2217","","03","El/Sec    ","N","Grafton","","Combined Elementary/Secondary School Type/ Prek-12","All Races","Both Genders",0,0,"--                            ",0,"--                            "
"2002","48255","01","2217","","03","Summary   ","N","Grafton","","Grades PreK-12","All Races","Both Genders",2007,82,"4.0857000400                  ",1925,"95.9142999500                 "
"2002","46287","01","2217","0020","04","Elem      ","N","Grafton","Grafton El","Grades PreK-12","All Races","Both Genders",290,21,"7.2413793100                  ",269,"92.7586206800                 "
"2002","46288","01","2217","0030","04","Elem      ","N","Grafton","Kennedy El","Grades PreK-12","All Races","Both Genders",254,19,"7.4803149600                  ",235,"92.5196850300                 "
"2002","46289","01","2217","0040","04","High      ","N","Grafton","Grafton Hi","Grades PreK-12","All Races","Both Genders",780,15,"1.9230769200                  ",765,"98.0769230700                 "
"2002","46290","01","2217","0060","04","Mid/Jr Hi ","N","Grafton","John Long Mid","Grades PreK-12","All Races","Both Genders",440,16,"3.6363636300                  ",424,"96.3636363600                 "
"2002","44871","01","2217","0100","04","Elem      ","N","Grafton","Woodview El","Grades PreK-12","All Races","Both Genders",243,11,"4.5267489700                  ",232,"95.4732510200                 "
"2002","48074","01","2296","","03","Elem      ","N","Greendale","","Elementary School Type/ Prek-12","All Races","Both Genders",869,122,"14.0391254300                 ",747,"85.9608745600                 "
"2002","48074","01","2296","","03","Mid/Jr Hi ","N","Greendale","","Middle/Junior High School Type/ Prek-12","All Races","Both Genders",471,,"",,""
"2002","48074","01","2296","","03","High      ","N","Greendale","","High School Type/ PreK-12","All Races","Both Genders",843,,"",,""
"2002","48074","01","2296","","03","El/Sec    ","N","Greendale","","Combined Elementary/Secondary School Type/ Prek-12","All Races","Both Genders",0,0,"--                            ",0,"--                            "
"2002","48074","01","2296","","03","Summary   ","N","Greendale","","Grades PreK-12","All Races","Both Genders",2183,122,"5.5886394800                  ",2061,"94.4113605100                 "
"2002","46214","01","2296","0040","04","Elem      ","N","Greendale","Canterbury El","Grades PreK-12","All Races","Both Genders",294,20,"6.8027210800                  ",274,"93.1972789100                 "
"2002","46215","01","2296","0050","04","Elem      ","N","Greendale","College Park El","Grades PreK-12","All Races","Both Genders",262,49,"18.7022900700                 ",213,"81.2977099200                 "
"2002","49357","01","2296","0060","04","High      ","N","Greendale","Greendale Hi","Grades PreK-12","All Races","Both Genders",843,,"",,""
"2002","46216","01","2296","0080","04","Mid/Jr Hi ","N","Greendale","Greendale Mid","Grades PreK-12","All Races","Both Genders",471,,"",,""
"2002","46217","01","2296","0100","04","Elem      ","N","Greendale","Highland View El","Grades PreK-12","All Races","Both Genders",313,53,"16.9329073400                 ",260,"83.0670926500                 "
"2002","48304","01","2303","","03","Elem      ","N","Greenfield","","Elementary School Type/ Prek-12","All Races","Both Genders",1340,349,"26.0447761100                 ",991,"73.9552238800                 "
"2002","48304","01","2303","","03","Mid/Jr Hi ","N","Greenfield","","Middle/Junior High School Type/ Prek-12","All Races","Both Genders",756,169,"22.3544973500                 ",587,"77.6455026400                 "
"2002","48304","01","2303","","03","High      ","N","Greenfield","","High School Type/ PreK-12","All Races","Both Genders",1160,179,"15.4310344800                 ",981,"84.5689655100                 "
"2002","48304","01","2303","","03","El/Sec    ","N","Greenfield","","Combined Elementary/Secondary School Type/ Prek-12","All Races","Both Genders",0,0,"--                            ",0,"--                            "
"2002","48304","01","2303","","03","Summary   ","N","Greenfield","","Grades PreK-12","All Races","Both Genders",3256,697,"21.4066339000                 ",2559,"78.5933660900                 "
"2002","47161","01","2303","0060","04","Elem      ","N","Greenfield","Edgewood El","Grades PreK-12","All Races","Both Genders",245,57,"23.2653061200                 ",188,"76.7346938700                 "
"2002","47162","01","2303","0080","04","Elem      ","N","Greenfield","Elm Dale El","Grades PreK-12","All Races","Both Genders",408,88,"21.5686274500                 ",320,"78.4313725400                 "
"2002","47163","01","2303","0100","04","Elem      ","N","Greenfield","Glenwood El","Grades PreK-12","All Races","Both Genders",251,90,"35.8565737000                 ",161,"64.1434262900                 "
"2002","47164","01","2303","0120","04","High      ","N","Greenfield","Greenfield Hi","Grades PreK-12","All Races","Both Genders",1160,179,"15.4310344800                 ",981,"84.5689655100                 "
"2002","46452","01","2303","0130","04","Mid/Jr Hi ","N","Greenfield","Greenfield Mid","Grades PreK-12","All Races","Both Genders",756,169,"22.3544973500                 ",587,"77.6455026400                 "
"2002","47165","01","2303","0160","04","Elem      ","N","Greenfield","Maple Grove El","Grades PreK-12","All Races","Both Genders",436,114,"26.1467889900                 ",322,"73.8532110000                 "
"2002","49746","01","2303","9200","4C","Mid/Jr Hi ","Y","Greenfield","Passage Middle School","Grades PreK-12","All Races","Both Genders",0,0,"--                            ",0,"--                            "
"2002","48054","01","2420","","03","Elem      ","N","Hamilton","","Elementary School Type/ Prek-12","All Races","Both Genders",1907,104,"5.4535920200                  ",1803,"94.5464079700                 "
"2002","48054","01","2420","","03","Mid/Jr Hi ","N","Hamilton","","Middle/Junior High School Type/ Prek-12","All Races","Both Genders",871,72,"8.2663605000                  ",799,"91.7336394900                 "
"2002","48054","01","2420","","03","High      ","N","Hamilton","","High School Type/ PreK-12","All Races","Both Genders",1143,55,"4.8118985100                  ",1088,"95.1881014800                 "
"2002","48054","01","2420","","03","El/Sec    ","N","Hamilton","","Combined Elementary/Secondary School Type/ Prek-12","All Races","Both Genders",0,0,"--                            ",0,"--                            "
"2002","48054","01","2420","","03","Summary   ","N","Hamilton","","Grades PreK-12","All Races","Both Genders",3921,231,"5.8913542400                  ",3690,"94.1086457500                 "
"2002","46148","01","2420","0040","04","High      ","N","Hamilton","Hamilton Hi","Grades PreK-12","All Races","Both Genders",1143,55,"4.8118985100                  ",1088,"95.1881014800                 "
"2002","46300","01","2420","0060","04","Elem      ","N","Hamilton","Lannon El","Grades PreK-12","All Races","Both Genders",305,23,"7.5409836000                  ",282,"92.4590163900                 "
"2002","46149","01","2420","0100","04","Elem      ","N","Hamilton","Maple Avenue El","Grades PreK-12","All Races","Both Genders",490,43,"8.7755102000                  ",447,"91.2244897900                 "
"2002","49380","01","2420","0120","04","Elem      ","N","Hamilton","Marcy El","Grades PreK-12","All Races","Both Genders",377,12,"3.1830238700                  ",365,"96.8169761200                 "
"2002","46150","01","2420","0130","04","Mid/Jr Hi ","N","Hamilton","Templeton Mid","Grades PreK-12","All Races","Both Genders",871,72,"8.2663605000                  ",799,"91.7336394900                 "
"2002","46979","01","2420","0140","04","Elem      ","N","Hamilton","Willow Springs Learning Center","Grades PreK-12","All Races","Both Genders",215,,"",,""
"2002","49018","01","2420","0150","04","Elem      ","N","Hamilton","Woodside El","Grades PreK-12","All Races","Both Genders",520,26,"5.0000000000                  ",494,"95.0000000000                 "
"2002","49714","01","2420","9200","04","Mid/Jr Hi ","Y","Hamilton","Passage Middle School","Grades PreK-12","All Races","Both Genders",0,0,"--                            ",0,"--                            "
"2002","48260","01","2450","","03","Elem      ","N","Arrowhead UHS","","Elementary School Type/ Prek-12","All Races","Both Genders",0,0,"--                            ",0,"--                            "
"2002","48260","01","2450","","03","Mid/Jr Hi ","N","Arrowhead UHS","","Middle/Junior High School Type/ Prek-12","All Races","Both Genders",0,0,"--                            ",0,"--                            "
"2002","48260","01","2450","","03","High      ","N","Arrowhead UHS","","High School Type/ PreK-12","All Races","Both Genders",2039,,"",,""
"2002","48260","01","2450","","03","El/Sec    ","N","Arrowhead UHS","","Combined Elementary/Secondary School Type/ Prek-12","All Races","Both Genders",0,0,"--                            ",0,"--                            "
"2002","48260","01","2450","","03","Summary   ","N","Arrowhead UHS","","Grades PreK-12","All Races","Both Genders",2039,,"",,""
"2002","44877","01","2450","0020","04","High      ","N","Arrowhead UHS","Arrowhead Hi","Grades PreK-12","All Races","Both Genders",2039,,"",,""
"2002","48261","01","2460","","03","Elem      ","N","Hartland-Lakeside J3","","Elementary School Type/ Prek-12","All Races","Both Genders",778,48,"6.1696658000                  ",730,"93.8303341900                 "
"2002","48261","01","2460","","03","Mid/Jr Hi ","N","Hartland-Lakeside J3","","Middle/Junior High School Type/ Prek-12","All Races","Both Genders",542,27,"4.9815498100                  ",515,"95.0184501800                 "
"2002","48261","01","2460","","03","High      ","N","Hartland-Lakeside J3","","High School Type/ PreK-12","All Races","Both Genders",0,0,"--                            ",0,"--                            "
"2002","48261","01","2460","","03","El/Sec    ","N","Hartland-Lakeside J3","","Combined Elementary/Secondary School Type/ Prek-12","All Races","Both Genders",0,0,"--                            ",0,"--                            "
"2002","48261","01","2460","","03","Summary   ","N","Hartland-Lakeside J3","","Grades PreK-12","All Races","Both Genders",1320,75,"5.6818181800                  ",1245,"94.3181818100                 "
"2002","44878","01","2460","0020","04","Elem      ","N","Hartland-Lakeside J3","North El","Grades PreK-12","All Races","Both Genders",317,15,"4.7318611900                  ",302,"95.2681388000                 "
"2002","44879","01","2460","0040","04","Elem      ","N","Hartland-Lakeside J3","South El","Grades PreK-12","All Races","Both Genders",461,33,"7.1583514000                  ",428,"92.8416485900                 "
"2002","48009","01","2460","0100","04","Mid/Jr Hi ","N","Hartland-Lakeside J3","North Shore Mid","Grades PreK-12","All Races","Both Genders",542,27,"4.9815498100                  ",515,"95.0184501800                 "
"2002","48079","01","2793","","03","Elem      ","N","Kenosha","","Elementary School Type/ Prek-12","All Races","Both Genders",9994,4032,"40.3442065200                 ",5962,"59.6557934700                 "
"2002","48079","01","2793","","03","Mid/Jr Hi ","N","Kenosha","","Middle/Junior High School Type/ Prek-12","All Races","Both Genders",4671,13,"0.2783129900                  ",4658,"99.7216870000                 "
"2002","48079","01","2793","","03","Mid/Jr Hi ","N","Kenosha","","Middle/Junior High School Type/ Prek-12","All Races","Both Genders",4671,1455,"31.1496467500                 ",3216,"68.8503532400                 "
"2002","48079","01","2793","","03","High      ","N","Kenosha","","High School Type/ PreK-12","All Races","Both Genders",5888,1427,"24.2357336900                 ",4461,"75.7642663000                 "
"2002","48079","01","2793","","03","El/Sec    ","N","Kenosha","","Combined Elementary/Secondary School Type/ Prek-12","All Races","Both Genders",0,0,"--                            ",0,"--                            "
"2002","48079","01","2793","","03","Summary   ","N","Kenosha","","Grades PreK-12","All Races","Both Genders",20553,6927,"33.7031090300                 ",13626,"66.2968909600                 "
"2002","46230","01","2793","0020","04","Elem      ","N","Kenosha","Bain El","Grades PreK-12","All Races","Both Genders",313,176,"56.2300319400                 ",137,"43.7699680500                 "
"2002","46231","01","2793","0050","04","Elem      ","N","Kenosha","Bose El","Grades PreK-12","All Races","Both Genders",342,154,"45.0292397600                 ",188,"54.9707602300                 "
"2002","46261","01","2793","0060","04","High      ","N","Kenosha","Bradford Hi","Grades PreK-12","All Races","Both Genders",2016,551,"27.3313492000                 ",1465,"72.6686507900                 "
"2002","48017","01","2793","0065","04","Elem      ","Y","Kenosha","Brompton School","Grades PreK-12","All Races","Both Genders",109,13,"11.9266055000                 ",96,"88.0733944900                 "
"2002","46232","01","2793","0070","04","Mid/Jr Hi ","N","Kenosha","Bullen Mid","Grades PreK-12","All Races","Both Genders",968,239,"24.6900826400                 ",729,"75.3099173500                 "
"2002","46233","01","2793","0100","04","Elem      ","N","Kenosha","Columbus El","Grades PreK-12","All Races","Both Genders",228,161,"70.6140350800                 ",67,"29.3859649100                 "
"2002","49014","01","2793","0110","04","Elem      ","N","Kenosha","Kenosha School of Language","Grades PreK-12","All Races","Both Genders",351,237,"67.5213675200                 ",114,"32.4786324700                 "
"2002","46234","01","2793","0120","04","Elem      ","N","Kenosha","Durkee El","Grades PreK-12","All Races","Both Genders",172,123,"71.5116279000                 ",49,"28.4883720900                 "
"2002","49314","01","2793","0130","04","Elem      ","Y","Kenosha","Dimensions of Learning Academy","Grades PreK-12","All Races","Both Genders",193,22,"11.3989637300                 ",171,"88.6010362600                 "
"2002","46235","01","2793","0140","04","Elem      ","N","Kenosha","Forest Park El","Grades PreK-12","All Races","Both Genders",475,93,"19.5789473600                 ",382,"80.4210526300                 "
"2002","46236","01","2793","0160","04","Elem      ","N","Kenosha","Frank El","Grades PreK-12","All Races","Both Genders",382,369,"96.5968586300                 ",13,"3.4031413600                  "
"2002","46238","01","2793","0180","04","Elem      ","N","Kenosha","Grant El","Grades PreK-12","All Races","Both Genders",300,127,"42.3333333300                 ",173,"57.6666666600                 "
"2002","46239","01","2793","0220","04","Elem      ","N","Kenosha","Grewenow El","Grades PreK-12","All Races","Both Genders",330,102,"30.9090909000                 ",228,"69.0909090900                 "
"2002","46240","01","2793","0240","04","Elem      ","N","Kenosha","Harvey El","Grades PreK-12","All Races","Both Genders",395,122,"30.8860759400                 ",273,"69.1139240500                 "
"2002","46241","01","2793","0250","04","Elem      ","N","Kenosha","Head Start PK","Grades PreK-12","All Races","Both Genders",383,391,"102.0887728400                ",-8,"-2.0887728400                 "
"2002","46262","01","2793","0280","04","High      ","N","Kenosha","Hillcrest Hi","Grades PreK-12","All Races","Both Genders",71,36,"50.7042253500                 ",35,"49.2957746400                 "
"2002","46242","01","2793","0300","04","Elem      ","N","Kenosha","Jefferson El","Grades PreK-12","All Races","Both Genders",334,247,"73.9520958000                 ",87,"26.0479041900                 "
"2002","46243","01","2793","0310","04","Elem      ","N","Kenosha","Jeffery El","Grades PreK-12","All Races","Both Genders",380,66,"17.3684210500                 ",314,"82.6315789400                 "
"2002","46244","01","2793","0320","04","Mid/Jr Hi ","N","Kenosha","Lance Mid","Grades PreK-12","All Races","Both Genders",1075,120,"11.1627906900                 ",955,"88.8372093000                 "
"2002","48018","01","2793","0330","04","Mid/Jr Hi ","Y","Kenosha","Paideia Academy","Grades PreK-12","All Races","Both Genders",73,13,"17.8082191700                 ",60,"82.1917808200                 "
"2002","46245","01","2793","0340","04","Elem      ","N","Kenosha","Lincoln El","Grades PreK-12","All Races","Both Genders",284,231,"81.3380281600                 ",53,"18.6619718300                 "
"2002","46246","01","2793","0360","04","Mid/Jr Hi ","N","Kenosha","Lincoln Mid","Grades PreK-12","All Races","Both Genders",920,363,"39.4565217300                 ",557,"60.5434782600                 "
"2002","46247","01","2793","0380","04","Elem      ","N","Kenosha","McKinley El","Grades PreK-12","All Races","Both Genders",276,152,"55.0724637600                 ",124,"44.9275362300                 "
"2002","46248","01","2793","0400","04","Mid/Jr Hi ","N","Kenosha","McKinley Mid","Grades PreK-12","All Races","Both Genders",867,320,"36.9088811900                 ",547,"63.0911188000                 "
"2002","49438","01","2793","0405","04","High      ","N","Kenosha","Kenosha House of Corrections","Grades PreK-12","All Races","Both Genders",24,,"",,""
"2002","48040","01","2793","0410","04","High      ","N","Kenosha","Indian Trail Academy","Grades PreK-12","All Races","Both Genders",974,291,"29.8767967100                 ",683,"70.1232032800                 "
"2002","46250","01","2793","0420","04","Elem      ","N","Kenosha","Pleasant Prairie El","Grades PreK-12","All Races","Both Genders",627,89,"14.1945773500                 ",538,"85.8054226400                 "
"2002","46251","01","2793","0440","04","Elem      ","N","Kenosha","Prairie Lane El","Grades PreK-12","All Races","Both Genders",345,79,"22.8985507200                 ",266,"77.1014492700                 "
"2002","46252","01","2793","0450","04","High      ","N","Kenosha","Reuther Central Hi","Grades PreK-12","All Races","Both Genders",471,223,"47.3460721800                 ",248,"52.6539278100                 "
"2002","49358","01","2793","0460","04","Elem      ","N","Kenosha","Roosevelt El","Grades PreK-12","All Races","Both Genders",391,83,"21.2276214800                 ",308,"78.7723785100                 "
"2002","48045","01","2793","0480","04","High      ","N","Kenosha","Lakeview Technology Academy","Grades PreK-12","All Races","Both Genders",244,33,"13.5245901600                 ",211,"86.4754098300                 "
"2002","46344","01","2793","0500","04","Elem      ","N","Kenosha","Somers El","Grades PreK-12","All Races","Both Genders",562,77,"13.7010676100                 ",485,"86.2989323800                 "
"2002","46253","01","2793","0520","04","Elem      ","N","Kenosha","Southport El","Grades PreK-12","All Races","Both Genders",455,94,"20.6593406500                 ",361,"79.3406593400                 "
"2002","46263","01","2793","0530","04","Elem      ","N","Kenosha","Stocker El","Grades PreK-12","All Races","Both Genders",576,117,"20.3125000000                 ",459,"79.6875000000                 "
"2002","46254","01","2793","0540","04","Elem      ","N","Kenosha","Strange El","Grades PreK-12","All Races","Both Genders",444,255,"57.4324324300                 ",189,"42.5675675600                 "
"2002","46255","01","2793","0580","04","High      ","N","Kenosha","Tremper Hi","Grades PreK-12","All Races","Both Genders",2088,293,"14.0325670400                 ",1795,"85.9674329500                 "
"2002","46256","01","2793","0600","04","Elem      ","N","Kenosha","Vernon El","Grades PreK-12","All Races","Both Genders",579,228,"39.3782383400                 ",351,"60.6217616500                 "
"2002","46257","01","2793","0640","04","Mid/Jr Hi ","N","Kenosha","Washington Mid","Grades PreK-12","All Races","Both Genders",768,413,"53.7760416600                 ",355,"46.2239583300                 "
"2002","46258","01","2793","0680","04","Elem      ","N","Kenosha","Whittier El","Grades PreK-12","All Races","Both Genders",539,57,"10.5751391400                 ",482,"89.4248608500                 "
"2002","46259","01","2793","0700","04","Elem      ","N","Kenosha","Wilson/Marva Collins El","Grades PreK-12","All Races","Both Genders",229,167,"72.9257641900                 ",62,"27.0742358000                 "
"2002","48055","01","3122","","03","Elem      ","N","Richmond","","Elementary School Type/ Prek-12","All Races","Both Genders",404,2,"0.4950495000                  ",402,"99.5049504900                 "
"2002","48055","01","3122","","03","Mid/Jr Hi ","N","Richmond","","Middle/Junior High School Type/ Prek-12","All Races","Both Genders",0,0,"--                            ",0,"--                            "
"2002","48055","01","3122","","03","High      ","N","Richmond","","High School Type/ PreK-12","All Races","Both Genders",0,0,"--                            ",0,"--                            "
"2002","48055","01","3122","","03","El/Sec    ","N","Richmond","","Combined Elementary/Secondary School Type/ Prek-12","All Races","Both Genders",0,0,"--                            ",0,"--                            "
"2002","48055","01","3122","","03","Summary   ","N","Richmond","","Grades PreK-12","All Races","Both Genders",404,2,"0.4950495000                  ",402,"99.5049504900                 "
"2002","46151","01","3122","0020","04","Elem      ","N","Richmond","Richmond El","Grades PreK-12","All Races","Both Genders",404,2,"0.4950495000                  ",402,"99.5049504900                 "
"2002","48272","01","3437","","03","Elem      ","N","Menomonee Falls","","Elementary School Type/ Prek-12","All Races","Both Genders",1859,206,"11.0812264600                 ",1653,"88.9187735300                 "
"2002","48272","01","3437","","03","Mid/Jr Hi ","N","Menomonee Falls","","Middle/Junior High School Type/ Prek-12","All Races","Both Genders",1313,34,"2.5894897100                  ",1279,"97.4105102800                 "
"2002","48272","01","3437","","03","Mid/Jr Hi ","N","Menomonee Falls","","Middle/Junior High School Type/ Prek-12","All Races","Both Genders",1313,50,"3.8080731100                  ",1263,"96.1919268800                 "
"2002","48272","01","3437","","03","High      ","N","Menomonee Falls","","High School Type/ PreK-12","All Races","Both Genders",1050,43,"4.0952380900                  ",1007,"95.9047619000                 "
"2002","48272","01","3437","","03","El/Sec    ","N","Menomonee Falls","","Combined Elementary/Secondary School Type/ Prek-12","All Races","Both Genders",0,0,"--                            ",0,"--                            "
"2002","48272","01","3437","","03","Summary   ","N","Menomonee Falls","","Grades PreK-12","All Races","Both Genders",4222,333,"7.8872572200                  ",3889,"92.1127427700                 "
"2002","46980","01","3437","0040","04","Elem      ","N","Menomonee Falls","Benjamin Franklin El","Grades PreK-12","All Races","Both Genders",801,53,"6.6167290800                  ",748,"93.3832709100                 "
"2002","44925","01","3437","0065","04","Elem      ","N","Menomonee Falls","Riverside El","Grades PreK-12","All Races","Both Genders",343,74,"21.5743440200                 ",269,"78.4256559700                 "
"2002","44926","01","3437","0085","04","Elem      ","N","Menomonee Falls","Valley View El","Grades PreK-12","All Races","Both Genders",365,43,"11.7808219100                 ",322,"88.2191780800                 "
"2002","46981","01","3437","0110","04","High      ","N","Menomonee Falls","Menomonee Falls Hi","Grades PreK-12","All Races","Both Genders",1050,43,"4.0952380900                  ",1007,"95.9047619000                 "
"2002","46982","01","3437","0120","04","Mid/Jr Hi ","N","Menomonee Falls","North Junior High School Campus","Grades PreK-12","All Races","Both Genders",655,34,"5.1908396900                  ",621,"94.8091603000                 "
"2002","46983","01","3437","0200","04","Elem      ","N","Menomonee Falls","Shady Lane El","Grades PreK-12","All Races","Both Genders",350,36,"10.2857142800                 ",314,"89.7142857100                 "
"2002","46984","01","3437","0220","04","Mid/Jr Hi ","N","Menomonee Falls","Thomas Jefferson Mid","Grades PreK-12","All Races","Both Genders",658,50,"7.5987841900                  ",608,"92.4012158000                 "
"2002","49758","01","3437","9200","4C","Mid/Jr Hi ","Y","Menomonee Falls","Passage Middle School","Grades PreK-12","All Races","Both Genders",0,0,"--                            ",0,"--                            "
"2002","48058","01","3479","","03","Elem      ","N","Mequon-Thiensville","","Elementary School Type/ Prek-12","All Races","Both Genders",1552,75,"4.8324742200                  ",1477,"95.1675257700                 "
"2002","48058","01","3479","","03","Mid/Jr Hi ","N","Mequon-Thiensville","","Middle/Junior High School Type/ Prek-12","All Races","Both Genders",1005,52,"5.1741293500                  ",953,"94.8258706400                 "
"2002","48058","01","3479","","03","High      ","N","Mequon-Thiensville","","High School Type/ PreK-12","All Races","Both Genders",1583,14,"0.8843967100                  ",1569,"99.1156032800                 "
"2002","48058","01","3479","","03","El/Sec    ","N","Mequon-Thiensville","","Combined Elementary/Secondary School Type/ Prek-12","All Races","Both Genders",0,0,"--                            ",0,"--                            "
"2002","48058","01","3479","","03","Summary   ","N","Mequon-Thiensville","","Grades PreK-12","All Races","Both Genders",4140,141,"3.4057971000                  ",3999,"96.5942028900                 "
"2002","46153","01","3479","0020","04","Elem      ","N","Mequon-Thiensville","Donges Bay El","Grades PreK-12","All Races","Both Genders",412,11,"2.6699029100                  ",401,"97.3300970800                 "
"2002","46154","01","3479","0060","04","High      ","N","Mequon-Thiensville","Homestead Hi","Grades PreK-12","All Races","Both Genders",1583,14,"0.8843967100                  ",1569,"99.1156032800                 "
"2002","46155","01","3479","0080","04","Mid/Jr Hi ","N","Mequon-Thiensville","Lake Shore Mid","Grades PreK-12","All Races","Both Genders",488,20,"4.0983606500                  ",468,"95.9016393400                 "
"2002","46172","01","3479","0100","04","Elem      ","N","Mequon-Thiensville","Oriole Lane El","Grades PreK-12","All Races","Both Genders",319,23,"7.2100313400                  ",296,"92.7899686500                 "
"2002","49353","01","3479","0120","04","Elem      ","N","Mequon-Thiensville","Range Line El","Grades PreK-12","All Races","Both Genders",353,15,"4.2492917800                  ",338,"95.7507082100                 "
"2002","46156","01","3479","0140","04","Mid/Jr Hi ","N","Mequon-Thiensville","Steffen Mid","Grades PreK-12","All Races","Both Genders",517,32,"6.1895551200                  ",485,"93.8104448700                 "
"2002","46157","01","3479","0160","04","Elem      ","N","Mequon-Thiensville","Wilson El","Grades PreK-12","All Races","Both Genders",468,26,"5.5555555500                  ",442,"94.4444444400                 "
"2002","48262","01","3510","","03","Elem      ","N","Swallow","","Elementary School Type/ Prek-12","All Races","Both Genders",362,2,"0.5524861800                  ",360,"99.4475138100                 "
"2002","48262","01","3510","","03","Mid/Jr Hi ","N","Swallow","","Middle/Junior High School Type/ Prek-12","All Races","Both Genders",0,0,"--                            ",0,"--                            "
"2002","48262","01","3510","","03","High      ","N","Swallow","","High School Type/ PreK-12","All Races","Both Genders",0,0,"--                            ",0,"--                            "
"2002","48262","01","3510","","03","El/Sec    ","N","Swallow","","Combined Elementary/Secondary School Type/ Prek-12","All Races","Both Genders",0,0,"--                            ",0,"--                            "
"2002","48262","01","3510","","03","Summary   ","N","Swallow","","Grades PreK-12","All Races","Both Genders",362,2,"0.5524861800                  ",360,"99.4475138100                 "
"2002","44880","01","3510","0020","04","Elem      ","N","Swallow","Swallow El","Grades PreK-12","All Races","Both Genders",362,2,"0.5524861800                  ",360,"99.4475138100                 "
"2002","48089","01","3514","","03","Elem      ","N","North Lake","","Elementary School Type/ Prek-12","All Races","Both Genders",394,,"",,""
"2002","48089","01","3514","","03","Mid/Jr Hi ","N","North Lake","","Middle/Junior High School Type/ Prek-12","All Races","Both Genders",0,0,"--                            ",0,"--                            "
"2002","48089","01","3514","","03","High      ","N","North Lake","","High School Type/ PreK-12","All Races","Both Genders",0,0,"--                            ",0,"--                            "
"2002","48089","01","3514","","03","El/Sec    ","N","North Lake","","Combined Elementary/Secondary School Type/ Prek-12","All Races","Both Genders",0,0,"--                            ",0,"--                            "
"2002","48089","01","3514","","03","Summary   ","N","North Lake","","Grades PreK-12","All Races","Both Genders",394,,"",,""
"2002","46311","01","3514","0020","04","Elem      ","N","North Lake","North Lake El","Grades PreK-12","All Races","Both Genders",394,,"",,""
"2002","48273","01","3528","","03","Elem      ","N","Merton Community","","Elementary School Type/ Prek-12","All Races","Both Genders",840,24,"2.8571428500                  ",816,"97.1428571400                 "
"2002","48273","01","3528","","03","Mid/Jr Hi ","N","Merton Community","","Middle/Junior High School Type/ Prek-12","All Races","Both Genders",0,0,"--                            ",0,"--                            "
"2002","48273","01","3528","","03","High      ","N","Merton Community","","High School Type/ PreK-12","All Races","Both Genders",0,0,"--                            ",0,"--                            "
"2002","48273","01","3528","","03","El/Sec    ","N","Merton Community","","Combined Elementary/Secondary School Type/ Prek-12","All Races","Both Genders",0,0,"--                            ",0,"--                            "
"2002","48273","01","3528","","03","Summary   ","N","Merton Community","","Grades PreK-12","All Races","Both Genders",840,24,"2.8571428500                  ",816,"97.1428571400                 "
"2002","46985","01","3528","0020","04","Elem      ","N","Merton Community","Merton Intermediate","Grades PreK-12","All Races","Both Genders",532,16,"3.0075187900                  ",516,"96.9924812000                 "
"2002","48001","01","3528","0040","04","Elem      ","N","Merton Community","Merton Primary","Grades PreK-12","All Races","Both Genders",308,8,"2.5974025900                  ",300,"97.4025974000                 "
"2002","48091","01","3542","","03","Elem      ","N","Stone Bank","","Elementary School Type/ Prek-12","All Races","Both Genders",315,2,"0.6349206300                  ",313,"99.3650793600                 "
"2002","48091","01","3542","","03","Mid/Jr Hi ","N","Stone Bank","","Middle/Junior High School Type/ Prek-12","All Races","Both Genders",0,0,"--                            ",0,"--                            "
"2002","48091","01","3542","","03","High      ","N","Stone Bank","","High School Type/ PreK-12","All Races","Both Genders",0,0,"--                            ",0,"--                            "
"2002","48091","01","3542","","03","El/Sec    ","N","Stone Bank","","Combined Elementary/Secondary School Type/ Prek-12","All Races","Both Genders",0,0,"--                            ",0,"--                            "
"2002","48091","01","3542","","03","Summary   ","N","Stone Bank","","Grades PreK-12","All Races","Both Genders",315,2,"0.6349206300                  ",313,"99.3650793600                 "
"2002","46315","01","3542","0020","04","Elem      ","N","Stone Bank","Stone Bank El","Grades PreK-12","All Races","Both Genders",315,2,"0.6349206300                  ",313,"99.3650793600                 "
"2002","48109","01","3619","","03","Elem      ","N","Milwaukee","","Elementary School Type/ Prek-12","All Races","Both Genders",54551,41311,"75.7291342000                 ",13240,"24.2708657900                 "
"2002","48109","01","3619","","03","Mid/Jr Hi ","N","Milwaukee","","Middle/Junior High School Type/ Prek-12","All Races","Both Genders",17015,13311,"78.2309726700                 ",3704,"21.7690273200                 "
"2002","48109","01","3619","","03","High      ","N","Milwaukee","","High School Type/ PreK-12","All Races","Both Genders",23655,13988,"59.1333756000                 ",9667,"40.8666243900                 "
"2002","48109","01","3619","","03","El/Sec    ","N","Milwaukee","","Combined Elementary/Secondary School Type/ Prek-12","All Races","Both Genders",2541,949,"37.3475009800                 ",1592,"62.6524990100                 "
"2002","48109","01","3619","","03","Summary   ","N","Milwaukee","","Grades PreK-12","All Races","Both Genders",97762,69559,"71.1513676000                 ",28203,"28.8486323900                 "
"2002","47123","01","3619","0003","04","High      ","Y","Milwaukee","Juneau Hi","Grades PreK-12","All Races","Both Genders",851,570,"66.9800235000                 ",281,"33.0199764900                 "
"2002","46396","01","3619","0006","04","Mid/Jr Hi ","N","Milwaukee","Lincoln Middle School of the Arts","Grades PreK-12","All Races","Both Genders",820,644,"78.5365853600                 ",176,"21.4634146300                 "
"2002","46433","01","3619","0008","04","High      ","N","Milwaukee","Marshall Hi","Grades PreK-12","All Races","Both Genders",1347,928,"68.8938381500                 ",419,"31.1061618400                 "
"2002","46402","01","3619","0012","04","High      ","N","Milwaukee","Bay View Hi","Grades PreK-12","All Races","Both Genders",1687,1045,"61.9442797800                 ",642,"38.0557202100                 "
"2002","47074","01","3619","0014","04","High      ","N","Milwaukee","Milwaukee Trade & Tech Hi","Grades PreK-12","All Races","Both Genders",1527,942,"61.6895874200                 ",585,"38.3104125700                 "
"2002","47102","01","3619","0016","04","High      ","N","Milwaukee","Custer Hi","Grades PreK-12","All Races","Both Genders",1031,787,"76.3336566400                 ",244,"23.6663433500                 "
"2002","47166","01","3619","0018","04","High      ","N","Milwaukee","Hamilton Hi","Grades PreK-12","All Races","Both Genders",1912,840,"43.9330543900                 ",1072,"56.0669456000                 "
"2002","47103","01","3619","0020","04","High      ","N","Milwaukee","King Hi","Grades PreK-12","All Races","Both Genders",1404,552,"39.3162393100                 ",852,"60.6837606800                 "
"2002","47149","01","3619","0022","04","High      ","N","Milwaukee","Madison Hi","Grades PreK-12","All Races","Both Genders",1460,1108,"75.8904109500                 ",352,"24.1095890400                 "
"2002","47980","01","3619","0023","04","High      ","N","Milwaukee","Milwaukee School of Entrepreneurship","Grades PreK-12","All Races","Both Genders",168,113,"67.2619047600                 ",55,"32.7380952300                 "
"2002","47090","01","3619","0024","04","High      ","N","Milwaukee","North Division Hi","Grades PreK-12","All Races","Both Genders",929,762,"82.0236813700                 ",167,"17.9763186200                 "
"2002","47140","01","3619","0026","04","High      ","N","Milwaukee","Pulaski Hi","Grades PreK-12","All Races","Both Genders",1618,1070,"66.1310259500                 ",548,"33.8689740400                 "
"2002","47981","01","3619","0027","04","High      ","N","Milwaukee","New School for Community Services","Grades PreK-12","All Races","Both Genders",121,73,"60.3305785100                 ",48,"39.6694214800                 "
"2002","46423","01","3619","0029","04","High      ","N","Milwaukee","Riverside Hi","Grades PreK-12","All Races","Both Genders",1488,806,"54.1666666600                 ",682,"45.8333333300                 "
"2002","47075","01","3619","0032","04","High      ","N","Milwaukee","South Division Hi","Grades PreK-12","All Races","Both Genders",1586,1349,"85.0567465300                 ",237,"14.9432534600                 "
"2002","49385","01","3619","0033","04","High      ","N","Milwaukee","Vincent Hi","Grades PreK-12","All Races","Both Genders",1525,1063,"69.7049180300                 ",462,"30.2950819600                 "
"2002","46418","01","3619","0035","04","High      ","N","Milwaukee","Washington Hi","Grades PreK-12","All Races","Both Genders",1617,1209,"74.7680890500                 ",408,"25.2319109400                 "
"2002","47202","01","3619","0038","04","High      ","N","Milwaukee","Milwaukee High School of the Arts","Grades PreK-12","All Races","Both Genders",925,389,"42.0540540500                 ",536,"57.9459459400                 "
"2002","47141","01","3619","0041","04","Mid/Jr Hi ","Y","Milwaukee","Audubon Mid","Grades PreK-12","All Races","Both Genders",946,680,"71.8816067600                 ",266,"28.1183932300                 "
"2002","47167","01","3619","0044","04","Mid/Jr Hi ","N","Milwaukee","Bell Mid","Grades PreK-12","All Races","Both Genders",885,643,"72.6553672300                 ",242,"27.3446327600                 "
"2002","47172","01","3619","0045","04","Mid/Jr Hi ","N","Milwaukee","Burroughs Mid","Grades PreK-12","All Races","Both Genders",913,765,"83.7897042700                 ",148,"16.2102957200                 "
"2002","47104","01","3619","0047","04","Mid/Jr Hi ","N","Milwaukee","Edison Mid","Grades PreK-12","All Races","Both Genders",779,671,"86.1360718800                 ",108,"13.8639281100                 "
"2002","46432","01","3619","0048","04","Mid/Jr Hi ","N","Milwaukee","Malcolm X Academy","Grades PreK-12","All Races","Both Genders",642,589,"91.7445482800                 ",53,"8.2554517100                  "
"2002","46403","01","3619","0049","04","Mid/Jr Hi ","Y","Milwaukee","Fritsche Mid","Grades PreK-12","All Races","Both Genders",1040,680,"65.3846153800                 ",360,"34.6153846100                 "
"2002","47076","01","3619","0050","04","Mid/Jr Hi ","N","Milwaukee","Kosciuszko Mid","Grades PreK-12","All Races","Both Genders",747,697,"93.3065595700                 ",50,"6.6934404200                  "
"2002","47203","01","3619","0051","04","Mid/Jr Hi ","N","Milwaukee","Grand Ave Mid","Grades PreK-12","All Races","Both Genders",740,652,"88.1081081000                 ",88,"11.8918918900                 "
"2002","47183","01","3619","0052","04","Mid/Jr Hi ","N","Milwaukee","Morse Mid","Grades PreK-12","All Races","Both Genders",1109,641,"57.7998196500                 ",468,"42.2001803400                 "
"2002","47150","01","3619","0053","04","Mid/Jr Hi ","N","Milwaukee","Muir Mid","Grades PreK-12","All Races","Both Genders",892,741,"83.0717488700                 ",151,"16.9282511200                 "
"2002","47982","01","3619","0054","04","Mid/Jr Hi ","N","Milwaukee","Milwaukee Village Sch","Grades PreK-12","All Races","Both Genders",135,127,"94.0740740700                 ",8,"5.9259259200                  "
"2002","47091","01","3619","0055","04","Mid/Jr Hi ","N","Milwaukee","Douglas Community Academy","Grades PreK-12","All Races","Both Genders",642,579,"90.1869158800                 ",63,"9.8130841100                  "
"2002","46434","01","3619","0056","04","Mid/Jr Hi ","N","Milwaukee","Robinson Mid","Grades PreK-12","All Races","Both Genders",493,439,"89.0466531400                 ",54,"10.9533468500                 "
"2002","47083","01","3619","0059","04","Mid/Jr Hi ","N","Milwaukee","Roosevelt Mid","Grades PreK-12","All Races","Both Genders",734,379,"51.6348773800                 ",355,"48.3651226100                 "
"2002","46453","01","3619","0060","04","Mid/Jr Hi ","N","Milwaukee","Sholes Mid","Grades PreK-12","All Races","Both Genders",817,708,"86.6585067300                 ",109,"13.3414932600                 "
"2002","47204","01","3619","0061","04","Mid/Jr Hi ","N","Milwaukee","Sarah Scott Mid","Grades PreK-12","All Races","Both Genders",745,639,"85.7718120800                 ",106,"14.2281879100                 "
"2002","46419","01","3619","0062","04","Mid/Jr Hi ","N","Milwaukee","Steuben Mid","Grades PreK-12","All Races","Both Genders",874,752,"86.0411899300                 ",122,"13.9588100600                 "
"2002","47142","01","3619","0065","04","Mid/Jr Hi ","Y","Milwaukee","Walker International Mid","Grades PreK-12","All Races","Both Genders",814,802,"98.5257985200                 ",12,"1.4742014700                  "
"2002","47173","01","3619","0066","04","Mid/Jr Hi ","N","Milwaukee","Webster Mid","Grades PreK-12","All Races","Both Genders",899,742,"82.5361512700                 ",157,"17.4638487200                 "
"2002","47113","01","3619","0067","04","Mid/Jr Hi ","N","Milwaukee","Milwaukee Education Center","Grades PreK-12","All Races","Both Genders",883,741,"83.9184597900                 ",142,"16.0815402000                 "
"2002","46459","01","3619","0071","04","El/Sec    ","N","Milwaukee","Milwaukee School of Languages","Grades PreK-12","All Races","Both Genders",950,481,"50.6315789400                 ",469,"49.3684210500                 "
"2002","47077","01","3619","0073","04","Elem      ","N","Milwaukee","Allen-Field El","Grades PreK-12","All Races","Both Genders",910,880,"96.7032967000                 ",30,"3.2967032900                  "
"2002","47198","01","3619","0075","04","Elem      ","N","Milwaukee","Alcott El","Grades PreK-12","All Races","Both Genders",326,175,"53.6809815900                 ",151,"46.3190184000                 "
"2002","47092","01","3619","0077","04","Elem      ","N","Milwaukee","Auer Avenue El","Grades PreK-12","All Races","Both Genders",542,486,"89.6678966700                 ",56,"10.3321033200                 "
"2002","47174","01","3619","0081","04","Elem      ","N","Milwaukee","Barton El","Grades PreK-12","All Races","Both Genders",473,384,"81.1839323400                 ",89,"18.8160676500                 "
"2002","47114","01","3619","0083","04","Elem      ","N","Milwaukee","Dr Martin Luther King Jr El","Grades PreK-12","All Races","Both Genders",425,402,"94.5882352900                 ",23,"5.4117647000                  "
"2002","47084","01","3619","0089","04","Elem      ","N","Milwaukee","Brown Street El","Grades PreK-12","All Races","Both Genders",614,554,"90.2280130200                 ",60,"9.7719869700                  "
"2002","47151","01","3619","0092","04","Elem      ","N","Milwaukee","Browning El","Grades PreK-12","All Races","Both Genders",412,354,"85.9223300900                 ",58,"14.0776699000                 "
"2002","47178","01","3619","0093","04","Elem      ","N","Milwaukee","Bruce El","Grades PreK-12","All Races","Both Genders",395,334,"84.5569620200                 ",61,"15.4430379700                 "
"2002","47184","01","3619","0094","04","Elem      ","N","Milwaukee","Bryant El","Grades PreK-12","All Races","Both Genders",415,362,"87.2289156600                 ",53,"12.7710843300                 "
"2002","47132","01","3619","0095","04","Elem      ","N","Milwaukee","Burbank El","Grades PreK-12","All Races","Both Genders",503,372,"73.9562624200                 ",131,"26.0437375700                 "
"2002","46404","01","3619","0098","04","Elem      ","N","Milwaukee","Burdick El","Grades PreK-12","All Races","Both Genders",528,236,"44.6969696900                 ",292,"55.3030303000                 "
"2002","48020","01","3619","0100","04","Elem      ","N","Milwaukee","Starms Monumental","Grades PreK-12","All Races","Both Genders",39,,"",,""
"2002","47105","01","3619","0101","04","Elem      ","N","Milwaukee","Carleton El","Grades PreK-12","All Races","Both Genders",460,404,"87.8260869500                 ",56,"12.1739130400                 "
"2002","46397","01","3619","0104","04","Elem      ","N","Milwaukee","Cass Street El","Grades PreK-12","All Races","Both Genders",526,467,"88.7832699600                 ",59,"11.2167300300                 "
"2002","49015","01","3619","0108","04","Elem      ","N","Milwaukee","Benjamin Carson Academy of Science","Grades PreK-12","All Races","Both Genders",483,404,"83.6438923300                 ",79,"16.3561076600                 "
"2002","46420","01","3619","0110","04","Elem      ","N","Milwaukee","Clarke Street El","Grades PreK-12","All Races","Both Genders",462,431,"93.2900432900                 ",31,"6.7099567000                  "
"2002","46405","01","3619","0113","04","Elem      ","N","Milwaukee","Clement Avenue El","Grades PreK-12","All Races","Both Genders",394,240,"60.9137055800                 ",154,"39.0862944100                 "
"2002","46435","01","3619","0114","04","Elem      ","N","Milwaukee","Clemens El","Grades PreK-12","All Races","Both Genders",379,335,"88.3905013100                 ",44,"11.6094986800                 "
"2002","47152","01","3619","0116","04","Elem      ","N","Milwaukee","Congress El","Grades PreK-12","All Races","Both Genders",738,531,"71.9512195100                 ",207,"28.0487804800                 "
"2002","46454","01","3619","0117","04","Elem      ","N","Milwaukee","Cooper El","Grades PreK-12","All Races","Both Genders",283,163,"57.5971731400                 ",120,"42.4028268500                 "
"2002","47143","01","3619","0122","04","Elem      ","N","Milwaukee","Curtin El","Grades PreK-12","All Races","Both Genders",286,189,"66.0839160800                 ",97,"33.9160839100                 "
"2002","47144","01","3619","0125","04","Elem      ","N","Milwaukee","Doerfler El","Grades PreK-12","All Races","Both Genders",551,470,"85.2994555300                 ",81,"14.7005444600                 "
"2002","46436","01","3619","0127","04","Elem      ","N","Milwaukee","Douglass El","Grades PreK-12","All Races","Both Genders",244,223,"91.3934426200                 ",21,"8.6065573700                  "
"2002","48042","01","3619","0130","04","Elem      ","Y","Milwaukee","Westside II El","Grades PreK-12","All Races","Both Genders",429,404,"94.1724941700                 ",25,"5.8275058200                  "
"2002","46406","01","3619","0131","04","Elem      ","N","Milwaukee","Dover Street El","Grades PreK-12","All Races","Both Genders",386,306,"79.2746113900                 ",80,"20.7253886000                 "
"2002","47199","01","3619","0140","04","Elem      ","N","Milwaukee","Milwaukee French Immersion","Grades PreK-12","All Races","Both Genders",362,103,"28.4530386700                 ",259,"71.5469613200                 "
"2002","46460","01","3619","0143","04","Elem      ","N","Milwaukee","Eighty-First Street El","Grades PreK-12","All Races","Both Genders",452,344,"76.1061946900                 ",108,"23.8938053000                 "
"2002","46461","01","3619","0146","04","Elem      ","N","Milwaukee","Milwaukee German Immersion","Grades PreK-12","All Races","Both Genders",562,158,"28.1138790000                 ",404,"71.8861209900                 "
"2002","47085","01","3619","0148","04","Elem      ","N","Milwaukee","Elm Creative Arts El","Grades PreK-12","All Races","Both Genders",581,264,"45.4388984500                 ",317,"54.5611015400                 "
"2002","47086","01","3619","0149","04","Elem      ","N","Milwaukee","Starms Early Childhood","Grades PreK-12","All Races","Both Genders",300,219,"73.0000000000                 ",81,"27.0000000000                 "
"2002","47185","01","3619","0150","04","Elem      ","N","Milwaukee","Emerson El","Grades PreK-12","All Races","Both Genders",218,172,"78.8990825600                 ",46,"21.1009174300                 "
"2002","47186","01","3619","0152","04","Elem      ","N","Milwaukee","Engleburg El","Grades PreK-12","All Races","Both Genders",469,387,"82.5159914700                 ",82,"17.4840085200                 "
"2002","47106","01","3619","0154","04","Elem      ","N","Milwaukee","Thurston Woods El","Grades PreK-12","All Races","Both Genders",347,310,"89.3371757900                 ",37,"10.6628242000                 "
"2002","47158","01","3619","0155","04","Elem      ","Y","Milwaukee","Fairview El","Grades PreK-12","All Races","Both Genders",628,269,"42.8343949000                 ",359,"57.1656050900                 "
"2002","46407","01","3619","0158","04","Elem      ","N","Milwaukee","Fernwood El","Grades PreK-12","All Races","Both Genders",418,223,"53.3492822900                 ",195,"46.6507177000                 "
"2002","49889","01","3619","0165","04","Elem      ","Y","Milwaukee","IDEAL","Grades PreK-12","All Races","Both Genders",190,,"",,""
"2002","47159","01","3619","0167","04","Elem      ","N","Milwaukee","Milwaukee Spanish Immersion","Grades PreK-12","All Races","Both Genders",561,227,"40.4634581100                 ",334,"59.5365418800                 "
"2002","46437","01","3619","0170","04","Elem      ","N","Milwaukee","Fifty-Third Street El","Grades PreK-12","All Races","Both Genders",343,250,"72.8862973700                 ",93,"27.1137026200                 "
"2002","47078","01","3619","0173","04","Elem      ","N","Milwaukee","Forest Home Avenue El","Grades PreK-12","All Races","Both Genders",932,847,"90.8798283200                 ",85,"9.1201716700                  "
"2002","47115","01","3619","0176","04","Elem      ","N","Milwaukee","Meir El","Grades PreK-12","All Races","Both Genders",257,112,"43.5797665300                 ",145,"56.4202334600                 "
"2002","47093","01","3619","0179","04","Elem      ","N","Milwaukee","Franklin El","Grades PreK-12","All Races","Both Genders",537,459,"85.4748603300                 ",78,"14.5251396600                 "
"2002","47117","01","3619","0182","04","Elem      ","N","Milwaukee","Fratney El","Grades PreK-12","All Races","Both Genders",373,280,"75.0670241200                 ",93,"24.9329758700                 "
"2002","47118","01","3619","0185","04","Elem      ","N","Milwaukee","Gaenslen El","Grades PreK-12","All Races","Both Genders",726,587,"80.8539944900                 ",139,"19.1460055000                 "
"2002","47107","01","3619","0188","04","Elem      ","N","Milwaukee","Garden Homes El","Grades PreK-12","All Races","Both Genders",409,356,"87.0415647900                 ",53,"12.9584352000                 "
"2002","47119","01","3619","0190","04","Elem      ","N","Milwaukee","Garfield Avenue El","Grades PreK-12","All Races","Both Genders",389,362,"93.0591259600                 ",27,"6.9408740300                  "
"2002","46455","01","3619","0191","04","Elem      ","N","Milwaukee","Garland El","Grades PreK-12","All Races","Both Genders",309,209,"67.6375404500                 ",100,"32.3624595400                 "
"2002","47179","01","3619","0192","04","Elem      ","N","Milwaukee","Goodrich El","Grades PreK-12","All Races","Both Genders",393,252,"64.1221374000                 ",141,"35.8778625900                 "
"2002","49383","01","3619","0193","04","Elem      ","N","Milwaukee","Grant El","Grades PreK-12","All Races","Both Genders",563,434,"77.0870337400                 ",129,"22.9129662500                 "
"2002","47187","01","3619","0194","04","Elem      ","N","Milwaukee","River Trail El","Grades PreK-12","All Races","Both Genders",347,234,"67.4351585000                 ",113,"32.5648414900                 "
"2002","47153","01","3619","0196","04","Elem      ","N","Milwaukee","Grantosa Drive El","Grades PreK-12","All Races","Both Genders",602,506,"84.0531561400                 ",96,"15.9468438500                 "
"2002","47180","01","3619","0197","04","Elem      ","N","Milwaukee","Granville El","Grades PreK-12","All Races","Both Genders",336,345,"102.6785714200                ",-9,"-2.6785714200                 "
"2002","47094","01","3619","0199","04","Elem      ","N","Milwaukee","Green Bay Avenue El","Grades PreK-12","All Races","Both Genders",485,453,"93.4020618500                 ",32,"6.5979381400                  "
"2002","47145","01","3619","0202","04","Elem      ","N","Milwaukee","Greenfield Montessori El","Grades PreK-12","All Races","Both Genders",403,358,"88.8337468900                 ",45,"11.1662531000                 "
"2002","47154","01","3619","0205","04","Elem      ","N","Milwaukee","Hampton El","Grades PreK-12","All Races","Both Genders",457,390,"85.3391684900                 ",67,"14.6608315000                 "
"2002","47175","01","3619","0206","04","Elem      ","N","Milwaukee","Happy Hill El","Grades PreK-12","All Races","Both Genders",378,324,"85.7142857100                 ",54,"14.2857142800                 "
"2002","46424","01","3619","0208","04","Elem      ","N","Milwaukee","Hartford Avenue El","Grades PreK-12","All Races","Both Genders",658,410,"62.3100303900                 ",248,"37.6899696000                 "
"2002","47124","01","3619","0211","04","Elem      ","N","Milwaukee","Hawley Road El","Grades PreK-12","All Races","Both Genders",323,220,"68.1114551000                 ",103,"31.8885448900                 "
"2002","47108","01","3619","0212","04","Elem      ","N","Milwaukee","Hawthorne El","Grades PreK-12","All Races","Both Genders",333,280,"84.0840840800                 ",53,"15.9159159100                 "
"2002","47983","01","3619","0214","04","Elem      ","N","Milwaukee","Hayes City-Wide Bilingual Sch","Grades PreK-12","All Races","Both Genders",390,354,"90.7692307600                 ",36,"9.2307692300                  "
"2002","46413","01","3619","0217","04","Elem      ","N","Milwaukee","Hi-Mount Boulevard El","Grades PreK-12","All Races","Both Genders",486,408,"83.9506172800                 ",78,"16.0493827100                 "
"2002","47120","01","3619","0218","04","Elem      ","N","Milwaukee","Holmes El","Grades PreK-12","All Races","Both Genders",593,583,"98.3136593500                 ",10,"1.6863406400                  "
"2002","47095","01","3619","0220","04","Elem      ","N","Milwaukee","Hopkins Street El","Grades PreK-12","All Races","Both Genders",615,596,"96.9105691000                 ",19,"3.0894308900                  "
"2002","46408","01","3619","0223","04","Elem      ","N","Milwaukee","Humboldt Park El","Grades PreK-12","All Races","Both Genders",548,384,"70.0729927000                 ",164,"29.9270072900                 "
"2002","48041","01","3619","0225","04","Mid/Jr Hi ","N","Milwaukee","Global Learning Center","Grades PreK-12","All Races","Both Genders",137,,"",,""
"2002","47176","01","3619","0226","04","Elem      ","N","Milwaukee","Milwaukee Sign Language El","Grades PreK-12","All Races","Both Genders",566,475,"83.9222614800                 ",91,"16.0777385100                 "
"2002","47079","01","3619","0232","04","Elem      ","N","Milwaukee","Kagel El","Grades PreK-12","All Races","Both Genders",346,330,"95.3757225400                 ",16,"4.6242774500                  "
"2002","47096","01","3619","0235","04","Elem      ","N","Milwaukee","Keefe Avenue El","Grades PreK-12","All Races","Both Genders",457,425,"92.9978118100                 ",32,"7.0021881800                  "
"2002","48002","01","3619","0236","04","High      ","N","Milwaukee","Kilmer South Alternative Hi","Grades PreK-12","All Races","Both Genders",289,160,"55.3633217900                 ",129,"44.6366782000                 "
"2002","47155","01","3619","0237","04","Elem      ","N","Milwaukee","Kilbourn El","Grades PreK-12","All Races","Both Genders",375,304,"81.0666666600                 ",71,"18.9333333300                 "
"2002","46398","01","3619","0238","04","Elem      ","N","Milwaukee","LaFollette El","Grades PreK-12","All Races","Both Genders",448,425,"94.8660714200                 ",23,"5.1339285700                  "
"2002","48004","01","3619","0240","04","High      ","N","Milwaukee","Project STAY","Grades PreK-12","All Races","Both Genders",105,58,"55.2380952300                 ",47,"44.7619047600                 "
"2002","47156","01","3619","0241","04","Elem      ","N","Milwaukee","Lancaster El","Grades PreK-12","All Races","Both Genders",518,454,"87.6447876400                 ",64,"12.3552123500                 "
"2002","46399","01","3619","0244","04","Elem      ","N","Milwaukee","Lee El","Grades PreK-12","All Races","Both Genders",489,482,"98.5685071500                 ",7,"1.4314928400                  "
"2002","47146","01","3619","0250","04","Elem      ","N","Milwaukee","Lincoln Avenue El","Grades PreK-12","All Races","Both Genders",624,564,"90.3846153800                 ",60,"9.6153846100                  "
"2002","47087","01","3619","0253","04","Elem      ","N","Milwaukee","Lloyd Street El","Grades PreK-12","All Races","Both Genders",563,469,"83.3037300100                 ",94,"16.6962699800                 "
"2002","47080","01","3619","0256","04","Elem      ","N","Milwaukee","Longfellow El","Grades PreK-12","All Races","Both Genders",592,536,"90.5405405400                 ",56,"9.4594594500                  "
"2002","46456","01","3619","0257","04","Elem      ","N","Milwaukee","Lowell El","Grades PreK-12","All Races","Both Genders",204,137,"67.1568627400                 ",67,"32.8431372500                 "
"2002","46466","01","3619","0261","04","Elem      ","N","Milwaukee","MacDowell Montessori El","Grades PreK-12","All Races","Both Genders",540,316,"58.5185185100                 ",224,"41.4814814800                 "
"2002","47147","01","3619","0265","04","Elem      ","N","Milwaukee","Manitoba El","Grades PreK-12","All Races","Both Genders",478,270,"56.4853556400                 ",208,"43.5146443500                 "
"2002","47181","01","3619","0267","04","Elem      ","N","Milwaukee","Maple Tree El","Grades PreK-12","All Races","Both Genders",395,362,"91.6455696200                 ",33,"8.3544303700                  "
"2002","46425","01","3619","0268","04","Elem      ","N","Milwaukee","Maryland Avenue El","Grades PreK-12","All Races","Both Genders",361,246,"68.1440443200                 ",115,"31.8559556700                 "
"2002","47081","01","3619","0274","04","Elem      ","N","Milwaukee","Mitchell El","Grades PreK-12","All Races","Both Genders",618,589,"95.3074433600                 ",29,"4.6925566300                  "
"2002","46457","01","3619","0277","04","Elem      ","N","Milwaukee","Morgandale El","Grades PreK-12","All Races","Both Genders",508,311,"61.2204724400                 ",197,"38.7795275500                 "
"2002","46041","01","3619","0282","14","High      ","N","Milwaukee","Career Youth Development School of Excel","Grades PreK-12","All Races","Both Genders",66,,"",,""
"2002","46414","01","3619","0283","04","Elem      ","N","Milwaukee","Neeskara El","Grades PreK-12","All Races","Both Genders",425,301,"70.8235294100                 ",124,"29.1764705800                 "
"2002","46462","01","3619","0289","04","Elem      ","N","Milwaukee","Ninety-Fifth Street El","Grades PreK-12","All Races","Both Genders",312,149,"47.7564102500                 ",163,"52.2435897400                 "
"2002","47148","01","3619","0295","04","Elem      ","N","Milwaukee","Zablocki El","Grades PreK-12","All Races","Both Genders",603,361,"59.8673300100                 ",242,"40.1326699800                 "
"2002","47121","01","3619","0298","04","Elem      ","N","Milwaukee","Palmer El","Grades PreK-12","All Races","Both Genders",398,399,"100.2512562800                ",-1,"-0.2512562800                 "
"2002","47188","01","3619","0301","04","Elem      ","N","Milwaukee","Parkview El","Grades PreK-12","All Races","Both Genders",329,217,"65.9574468000                 ",112,"34.0425531900                 "
"2002","47109","01","3619","0304","04","Elem      ","N","Milwaukee","Philipp El","Grades PreK-12","All Races","Both Genders",295,265,"89.8305084700                 ",30,"10.1694915200                 "
"2002","47122","01","3619","0307","04","Elem      ","N","Milwaukee","Pierce El","Grades PreK-12","All Races","Both Genders",579,555,"95.8549222700                 ",24,"4.1450777200                  "
"2002","47088","01","3619","0311","04","Elem      ","N","Milwaukee","Urban Waldorf El","Grades PreK-12","All Races","Both Genders",371,,"",,""
"2002","47985","01","3619","0312","04","Elem      ","N","Milwaukee","Starms Discovery Learning Center","Grades PreK-12","All Races","Both Genders",352,280,"79.5454545400                 ",72,"20.4545454500                 "
"2002","46409","01","3619","0313","04","Elem      ","N","Milwaukee","Riley El","Grades PreK-12","All Races","Both Genders",735,647,"88.0272108800                 ",88,"11.9727891100                 "
"2002","49327","01","3619","0315","04","El/Sec    ","N","Milwaukee","Milwaukee County Youth Education Center","Grades PreK-12","All Races","Both Genders",41,,"",,""
"2002","46448","01","3619","0316","04","Elem      ","N","Milwaukee","Academy of Accelerated Learning","Grades PreK-12","All Races","Both Genders",543,340,"62.6151012800                 ",203,"37.3848987100                 "
"2002","46421","01","3619","0319","04","Elem      ","N","Milwaukee","Sherman El","Grades PreK-12","All Races","Both Genders",510,443,"86.8627450900                 ",67,"13.1372549000                 "
"2002","47089","01","3619","0322","04","Elem      ","Y","Milwaukee","Siefert El","Grades PreK-12","All Races","Both Genders",498,469,"94.1767068200                 ",29,"5.8232931700                  "
"2002","47110","01","3619","0325","04","Elem      ","N","Milwaukee","Silver Spring El","Grades PreK-12","All Races","Both Genders",295,261,"88.4745762700                 ",34,"11.5254237200                 "
"2002","48006","01","3619","0328","04","Elem      ","N","Milwaukee","Sixty-Eight Street Early Childhood","Grades PreK-12","All Races","Both Genders",215,122,"56.7441860400                 ",93,"43.2558139500                 "
"2002","46438","01","3619","0331","04","Elem      ","N","Milwaukee","Sixty-Fifth Street El","Grades PreK-12","All Races","Both Genders",359,298,"83.0083565400                 ",61,"16.9916434500                 "
"2002","46449","01","3619","0334","04","Elem      ","N","Milwaukee","Honey Creek El","Grades PreK-12","All Races","Both Genders",373,173,"46.3806970500                 ",200,"53.6193029400                 "
"2002","47157","01","3619","0337","04","Elem      ","N","Milwaukee","Kluge El","Grades PreK-12","All Races","Both Genders",552,503,"91.1231884000                 ",49,"8.8768115900                  "
"2002","46415","01","3619","0343","04","Elem      ","N","Milwaukee","Story El","Grades PreK-12","All Races","Both Genders",486,474,"97.5308641900                 ",12,"2.4691358000                  "
"2002","47182","01","3619","0344","04","Elem      ","N","Milwaukee","Stuart El","Grades PreK-12","All Races","Both Genders",330,246,"74.5454545400                 ",84,"25.4545454500                 "
"2002","46422","01","3619","0347","04","Elem      ","N","Milwaukee","Thirty-Eighth Street El","Grades PreK-12","All Races","Both Genders",441,441,"100.0000000000                ",0,"0.0000000000                  "
"2002","47111","01","3619","0350","04","Elem      ","N","Milwaukee","Thirty-Fifth Street El","Grades PreK-12","All Races","Both Genders",276,251,"90.9420289800                 ",25,"9.0579710100                  "
"2002","46416","01","3619","0353","04","Elem      ","Y","Milwaukee","Westside I El","Grades PreK-12","All Races","Both Genders",463,424,"91.5766738600                 ",39,"8.4233261300                  "
"2002","46417","01","3619","0356","04","Elem      ","N","Milwaukee","Thirty-Seventh Street El","Grades PreK-12","All Races","Both Genders",362,338,"93.3701657400                 ",24,"6.6298342500                  "
"2002","47177","01","3619","0360","04","Elem      ","N","Milwaukee","Thoreau El","Grades PreK-12","All Races","Both Genders",657,514,"78.2343987800                 ",143,"21.7656012100                 "
"2002","46410","01","3619","0362","04","Elem      ","N","Milwaukee","Tippecanoe El","Grades PreK-12","All Races","Both Genders",241,107,"44.3983402400                 ",134,"55.6016597500                 "
"2002","46439","01","3619","0365","04","Elem      ","N","Milwaukee","Townsend Street El","Grades PreK-12","All Races","Both Genders",487,434,"89.1170431200                 ",53,"10.8829568700                 "
"2002","46411","01","3619","0368","04","Elem      ","N","Milwaukee","Trowbridge Street El","Grades PreK-12","All Races","Both Genders",238,170,"71.4285714200                 ",68,"28.5714285700                 "
"2002","46400","01","3619","0374","04","Elem      ","N","Milwaukee","Wheatley El","Grades PreK-12","All Races","Both Genders",591,541,"91.5397631100                 ",50,"8.4602368800                  "
"2002","46401","01","3619","0377","04","Elem      ","N","Milwaukee","Twenty-First Street El","Grades PreK-12","All Races","Both Genders",550,524,"95.2727272700                 ",26,"4.7272727200                  "
"2002","47112","01","3619","0380","04","Elem      ","N","Milwaukee","McNair El","Grades PreK-12","All Races","Both Genders",282,255,"90.4255319100                 ",27,"9.5744680800                  "
"2002","46458","01","3619","0387","04","Elem      ","N","Milwaukee","Victory El","Grades PreK-12","All Races","Both Genders",478,314,"65.6903765600                 ",164,"34.3096234300                 "
"2002","47082","01","3619","0390","04","Elem      ","N","Milwaukee","Vieau El","Grades PreK-12","All Races","Both Genders",654,581,"88.8379204800                 ",73,"11.1620795100                 "
"2002","46450","01","3619","0397","04","Elem      ","N","Milwaukee","Whitman El","Grades PreK-12","All Races","Both Genders",393,224,"56.9974554700                 ",169,"43.0025445200                 "
"2002","46412","01","3619","0398","04","Elem      ","Y","Milwaukee","Whittier El","Grades PreK-12","All Races","Both Genders",212,57,"26.8867924500                 ",155,"73.1132075400                 "
"2002","47984","01","3619","0399","04","El/Sec    ","N","Milwaukee","WI Conservatory of Lifelong Learning","Grades PreK-12","All Races","Both Genders",715,468,"65.4545454500                 ",247,"34.5454545400                 "
"2002","47098","01","3619","0401","04","Elem      ","N","Milwaukee","Wisconsin Avenue El","Grades PreK-12","All Races","Both Genders",607,616,"101.4827018100                ",-9,"-1.4827018100                 "
"2002","44953","01","3619","0404","04","High      ","N","Milwaukee","Project School to Work","Grades PreK-12","All Races","Both Genders",25,,"",,""
"2002","48003","01","3619","0414","04","El/Sec    ","N","Milwaukee","Lady Pitts School Age Parent","Grades PreK-12","All Races","Both Genders",171,,"",,""
"2002","49888","01","3619","0420","04","High      ","Y","Milwaukee","Phoenix","Grades PreK-12","All Races","Both Genders",131,,"",,""
"2002","49932","01","3619","0425","04","High      ","Y","Milwaukee","Learning Enterprise Voc & Trng Inst","Grades PreK-12","All Races","Both Genders",91,,"",,""
"2002","49933","01","3619","0430","04","High      ","Y","Milwaukee","Veritas Hi","Grades PreK-12","All Races","Both Genders",135,,"",,""
"2002","44943","01","3619","0458","04","High      ","N","Milwaukee","Project Stay Senior Institute","Grades PreK-12","All Races","Both Genders",191,,"",,""
"2002","44954","01","3619","0484","04","Elem      ","N","Milwaukee","Headstart - Central Services Building","Grades PreK-12","All Races","Both Genders",181,,"",,""
"2002","47999","01","3619","0500","04","High      ","N","Milwaukee","Metropolitan Hi","Grades PreK-12","All Races","Both Genders",227,164,"72.2466960300                 ",63,"27.7533039600                 "
"2002","48000","01","3619","0501","04","Elem      ","N","Milwaukee","Craig Montessori School","Grades PreK-12","All Races","Both Genders",445,188,"42.2471910100                 ",257,"57.7528089800                 "
"2002","49326","01","3619","0525","04","Elem      ","N","Milwaukee","Ralph H Metcalfe El","Grades PreK-12","All Races","Both Genders",392,359,"91.5816326500                 ",33,"8.4183673400                  "
"2002","49431","01","3619","0810","04","El/Sec    ","Y","Milwaukee","Wisconsin Career Academy","Grades PreK-12","All Races","Both Genders",192,,"",,""
"2002","48967","01","3619","0852","04","Elem      ","Y","Milwaukee","Highland Community Sch","Grades PreK-12","All Races","Both Genders",82,,"",,""
"2002","49706","01","3619","0860","04","El/Sec    ","Y","Milwaukee","Milwaukee Leadership Training Center","Grades PreK-12","All Races","Both Genders",61,,"",,""
"2002","45502","01","3619","1026","14","Elem      ","N","Milwaukee","AGAPE Center for Academic Excellence","Grades PreK-12","All Races","Both Genders",174,,"",,""
"2002","46066","01","3619","1049","14","El/Sec    ","N","Milwaukee","HR Academy","Grades PreK-12","All Races","Both Genders",118,,"",,""
"2002","46067","01","3619","1052","04","Elem      ","Y","Milwaukee","Bruce Guadalupe Bilingual Program","Grades PreK-12","All Races","Both Genders",581,,"",,""
"2002","46068","01","3619","1053","14","Elem      ","N","Milwaukee","Bruce Guadalupe Community School","Grades PreK-12","All Races","Both Genders",32,,"",,""
"2002","46072","01","3619","1059","14","High      ","N","Milwaukee","Learning Enterprise of Wisconsin","Grades PreK-12","All Races","Both Genders",155,,"",,""
"2002","46077","01","3619","1063","14","High      ","N","Milwaukee","ASSATA","Grades PreK-12","All Races","Both Genders",66,,"",,""
"2002","46078","01","3619","1064","14","High      ","N","Milwaukee","Aurora Weier Educational Cente","Grades PreK-12","All Races","Both Genders",70,,"",,""
"2002","46080","01","3619","1065","14","Mid/Jr Hi ","N","Milwaukee","Fritsche (LEAP)","Grades PreK-12","All Races","Both Genders",62,,"",,""
"2002","46081","01","3619","1066","14","High      ","N","Milwaukee","Loyola Academy","Grades PreK-12","All Races","Both Genders",90,,"",,""
"2002","46082","01","3619","1067","14","High      ","N","Milwaukee","Milwaukee Area Technical College","Grades PreK-12","All Races","Both Genders",71,,"",,""
"2002","46083","01","3619","1068","14","High      ","N","Milwaukee","Spotted Eagle Hi (MAAIC)","Grades PreK-12","All Races","Both Genders",100,,"",,""
"2002","46084","01","3619","1069","14","High      ","N","Milwaukee","Milwaukee Spectrum School","Grades PreK-12","All Races","Both Genders",99,,"",,""
"2002","46085","01","3619","1071","14","High      ","N","Milwaukee","Cornerstone Achievement Academy Inc","Grades PreK-12","All Races","Both Genders",107,,"",,""
"2002","46086","01","3619","1072","14","El/Sec    ","N","Milwaukee","NOVA","Grades PreK-12","All Races","Both Genders",99,,"",,""
"2002","46087","01","3619","1073","14","El/Sec    ","N","Milwaukee","Project Excel","Grades PreK-12","All Races","Both Genders",17,,"",,""
"2002","46088","01","3619","1074","14","High      ","N","Milwaukee","Shalom Hi","Grades PreK-12","All Races","Both Genders",99,,"",,""
"2002","46089","01","3619","1075","14","Mid/Jr Hi ","N","Milwaukee","Silver Spring Neighborhood","Grades PreK-12","All Races","Both Genders",65,,"",,""
"2002","46090","01","3619","1077","14","Mid/Jr Hi ","N","Milwaukee","Walker (SWELL)","Grades PreK-12","All Races","Both Genders",64,,"",,""
"2002","46091","01","3619","1078","14","El/Sec    ","N","Milwaukee","Lad Lake Synergy South","Grades PreK-12","All Races","Both Genders",43,,"",,""
"2002","46092","01","3619","1079","14","Mid/Jr Hi ","N","Milwaukee","United Community Center Mid","Grades PreK-12","All Races","Both Genders",60,,"",,""
"2002","45512","01","3619","1085","14","El/Sec    ","N","Milwaukee","St Charles Youth & Family Ex Ed","Grades PreK-12","All Races","Both Genders",86,,"",,""
"2002","45513","01","3619","1086","14","Mid/Jr Hi ","N","Milwaukee","Southeastern Success Academy","Grades PreK-12","All Races","Both Genders",16,,"",,""
"2002","45522","01","3619","1091","14","Elem      ","N","Milwaukee","Carter Child Development","Grades PreK-12","All Races","Both Genders",159,,"",,""
"2002","45523","01","3619","1092","14","Elem      ","N","Milwaukee","Windlake Seeds of Health El","Grades PreK-12","All Races","Both Genders",199,,"",,""
"2002","45526","01","3619","1117","14","Mid/Jr Hi ","N","Milwaukee","Educational Possentem","Grades PreK-12","All Races","Both Genders",62,,"",,""
"2002","45527","01","3619","1118","14","High      ","N","Milwaukee","El Puente Hi","Grades PreK-12","All Races","Both Genders",107,,"",,""
"2002","45528","01","3619","1121","14","Elem      ","N","Milwaukee","La Causa","Grades PreK-12","All Races","Both Genders",94,,"",,""
"2002","45529","01","3619","1123","14","El/Sec    ","N","Milwaukee","Southwest Key Intensive Day","Grades PreK-12","All Races","Both Genders",19,,"",,""
"2002","46105","01","3619","1141","14","Elem      ","N","Milwaukee","Next Door Foundation","Grades PreK-12","All Races","Both Genders",136,,"",,""
"2002","49016","01","3619","1202","14","High      ","N","Milwaukee","Transition Success Center","Grades PreK-12","All Races","Both Genders",6,,"",,""
"2002","49439","01","3619","1257","14","Elem      ","N","Milwaukee","Enlightened Care","Grades PreK-12","All Races","Both Genders",26,,"",,""
"2002","46079","01","3619","1641","14","El/Sec    ","N","Milwaukee","Lad Lake Synergy North","Grades PreK-12","All Races","Both Genders",16,,"",,""
"2002","46038","01","3619","3550","14","El/Sec    ","N","Milwaukee","St Charles Youth & Family","Grades PreK-12","All Races","Both Genders",13,,"",,""
"2002","46070","01","3619","8100","14","High      ","N","Milwaukee","Grandview Alternative Hi","Grades PreK-12","All Races","Both Genders",229,,"",,""
"2002","48285","01","3822","","03","Elem      ","N","Mukwonago","","Elementary School Type/ Prek-12","All Races","Both Genders",2480,130,"5.2419354800                  ",2350,"94.7580645100                 "
"2002","48285","01","3822","","03","Mid/Jr Hi ","N","Mukwonago","","Middle/Junior High School Type/ Prek-12","All Races","Both Genders",801,33,"4.1198501800                  ",768,"95.8801498100                 "
"2002","48285","01","3822","","03","High      ","N","Mukwonago","","High School Type/ PreK-12","All Races","Both Genders",1775,39,"2.1971830900                  ",1736,"97.8028169000                 "
"2002","48285","01","3822","","03","El/Sec    ","N","Mukwonago","","Combined Elementary/Secondary School Type/ Prek-12","All Races","Both Genders",0,0,"--                            ",0,"--                            "
"2002","48285","01","3822","","03","Summary   ","N","Mukwonago","","Grades PreK-12","All Races","Both Genders",5056,202,"3.9952531600                  ",4854,"96.0047468300                 "
"2002","46176","01","3822","0020","04","Elem      ","N","Mukwonago","Big Bend El","Grades PreK-12","All Races","Both Genders",456,33,"7.2368421000                  ",423,"92.7631578900                 "
"2002","47019","01","3822","0030","04","Elem      ","N","Mukwonago","Clarendon Avenue El","Grades PreK-12","All Races","Both Genders",541,27,"4.9907578500                  ",514,"95.0092421400                 "
"2002","47020","01","3822","0060","04","High      ","N","Mukwonago","Mukwonago Hi","Grades PreK-12","All Races","Both Genders",1775,39,"2.1971830900                  ",1736,"97.8028169000                 "
"2002","47021","01","3822","0065","04","Mid/Jr Hi ","N","Mukwonago","Park View Mid","Grades PreK-12","All Races","Both Genders",801,33,"4.1198501800                  ",768,"95.8801498100                 "
"2002","47022","01","3822","0070","04","Elem      ","N","Mukwonago","Prairie View El","Grades PreK-12","All Races","Both Genders",432,18,"4.1666666600                  ",414,"95.8333333300                 "
"2002","47023","01","3822","0080","04","Elem      ","N","Mukwonago","Section El","Grades PreK-12","All Races","Both Genders",371,18,"4.8517520200                  ",353,"95.1482479700                 "
"2002","49298","01","3822","0100","04","Elem      ","N","Mukwonago","Rolling Hills El","Grades PreK-12","All Races","Both Genders",680,34,"5.0000000000                  ",646,"95.0000000000                 "
"2002","48287","01","3857","","03","Elem      ","N","Muskego-Norway","","Elementary School Type/ Prek-12","All Races","Both Genders",1600,99,"6.1875000000                  ",1501,"93.8125000000                 "
"2002","48287","01","3857","","03","Mid/Jr Hi ","N","Muskego-Norway","","Middle/Junior High School Type/ Prek-12","All Races","Both Genders",1493,66,"4.4206296000                  ",1427,"95.5793703900                 "
"2002","48287","01","3857","","03","High      ","N","Muskego-Norway","","High School Type/ PreK-12","All Races","Both Genders",1490,39,"2.6174496600                  ",1451,"97.3825503300                 "
"2002","48287","01","3857","","03","El/Sec    ","N","Muskego-Norway","","Combined Elementary/Secondary School Type/ Prek-12","All Races","Both Genders",0,0,"--                            ",0,"--                            "
"2002","48287","01","3857","","03","Summary   ","N","Muskego-Norway","","Grades PreK-12","All Races","Both Genders",4583,204,"4.4512328100                  ",4379,"95.5487671800                 "
"2002","47025","01","3857","0010","04","Mid/Jr Hi ","N","Muskego-Norway","Bay Lane Mid","Grades PreK-12","All Races","Both Genders",734,40,"5.4495912800                  ",694,"94.5504087100                 "
"2002","47026","01","3857","0020","04","Elem      ","N","Muskego-Norway","Country Meadows El","Grades PreK-12","All Races","Both Genders",258,8,"3.1007751900                  ",250,"96.8992248000                 "
"2002","47052","01","3857","0080","04","Elem      ","N","Muskego-Norway","Lakeview El","Grades PreK-12","All Races","Both Genders",366,21,"5.7377049100                  ",345,"94.2622950800                 "
"2002","47027","01","3857","0100","04","Elem      ","N","Muskego-Norway","Mill Valley El","Grades PreK-12","All Races","Both Genders",355,24,"6.7605633800                  ",331,"93.2394366100                 "
"2002","47028","01","3857","0140","04","Elem      ","N","Muskego-Norway","Muskego El","Grades PreK-12","All Races","Both Genders",249,16,"6.4257028100                  ",233,"93.5742971800                 "
"2002","47029","01","3857","0180","04","High      ","N","Muskego-Norway","Muskego Hi","Grades PreK-12","All Races","Both Genders",1490,39,"2.6174496600                  ",1451,"97.3825503300                 "
"2002","48998","01","3857","0200","04","Mid/Jr Hi ","N","Muskego-Norway","Lake Denoon Mid","Grades PreK-12","All Races","Both Genders",759,26,"3.4255599400                  ",733,"96.5744400500                 "
"2002","47030","01","3857","0220","04","Elem      ","N","Muskego-Norway","Tess Corners El","Grades PreK-12","All Races","Both Genders",372,30,"8.0645161200                  ",342,"91.9354838700                 "
"2002","48263","01","3862","","03","Elem      ","N","Lake Country","","Elementary School Type/ Prek-12","All Races","Both Genders",492,19,"3.8617886100                  ",473,"96.1382113800                 "
"2002","48263","01","3862","","03","Mid/Jr Hi ","N","Lake Country","","Middle/Junior High School Type/ Prek-12","All Races","Both Genders",0,0,"--                            ",0,"--                            "
"2002","48263","01","3862","","03","High      ","N","Lake Country","","High School Type/ PreK-12","All Races","Both Genders",0,0,"--                            ",0,"--                            "
"2002","48263","01","3862","","03","El/Sec    ","N","Lake Country","","Combined Elementary/Secondary School Type/ Prek-12","All Races","Both Genders",0,0,"--                            ",0,"--                            "
"2002","48263","01","3862","","03","Summary   ","N","Lake Country","","Grades PreK-12","All Races","Both Genders",492,19,"3.8617886100                  ",473,"96.1382113800                 "
"2002","44881","01","3862","0030","04","Elem      ","N","Lake Country","Lake Country Sch","Grades PreK-12","All Races","Both Genders",492,19,"3.8617886100                  ",473,"96.1382113800                 "
"2002","48288","01","3925","","03","Elem      ","N","New Berlin","","Elementary School Type/ Prek-12","All Races","Both Genders",2276,150,"6.5905096600                  ",2126,"93.4094903300                 "
"2002","48288","01","3925","","03","Mid/Jr Hi ","N","New Berlin","","Middle/Junior High School Type/ Prek-12","All Races","Both Genders",713,24,"3.3660589000                  ",689,"96.6339410900                 "
"2002","48288","01","3925","","03","High      ","N","New Berlin","","High School Type/ PreK-12","All Races","Both Genders",1627,44,"2.7043638500                  ",1583,"97.2956361400                 "
"2002","48288","01","3925","","03","El/Sec    ","N","New Berlin","","Combined Elementary/Secondary School Type/ Prek-12","All Races","Both Genders",0,0,"--                            ",0,"--                            "
"2002","48288","01","3925","","03","Summary   ","N","New Berlin","","Grades PreK-12","All Races","Both Genders",4616,218,"4.7227036300                  ",4398,"95.2772963600                 "
"2002","46345","01","3925","0020","04","Elem      ","N","New Berlin","Calhoun El","Grades PreK-12","All Races","Both Genders",240,44,"18.3333333300                 ",196,"81.6666666600                 "
"2002","46346","01","3925","0040","04","Elem      ","N","New Berlin","Cleveland Heights El","Grades PreK-12","All Races","Both Genders",283,30,"10.6007067100                 ",253,"89.3992932800                 "
"2002","47031","01","3925","0050","04","High      ","N","New Berlin","Eisenhower Hi","Grades PreK-12","All Races","Both Genders",818,11,"1.3447432700                  ",807,"98.6552567200                 "
"2002","47032","01","3925","0055","04","Mid/Jr Hi ","N","New Berlin","Eisenhower Mid","Grades PreK-12","All Races","Both Genders",337,8,"2.3738872400                  ",329,"97.6261127500                 "
"2002","47033","01","3925","0060","04","Elem      ","N","New Berlin","Elmwood El","Grades PreK-12","All Races","Both Genders",462,5,"1.0822510800                  ",457,"98.9177489100                 "
"2002","47034","01","3925","0080","04","Elem      ","N","New Berlin","Glen Park El","Grades PreK-12","All Races","Both Genders",341,25,"7.3313782900                  ",316,"92.6686217000                 "
"2002","47035","01","3925","0120","04","Elem      ","N","New Berlin","New Berlin Center El","Grades PreK-12","All Races","Both Genders",318,10,"3.1446540800                  ",308,"96.8553459100                 "
"2002","46347","01","3925","0140","04","High      ","N","New Berlin","New Berlin Hi","Grades PreK-12","All Races","Both Genders",809,33,"4.0791100100                  ",776,"95.9208899800                 "
"2002","46348","01","3925","0150","04","Mid/Jr Hi ","N","New Berlin","New Berlin Mid","Grades PreK-12","All Races","Both Genders",376,16,"4.2553191400                  ",360,"95.7446808500                 "
"2002","47036","01","3925","0160","04","Elem      ","N","New Berlin","Orchard Lane El","Grades PreK-12","All Races","Both Genders",367,25,"6.8119891000                  ",342,"93.1880108900                 "
"2002","46349","01","3925","0180","04","Elem      ","N","New Berlin","Prospect Hill El","Grades PreK-12","All Races","Both Genders",265,11,"4.1509433900                  ",254,"95.8490566000                 "
"2002","48286","01","3976","","03","Elem      ","N","Norris","","Elementary School Type/ Prek-12","All Races","Both Genders",0,0,"--                            ",0,"--                            "
"2002","48286","01","3976","","03","Mid/Jr Hi ","N","Norris","","Middle/Junior High School Type/ Prek-12","All Races","Both Genders",0,0,"--                            ",0,"--                            "
"2002","48286","01","3976","","03","High      ","N","Norris","","High School Type/ PreK-12","All Races","Both Genders",85,59,"69.4117647000                 ",26,"30.5882352900                 "
"2002","48286","01","3976","","03","El/Sec    ","N","Norris","","Combined Elementary/Secondary School Type/ Prek-12","All Races","Both Genders",0,0,"--                            ",0,"--                            "
"2002","48286","01","3976","","03","Summary   ","N","Norris","","Grades PreK-12","All Races","Both Genders",85,59,"69.4117647000                 ",26,"30.5882352900                 "
"2002","47024","01","3976","0020","04","High      ","N","Norris","Norris Hi","Grades PreK-12","All Races","Both Genders",85,59,"69.4117647000                 ",26,"30.5882352900                 "
"2002","48098","01","4018","","03","Elem      ","N","Oak Creek-Franklin","","Elementary School Type/ Prek-12","All Races","Both Genders",1971,262,"13.2927447900                 ",1709,"86.7072552000                 "
"2002","48098","01","4018","","03","Mid/Jr Hi ","N","Oak Creek-Franklin","","Middle/Junior High School Type/ Prek-12","All Races","Both Genders",1169,142,"12.1471343000                 ",1027,"87.8528656900                 "
"2002","48098","01","4018","","03","High      ","N","Oak Creek-Franklin","","High School Type/ PreK-12","All Races","Both Genders",1676,153,"9.1288782800                  ",1523,"90.8711217100                 "
"2002","48098","01","4018","","03","El/Sec    ","N","Oak Creek-Franklin","","Combined Elementary/Secondary School Type/ Prek-12","All Races","Both Genders",0,0,"--                            ",0,"--                            "
"2002","48098","01","4018","","03","Summary   ","N","Oak Creek-Franklin","","Grades PreK-12","All Races","Both Genders",4816,557,"11.5656146100                 ",4259,"88.4343853800                 "
"2002","46358","01","4018","0010","04","Elem      ","N","Oak Creek-Franklin","Carollton El","Grades PreK-12","All Races","Both Genders",392,46,"11.7346938700                 ",346,"88.2653061200                 "
"2002","46359","01","4018","0020","04","Elem      ","N","Oak Creek-Franklin","Cedar Hills El","Grades PreK-12","All Races","Both Genders",291,65,"22.3367697500                 ",226,"77.6632302400                 "
"2002","46360","01","4018","0040","04","Elem      ","N","Oak Creek-Franklin","Edgewood El","Grades PreK-12","All Races","Both Genders",337,22,"6.5281899100                  ",315,"93.4718100800                 "
"2002","46361","01","4018","0080","04","Elem      ","N","Oak Creek-Franklin","Meadowview El","Grades PreK-12","All Races","Both Genders",446,39,"8.7443946100                  ",407,"91.2556053800                 "
"2002","46362","01","4018","0120","04","Mid/Jr Hi ","N","Oak Creek-Franklin","Oak Creek East Mid","Grades PreK-12","All Races","Both Genders",570,48,"8.4210526300                  ",522,"91.5789473600                 "
"2002","46363","01","4018","0130","04","Mid/Jr Hi ","N","Oak Creek-Franklin","Oak Creek West Mid","Grades PreK-12","All Races","Both Genders",599,94,"15.6928213600                 ",505,"84.3071786300                 "
"2002","46364","01","4018","0140","04","High      ","N","Oak Creek-Franklin","Oak Creek Hi","Grades PreK-12","All Races","Both Genders",1668,153,"9.1726618700                  ",1515,"90.8273381200                 "
"2002","46365","01","4018","0200","04","Elem      ","N","Oak Creek-Franklin","Shepard Hills El","Grades PreK-12","All Races","Both Genders",505,90,"17.8217821700                 ",415,"82.1782178200                 "
"2002","49765","01","4018","9801","4C","High      ","Y","Oak Creek-Franklin","Connects Learning Center","Grades PreK-12","All Races","Both Genders",8,,"",,""
"2002","48092","01","4060","","03","Elem      ","N","Oconomowoc Area","","Elementary School Type/ Prek-12","All Races","Both Genders",1985,178,"8.9672544000                  ",1807,"91.0327455900                 "
"2002","48092","01","4060","","03","Mid/Jr Hi ","N","Oconomowoc Area","","Middle/Junior High School Type/ Prek-12","All Races","Both Genders",629,33,"5.2464228900                  ",596,"94.7535771000                 "
"2002","48092","01","4060","","03","High      ","N","Oconomowoc Area","","High School Type/ PreK-12","All Races","Both Genders",1472,41,"2.7853260800                  ",1431,"97.2146739100                 "
"2002","48092","01","4060","","03","El/Sec    ","N","Oconomowoc Area","","Combined Elementary/Secondary School Type/ Prek-12","All Races","Both Genders",0,0,"--                            ",0,"--                            "
"2002","48092","01","4060","","03","Summary   ","N","Oconomowoc Area","","Grades PreK-12","All Races","Both Genders",4086,252,"6.1674008800                  ",3834,"93.8325991100                 "
"2002","46317","01","4060","0060","04","Elem      ","N","Oconomowoc Area","Greenland El","Grades PreK-12","All Races","Both Genders",397,24,"6.0453400500                  ",373,"93.9546599400                 "
"2002","46970","01","4060","0080","04","Elem      ","N","Oconomowoc Area","Ixonia El","Grades PreK-12","All Races","Both Genders",159,15,"9.4339622600                  ",144,"90.5660377300                 "
"2002","49360","01","4060","0090","04","Elem      ","N","Oconomowoc Area","Meadow View El","Grades PreK-12","All Races","Both Genders",489,29,"5.9304703400                  ",460,"94.0695296500                 "
"2002","46318","01","4060","0130","04","High      ","N","Oconomowoc Area","Oconomowoc Hi","Grades PreK-12","All Races","Both Genders",1472,41,"2.7853260800                  ",1431,"97.2146739100                 "
"2002","46319","01","4060","0135","04","Mid/Jr Hi ","N","Oconomowoc Area","Oconomowoc Mid","Grades PreK-12","All Races","Both Genders",629,33,"5.2464228900                  ",596,"94.7535771000                 "
"2002","46320","01","4060","0160","04","Elem      ","N","Oconomowoc Area","Park Lawn El","Grades PreK-12","All Races","Both Genders",495,86,"17.3737373700                 ",409,"82.6262626200                 "
"2002","46321","01","4060","0180","04","Elem      ","N","Oconomowoc Area","Summit El","Grades PreK-12","All Races","Both Genders",445,24,"5.3932584200                  ",421,"94.6067415700                 "
"2002","48276","01","4312","","03","Elem      ","N","Pewaukee","","Elementary School Type/ Prek-12","All Races","Both Genders",948,54,"5.6962025300                  ",894,"94.3037974600                 "
"2002","48276","01","4312","","03","Mid/Jr Hi ","N","Pewaukee","","Middle/Junior High School Type/ Prek-12","All Races","Both Genders",531,24,"4.5197740100                  ",507,"95.4802259800                 "
"2002","48276","01","4312","","03","High      ","N","Pewaukee","","High School Type/ PreK-12","All Races","Both Genders",636,24,"3.7735849000                  ",612,"96.2264150900                 "
"2002","48276","01","4312","","03","El/Sec    ","N","Pewaukee","","Combined Elementary/Secondary School Type/ Prek-12","All Races","Both Genders",0,0,"--                            ",0,"--                            "
"2002","48276","01","4312","","03","Summary   ","N","Pewaukee","","Grades PreK-12","All Races","Both Genders",2115,102,"4.8226950300                  ",2013,"95.1773049600                 "
"2002","46988","01","4312","0040","04","Elem      ","N","Pewaukee","Horizon School","Grades PreK-12","All Races","Both Genders",470,27,"5.7446808500                  ",443,"94.2553191400                 "
"2002","46989","01","4312","0060","04","Elem      ","N","Pewaukee","Pewaukee Lake El","Grades PreK-12","All Races","Both Genders",478,27,"5.6485355600                  ",451,"94.3514644300                 "
"2002","46990","01","4312","0080","04","High      ","N","Pewaukee","Pewaukee Hi","Grades PreK-12","All Races","Both Genders",636,24,"3.7735849000                  ",612,"96.2264150900                 "
"2002","46991","01","4312","0100","04","Mid/Jr Hi ","N","Pewaukee","Asa Clark Mid","Grades PreK-12","All Races","Both Genders",531,24,"4.5197740100                  ",507,"95.4802259800                 "
"2002","48278","01","4515","","03","Elem      ","N","Port Washington-Saukville","","Elementary School Type/ Prek-12","All Races","Both Genders",896,115,"12.8348214200                 ",781,"87.1651785700                 "
"2002","48278","01","4515","","03","Mid/Jr Hi ","N","Port Washington-Saukville","","Middle/Junior High School Type/ Prek-12","All Races","Both Genders",834,109,"13.0695443600                 ",725,"86.9304556300                 "
"2002","48278","01","4515","","03","High      ","N","Port Washington-Saukville","","High School Type/ PreK-12","All Races","Both Genders",937,55,"5.8697972200                  ",882,"94.1302027700                 "
"2002","48278","01","4515","","03","El/Sec    ","N","Port Washington-Saukville","","Combined Elementary/Secondary School Type/ Prek-12","All Races","Both Genders",0,0,"--                            ",0,"--                            "
"2002","48278","01","4515","","03","Summary   ","N","Port Washington-Saukville","","Grades PreK-12","All Races","Both Genders",2667,279,"10.4611923500                 ",2388,"89.5388076400                 "
"2002","46997","01","4515","0040","04","Elem      ","N","Port Washington-Saukville","Dunwiddie El","Grades PreK-12","All Races","Both Genders",280,49,"17.5000000000                 ",231,"82.5000000000                 "
"2002","46998","01","4515","0060","04","Elem      ","N","Port Washington-Saukville","Lincoln El","Grades PreK-12","All Races","Both Genders",339,27,"7.9646017600                  ",312,"92.0353982300                 "
"2002","46999","01","4515","0100","04","High      ","N","Port Washington-Saukville","Port Washington Hi","Grades PreK-12","All Races","Both Genders",937,55,"5.8697972200                  ",882,"94.1302027700                 "
"2002","47005","01","4515","0120","04","Elem      ","N","Port Washington-Saukville","Saukville El","Grades PreK-12","All Races","Both Genders",277,39,"14.0794223800                 ",238,"85.9205776100                 "
"2002","47000","01","4515","0140","04","Mid/Jr Hi ","N","Port Washington-Saukville","Thomas Jefferson Mid","Grades PreK-12","All Races","Both Genders",834,109,"13.0695443600                 ",725,"86.9304556300                 "
"2002","48306","01","4620","","03","Elem      ","N","Racine","","Elementary School Type/ Prek-12","All Races","Both Genders",9831,4195,"42.6711423000                 ",5636,"57.3288576900                 "
"2002","48306","01","4620","","03","Mid/Jr Hi ","N","Racine","","Middle/Junior High School Type/ Prek-12","All Races","Both Genders",4718,1660,"35.1844001600                 ",3058,"64.8155998300                 "
"2002","48306","01","4620","","03","High      ","N","Racine","","High School Type/ PreK-12","All Races","Both Genders",6590,944,"14.3247344400                 ",5646,"85.6752655500                 "
"2002","48306","01","4620","","03","El/Sec    ","N","Racine","","Combined Elementary/Secondary School Type/ Prek-12","All Races","Both Genders",126,14,"11.1111111100                 ",112,"88.8888888800                 "
"2002","48306","01","4620","","03","Summary   ","N","Racine","","Grades PreK-12","All Races","Both Genders",21265,6813,"32.0385610100                 ",14452,"67.9614389800                 "
"2002","48047","01","4620","0021","04","High      ","N","Racine","Mack Alternative Center","Grades PreK-12","All Races","Both Genders",17,5,"29.4117647000                 ",12,"70.5882352900                 "
"2002","46477","01","4620","0106","04","Elem      ","N","Racine","Fine Arts El","Grades PreK-12","All Races","Both Genders",309,39,"12.6213592200                 ",270,"87.3786407700                 "
"2002","46478","01","4620","0111","04","Elem      ","N","Racine","Jones El","Grades PreK-12","All Races","Both Genders",456,160,"35.0877192900                 ",296,"64.9122807000                 "
"2002","46470","01","4620","0112","04","Elem      ","N","Racine","O Brown El","Grades PreK-12","All Races","Both Genders",553,203,"36.7088607500                 ",350,"63.2911392400                 "
"2002","47211","01","4620","0118","04","Elem      ","N","Racine","Fratt El","Grades PreK-12","All Races","Both Genders",600,376,"62.6666666600                 ",224,"37.3333333300                 "
"2002","47217","01","4620","0119","04","Elem      ","N","Racine","Gifford El","Grades PreK-12","All Races","Both Genders",788,154,"19.5431472000                 ",634,"80.4568527900                 "
"2002","47212","01","4620","0121","04","Elem      ","N","Racine","Giese El","Grades PreK-12","All Races","Both Genders",410,221,"53.9024390200                 ",189,"46.0975609700                 "
"2002","47218","01","4620","0122","04","Elem      ","N","Racine","Goodland El","Grades PreK-12","All Races","Both Genders",385,202,"52.4675324600                 ",183,"47.5324675300                 "
"2002","46479","01","4620","0130","04","Elem      ","N","Racine","Janes El","Grades PreK-12","All Races","Both Genders",392,348,"88.7755102000                 ",44,"11.2244897900                 "
"2002","46480","01","4620","0132","04","Elem      ","N","Racine","Jefferson Lighthouse El","Grades PreK-12","All Races","Both Genders",562,71,"12.6334519500                 ",491,"87.3665480400                 "
"2002","46471","01","4620","0134","04","Elem      ","N","Racine","Jerstad-Agerholm El","Grades PreK-12","All Races","Both Genders",435,202,"46.4367816000                 ",233,"53.5632183900                 "
"2002","47213","01","4620","0136","04","Elem      ","N","Racine","Johnson El","Grades PreK-12","All Races","Both Genders",556,258,"46.4028776900                 ",298,"53.5971223000                 "
"2002","47214","01","4620","0138","04","Elem      ","N","Racine","Knapp El","Grades PreK-12","All Races","Both Genders",512,296,"57.8125000000                 ",216,"42.1875000000                 "
"2002","46481","01","4620","0148","04","Elem      ","N","Racine","Mitchell El","Grades PreK-12","All Races","Both Genders",412,167,"40.5339805800                 ",245,"59.4660194100                 "
"2002","46472","01","4620","0150","04","Elem      ","N","Racine","North Park El","Grades PreK-12","All Races","Both Genders",435,159,"36.5517241300                 ",276,"63.4482758600                 "
"2002","46473","01","4620","0154","04","Elem      ","N","Racine","Roosevelt El","Grades PreK-12","All Races","Both Genders",424,195,"45.9905660300                 ",229,"54.0094339600                 "
"2002","47206","01","4620","0162","04","Elem      ","N","Racine","Wadewitz El","Grades PreK-12","All Races","Both Genders",621,298,"47.9871175500                 ",323,"52.0128824400                 "
"2002","47219","01","4620","0164","04","Elem      ","N","Racine","West Ridge El","Grades PreK-12","All Races","Both Genders",424,223,"52.5943396200                 ",201,"47.4056603700                 "
"2002","47038","01","4620","0166","04","Elem      ","N","Racine","Schulte El","Grades PreK-12","All Races","Both Genders",400,142,"35.5000000000                 ",258,"64.5000000000                 "
"2002","46482","01","4620","0168","04","Elem      ","N","Racine","Wind Point El","Grades PreK-12","All Races","Both Genders",290,105,"36.2068965500                 ",185,"63.7931034400                 "
"2002","46483","01","4620","0170","04","Elem      ","N","Racine","Winslow El","Grades PreK-12","All Races","Both Genders",256,195,"76.1718750000                 ",61,"23.8281250000                 "
"2002","47207","01","4620","0172","04","Elem      ","N","Racine","P-COC","Grades PreK-12","All Races","Both Genders",62,,"",,""
"2002","46474","01","4620","0174","04","Elem      ","N","Racine","Red Apple El","Grades PreK-12","All Races","Both Genders",549,181,"32.9690346000                 ",368,"67.0309653900                 "
"2002","47208","01","4620","0280","04","Mid/Jr Hi ","N","Racine","Gilmore Mid","Grades PreK-12","All Races","Both Genders",972,358,"36.8312757200                 ",614,"63.1687242700                 "
"2002","46475","01","4620","0282","04","Mid/Jr Hi ","N","Racine","Jerstad-Agerholm Mid","Grades PreK-12","All Races","Both Genders",761,272,"35.7424441500                 ",489,"64.2575558400                 "
"2002","47215","01","4620","0284","04","Mid/Jr Hi ","Y","Racine","McKinley Mid","Grades PreK-12","All Races","Both Genders",1020,279,"27.3529411700                 ",741,"72.6470588200                 "
"2002","46484","01","4620","0285","04","Mid/Jr Hi ","N","Racine","Walden III Mid","Grades PreK-12","All Races","Both Genders",209,17,"8.1339712900                  ",192,"91.8660287000                 "
"2002","46486","01","4620","0286","04","Mid/Jr Hi ","N","Racine","Mitchell Mid","Grades PreK-12","All Races","Both Genders",915,355,"38.7978142000                 ",560,"61.2021857900                 "
"2002","46476","01","4620","0287","04","Mid/Jr Hi ","N","Racine","Middle School Academy","Grades PreK-12","All Races","Both Genders",13,23,"176.9230769200                ",-10,"-76.9230769200                "
"2002","47216","01","4620","0288","04","Mid/Jr Hi ","N","Racine","Starbuck Mid","Grades PreK-12","All Races","Both Genders",828,356,"42.9951690800                 ",472,"57.0048309100                 "
"2002","46487","01","4620","0490","04","High      ","N","Racine","Keith R Mack Achievement Center","Grades PreK-12","All Races","Both Genders",159,6,"3.7735849000                  ",153,"96.2264150900                 "
"2002","47220","01","4620","0491","04","High      ","N","Racine","Case Hi","Grades PreK-12","All Races","Both Genders",1904,273,"14.3382352900                 ",1631,"85.6617647000                 "
"2002","49386","01","4620","0492","04","High      ","N","Racine","Horlick Hi","Grades PreK-12","All Races","Both Genders",2094,409,"19.5319961700                 ",1685,"80.4680038200                 "
"2002","46488","01","4620","0494","04","High      ","N","Racine","Park Hi","Grades PreK-12","All Races","Both Genders",2210,239,"10.8144796300                 ",1971,"89.1855203600                 "
"2002","47205","01","4620","0499","04","High      ","N","Racine","Walden III Hi","Grades PreK-12","All Races","Both Genders",206,12,"5.8252427100                  ",194,"94.1747572800                 "
"2002","49429","01","4620","0800","04","El/Sec    ","Y","Racine","The REAL School","Grades PreK-12","All Races","Both Genders",126,14,"11.1111111100                 ",112,"88.8888888800                 "
"2002","49414","01","5026","","03","Elem      ","N","Saint Francis","","Elementary School Type/ Prek-12","All Races","Both Genders",907,196,"21.6097023100                 ",711,"78.3902976800                 "
"2002","49414","01","5026","","03","Mid/Jr Hi ","N","Saint Francis","","Middle/Junior High School Type/ Prek-12","All Races","Both Genders",0,0,"--                            ",0,"--                            "
"2002","49414","01","5026","","03","High      ","N","Saint Francis","","High School Type/ PreK-12","All Races","Both Genders",536,90,"16.7910447700                 ",446,"83.2089552200                 "
"2002","49414","01","5026","","03","El/Sec    ","N","Saint Francis","","Combined Elementary/Secondary School Type/ Prek-12","All Races","Both Genders",0,0,"--                            ",0,"--                            "
"2002","49414","01","5026","","03","Summary   ","N","Saint Francis","","Grades PreK-12","All Races","Both Genders",1443,286,"19.8198198100                 ",1157,"80.1801801800                 "
"2002","46467","01","5026","0020","04","Elem      ","N","Saint Francis","Deer Creek El","Grades PreK-12","All Races","Both Genders",456,98,"21.4912280700                 ",358,"78.5087719200                 "
"2002","46468","01","5026","0040","04","High      ","N","Saint Francis","Saint Francis Hi","Grades PreK-12","All Races","Both Genders",513,90,"17.5438596400                 ",423,"82.4561403500                 "
"2002","46469","01","5026","0080","04","Elem      ","N","Saint Francis","Willow Glen El","Grades PreK-12","All Races","Both Genders",451,98,"21.7294900200                 ",353,"78.2705099700                 "
"2002","48022","01","5026","0400","04","High      ","Y","Saint Francis","Horizon Academy","Grades PreK-12","All Races","Both Genders",23,,"",,""
"2002","48114","01","5355","","03","Elem      ","N","Shorewood","","Elementary School Type/ Prek-12","All Races","Both Genders",1134,136,"11.9929453200                 ",998,"88.0070546700                 "
"2002","48114","01","5355","","03","Mid/Jr Hi ","N","Shorewood","","Middle/Junior High School Type/ Prek-12","All Races","Both Genders",318,40,"12.5786163500                 ",278,"87.4213836400                 "
"2002","48114","01","5355","","03","High      ","N","Shorewood","","High School Type/ PreK-12","All Races","Both Genders",749,48,"6.4085447200                  ",701,"93.5914552700                 "
"2002","48114","01","5355","","03","El/Sec    ","N","Shorewood","","Combined Elementary/Secondary School Type/ Prek-12","All Races","Both Genders",0,0,"--                            ",0,"--                            "
"2002","48114","01","5355","","03","Summary   ","N","Shorewood","","Grades PreK-12","All Races","Both Genders",2201,224,"10.1771921800                 ",1977,"89.8228078100                 "
"2002","46426","01","5355","0020","04","Elem      ","N","Shorewood","Atwater El","Grades PreK-12","All Races","Both Genders",572,83,"14.5104895100                 ",489,"85.4895104800                 "
"2002","46427","01","5355","0040","04","Elem      ","N","Shorewood","Lake Bluff El","Grades PreK-12","All Races","Both Genders",562,53,"9.4306049800                  ",509,"90.5693950100                 "
"2002","46428","01","5355","0060","04","Mid/Jr Hi ","N","Shorewood","Shorewood Intermediate","Grades PreK-12","All Races","Both Genders",318,40,"12.5786163500                 ",278,"87.4213836400                 "
"2002","46430","01","5355","0080","04","High      ","N","Shorewood","Shorewood Hi","Grades PreK-12","All Races","Both Genders",749,48,"6.4085447200                  ",701,"93.5914552700                 "
"2002","49769","01","5355","9200","4C","Mid/Jr Hi ","Y","Shorewood","Passage Middle School","Grades PreK-12","All Races","Both Genders",0,0,"--                            ",0,"--                            "
"2002","48289","01","5439","","03","Elem      ","N","South Milwaukee","","Elementary School Type/ Prek-12","All Races","Both Genders",1558,537,"34.4672657200                 ",1021,"65.5327342700                 "
"2002","48289","01","5439","","03","Mid/Jr Hi ","N","South Milwaukee","","Middle/Junior High School Type/ Prek-12","All Races","Both Genders",837,273,"32.6164874500                 ",564,"67.3835125400                 "
"2002","48289","01","5439","","03","High      ","N","South Milwaukee","","High School Type/ PreK-12","All Races","Both Genders",1201,228,"18.9841798500                 ",973,"81.0158201400                 "
"2002","48289","01","5439","","03","El/Sec    ","N","South Milwaukee","","Combined Elementary/Secondary School Type/ Prek-12","All Races","Both Genders",0,0,"--                            ",0,"--                            "
"2002","48289","01","5439","","03","Summary   ","N","South Milwaukee","","Grades PreK-12","All Races","Both Genders",3596,1038,"28.8654060000                 ",2558,"71.1345939900                 "
"2002","46373","01","5439","0010","04","Elem      ","N","South Milwaukee","Blakewood El","Grades PreK-12","All Races","Both Genders",461,92,"19.9566160500                 ",369,"80.0433839400                 "
"2002","46374","01","5439","0020","04","Elem      ","N","South Milwaukee","Luther El","Grades PreK-12","All Races","Both Genders",275,92,"33.4545454500                 ",183,"66.5454545400                 "
"2002","46375","01","5439","0040","04","Elem      ","N","South Milwaukee","Lakeview El","Grades PreK-12","All Races","Both Genders",358,167,"46.6480446900                 ",191,"53.3519553000                 "
"2002","46376","01","5439","0080","04","Elem      ","N","South Milwaukee","Rawson El","Grades PreK-12","All Races","Both Genders",464,186,"40.0862068900                 ",278,"59.9137931000                 "
"2002","46377","01","5439","0100","04","Mid/Jr Hi ","N","South Milwaukee","South Milwaukee Mid","Grades PreK-12","All Races","Both Genders",837,273,"32.6164874500                 ",564,"67.3835125400                 "
"2002","46378","01","5439","0120","04","High      ","N","South Milwaukee","South Milwaukee Hi","Grades PreK-12","All Races","Both Genders",1193,228,"19.1114836500                 ",965,"80.8885163400                 "
"2002","49707","01","5439","9801","04","High      ","Y","South Milwaukee","Connects Learning Center","Grades PreK-12","All Races","Both Genders",8,,"",,""
"2002","48104","01","6174","","03","Elem      ","N","Waukesha","","Elementary School Type/ Prek-12","All Races","Both Genders",6573,1293,"19.6713829300                 ",5280,"80.3286170600                 "
"2002","48104","01","6174","","03","Mid/Jr Hi ","N","Waukesha","","Middle/Junior High School Type/ Prek-12","All Races","Both Genders",1919,275,"14.3303804000                 ",1644,"85.6696195900                 "
"2002","48104","01","6174","","03","High      ","N","Waukesha","","High School Type/ PreK-12","All Races","Both Genders",4277,337,"7.8793546800                  ",3940,"92.1206453100                 "
"2002","48104","01","6174","","03","El/Sec    ","N","Waukesha","","Combined Elementary/Secondary School Type/ Prek-12","All Races","Both Genders",0,0,"--                            ",0,"--                            "
"2002","48104","01","6174","","03","Summary   ","N","Waukesha","","Grades PreK-12","All Races","Both Genders",12769,1905,"14.9189443100                 ",10864,"85.0810556800                 "
"2002","47058","01","6174","0020","04","Elem      ","N","Waukesha","Banting El","Grades PreK-12","All Races","Both Genders",465,102,"21.9354838700                 ",363,"78.0645161200                 "
"2002","46379","01","6174","0060","04","Elem      ","N","Waukesha","Bethesda El","Grades PreK-12","All Races","Both Genders",496,31,"6.2500000000                  ",465,"93.7500000000                 "
"2002","46380","01","6174","0080","04","Elem      ","N","Waukesha","Blair El","Grades PreK-12","All Races","Both Genders",268,66,"24.6268656700                 ",202,"75.3731343200                 "
"2002","46381","01","6174","0100","04","Mid/Jr Hi ","N","Waukesha","Butler Mid","Grades PreK-12","All Races","Both Genders",665,86,"12.9323308200                 ",579,"87.0676691700                 "
"2002","47059","01","6174","0120","04","Mid/Jr Hi ","N","Waukesha","Central Mid","Grades PreK-12","All Races","Both Genders",625,122,"19.5200000000                 ",503,"80.4800000000                 "
"2002","47060","01","6174","0160","04","Elem      ","N","Waukesha","Hadfield El","Grades PreK-12","All Races","Both Genders",319,79,"24.7648902800                 ",240,"75.2351097100                 "
"2002","46382","01","6174","0180","04","Elem      ","N","Waukesha","Hawthorne El","Grades PreK-12","All Races","Both Genders",330,82,"24.8484848400                 ",248,"75.1515151500                 "
"2002","47061","01","6174","0190","04","Elem      ","N","Waukesha","Heyer El","Grades PreK-12","All Races","Both Genders",455,68,"14.9450549400                 ",387,"85.0549450500                 "
"2002","47062","01","6174","0200","04","Elem      ","N","Waukesha","Hillcrest El","Grades PreK-12","All Races","Both Genders",360,16,"4.4444444400                  ",344,"95.5555555500                 "
"2002","47063","01","6174","0210","04","Mid/Jr Hi ","N","Waukesha","Horning Mid","Grades PreK-12","All Races","Both Genders",629,67,"10.6518282900                 ",562,"89.3481717000                 "
"2002","46383","01","6174","0260","04","Elem      ","N","Waukesha","Lowell El","Grades PreK-12","All Races","Both Genders",447,110,"24.6085011100                 ",337,"75.3914988800                 "
"2002","46384","01","6174","0280","04","Elem      ","N","Waukesha","Meadowbrook El","Grades PreK-12","All Races","Both Genders",367,19,"5.1771117100                  ",348,"94.8228882800                 "
"2002","47064","01","6174","0290","04","High      ","N","Waukesha","North Hi","Grades PreK-12","All Races","Both Genders",1377,77,"5.5918663700                  ",1300,"94.4081336200                 "
"2002","47065","01","6174","0340","04","Elem      ","N","Waukesha","Pleasant Hill El","Grades PreK-12","All Races","Both Genders",198,8,"4.0404040400                  ",190,"95.9595959500                 "
"2002","47066","01","6174","0360","04","Elem      ","N","Waukesha","Prairie El","Grades PreK-12","All Races","Both Genders",371,79,"21.2938005300                 ",292,"78.7061994600                 "
"2002","47067","01","6174","0400","04","Elem      ","N","Waukesha","Randall El","Grades PreK-12","All Races","Both Genders",353,56,"15.8640226600                 ",297,"84.1359773300                 "
"2002","46385","01","6174","0410","04","Elem      ","N","Waukesha","Rose Glen El","Grades PreK-12","All Races","Both Genders",644,18,"2.7950310500                  ",626,"97.2049689400                 "
"2002","47068","01","6174","0420","04","Elem      ","N","Waukesha","Saratoga El","Grades PreK-12","All Races","Both Genders",230,95,"41.3043478200                 ",135,"58.6956521700                 "
"2002","47069","01","6174","0460","04","High      ","N","Waukesha","South Hi","Grades PreK-12","All Races","Both Genders",1407,209,"14.8542999200                 ",1198,"85.1457000700                 "
"2002","47070","01","6174","0480","04","Elem      ","N","Waukesha","Summit View El","Grades PreK-12","All Races","Both Genders",565,40,"7.0796460100                  ",525,"92.9203539800                 "
"2002","50023","01","6174","0490","04","High      ","Y","Waukesha","Harvey Philip Alternative Charter School","Grades PreK-12","All Races","Both Genders",103,21,"20.3883495100                 ",82,"79.6116504800                 "
"2002","47071","01","6174","0520","04","Elem      ","N","Waukesha","White Rock El","Grades PreK-12","All Races","Both Genders",353,298,"84.4192634500                 ",55,"15.5807365400                 "
"2002","47073","01","6174","0540","04","Elem      ","N","Waukesha","Whittier El","Grades PreK-12","All Races","Both Genders",352,126,"35.7954545400                 ",226,"64.2045454500                 "
"2002","46386","01","6174","0560","04","High      ","N","Waukesha","West Hi","Grades PreK-12","All Races","Both Genders",1390,30,"2.1582733800                  ",1360,"97.8417266100                 "
"2002","48302","01","6244","","03","Elem      ","N","Wauwatosa","","Elementary School Type/ Prek-12","All Races","Both Genders",3200,346,"10.8125000000                 ",2854,"89.1875000000                 "
"2002","48302","01","6244","","03","Mid/Jr Hi ","N","Wauwatosa","","Middle/Junior High School Type/ Prek-12","All Races","Both Genders",1489,133,"8.9321692400                  ",1356,"91.0678307500                 "
"2002","48302","01","6244","","03","High      ","N","Wauwatosa","","High School Type/ PreK-12","All Races","Both Genders",2191,83,"3.7882245500                  ",2108,"96.2117754400                 "
"2002","48302","01","6244","","03","El/Sec    ","N","Wauwatosa","","Combined Elementary/Secondary School Type/ Prek-12","All Races","Both Genders",211,,"",,""
"2002","48302","01","6244","","03","Summary   ","N","Wauwatosa","","Grades PreK-12","All Races","Both Genders",7091,562,"7.9255394100                  ",6529,"92.0744605800                 "
"2002","49443","01","6244","0015","04","El/Sec    ","N","Wauwatosa","River Hills School (CATC)","Grades PreK-12","All Races","Both Genders",22,,"",,""
"2002","47125","01","6244","0020","04","High      ","N","Wauwatosa","East Hi","Grades PreK-12","All Races","Both Genders",1232,37,"3.0032467500                  ",1195,"96.9967532400                 "
"2002","46463","01","6244","0040","04","Elem      ","N","Wauwatosa","Eisenhower El","Grades PreK-12","All Races","Both Genders",395,64,"16.2025316400                 ",331,"83.7974683500                 "
"2002","47126","01","6244","0100","04","Elem      ","N","Wauwatosa","Jefferson El","Grades PreK-12","All Races","Both Genders",303,47,"15.5115511500                 ",256,"84.4884488400                 "
"2002","47127","01","6244","0120","04","Elem      ","N","Wauwatosa","Lincoln El","Grades PreK-12","All Races","Both Genders",306,20,"6.5359477100                  ",286,"93.4640522800                 "
"2002","47128","01","6244","0140","04","Mid/Jr Hi ","N","Wauwatosa","Longfellow Mid","Grades PreK-12","All Races","Both Genders",928,67,"7.2198275800                  ",861,"92.7801724100                 "
"2002","47189","01","6244","0160","04","Elem      ","N","Wauwatosa","Madison El","Grades PreK-12","All Races","Both Genders",350,23,"6.5714285700                  ",327,"93.4285714200                 "
"2002","47190","01","6244","0180","04","Elem      ","N","Wauwatosa","McKinley El","Grades PreK-12","All Races","Both Genders",434,19,"4.3778801800                  ",415,"95.6221198100                 "
"2002","49442","01","6244","0190","04","El/Sec    ","N","Wauwatosa","Plank Road School","Grades PreK-12","All Races","Both Genders",57,,"",,""
"2002","47129","01","6244","0200","04","Elem      ","N","Wauwatosa","Roosevelt El","Grades PreK-12","All Races","Both Genders",434,61,"14.0552995300                 ",373,"85.9447004600                 "
"2002","47191","01","6244","0220","04","Elem      ","N","Wauwatosa","Underwood El","Grades PreK-12","All Races","Both Genders",332,54,"16.2650602400                 ",278,"83.7349397500                 "
"2002","47130","01","6244","0240","04","Elem      ","N","Wauwatosa","Washington El","Grades PreK-12","All Races","Both Genders",384,37,"9.6354166600                  ",347,"90.3645833300                 "
"2002","46464","01","6244","0280","04","High      ","N","Wauwatosa","West Hi","Grades PreK-12","All Races","Both Genders",959,46,"4.7966631900                  ",913,"95.2033368000                 "
"2002","46465","01","6244","0290","04","Mid/Jr Hi ","N","Wauwatosa","Whitman Mid","Grades PreK-12","All Races","Both Genders",561,66,"11.7647058800                 ",495,"88.2352941100                 "
"2002","47131","01","6244","0300","04","Elem      ","N","Wauwatosa","Wilson El","Grades PreK-12","All Races","Both Genders",262,21,"8.0152671700                  ",241,"91.9847328200                 "
"2002","49441","01","6244","0320","04","El/Sec    ","N","Wauwatosa","Detention Center","Grades PreK-12","All Races","Both Genders",109,,"",,""
"2002","49895","01","6244","0800","04","El/Sec    ","N","Wauwatosa","Childrens Hospital of WI Sch Prog","Grades PreK-12","All Races","Both Genders",23,,"",,""
"2002","49781","01","6244","9200","4C","Mid/Jr Hi ","Y","Wauwatosa","Passage Middle School","Grades PreK-12","All Races","Both Genders",1,,"",,""
"2002","48303","01","6300","","03","Elem      ","N","West Allis","","Elementary School Type/ Prek-12","All Races","Both Genders",4403,1343,"30.5019305000                 ",3060,"69.4980694900                 "
"2002","48303","01","6300","","03","Mid/Jr Hi ","N","West Allis","","Middle/Junior High School Type/ Prek-12","All Races","Both Genders",1357,341,"25.1289609400                 ",1016,"74.8710390500                 "
"2002","48303","01","6300","","03","High      ","N","West Allis","","High School Type/ PreK-12","All Races","Both Genders",3060,422,"13.7908496700                 ",2638,"86.2091503200                 "
"2002","48303","01","6300","","03","El/Sec    ","N","West Allis","","Combined Elementary/Secondary School Type/ Prek-12","All Races","Both Genders",0,0,"--                            ",0,"--                            "
"2002","48303","01","6300","","03","Summary   ","N","West Allis","","Grades PreK-12","All Races","Both Genders",8820,2106,"23.8775510200                 ",6714,"76.1224489700                 "
"2002","47192","01","6300","0020","04","High      ","N","West Allis","Central Hi","Grades PreK-12","All Races","Both Genders",1604,267,"16.6458852800                 ",1337,"83.3541147100                 "
"2002","47193","01","6300","0040","04","Mid/Jr Hi ","N","West Allis","Frank Lloyd Wright Mid","Grades PreK-12","All Races","Both Genders",744,142,"19.0860215000                 ",602,"80.9139784900                 "
"2002","47194","01","6300","0060","04","Elem      ","N","West Allis","Franklin El","Grades PreK-12","All Races","Both Genders",356,82,"23.0337078600                 ",274,"76.9662921300                 "
"2002","47195","01","6300","0080","04","Elem      ","N","West Allis","Mitchell El","Grades PreK-12","All Races","Both Genders",417,69,"16.5467625800                 ",348,"83.4532374100                 "
"2002","47037","01","6300","0100","04","Elem      ","N","West Allis","Hoover El","Grades PreK-12","All Races","Both Genders",464,131,"28.2327586200                 ",333,"71.7672413700                 "
"2002","47133","01","6300","0120","04","Mid/Jr Hi ","N","West Allis","West Milwaukee Mid","Grades PreK-12","All Races","Both Genders",613,199,"32.4632952600                 ",414,"67.5367047300                 "
"2002","47196","01","6300","0140","04","Elem      ","N","West Allis","Irving El","Grades PreK-12","All Races","Both Genders",406,92,"22.6600985200                 ",314,"77.3399014700                 "
"2002","47160","01","6300","0160","04","Elem      ","N","West Allis","Jefferson El","Grades PreK-12","All Races","Both Genders",500,142,"28.4000000000                 ",358,"71.6000000000                 "
"2002","47134","01","6300","0260","04","Elem      ","N","West Allis","Lincoln El","Grades PreK-12","All Races","Both Genders",337,124,"36.7952522200                 ",213,"63.2047477700                 "
"2002","49384","01","6300","0280","04","Elem      ","N","West Allis","Longfellow El","Grades PreK-12","All Races","Both Genders",267,72,"26.9662921300                 ",195,"73.0337078600                 "
"2002","47135","01","6300","0300","04","Elem      ","N","West Allis","Madison El","Grades PreK-12","All Races","Both Genders",232,49,"21.1206896500                 ",183,"78.8793103400                 "
"2002","47197","01","6300","0340","04","High      ","N","West Allis","Hale Hi","Grades PreK-12","All Races","Both Genders",1370,155,"11.3138686100                 ",1215,"88.6861313800                 "
"2002","47136","01","6300","0380","04","Elem      ","N","West Allis","Pershing El","Grades PreK-12","All Races","Both Genders",315,148,"46.9841269800                 ",167,"53.0158730100                 "
"2002","47137","01","6300","0420","04","Elem      ","N","West Allis","Walker El","Grades PreK-12","All Races","Both Genders",287,87,"30.3135888500                 ",200,"69.6864111400                 "
"2002","47138","01","6300","0440","04","Elem      ","N","West Allis","Horace Mann El","Grades PreK-12","All Races","Both Genders",447,242,"54.1387024600                 ",205,"45.8612975300                 "
"2002","50022","01","6300","0470","04","High      ","Y","West Allis","Competency-Based Diploma Program","Grades PreK-12","All Races","Both Genders",31,,"",,""
"2002","47139","01","6300","0480","04","Elem      ","N","West Allis","Wilson El","Grades PreK-12","All Races","Both Genders",375,105,"28.0000000000                 ",270,"72.0000000000                 "
"2002","49846","01","6300","0490","04","High      ","N","West Allis","James E Dottke Alternative","Grades PreK-12","All Races","Both Genders",55,,"",,""
"2002","48117","01","6419","","03","Elem      ","N","Whitefish Bay","","Elementary School Type/ Prek-12","All Races","Both Genders",1346,,"",,""
"2002","48117","01","6419","","03","Mid/Jr Hi ","N","Whitefish Bay","","Middle/Junior High School Type/ Prek-12","All Races","Both Genders",651,,"",,""
"2002","48117","01","6419","","03","High      ","N","Whitefish Bay","","High School Type/ PreK-12","All Races","Both Genders",868,,"",,""
"2002","48117","01","6419","","03","El/Sec    ","N","Whitefish Bay","","Combined Elementary/Secondary School Type/ Prek-12","All Races","Both Genders",0,0,"--                            ",0,"--                            "
"2002","48117","01","6419","","03","Summary   ","N","Whitefish Bay","","Grades PreK-12","All Races","Both Genders",2865,,"",,""
"2002","46431","01","6419","0020","04","Elem      ","N","Whitefish Bay","Cumberland El","Grades PreK-12","All Races","Both Genders",692,,"",,""
"2002","46445","01","6419","0029","04","Mid/Jr Hi ","N","Whitefish Bay","Whitefish Bay Mid","Grades PreK-12","All Races","Both Genders",651,,"",,""
"2002","46446","01","6419","0080","04","Elem      ","N","Whitefish Bay","Richards El","Grades PreK-12","All Races","Both Genders",654,,"",,""
"2002","46447","01","6419","0100","04","High      ","N","Whitefish Bay","Whitefish Bay Hi","Grades PreK-12","All Races","Both Genders",868,,"",,""
"2002","48305","01","6470","","03","Elem      ","N","Whitnall","","Elementary School Type/ Prek-12","All Races","Both Genders",1001,118,"11.7882117800                 ",883,"88.2117882100                 "
"2002","48305","01","6470","","03","Mid/Jr Hi ","N","Whitnall","","Middle/Junior High School Type/ Prek-12","All Races","Both Genders",590,63,"10.6779661000                 ",527,"89.3220338900                 "
"2002","48305","01","6470","","03","High      ","N","Whitnall","","High School Type/ PreK-12","All Races","Both Genders",946,50,"5.2854122600                  ",896,"94.7145877300                 "
"2002","48305","01","6470","","03","El/Sec    ","N","Whitnall","","Combined Elementary/Secondary School Type/ Prek-12","All Races","Both Genders",0,0,"--                            ",0,"--                            "
"2002","48305","01","6470","","03","Summary   ","N","Whitnall","","Grades PreK-12","All Races","Both Genders",2537,231,"9.1052424100                  ",2306,"90.8947575800                 "
"2002","46218","01","6470","0040","04","Elem      ","N","Whitnall","Hales Corners El","Grades PreK-12","All Races","Both Genders",596,62,"10.4026845600                 ",534,"89.5973154300                 "
"2002","46219","01","6470","0080","04","Elem      ","N","Whitnall","Edgerton El","Grades PreK-12","All Races","Both Genders",405,56,"13.8271604900                 ",349,"86.1728395000                 "
"2002","47200","01","6470","0100","04","High      ","N","Whitnall","Whitnall Hi","Grades PreK-12","All Races","Both Genders",946,50,"5.2854122600                  ",896,"94.7145877300                 "
"2002","47201","01","6470","0120","04","Mid/Jr Hi ","N","Whitnall","Whitnall Mid","Grades PreK-12","All Races","Both Genders",590,63,"10.6779661000                 ",527,"89.3220338900                 "
"2002","C2101","01","8101","    ","03","Elem      ","Y","Non-district Charter Schools: Downtown Montes","","Elementary School Type/ Prek-12","All Races","Both Genders",91,,"",,""
"2002","C2101","01","8101","    ","03","Mid/Jr Hi ","Y","Non-district Charter Schools: Downtown Montes","","Middle/Junior High School Type/ Prek-12","All Races","Both Genders",0,0,"--                            ",0,"--                            "
"2002","C2101","01","8101","    ","03","High      ","Y","Non-district Charter Schools: Downtown Montes","","High School Type/ PreK-12","All Races","Both Genders",0,0,"--                            ",0,"--                            "
"2002","C2101","01","8101","    ","03","El/Sec    ","Y","Non-district Charter Schools: Downtown Montes","","Combined Elementary/Secondary School Type/ Prek-12","All Races","Both Genders",0,0,"--                            ",0,"--                            "
"2002","C2101","01","8101","    ","03","Summary   ","Y","Non-district Charter Schools: Downtown Montes","","Grades PreK-12","All Races","Both Genders",91,,"",,""
"2002","48978","01","8101","1056","49","Elem      ","Y","Non-district Charter Schools: Downtown Montes","Downtown Montessori","Grades PreK-12","All Races","Both Genders",91,,"",,""
"2002","C2102","01","8102","    ","03","Elem      ","Y","Non-district Charter Schools: Khamit Institut","","Elementary School Type/ Prek-12","All Races","Both Genders",0,0,"--                            ",0,"--                            "
"2002","C2102","01","8102","    ","03","Mid/Jr Hi ","Y","Non-district Charter Schools: Khamit Institut","","Middle/Junior High School Type/ Prek-12","All Races","Both Genders",0,0,"--                            ",0,"--                            "
"2002","C2102","01","8102","    ","03","High      ","Y","Non-district Charter Schools: Khamit Institut","","High School Type/ PreK-12","All Races","Both Genders",0,0,"--                            ",0,"--                            "
"2002","C2102","01","8102","    ","03","El/Sec    ","Y","Non-district Charter Schools: Khamit Institut","","Combined Elementary/Secondary School Type/ Prek-12","All Races","Both Genders",84,,"",,""
"2002","C2102","01","8102","    ","03","Summary   ","Y","Non-district Charter Schools: Khamit Institut","","Grades PreK-12","All Races","Both Genders",84,,"",,""
"2002","48977","01","8102","1027","49","El/Sec    ","Y","Non-district Charter Schools: Khamit Institut","Khamit Institute","Grades PreK-12","All Races","Both Genders",84,,"",,""
"2002","C2104","01","8104","    ","03","Elem      ","Y","Non-district Charter Schools: YW Global Caree","","Elementary School Type/ Prek-12","All Races","Both Genders",109,,"",,""
"2002","C2104","01","8104","    ","03","Mid/Jr Hi ","Y","Non-district Charter Schools: YW Global Caree","","Middle/Junior High School Type/ Prek-12","All Races","Both Genders",0,0,"--                            ",0,"--                            "
"2002","C2104","01","8104","    ","03","High      ","Y","Non-district Charter Schools: YW Global Caree","","High School Type/ PreK-12","All Races","Both Genders",0,0,"--                            ",0,"--                            "
"2002","C2104","01","8104","    ","03","El/Sec    ","Y","Non-district Charter Schools: YW Global Caree","","Combined Elementary/Secondary School Type/ Prek-12","All Races","Both Genders",0,0,"--                            ",0,"--                            "
"2002","C2104","01","8104","    ","03","Summary   ","Y","Non-district Charter Schools: YW Global Caree","","Grades PreK-12","All Races","Both Genders",109,,"",,""
"2002","49247","01","8104","1209","49","Elem      ","Y","Non-district Charter Schools: YW Global Caree","YW Global Career Academy","Grades PreK-12","All Races","Both Genders",109,,"",,""
"2002","C2105","01","8105","    ","03","Elem      ","Y","Non-district Charter Schools: Central City Cy","","Elementary School Type/ Prek-12","All Races","Both Genders",331,,"",,""
"2002","C2105","01","8105","    ","03","Mid/Jr Hi ","Y","Non-district Charter Schools: Central City Cy","","Middle/Junior High School Type/ Prek-12","All Races","Both Genders",0,0,"--                            ",0,"--                            "
"2002","C2105","01","8105","    ","03","High      ","Y","Non-district Charter Schools: Central City Cy","","High School Type/ PreK-12","All Races","Both Genders",0,0,"--                            ",0,"--                            "
"2002","C2105","01","8105","    ","03","El/Sec    ","Y","Non-district Charter Schools: Central City Cy","","Combined Elementary/Secondary School Type/ Prek-12","All Races","Both Genders",0,0,"--                            ",0,"--                            "
"2002","C2105","01","8105","    ","03","Summary   ","Y","Non-district Charter Schools: Central City Cy","","Grades PreK-12","All Races","Both Genders",331,,"",,""
"2002","49266","01","8105","1211","49","Elem      ","Y","Non-district Charter Schools: Central City Cy","Central City Cyberschool","Grades PreK-12","All Races","Both Genders",331,,"",,""
"2002","C2106","01","8106","    ","03","Elem      ","Y","Non-district Charter Schools: Milwaukee Acade","","Elementary School Type/ Prek-12","All Races","Both Genders",901,,"",,""
"2002","C2106","01","8106","    ","03","Mid/Jr Hi ","Y","Non-district Charter Schools: Milwaukee Acade","","Middle/Junior High School Type/ Prek-12","All Races","Both Genders",0,0,"--                            ",0,"--                            "
"2002","C2106","01","8106","    ","03","High      ","Y","Non-district Charter Schools: Milwaukee Acade","","High School Type/ PreK-12","All Races","Both Genders",0,0,"--                            ",0,"--                            "
"2002","C2106","01","8106","    ","03","El/Sec    ","Y","Non-district Charter Schools: Milwaukee Acade","","Combined Elementary/Secondary School Type/ Prek-12","All Races","Both Genders",0,0,"--                            ",0,"--                            "
"2002","C2106","01","8106","    ","03","Summary   ","Y","Non-district Charter Schools: Milwaukee Acade","","Grades PreK-12","All Races","Both Genders",901,,"",,""
"2002","49286","01","8106","1251","49","Elem      ","Y","Non-district Charter Schools: Milwaukee Acade","Milwaukee Academy of Science","Grades PreK-12","All Races","Both Genders",901,,"",,""
"2002","C2107","01","8107","    ","03","Elem      ","Y","Non-district Charter Schools: Sch for Early D","","Elementary School Type/ Prek-12","All Races","Both Genders",16,,"",,""
"2002","C2107","01","8107","    ","03","Mid/Jr Hi ","Y","Non-district Charter Schools: Sch for Early D","","Middle/Junior High School Type/ Prek-12","All Races","Both Genders",0,0,"--                            ",0,"--                            "
"2002","C2107","01","8107","    ","03","High      ","Y","Non-district Charter Schools: Sch for Early D","","High School Type/ PreK-12","All Races","Both Genders",0,0,"--                            ",0,"--                            "
"2002","C2107","01","8107","    ","03","El/Sec    ","Y","Non-district Charter Schools: Sch for Early D","","Combined Elementary/Secondary School Type/ Prek-12","All Races","Both Genders",0,0,"--                            ",0,"--                            "
"2002","C2107","01","8107","    ","03","Summary   ","Y","Non-district Charter Schools: Sch for Early D","","Grades PreK-12","All Races","Both Genders",16,,"",,""
"2002","49935","01","8107","1279","49","Elem      ","Y","Non-district Charter Schools: Sch for Early D","Sch for Early Development & Achievement","Grades PreK-12","All Races","Both Genders",16,,"",,""
"2002","C2108","01","8108","    ","03","Elem      ","Y","Non-district Charter Schools: Urban League Ac","","Elementary School Type/ Prek-12","All Races","Both Genders",566,,"",,""
"2002","C2108","01","8108","    ","03","Mid/Jr Hi ","Y","Non-district Charter Schools: Urban League Ac","","Middle/Junior High School Type/ Prek-12","All Races","Both Genders",0,0,"--                            ",0,"--                            "
"2002","C2108","01","8108","    ","03","High      ","Y","Non-district Charter Schools: Urban League Ac","","High School Type/ PreK-12","All Races","Both Genders",0,0,"--                            ",0,"--                            "
"2002","C2108","01","8108","    ","03","El/Sec    ","Y","Non-district Charter Schools: Urban League Ac","","Combined Elementary/Secondary School Type/ Prek-12","All Races","Both Genders",0,0,"--                            ",0,"--                            "
"2002","C2108","01","8108","    ","03","Summary   ","Y","Non-district Charter Schools: Urban League Ac","","Grades PreK-12","All Races","Both Genders",566,,"",,""
"2002","49936","01","8108","1278","49","Elem      ","Y","Non-district Charter Schools: Urban League Ac","Urban League Academy","Grades PreK-12","All Races","Both Genders",566,,"",,""
