"year","agency_key","CESA","district_number","school_number","agency_type","school_type","charter","district_name","school_name","grade_label","race_ethnicity","gender","total_enrollment_prek-12","pre-k_number","pre-k_percent","kinder_number","kinder_percent","grade_1_number","grade_1_percent","grade_2_number","grade_2_percent","grade_3_number","grade_3_percent","grade_4_number","grade_4_percent","grade_5_number","grade_5_percent","grade_6_number","grade_6_percent","grade_7_number","grade_7_percent","grade_8_number","grade_8_percent","grade_9_number","grade_9_percent","grade_10_number","grade_10_percent","grade_11_number","grade_11_percent","grade_12_number","grade_12_percent"
"2002","48483","06","0147","","03","Summary   ","N","Appleton Area","","Grades PreK-12","All Races","Both Genders","14800",223,"1.506700                      ",994,"6.716200                      ",970,"6.554000                      ",1035,"6.993200                      ",1053,"7.114800                      ",1150,"7.770200                      ",1090,"7.364800                      ",1096,"7.405400                      ",1149,"7.763500                      ",1166,"7.878300                      ",1257,"8.493200                      ",1224,"8.270200                      ",1163,"7.858100                      ",1230,"8.310800                      "
"2002","47920","06","0147","0020","04","High      ","N","Appleton Area","East Hi","Grades PreK-12","All Races","Both Genders","1468",0,"0.000000                      ",0,"0.000000                      ",0,"0.000000                      ",0,"0.000000                      ",0,"0.000000                      ",0,"0.000000                      ",0,"0.000000                      ",0,"0.000000                      ",0,"0.000000                      ",0,"0.000000                      ",381,"25.953600                     ",369,"25.136200                     ",373,"25.408700                     ",345,"23.501300                     "
"2002","47979","06","0147","0030","04","High      ","N","Appleton Area","North Hi","Grades PreK-12","All Races","Both Genders","1734",0,"0.000000                      ",0,"0.000000                      ",0,"0.000000                      ",0,"0.000000                      ",0,"0.000000                      ",0,"0.000000                      ",0,"0.000000                      ",0,"0.000000                      ",0,"0.000000                      ",0,"0.000000                      ",458,"26.412900                     ",451,"26.009200                     ",391,"22.549000                     ",434,"25.028800                     "
"2002","47919","06","0147","0040","04","High      ","N","Appleton Area","West Hi","Grades PreK-12","All Races","Both Genders","1441",0,"0.000000                      ",0,"0.000000                      ",0,"0.000000                      ",0,"0.000000                      ",0,"0.000000                      ",0,"0.000000                      ",0,"0.000000                      ",0,"0.000000                      ",0,"0.000000                      ",0,"0.000000                      ",396,"27.480900                     ",367,"25.468400                     ",323,"22.414900                     ",355,"24.635600                     "
"2002","44911","06","0147","0060","04","Elem      ","N","Appleton Area","Badger El","Grades PreK-12","All Races","Both Genders","285",0,"0.000000                      ",47,"16.491200                     ",40,"14.035000                     ",43,"15.087700                     ",40,"14.035000                     ",39,"13.684200                     ",41,"14.385900                     ",35,"12.280700                     ",0,"0.000000                      ",0,"0.000000                      ",0,"0.000000                      ",0,"0.000000                      ",0,"0.000000                      ",0,"0.000000                      "
"2002","44912","06","0147","0080","04","Elem      ","N","Appleton Area","Columbus El","Grades PreK-12","All Races","Both Genders","247",0,"0.000000                      ",30,"12.145700                     ",37,"14.979700                     ",41,"16.599100                     ",36,"14.574800                     ",34,"13.765100                     ",39,"15.789400                     ",30,"12.145700                     ",0,"0.000000                      ",0,"0.000000                      ",0,"0.000000                      ",0,"0.000000                      ",0,"0.000000                      ",0,"0.000000                      "
"2002","44913","06","0147","0100","04","Elem      ","N","Appleton Area","Edison El","Grades PreK-12","All Races","Both Genders","297",20,"6.734000                      ",29,"9.764300                      ",32,"10.774400                     ",34,"11.447800                     ",48,"16.161600                     ",47,"15.824900                     ",39,"13.131300                     ",48,"16.161600                     ",0,"0.000000                      ",0,"0.000000                      ",0,"0.000000                      ",0,"0.000000                      ",0,"0.000000                      ",0,"0.000000                      "
"2002","49013","06","0147","0110","04","Elem      ","Y","Appleton Area","Classical Charter Sch","Grades PreK-12","All Races","Both Genders","316",0,"0.000000                      ",50,"15.822700                     ",50,"15.822700                     ",50,"15.822700                     ",46,"14.556900                     ",26,"8.227800                      ",26,"8.227800                      ",25,"7.911300                      ",25,"7.911300                      ",18,"5.696200                      ",0,"0.000000                      ",0,"0.000000                      ",0,"0.000000                      ",0,"0.000000                      "
"2002","44914","06","0147","0120","04","Mid/Jr Hi ","N","Appleton Area","Einstein Mid","Grades PreK-12","All Races","Both Genders","470",0,"0.000000                      ",0,"0.000000                      ",0,"0.000000                      ",0,"0.000000                      ",0,"0.000000                      ",0,"0.000000                      ",0,"0.000000                      ",0,"0.000000                      ",224,"47.659500                     ",246,"52.340400                     ",0,"0.000000                      ",0,"0.000000                      ",0,"0.000000                      ",0,"0.000000                      "
"2002","44957","06","0147","0130","04","Elem      ","N","Appleton Area","Ferber El","Grades PreK-12","All Races","Both Genders","803",92,"11.457000                     ",104,"12.951400                     ",78,"9.713500                      ",94,"11.706100                     ",104,"12.951400                     ",112,"13.947600                     ",108,"13.449500                     ",111,"13.823100                     ",0,"0.000000                      ",0,"0.000000                      ",0,"0.000000                      ",0,"0.000000                      ",0,"0.000000                      ",0,"0.000000                      "
"2002","44958","06","0147","0140","04","Elem      ","N","Appleton Area","Foster El","Grades PreK-12","All Races","Both Genders","264",0,"0.000000                      ",30,"11.363600                     ",28,"10.606000                     ",36,"13.636300                     ",31,"11.742400                     ",50,"18.939300                     ",48,"18.181800                     ",41,"15.530300                     ",0,"0.000000                      ",0,"0.000000                      ",0,"0.000000                      ",0,"0.000000                      ",0,"0.000000                      ",0,"0.000000                      "
"2002","44959","06","0147","0160","04","Elem      ","N","Appleton Area","Franklin El","Grades PreK-12","All Races","Both Genders","415",7,"1.686700                      ",52,"12.530100                     ",52,"12.530100                     ",51,"12.289100                     ",62,"14.939700                     ",60,"14.457800                     ",64,"15.421600                     ",67,"16.144500                     ",0,"0.000000                      ",0,"0.000000                      ",0,"0.000000                      ",0,"0.000000                      ",0,"0.000000                      ",0,"0.000000                      "
"2002","44960","06","0147","0180","04","Elem      ","N","Appleton Area","Highlands El","Grades PreK-12","All Races","Both Genders","654",13,"1.987700                      ",78,"11.926600                     ",83,"12.691100                     ",99,"15.137600                     ",87,"13.302700                     ",100,"15.290500                     ",92,"14.067200                     ",102,"15.596300                     ",0,"0.000000                      ",0,"0.000000                      ",0,"0.000000                      ",0,"0.000000                      ",0,"0.000000                      ",0,"0.000000                      "
"2002","47921","06","0147","0190","04","Elem      ","N","Appleton Area","Horizons El","Grades PreK-12","All Races","Both Genders","489",0,"0.000000                      ",59,"12.065400                     ",75,"15.337400                     ",65,"13.292400                     ",73,"14.928400                     ",74,"15.132900                     ",76,"15.541900                     ",67,"13.701400                     ",0,"0.000000                      ",0,"0.000000                      ",0,"0.000000                      ",0,"0.000000                      ",0,"0.000000                      ",0,"0.000000                      "
"2002","47923","06","0147","0195","04","Elem      ","N","Appleton Area","Houdini El","Grades PreK-12","All Races","Both Genders","664",18,"2.710800                      ",84,"12.650600                     ",86,"12.951800                     ",93,"14.006000                     ",94,"14.156600                     ",99,"14.909600                     ",107,"16.114400                     ",83,"12.500000                     ",0,"0.000000                      ",0,"0.000000                      ",0,"0.000000                      ",0,"0.000000                      ",0,"0.000000                      ",0,"0.000000                      "
"2002","49331","06","0147","0200","04","Elem      ","N","Appleton Area","Huntley El","Grades PreK-12","All Races","Both Genders","586",13,"2.218400                      ",87,"14.846400                     ",63,"10.750800                     ",71,"12.116000                     ",80,"13.651800                     ",99,"16.894100                     ",80,"13.651800                     ",93,"15.870300                     ",0,"0.000000                      ",0,"0.000000                      ",0,"0.000000                      ",0,"0.000000                      ",0,"0.000000                      ",0,"0.000000                      "
"2002","49302","06","0147","0210","04","Mid/Jr Hi ","Y","Appleton Area","Magellan Mid","Grades PreK-12","All Races","Both Genders","38",0,"0.000000                      ",0,"0.000000                      ",0,"0.000000                      ",0,"0.000000                      ",0,"0.000000                      ",0,"0.000000                      ",0,"0.000000                      ",0,"0.000000                      ",22,"57.894700                     ",16,"42.105200                     ",0,"0.000000                      ",0,"0.000000                      ",0,"0.000000                      ",0,"0.000000                      "
"2002","47924","06","0147","0220","04","Elem      ","N","Appleton Area","Berry El","Grades PreK-12","All Races","Both Genders","524",13,"2.480900                      ",63,"12.022900                     ",88,"16.793800                     ",67,"12.786200                     ",80,"15.267100                     ",77,"14.694600                     ",65,"12.404500                     ",71,"13.549600                     ",0,"0.000000                      ",0,"0.000000                      ",0,"0.000000                      ",0,"0.000000                      ",0,"0.000000                      ",0,"0.000000                      "
"2002","49271","06","0147","0230","04","Mid/Jr Hi ","Y","Appleton Area","Appleton Community Learning Center","Grades PreK-12","All Races","Both Genders","6",0,"0.000000                      ",0,"0.000000                      ",0,"0.000000                      ",0,"0.000000                      ",0,"0.000000                      ",0,"0.000000                      ",0,"0.000000                      ",0,"0.000000                      ",0,"0.000000                      ",6,"100.000000                    ",0,"0.000000                      ",0,"0.000000                      ",0,"0.000000                      ",0,"0.000000                      "
"2002","47910","06","0147","0240","04","Elem      ","N","Appleton Area","Jefferson El","Grades PreK-12","All Races","Both Genders","436",17,"3.899000                      ",58,"13.302700                     ",50,"11.467800                     ",63,"14.449500                     ",60,"13.761400                     ",59,"13.532100                     ",66,"15.137600                     ",63,"14.449500                     ",0,"0.000000                      ",0,"0.000000                      ",0,"0.000000                      ",0,"0.000000                      ",0,"0.000000                      ",0,"0.000000                      "
"2002","47911","06","0147","0260","04","Elem      ","N","Appleton Area","Johnston El","Grades PreK-12","All Races","Both Genders","522",15,"2.873500                      ",79,"15.134000                     ",61,"11.685800                     ",71,"13.601500                     ",62,"11.877300                     ",81,"15.517200                     ",69,"13.218300                     ",84,"16.091900                     ",0,"0.000000                      ",0,"0.000000                      ",0,"0.000000                      ",0,"0.000000                      ",0,"0.000000                      ",0,"0.000000                      "
"2002","47912","06","0147","0280","04","Elem      ","N","Appleton Area","Lincoln El","Grades PreK-12","All Races","Both Genders","424",15,"3.537700                      ",50,"11.792400                     ",47,"11.084900                     ",58,"13.679200                     ",48,"11.320700                     ",79,"18.632000                     ",76,"17.924500                     ",51,"12.028300                     ",0,"0.000000                      ",0,"0.000000                      ",0,"0.000000                      ",0,"0.000000                      ",0,"0.000000                      ",0,"0.000000                      "
"2002","47913","06","0147","0300","04","Mid/Jr Hi ","N","Appleton Area","Madison Mid","Grades PreK-12","All Races","Both Genders","742",0,"0.000000                      ",0,"0.000000                      ",0,"0.000000                      ",0,"0.000000                      ",0,"0.000000                      ",0,"0.000000                      ",0,"0.000000                      ",0,"0.000000                      ",359,"48.382700                     ",383,"51.617200                     ",0,"0.000000                      ",0,"0.000000                      ",0,"0.000000                      ",0,"0.000000                      "
"2002","47914","06","0147","0320","04","Elem      ","N","Appleton Area","McKinley El","Grades PreK-12","All Races","Both Genders","472",0,"0.000000                      ",59,"12.500000                     ",68,"14.406700                     ",66,"13.983000                     ",64,"13.559300                     ",75,"15.889800                     ",59,"12.500000                     ",81,"17.161000                     ",0,"0.000000                      ",0,"0.000000                      ",0,"0.000000                      ",0,"0.000000                      ",0,"0.000000                      ",0,"0.000000                      "
"2002","47915","06","0147","0340","04","Elem      ","N","Appleton Area","Richmond El","Grades PreK-12","All Races","Both Genders","256",0,"0.000000                      ",35,"13.671800                     ",32,"12.500000                     ",33,"12.890600                     ",38,"14.843700                     ",39,"15.234300                     ",35,"13.671800                     ",44,"17.187500                     ",0,"0.000000                      ",0,"0.000000                      ",0,"0.000000                      ",0,"0.000000                      ",0,"0.000000                      ",0,"0.000000                      "
"2002","47916","06","0147","0360","04","Mid/Jr Hi ","N","Appleton Area","Roosevelt Mid","Grades PreK-12","All Races","Both Genders","475",0,"0.000000                      ",0,"0.000000                      ",0,"0.000000                      ",0,"0.000000                      ",0,"0.000000                      ",0,"0.000000                      ",0,"0.000000                      ",0,"0.000000                      ",226,"47.578900                     ",249,"52.421000                     ",0,"0.000000                      ",0,"0.000000                      ",0,"0.000000                      ",0,"0.000000                      "
"2002","47988","06","0147","0400","04","High      ","Y","Appleton Area","Appleton Central Alternative School","Grades PreK-12","All Races","Both Genders","91",0,"0.000000                      ",0,"0.000000                      ",0,"0.000000                      ",0,"0.000000                      ",0,"0.000000                      ",0,"0.000000                      ",0,"0.000000                      ",0,"0.000000                      ",0,"0.000000                      ",0,"0.000000                      ",0,"0.000000                      ",2,"2.197800                      ",30,"32.967000                     ",59,"64.835100                     "
"2002","47918","06","0147","0410","04","Mid/Jr Hi ","N","Appleton Area","Wilson Mid","Grades PreK-12","All Races","Both Genders","541",0,"0.000000                      ",0,"0.000000                      ",0,"0.000000                      ",0,"0.000000                      ",0,"0.000000                      ",0,"0.000000                      ",0,"0.000000                      ",0,"0.000000                      ",293,"54.158900                     ",248,"45.841000                     ",0,"0.000000                      ",0,"0.000000                      ",0,"0.000000                      ",0,"0.000000                      "
"2002","49303","06","0147","0420","04","High      ","Y","Appleton Area","Renaissance Sch","Grades PreK-12","All Races","Both Genders","140",0,"0.000000                      ",0,"0.000000                      ",0,"0.000000                      ",0,"0.000000                      ",0,"0.000000                      ",0,"0.000000                      ",0,"0.000000                      ",0,"0.000000                      ",0,"0.000000                      ",0,"0.000000                      ",22,"15.714200                     ",35,"25.000000                     ",46,"32.857100                     ",37,"26.428500                     "
"2002","48346","06","0336","","03","Summary   ","N","Beaver Dam","","Grades PreK-12","All Races","Both Genders","3453",66,"1.911300                      ",227,"6.573900                      ",226,"6.545000                      ",221,"6.400200                      ",225,"6.516000                      ",218,"6.313300                      ",246,"7.124200                      ",222,"6.429100                      ",267,"7.732400                      ",252,"7.298000                      ",329,"9.527900                      ",308,"8.919700                      ",308,"8.919700                      ",338,"9.788500                      "
"2002","47359","06","0336","0020","04","Mid/Jr Hi ","N","Beaver Dam","Beaver Dam Mid","Grades PreK-12","All Races","Both Genders","727",0,"0.000000                      ",0,"0.000000                      ",0,"0.000000                      ",0,"0.000000                      ",0,"0.000000                      ",0,"0.000000                      ",0,"0.000000                      ",221,"30.398800                     ",265,"36.451100                     ",241,"33.149900                     ",0,"0.000000                      ",0,"0.000000                      ",0,"0.000000                      ",0,"0.000000                      "
"2002","47361","06","0336","0040","04","High      ","N","Beaver Dam","Beaver Dam Hi","Grades PreK-12","All Races","Both Genders","1171",0,"0.000000                      ",0,"0.000000                      ",0,"0.000000                      ",0,"0.000000                      ",0,"0.000000                      ",0,"0.000000                      ",0,"0.000000                      ",0,"0.000000                      ",0,"0.000000                      ",0,"0.000000                      ",318,"27.156200                     ",296,"25.277500                     ",273,"23.313400                     ",284,"24.252700                     "
"2002","47362","06","0336","0080","04","Elem      ","N","Beaver Dam","Jefferson El","Grades PreK-12","All Races","Both Genders","319",0,"0.000000                      ",47,"14.733500                     ",60,"18.808700                     ",52,"16.300900                     ",52,"16.300900                     ",56,"17.554800                     ",52,"16.300900                     ",0,"0.000000                      ",0,"0.000000                      ",0,"0.000000                      ",0,"0.000000                      ",0,"0.000000                      ",0,"0.000000                      ",0,"0.000000                      "
"2002","47363","06","0336","0100","04","Elem      ","N","Beaver Dam","Lincoln El","Grades PreK-12","All Races","Both Genders","214",0,"0.000000                      ",28,"13.084100                     ",31,"14.485900                     ",31,"14.485900                     ",42,"19.626100                     ",33,"15.420500                     ",49,"22.897100                     ",0,"0.000000                      ",0,"0.000000                      ",0,"0.000000                      ",0,"0.000000                      ",0,"0.000000                      ",0,"0.000000                      ",0,"0.000000                      "
"2002","48036","06","0336","0110","04","Elem      ","N","Beaver Dam","Prairie View El","Grades PreK-12","All Races","Both Genders","252",66,"26.190400                     ",58,"23.015800                     ",28,"11.111100                     ",29,"11.507900                     ",29,"11.507900                     ",21,"8.333300                      ",21,"8.333300                      ",0,"0.000000                      ",0,"0.000000                      ",0,"0.000000                      ",0,"0.000000                      ",0,"0.000000                      ",0,"0.000000                      ",0,"0.000000                      "
"2002","47364","06","0336","0120","04","Elem      ","N","Beaver Dam","South Beaver Dam El","Grades PreK-12","All Races","Both Genders","114",0,"0.000000                      ",24,"21.052600                     ",21,"18.421000                     ",15,"13.157800                     ",22,"19.298200                     ",12,"10.526300                     ",20,"17.543800                     ",0,"0.000000                      ",0,"0.000000                      ",0,"0.000000                      ",0,"0.000000                      ",0,"0.000000                      ",0,"0.000000                      ",0,"0.000000                      "
"2002","47365","06","0336","0140","04","Elem      ","N","Beaver Dam","Trenton El","Grades PreK-12","All Races","Both Genders","111",0,"0.000000                      ",0,"0.000000                      ",21,"18.918900                     ",24,"21.621600                     ",16,"14.414400                     ",24,"21.621600                     ",26,"23.423400                     ",0,"0.000000                      ",0,"0.000000                      ",0,"0.000000                      ",0,"0.000000                      ",0,"0.000000                      ",0,"0.000000                      ",0,"0.000000                      "
"2002","47366","06","0336","0160","04","Elem      ","N","Beaver Dam","Washington El","Grades PreK-12","All Races","Both Genders","270",0,"0.000000                      ",43,"15.925900                     ",38,"14.074000                     ",44,"16.296200                     ",44,"16.296200                     ",51,"18.888800                     ",50,"18.518500                     ",0,"0.000000                      ",0,"0.000000                      ",0,"0.000000                      ",0,"0.000000                      ",0,"0.000000                      ",0,"0.000000                      ",0,"0.000000                      "
"2002","47367","06","0336","0180","04","Elem      ","N","Beaver Dam","Wilson El","Grades PreK-12","All Races","Both Genders","149",0,"0.000000                      ",27,"18.120800                     ",27,"18.120800                     ",26,"17.449600                     ",20,"13.422800                     ",21,"14.093900                     ",28,"18.791900                     ",0,"0.000000                      ",0,"0.000000                      ",0,"0.000000                      ",0,"0.000000                      ",0,"0.000000                      ",0,"0.000000                      ",0,"0.000000                      "
"2002","44923","06","0336","0200","04","El/Sec    ","Y","Beaver Dam","Beaver Dam Charter Sch","Grades PreK-12","All Races","Both Genders","126",0,"0.000000                      ",0,"0.000000                      ",0,"0.000000                      ",0,"0.000000                      ",0,"0.000000                      ",0,"0.000000                      ",0,"0.000000                      ",1,"0.793600                      ",2,"1.587300                      ",11,"8.730100                      ",11,"8.730100                      ",12,"9.523800                      ",35,"27.777700                     ",54,"42.857100                     "
"2002","48245","06","0434","","03","Summary   ","N","Berlin Area","","Grades PreK-12","All Races","Both Genders","1802",37,"2.053200                      ",98,"5.438400                      ",110,"6.104300                      ",124,"6.881200                      ",112,"6.215300                      ",140,"7.769100                      ",124,"6.881200                      ",148,"8.213000                      ",121,"6.714700                      ",154,"8.546000                      ",148,"8.213000                      ",160,"8.879000                      ",162,"8.990000                      ",164,"9.100900                      "
"2002","44961","06","0434","0040","04","High      ","N","Berlin Area","Berlin Hi","Grades PreK-12","All Races","Both Genders","628",0,"0.000000                      ",0,"0.000000                      ",0,"0.000000                      ",0,"0.000000                      ",0,"0.000000                      ",0,"0.000000                      ",0,"0.000000                      ",0,"0.000000                      ",0,"0.000000                      ",0,"0.000000                      ",146,"23.248400                     ",157,"25.000000                     ",161,"25.636900                     ",164,"26.114600                     "
"2002","44962","06","0434","0060","04","Elem      ","N","Berlin Area","Clay Lamberton El","Grades PreK-12","All Races","Both Genders","670",37,"5.522300                      ",88,"13.134300                     ",90,"13.432800                     ",112,"16.716400                     ",96,"14.328300                     ",123,"18.358200                     ",124,"18.507400                     ",0,"0.000000                      ",0,"0.000000                      ",0,"0.000000                      ",0,"0.000000                      ",0,"0.000000                      ",0,"0.000000                      ",0,"0.000000                      "
"2002","44963","06","0434","0080","04","Mid/Jr Hi ","N","Berlin Area","Berlin Mid","Grades PreK-12","All Races","Both Genders","421",0,"0.000000                      ",0,"0.000000                      ",0,"0.000000                      ",0,"0.000000                      ",0,"0.000000                      ",0,"0.000000                      ",0,"0.000000                      ",147,"34.916800                     ",120,"28.503500                     ",154,"36.579500                     ",0,"0.000000                      ",0,"0.000000                      ",0,"0.000000                      ",0,"0.000000                      "
"2002","47952","06","0434","0100","04","Elem      ","N","Berlin Area","Poy Sippi El","Grades PreK-12","All Races","Both Genders","75",0,"0.000000                      ",10,"13.333300                     ",20,"26.666600                     ",12,"16.000000                     ",16,"21.333300                     ",17,"22.666600                     ",0,"0.000000                      ",0,"0.000000                      ",0,"0.000000                      ",0,"0.000000                      ",0,"0.000000                      ",0,"0.000000                      ",0,"0.000000                      ",0,"0.000000                      "
"2002","49732","06","0434","9800","4C","El/Sec    ","Y","Berlin Area","Enterprise Charter School","Grades PreK-12","All Races","Both Genders","8",0,"0.000000                      ",0,"0.000000                      ",0,"0.000000                      ",0,"0.000000                      ",0,"0.000000                      ",0,"0.000000                      ",0,"0.000000                      ",1,"12.500000                     ",1,"12.500000                     ",0,"0.000000                      ",2,"25.000000                     ",3,"37.500000                     ",1,"12.500000                     ",0,"0.000000                      "
"2002","48094","06","0910","","03","Summary   ","N","Campbellsport","","Grades PreK-12","All Races","Both Genders","1561",16,"1.024900                      ",97,"6.213900                      ",73,"4.676400                      ",90,"5.765500                      ",99,"6.342000                      ",109,"6.982700                      ",115,"7.367000                      ",107,"6.854500                      ",118,"7.559200                      ",135,"8.648300                      ",157,"10.057600                     ",168,"10.762300                     ",142,"9.096700                      ",135,"8.648300                      "
"2002","46332","06","0910","0020","04","Elem      ","N","Campbellsport","Campbellsport El","Grades PreK-12","All Races","Both Genders","358",14,"3.910600                      ",56,"15.642400                     ",37,"10.335100                     ",34,"9.497200                      ",54,"15.083700                     ",54,"15.083700                     ",54,"15.083700                     ",55,"15.363100                     ",0,"0.000000                      ",0,"0.000000                      ",0,"0.000000                      ",0,"0.000000                      ",0,"0.000000                      ",0,"0.000000                      "
"2002","46333","06","0910","0040","04","High      ","N","Campbellsport","Campbellsport Hi","Grades PreK-12","All Races","Both Genders","445",0,"0.000000                      ",0,"0.000000                      ",0,"0.000000                      ",0,"0.000000                      ",0,"0.000000                      ",0,"0.000000                      ",0,"0.000000                      ",0,"0.000000                      ",0,"0.000000                      ",0,"0.000000                      ",0,"0.000000                      ",168,"37.752800                     ",142,"31.910100                     ",135,"30.337000                     "
"2002","46275","06","0910","0080","04","Elem      ","N","Campbellsport","Eden El","Grades PreK-12","All Races","Both Genders","348",2,"0.574700                      ",41,"11.781600                     ",36,"10.344800                     ",56,"16.091900                     ",45,"12.931000                     ",55,"15.804500                     ",61,"17.528700                     ",52,"14.942500                     ",0,"0.000000                      ",0,"0.000000                      ",0,"0.000000                      ",0,"0.000000                      ",0,"0.000000                      ",0,"0.000000                      "
"2002","49839","06","0910","0300","04","Mid/Jr Hi ","N","Campbellsport","Campbellsport Jr Hi","Grades PreK-12","All Races","Both Genders","410",0,"0.000000                      ",0,"0.000000                      ",0,"0.000000                      ",0,"0.000000                      ",0,"0.000000                      ",0,"0.000000                      ",0,"0.000000                      ",0,"0.000000                      ",118,"28.780400                     ",135,"32.926800                     ",157,"38.292600                     ",0,"0.000000                      ",0,"0.000000                      ",0,"0.000000                      "
"2002","48256","06","1687","","03","Summary   ","N","Erin","","Grades PreK-12","All Races","Both Genders","369",27,"7.317000                      ",41,"11.111100                     ",33,"8.943000                      ",31,"8.401000                      ",50,"13.550100                     ",35,"9.485000                      ",38,"10.298100                     ",31,"8.401000                      ",41,"11.111100                     ",42,"11.382100                     ",0,"0.000000                      ",0,"0.000000                      ",0,"0.000000                      ",0,"0.000000                      "
"2002","44872","06","1687","0020","04","Elem      ","N","Erin","Erin El","Grades PreK-12","All Races","Both Genders","369",27,"7.317000                      ",41,"11.111100                     ",33,"8.943000                      ",31,"8.401000                      ",50,"13.550100                     ",35,"9.485000                      ",38,"10.298100                     ",31,"8.401000                      ",41,"11.111100                     ",42,"11.382100                     ",0,"0.000000                      ",0,"0.000000                      ",0,"0.000000                      ",0,"0.000000                      "
"2002","48484","06","1862","","03","Summary   ","N","Fond du Lac","","Grades PreK-12","All Races","Both Genders","7228",122,"1.687800                      ",472,"6.530100                      ",498,"6.889800                      ",489,"6.765300                      ",471,"6.516300                      ",545,"7.540100                      ",590,"8.162700                      ",591,"8.176500                      ",552,"7.636900                      ",583,"8.065800                      ",531,"7.346400                      ",582,"8.052000                      ",602,"8.328700                      ",600,"8.301000                      "
"2002","44970","06","1862","0030","04","Elem      ","N","Fond du Lac","Chegwin El","Grades PreK-12","All Races","Both Genders","314",14,"4.458500                      ",57,"18.152800                     ",38,"12.101900                     ",46,"14.649600                     ",52,"16.560500                     ",46,"14.649600                     ",61,"19.426700                     ",0,"0.000000                      ",0,"0.000000                      ",0,"0.000000                      ",0,"0.000000                      ",0,"0.000000                      ",0,"0.000000                      ",0,"0.000000                      "
"2002","44971","06","1862","0080","04","Elem      ","N","Fond du Lac","Evans El","Grades PreK-12","All Races","Both Genders","300",0,"0.000000                      ",45,"15.000000                     ",57,"19.000000                     ",45,"15.000000                     ",36,"12.000000                     ",54,"18.000000                     ",63,"21.000000                     ",0,"0.000000                      ",0,"0.000000                      ",0,"0.000000                      ",0,"0.000000                      ",0,"0.000000                      ",0,"0.000000                      ",0,"0.000000                      "
"2002","44972","06","1862","0090","04","Elem      ","N","Fond du Lac","Fahey El","Grades PreK-12","All Races","Both Genders","73",11,"15.068400                     ",34,"46.575300                     ",28,"38.356100                     ",0,"0.000000                      ",0,"0.000000                      ",0,"0.000000                      ",0,"0.000000                      ",0,"0.000000                      ",0,"0.000000                      ",0,"0.000000                      ",0,"0.000000                      ",0,"0.000000                      ",0,"0.000000                      ",0,"0.000000                      "
"2002","49308","06","1862","0110","04","Elem      ","N","Fond du Lac","James Otis Sch","Grades PreK-12","All Races","Both Genders","35",35,"100.000000                    ",0,"0.000000                      ",0,"0.000000                      ",0,"0.000000                      ",0,"0.000000                      ",0,"0.000000                      ",0,"0.000000                      ",0,"0.000000                      ",0,"0.000000                      ",0,"0.000000                      ",0,"0.000000                      ",0,"0.000000                      ",0,"0.000000                      ",0,"0.000000                      "
"2002","44973","06","1862","0120","04","Elem      ","N","Fond du Lac","Franklin El","Grades PreK-12","All Races","Both Genders","201",0,"0.000000                      ",32,"15.920300                     ",31,"15.422800                     ",37,"18.407900                     ",30,"14.925300                     ",35,"17.412900                     ",36,"17.910400                     ",0,"0.000000                      ",0,"0.000000                      ",0,"0.000000                      ",0,"0.000000                      ",0,"0.000000                      ",0,"0.000000                      ",0,"0.000000                      "
"2002","44974","06","1862","0140","04","High      ","N","Fond du Lac","Fond du Lac High School","Grades PreK-12","All Races","Both Genders","2315",0,"0.000000                      ",0,"0.000000                      ",0,"0.000000                      ",0,"0.000000                      ",0,"0.000000                      ",0,"0.000000                      ",0,"0.000000                      ",0,"0.000000                      ",0,"0.000000                      ",0,"0.000000                      ",531,"22.937300                     ",582,"25.140300                     ",602,"26.004300                     ",600,"25.917900                     "
"2002","49332","06","1862","0200","04","Elem      ","N","Fond du Lac","Lakeshore El","Grades PreK-12","All Races","Both Genders","447",0,"0.000000                      ",63,"14.093900                     ",68,"15.212500                     ",74,"16.554800                     ",63,"14.093900                     ",86,"19.239300                     ",93,"20.805300                     ",0,"0.000000                      ",0,"0.000000                      ",0,"0.000000                      ",0,"0.000000                      ",0,"0.000000                      ",0,"0.000000                      ",0,"0.000000                      "
"2002","44975","06","1862","0230","04","Elem      ","N","Fond du Lac","Parkside El","Grades PreK-12","All Races","Both Genders","218",0,"0.000000                      ",16,"7.339400                      ",13,"5.963300                      ",45,"20.642200                     ",53,"24.311900                     ",44,"20.183400                     ",47,"21.559600                     ",0,"0.000000                      ",0,"0.000000                      ",0,"0.000000                      ",0,"0.000000                      ",0,"0.000000                      ",0,"0.000000                      ",0,"0.000000                      "
"2002","44976","06","1862","0240","04","Elem      ","N","Fond du Lac","Pier El","Grades PreK-12","All Races","Both Genders","417",34,"8.153400                      ",55,"13.189400                     ",64,"15.347700                     ",62,"14.868100                     ",68,"16.306900                     ",69,"16.546700                     ",65,"15.587500                     ",0,"0.000000                      ",0,"0.000000                      ",0,"0.000000                      ",0,"0.000000                      ",0,"0.000000                      ",0,"0.000000                      ",0,"0.000000                      "
"2002","44977","06","1862","0260","04","Elem      ","N","Fond du Lac","Roberts El","Grades PreK-12","All Races","Both Genders","389",16,"4.113100                      ",57,"14.652900                     ",67,"17.223600                     ",67,"17.223600                     ",57,"14.652900                     ",62,"15.938300                     ",63,"16.195300                     ",0,"0.000000                      ",0,"0.000000                      ",0,"0.000000                      ",0,"0.000000                      ",0,"0.000000                      ",0,"0.000000                      ",0,"0.000000                      "
"2002","44978","06","1862","0280","04","Elem      ","N","Fond du Lac","Rosenow El","Grades PreK-12","All Races","Both Genders","406",12,"2.955600                      ",58,"14.285700                     ",74,"18.226600                     ",51,"12.561500                     ",50,"12.315200                     ",78,"19.211800                     ",83,"20.443300                     ",0,"0.000000                      ",0,"0.000000                      ",0,"0.000000                      ",0,"0.000000                      ",0,"0.000000                      ",0,"0.000000                      ",0,"0.000000                      "
"2002","44979","06","1862","0300","04","Mid/Jr Hi ","N","Fond du Lac","Sabish Middle","Grades PreK-12","All Races","Both Genders","605",0,"0.000000                      ",0,"0.000000                      ",0,"0.000000                      ",0,"0.000000                      ",0,"0.000000                      ",0,"0.000000                      ",0,"0.000000                      ",211,"34.876000                     ",182,"30.082600                     ",212,"35.041300                     ",0,"0.000000                      ",0,"0.000000                      ",0,"0.000000                      ",0,"0.000000                      "
"2002","44980","06","1862","0335","04","Mid/Jr Hi ","N","Fond du Lac","Theisen Middle","Grades PreK-12","All Races","Both Genders","598",0,"0.000000                      ",0,"0.000000                      ",0,"0.000000                      ",0,"0.000000                      ",0,"0.000000                      ",0,"0.000000                      ",0,"0.000000                      ",206,"34.448100                     ",193,"32.274200                     ",199,"33.277500                     ",0,"0.000000                      ",0,"0.000000                      ",0,"0.000000                      ",0,"0.000000                      "
"2002","44981","06","1862","0360","04","Elem      ","N","Fond du Lac","Waters El","Grades PreK-12","All Races","Both Genders","387",0,"0.000000                      ",55,"14.211800                     ",58,"14.987000                     ",62,"16.020600                     ",62,"16.020600                     ",71,"18.346200                     ",79,"20.413400                     ",0,"0.000000                      ",0,"0.000000                      ",0,"0.000000                      ",0,"0.000000                      ",0,"0.000000                      ",0,"0.000000                      ",0,"0.000000                      "
"2002","44982","06","1862","0365","04","Mid/Jr Hi ","N","Fond du Lac","Woodworth Mid","Grades PreK-12","All Races","Both Genders","523",0,"0.000000                      ",0,"0.000000                      ",0,"0.000000                      ",0,"0.000000                      ",0,"0.000000                      ",0,"0.000000                      ",0,"0.000000                      ",174,"33.269500                     ",177,"33.843200                     ",172,"32.887100                     ",0,"0.000000                      ",0,"0.000000                      ",0,"0.000000                      ",0,"0.000000                      "
"2002","48373","06","1953","","03","Summary   ","N","Freedom Area","","Grades PreK-12","All Races","Both Genders","1574",127,"8.068600                      ",82,"5.209600                      ",112,"7.115600                      ",98,"6.226100                      ",99,"6.289700                      ",112,"7.115600                      ",97,"6.162600                      ",116,"7.369700                      ",115,"7.306200                      ",110,"6.988500                      ",120,"7.623800                      ",123,"7.814400                      ",111,"7.052000                      ",152,"9.656900                      "
"2002","47449","06","1953","0020","04","Elem      ","N","Freedom Area","Freedom El","Grades PreK-12","All Races","Both Genders","727",127,"17.469000                     ",82,"11.279200                     ",112,"15.405700                     ",98,"13.480000                     ",99,"13.617600                     ",112,"15.405700                     ",97,"13.342500                     ",0,"0.000000                      ",0,"0.000000                      ",0,"0.000000                      ",0,"0.000000                      ",0,"0.000000                      ",0,"0.000000                      ",0,"0.000000                      "
"2002","47450","06","1953","0040","04","Mid/Jr Hi ","N","Freedom Area","Freedom Mid","Grades PreK-12","All Races","Both Genders","341",0,"0.000000                      ",0,"0.000000                      ",0,"0.000000                      ",0,"0.000000                      ",0,"0.000000                      ",0,"0.000000                      ",0,"0.000000                      ",116,"34.017500                     ",115,"33.724300                     ",110,"32.258000                     ",0,"0.000000                      ",0,"0.000000                      ",0,"0.000000                      ",0,"0.000000                      "
"2002","47451","06","1953","0060","04","High      ","N","Freedom Area","Freedom Hi","Grades PreK-12","All Races","Both Genders","506",0,"0.000000                      ",0,"0.000000                      ",0,"0.000000                      ",0,"0.000000                      ",0,"0.000000                      ",0,"0.000000                      ",0,"0.000000                      ",0,"0.000000                      ",0,"0.000000                      ",0,"0.000000                      ",120,"23.715400                     ",123,"24.308300                     ",111,"21.936700                     ",152,"30.039500                     "
"2002","48488","06","2310","","03","Summary   ","N","Green Lake","","Grades PreK-12","All Races","Both Genders","360",0,"0.000000                      ",27,"7.500000                      ",16,"4.444400                      ",22,"6.111100                      ",24,"6.666600                      ",21,"5.833300                      ",27,"7.500000                      ",32,"8.888800                      ",28,"7.777700                      ",33,"9.166600                      ",34,"9.444400                      ",30,"8.333300                      ",31,"8.611100                      ",35,"9.722200                      "
"2002","47929","06","2310","0020","04","Elem      ","N","Green Lake","Green Lake El","Grades PreK-12","All Races","Both Genders","169",0,"0.000000                      ",27,"15.976300                     ",16,"9.467400                      ",22,"13.017700                     ",24,"14.201100                     ",21,"12.426000                     ",27,"15.976300                     ",32,"18.934900                     ",0,"0.000000                      ",0,"0.000000                      ",0,"0.000000                      ",0,"0.000000                      ",0,"0.000000                      ",0,"0.000000                      "
"2002","47930","06","2310","0040","04","High      ","N","Green Lake","Green Lake Hi","Grades PreK-12","All Races","Both Genders","191",0,"0.000000                      ",0,"0.000000                      ",0,"0.000000                      ",0,"0.000000                      ",0,"0.000000                      ",0,"0.000000                      ",0,"0.000000                      ",0,"0.000000                      ",28,"14.659600                     ",33,"17.277400                     ",34,"17.801000                     ",30,"15.706800                     ",31,"16.230300                     ",35,"18.324600                     "
"2002","48257","06","2436","","03","Summary   ","N","Hartford UHS","","Grades PreK-12","All Races","Both Genders","1719",0,"0.000000                      ",0,"0.000000                      ",0,"0.000000                      ",0,"0.000000                      ",0,"0.000000                      ",0,"0.000000                      ",0,"0.000000                      ",0,"0.000000                      ",0,"0.000000                      ",0,"0.000000                      ",406,"23.618300                     ",446,"25.945300                     ",426,"24.781800                     ",441,"25.654400                     "
"2002","44873","06","2436","0020","04","High      ","N","Hartford UHS","Hartford Hi","Grades PreK-12","All Races","Both Genders","1719",0,"0.000000                      ",0,"0.000000                      ",0,"0.000000                      ",0,"0.000000                      ",0,"0.000000                      ",0,"0.000000                      ",0,"0.000000                      ",0,"0.000000                      ",0,"0.000000                      ",0,"0.000000                      ",406,"23.618300                     ",446,"25.945300                     ",426,"24.781800                     ",441,"25.654400                     "
"2002","48259","06","2443","","03","Summary   ","N","Hartford J1","","Grades PreK-12","All Races","Both Genders","1544",40,"2.590600                      ",144,"9.326400                      ",151,"9.779700                      ",159,"10.297900                     ",148,"9.585400                      ",159,"10.297900                     ",168,"10.880800                     ",192,"12.435200                     ",193,"12.500000                     ",190,"12.305600                     ",0,"0.000000                      ",0,"0.000000                      ",0,"0.000000                      ",0,"0.000000                      "
"2002","44874","06","2443","0020","04","Mid/Jr Hi ","N","Hartford J1","Central Mid","Grades PreK-12","All Races","Both Genders","575",0,"0.000000                      ",0,"0.000000                      ",0,"0.000000                      ",0,"0.000000                      ",0,"0.000000                      ",0,"0.000000                      ",0,"0.000000                      ",192,"33.391300                     ",193,"33.565200                     ",190,"33.043400                     ",0,"0.000000                      ",0,"0.000000                      ",0,"0.000000                      ",0,"0.000000                      "
"2002","44875","06","2443","0040","04","Elem      ","N","Hartford J1","Lincoln El","Grades PreK-12","All Races","Both Genders","524",14,"2.671700                      ",90,"17.175500                     ",89,"16.984700                     ",85,"16.221300                     ",80,"15.267100                     ",85,"16.221300                     ",81,"15.458000                     ",0,"0.000000                      ",0,"0.000000                      ",0,"0.000000                      ",0,"0.000000                      ",0,"0.000000                      ",0,"0.000000                      ",0,"0.000000                      "
"2002","44876","06","2443","0050","04","Elem      ","N","Hartford J1","Rossman El","Grades PreK-12","All Races","Both Genders","445",26,"5.842600                      ",54,"12.134800                     ",62,"13.932500                     ",74,"16.629200                     ",68,"15.280800                     ",74,"16.629200                     ",87,"19.550500                     ",0,"0.000000                      ",0,"0.000000                      ",0,"0.000000                      ",0,"0.000000                      ",0,"0.000000                      ",0,"0.000000                      ",0,"0.000000                      "
"2002","49747","06","2443","9200","4C","Mid/Jr Hi ","Y","Hartford J1","Passage Middle School","Grades PreK-12","All Races","Both Genders","2",0,"0.000000                      ",0,"0.000000                      ",0,"0.000000                      ",0,"0.000000                      ",0,"0.000000                      ",0,"0.000000                      ",0,"0.000000                      ",0,"0.000000                      ",0,"0.000000                      ",2,"100.000000                    ",0,"0.000000                      ",0,"0.000000                      ",0,"0.000000                      ",0,"0.000000                      "
"2002","48270","06","2523","","03","Summary   ","N","Herman #22","","Grades PreK-12","All Races","Both Genders","117",7,"5.982900                      ",7,"5.982900                      ",9,"7.692300                      ",10,"8.547000                      ",13,"11.111100                     ",13,"11.111100                     ",14,"11.965800                     ",11,"9.401700                      ",13,"11.111100                     ",20,"17.094000                     ",0,"0.000000                      ",0,"0.000000                      ",0,"0.000000                      ",0,"0.000000                      "
"2002","46305","06","2523","0020","04","Elem      ","N","Herman #22","Herman El","Grades PreK-12","All Races","Both Genders","117",7,"5.982900                      ",7,"5.982900                      ",9,"7.692300                      ",10,"8.547000                      ",13,"11.111100                     ",13,"11.111100                     ",14,"11.965800                     ",11,"9.401700                      ",13,"11.111100                     ",20,"17.094000                     ",0,"0.000000                      ",0,"0.000000                      ",0,"0.000000                      ",0,"0.000000                      "
"2002","48264","06","2576","","03","Summary   ","N","Horicon","","Grades PreK-12","All Races","Both Genders","1089",21,"1.928300                      ",55,"5.050500                      ",75,"6.887000                      ",64,"5.876900                      ",75,"6.887000                      ",76,"6.978800                      ",64,"5.876900                      ",64,"5.876900                      ",88,"8.080800                      ",75,"6.887000                      ",115,"10.560100                     ",107,"9.825500                      ",109,"10.009100                     ",101,"9.274500                      "
"2002","44882","06","2576","0040","04","Elem      ","N","Horicon","Van Brunt El","Grades PreK-12","All Races","Both Genders","430",21,"4.883700                      ",55,"12.790600                     ",75,"17.441800                     ",64,"14.883700                     ",75,"17.441800                     ",76,"17.674400                     ",64,"14.883700                     ",0,"0.000000                      ",0,"0.000000                      ",0,"0.000000                      ",0,"0.000000                      ",0,"0.000000                      ",0,"0.000000                      ",0,"0.000000                      "
"2002","44883","06","2576","0060","04","High      ","N","Horicon","Horicon Hi","Grades PreK-12","All Races","Both Genders","432",0,"0.000000                      ",0,"0.000000                      ",0,"0.000000                      ",0,"0.000000                      ",0,"0.000000                      ",0,"0.000000                      ",0,"0.000000                      ",0,"0.000000                      ",0,"0.000000                      ",0,"0.000000                      ",115,"26.620300                     ",107,"24.768500                     ",109,"25.231400                     ",101,"23.379600                     "
"2002","44884","06","2576","0080","04","Mid/Jr Hi ","N","Horicon","Van Brunt Mid","Grades PreK-12","All Races","Both Genders","227",0,"0.000000                      ",0,"0.000000                      ",0,"0.000000                      ",0,"0.000000                      ",0,"0.000000                      ",0,"0.000000                      ",0,"0.000000                      ",64,"28.193800                     ",88,"38.766500                     ",75,"33.039600                     ",0,"0.000000                      ",0,"0.000000                      ",0,"0.000000                      ",0,"0.000000                      "
"2002","48489","06","2583","","03","Summary   ","N","Hortonville","","Grades PreK-12","All Races","Both Genders","2764",25,"0.904400                      ",185,"6.693100                      ",175,"6.331400                      ",227,"8.212700                      ",203,"7.344400                      ",217,"7.850900                      ",229,"8.285000                      ",242,"8.755400                      ",191,"6.910200                      ",191,"6.910200                      ",245,"8.863900                      ",232,"8.393600                      ",220,"7.959400                      ",182,"6.584600                      "
"2002","47931","06","2583","0010","04","Elem      ","N","Hortonville","Greenville El","Grades PreK-12","All Races","Both Genders","742",10,"1.347700                      ",120,"16.172500                     ",102,"13.746600                     ",136,"18.328800                     ",121,"16.307200                     ",125,"16.846300                     ",128,"17.250600                     ",0,"0.000000                      ",0,"0.000000                      ",0,"0.000000                      ",0,"0.000000                      ",0,"0.000000                      ",0,"0.000000                      ",0,"0.000000                      "
"2002","47932","06","2583","0020","04","Elem      ","N","Hortonville","Hortonville El","Grades PreK-12","All Races","Both Genders","519",15,"2.890100                      ",65,"12.524000                     ",73,"14.065500                     ",91,"17.533700                     ",82,"15.799600                     ",92,"17.726300                     ",101,"19.460500                     ",0,"0.000000                      ",0,"0.000000                      ",0,"0.000000                      ",0,"0.000000                      ",0,"0.000000                      ",0,"0.000000                      ",0,"0.000000                      "
"2002","47933","06","2583","0030","04","Mid/Jr Hi ","N","Hortonville","Hortonville Mid","Grades PreK-12","All Races","Both Genders","624",0,"0.000000                      ",0,"0.000000                      ",0,"0.000000                      ",0,"0.000000                      ",0,"0.000000                      ",0,"0.000000                      ",0,"0.000000                      ",242,"38.782000                     ",191,"30.608900                     ",191,"30.608900                     ",0,"0.000000                      ",0,"0.000000                      ",0,"0.000000                      ",0,"0.000000                      "
"2002","47934","06","2583","0040","04","High      ","N","Hortonville","Hortonville Hi","Grades PreK-12","All Races","Both Genders","879",0,"0.000000                      ",0,"0.000000                      ",0,"0.000000                      ",0,"0.000000                      ",0,"0.000000                      ",0,"0.000000                      ",0,"0.000000                      ",0,"0.000000                      ",0,"0.000000                      ",0,"0.000000                      ",245,"27.872500                     ",232,"26.393600                     ",220,"25.028400                     ",182,"20.705300                     "
"2002","48266","06","2625","","03","Summary   ","N","Hustisford","","Grades PreK-12","All Races","Both Genders","434",4,"0.921600                      ",18,"4.147400                      ",22,"5.069100                      ",34,"7.834100                      ",29,"6.682000                      ",22,"5.069100                      ",32,"7.373200                      ",18,"4.147400                      ",45,"10.368600                     ",23,"5.299500                      ",51,"11.751100                     ",51,"11.751100                     ",50,"11.520700                     ",35,"8.064500                      "
"2002","46968","06","2625","0020","04","Elem      ","N","Hustisford","John Hustis El","Grades PreK-12","All Races","Both Genders","179",4,"2.234600                      ",18,"10.055800                     ",22,"12.290500                     ",34,"18.994400                     ",29,"16.201100                     ",22,"12.290500                     ",32,"17.877000                     ",18,"10.055800                     ",0,"0.000000                      ",0,"0.000000                      ",0,"0.000000                      ",0,"0.000000                      ",0,"0.000000                      ",0,"0.000000                      "
"2002","46969","06","2625","0040","04","High      ","N","Hustisford","Hustisford Hi","Grades PreK-12","All Races","Both Genders","255",0,"0.000000                      ",0,"0.000000                      ",0,"0.000000                      ",0,"0.000000                      ",0,"0.000000                      ",0,"0.000000                      ",0,"0.000000                      ",0,"0.000000                      ",45,"17.647000                     ",23,"9.019600                      ",51,"20.000000                     ",51,"20.000000                     ",50,"19.607800                     ",35,"13.725400                     "
"2002","48268","06","2744","","03","Summary   ","N","Dodgeland","","Grades PreK-12","All Races","Both Genders","757",11,"1.453100                      ",53,"7.001300                      ",43,"5.680300                      ",55,"7.265500                      ",46,"6.076600                      ",52,"6.869200                      ",62,"8.190200                      ",53,"7.001300                      ",38,"5.019800                      ",61,"8.058100                      ",67,"8.850700                      ",69,"9.114900                      ",75,"9.907500                      ",72,"9.511200                      "
"2002","46973","06","2744","0022","04","High      ","N","Dodgeland","Dodgeland Hi","Grades PreK-12","All Races","Both Genders","283",0,"0.000000                      ",0,"0.000000                      ",0,"0.000000                      ",0,"0.000000                      ",0,"0.000000                      ",0,"0.000000                      ",0,"0.000000                      ",0,"0.000000                      ",0,"0.000000                      ",0,"0.000000                      ",67,"23.674900                     ",69,"24.381600                     ",75,"26.501700                     ",72,"25.441600                     "
"2002","44849","06","2744","0025","04","Mid/Jr Hi ","N","Dodgeland","Dodgeland Mid","Grades PreK-12","All Races","Both Genders","214",0,"0.000000                      ",0,"0.000000                      ",0,"0.000000                      ",0,"0.000000                      ",0,"0.000000                      ",0,"0.000000                      ",62,"28.971900                     ",53,"24.766300                     ",38,"17.757000                     ",61,"28.504600                     ",0,"0.000000                      ",0,"0.000000                      ",0,"0.000000                      ",0,"0.000000                      "
"2002","46543","06","2744","0030","04","Elem      ","N","Dodgeland","Lowell El","Grades PreK-12","All Races","Both Genders","96",0,"0.000000                      ",25,"26.041600                     ",15,"15.625000                     ",25,"26.041600                     ",15,"15.625000                     ",16,"16.666600                     ",0,"0.000000                      ",0,"0.000000                      ",0,"0.000000                      ",0,"0.000000                      ",0,"0.000000                      ",0,"0.000000                      ",0,"0.000000                      ",0,"0.000000                      "
"2002","46974","06","2744","0040","04","Elem      ","N","Dodgeland","Juneau El","Grades PreK-12","All Races","Both Genders","164",11,"6.707300                      ",28,"17.073100                     ",28,"17.073100                     ",30,"18.292600                     ",31,"18.902400                     ",36,"21.951200                     ",0,"0.000000                      ",0,"0.000000                      ",0,"0.000000                      ",0,"0.000000                      ",0,"0.000000                      ",0,"0.000000                      ",0,"0.000000                      ",0,"0.000000                      "
"2002","48372","06","2758","","03","Summary   ","N","Kaukauna Area","","Grades PreK-12","All Races","Both Genders","3641",203,"5.575300                      ",224,"6.152100                      ",208,"5.712700                      ",223,"6.124600                      ",227,"6.234500                      ",207,"5.685200                      ",246,"6.756300                      ",269,"7.388000                      ",263,"7.223200                      ",272,"7.470400                      ",293,"8.047200                      ",342,"9.393000                      ",360,"9.887300                      ",304,"8.349300                      "
"2002","46715","06","2758","0040","04","High      ","N","Kaukauna Area","Kaukauna Hi","Grades PreK-12","All Races","Both Genders","1299",0,"0.000000                      ",0,"0.000000                      ",0,"0.000000                      ",0,"0.000000                      ",0,"0.000000                      ",0,"0.000000                      ",0,"0.000000                      ",0,"0.000000                      ",0,"0.000000                      ",0,"0.000000                      ",293,"22.555800                     ",342,"26.327900                     ",360,"27.713600                     ",304,"23.402600                     "
"2002","46716","06","2758","0050","04","Elem      ","N","Kaukauna Area","Dr H B Tanner El","Grades PreK-12","All Races","Both Genders","366",103,"28.142000                     ",113,"30.874300                     ",98,"26.775900                     ",52,"14.207600                     ",0,"0.000000                      ",0,"0.000000                      ",0,"0.000000                      ",0,"0.000000                      ",0,"0.000000                      ",0,"0.000000                      ",0,"0.000000                      ",0,"0.000000                      ",0,"0.000000                      ",0,"0.000000                      "
"2002","49368","06","2758","0060","04","Elem      ","N","Kaukauna Area","Nicolet El","Grades PreK-12","All Races","Both Genders","134",24,"17.910400                     ",38,"28.358200                     ",34,"25.373100                     ",38,"28.358200                     ",0,"0.000000                      ",0,"0.000000                      ",0,"0.000000                      ",0,"0.000000                      ",0,"0.000000                      ",0,"0.000000                      ",0,"0.000000                      ",0,"0.000000                      ",0,"0.000000                      ",0,"0.000000                      "
"2002","46717","06","2758","0080","04","Elem      ","N","Kaukauna Area","Park El","Grades PreK-12","All Races","Both Genders","182",39,"21.428500                     ",38,"20.879100                     ",36,"19.780200                     ",36,"19.780200                     ",33,"18.131800                     ",0,"0.000000                      ",0,"0.000000                      ",0,"0.000000                      ",0,"0.000000                      ",0,"0.000000                      ",0,"0.000000                      ",0,"0.000000                      ",0,"0.000000                      ",0,"0.000000                      "
"2002","46718","06","2758","0100","04","Elem      ","N","Kaukauna Area","Quinney El","Grades PreK-12","All Races","Both Genders","475",0,"0.000000                      ",0,"0.000000                      ",0,"0.000000                      ",47,"9.894700                      ",144,"30.315700                     ",129,"27.157800                     ",155,"32.631500                     ",0,"0.000000                      ",0,"0.000000                      ",0,"0.000000                      ",0,"0.000000                      ",0,"0.000000                      ",0,"0.000000                      ",0,"0.000000                      "
"2002","46719","06","2758","0120","04","Elem      ","N","Kaukauna Area","Haen El","Grades PreK-12","All Races","Both Genders","381",37,"9.711200                      ",35,"9.186300                      ",40,"10.498600                     ",50,"13.123300                     ",50,"13.123300                     ",78,"20.472400                     ",91,"23.884500                     ",0,"0.000000                      ",0,"0.000000                      ",0,"0.000000                      ",0,"0.000000                      ",0,"0.000000                      ",0,"0.000000                      ",0,"0.000000                      "
"2002","49000","06","2758","0200","04","Mid/Jr Hi ","N","Kaukauna Area","River View Mid","Grades PreK-12","All Races","Both Genders","804",0,"0.000000                      ",0,"0.000000                      ",0,"0.000000                      ",0,"0.000000                      ",0,"0.000000                      ",0,"0.000000                      ",0,"0.000000                      ",269,"33.457700                     ",263,"32.711400                     ",272,"33.830800                     ",0,"0.000000                      ",0,"0.000000                      ",0,"0.000000                      ",0,"0.000000                      "
"2002","48269","06","2800","","03","Summary   ","N","Kewaskum","","Grades PreK-12","All Races","Both Genders","1926",96,"4.984400                      ",91,"4.724800                      ",111,"5.763200                      ",132,"6.853500                      ",108,"5.607400                      ",146,"7.580400                      ",134,"6.957400                      ",131,"6.801600                      ",147,"7.632300                      ",126,"6.542000                      ",207,"10.747600                     ",181,"9.397700                      ",162,"8.411200                      ",154,"7.995800                      "
"2002","46978","06","2800","0040","04","Elem      ","N","Kewaskum","Farmington El","Grades PreK-12","All Races","Both Genders","260",16,"6.153800                      ",22,"8.461500                      ",45,"17.307600                     ",51,"19.615300                     ",26,"10.000000                     ",56,"21.538400                     ",44,"16.923000                     ",0,"0.000000                      ",0,"0.000000                      ",0,"0.000000                      ",0,"0.000000                      ",0,"0.000000                      ",0,"0.000000                      ",0,"0.000000                      "
"2002","46975","06","2800","0060","04","Elem      ","N","Kewaskum","Kewaskum El","Grades PreK-12","All Races","Both Genders","433",65,"15.011500                     ",55,"12.702000                     ",53,"12.240100                     ",60,"13.856800                     ",64,"14.780600                     ",68,"15.704300                     ",68,"15.704300                     ",0,"0.000000                      ",0,"0.000000                      ",0,"0.000000                      ",0,"0.000000                      ",0,"0.000000                      ",0,"0.000000                      ",0,"0.000000                      "
"2002","46976","06","2800","0080","04","High      ","N","Kewaskum","Kewaskum Hi","Grades PreK-12","All Races","Both Genders","704",0,"0.000000                      ",0,"0.000000                      ",0,"0.000000                      ",0,"0.000000                      ",0,"0.000000                      ",0,"0.000000                      ",0,"0.000000                      ",0,"0.000000                      ",0,"0.000000                      ",0,"0.000000                      ",207,"29.403400                     ",181,"25.710200                     ",162,"23.011300                     ",154,"21.875000                     "
"2002","46977","06","2800","0090","04","Mid/Jr Hi ","N","Kewaskum","Kewaskum Mid","Grades PreK-12","All Races","Both Genders","404",0,"0.000000                      ",0,"0.000000                      ",0,"0.000000                      ",0,"0.000000                      ",0,"0.000000                      ",0,"0.000000                      ",0,"0.000000                      ",131,"32.425700                     ",147,"36.386100                     ",126,"31.188100                     ",0,"0.000000                      ",0,"0.000000                      ",0,"0.000000                      ",0,"0.000000                      "
"2002","46334","06","2800","0100","04","Elem      ","N","Kewaskum","Wayne El","Grades PreK-12","All Races","Both Genders","125",15,"12.000000                     ",14,"11.200000                     ",13,"10.400000                     ",21,"16.800000                     ",18,"14.400000                     ",22,"17.600000                     ",22,"17.600000                     ",0,"0.000000                      ",0,"0.000000                      ",0,"0.000000                      ",0,"0.000000                      ",0,"0.000000                      ",0,"0.000000                      ",0,"0.000000                      "
"2002","48375","06","2835","","03","Summary   ","N","Kimberly Area","","Grades PreK-12","All Races","Both Genders","3330",262,"7.867800                      ",232,"6.966900                      ",231,"6.936900                      ",264,"7.927900                      ",236,"7.087000                      ",239,"7.177100                      ",253,"7.597500                      ",215,"6.456400                      ",236,"7.087000                      ",227,"6.816800                      ",259,"7.777700                      ",241,"7.237200                      ",248,"7.447400                      ",187,"5.615600                      "
"2002","47437","06","2835","0020","04","Elem      ","N","Kimberly Area","Janssen El","Grades PreK-12","All Races","Both Genders","381",77,"20.209900                     ",62,"16.272900                     ",39,"10.236200                     ",49,"12.860800                     ",52,"13.648200                     ",49,"12.860800                     ",53,"13.910700                     ",0,"0.000000                      ",0,"0.000000                      ",0,"0.000000                      ",0,"0.000000                      ",0,"0.000000                      ",0,"0.000000                      ",0,"0.000000                      "
"2002","47454","06","2835","0040","04","Mid/Jr Hi ","N","Kimberly Area","Gerritts Mid","Grades PreK-12","All Races","Both Genders","678",0,"0.000000                      ",0,"0.000000                      ",0,"0.000000                      ",0,"0.000000                      ",0,"0.000000                      ",0,"0.000000                      ",0,"0.000000                      ",215,"31.710900                     ",236,"34.808200                     ",227,"33.480800                     ",0,"0.000000                      ",0,"0.000000                      ",0,"0.000000                      ",0,"0.000000                      "
"2002","47992","06","2835","0060","04","Elem      ","N","Kimberly Area","Sunrise El","Grades PreK-12","All Races","Both Genders","572",84,"14.685300                     ",72,"12.587400                     ",76,"13.286700                     ",99,"17.307600                     ",79,"13.811100                     ",81,"14.160800                     ",81,"14.160800                     ",0,"0.000000                      ",0,"0.000000                      ",0,"0.000000                      ",0,"0.000000                      ",0,"0.000000                      ",0,"0.000000                      ",0,"0.000000                      "
"2002","47455","06","2835","0080","04","High      ","N","Kimberly Area","Kimberly Hi","Grades PreK-12","All Races","Both Genders","935",0,"0.000000                      ",0,"0.000000                      ",0,"0.000000                      ",0,"0.000000                      ",0,"0.000000                      ",0,"0.000000                      ",0,"0.000000                      ",0,"0.000000                      ",0,"0.000000                      ",0,"0.000000                      ",259,"27.700500                     ",241,"25.775400                     ",248,"26.524000                     ",187,"20.000000                     "
"2002","47456","06","2835","0110","04","Elem      ","N","Kimberly Area","Westside El","Grades PreK-12","All Races","Both Genders","438",49,"11.187200                     ",49,"11.187200                     ",61,"13.926900                     ",69,"15.753400                     ",66,"15.068400                     ",71,"16.210000                     ",73,"16.666600                     ",0,"0.000000                      ",0,"0.000000                      ",0,"0.000000                      ",0,"0.000000                      ",0,"0.000000                      ",0,"0.000000                      ",0,"0.000000                      "
"2002","49843","06","2835","0120","04","Elem      ","N","Kimberly Area","Mapleview El","Grades PreK-12","All Races","Both Genders","326",52,"15.950900                     ",49,"15.030600                     ",55,"16.871100                     ",47,"14.417100                     ",39,"11.963100                     ",38,"11.656400                     ",46,"14.110400                     ",0,"0.000000                      ",0,"0.000000                      ",0,"0.000000                      ",0,"0.000000                      ",0,"0.000000                      ",0,"0.000000                      ",0,"0.000000                      "
"2002","48379","06","3129","","03","Summary   ","N","Little Chute Area","","Grades PreK-12","All Races","Both Genders","1546",58,"3.751600                      ",101,"6.532900                      ",102,"6.597600                      ",89,"5.756700                      ",96,"6.209500                      ",98,"6.338900                      ",102,"6.597600                      ",90,"5.821400                      ",114,"7.373800                      ",101,"6.532900                      ",155,"10.025800                     ",144,"9.314300                      ",165,"10.672700                     ",131,"8.473400                      "
"2002","47462","06","3129","0020","04","Elem      ","N","Little Chute Area","Little Chute El","Grades PreK-12","All Races","Both Genders","646",58,"8.978300                      ",101,"15.634600                     ",102,"15.789400                     ",89,"13.777000                     ",96,"14.860600                     ",98,"15.170200                     ",102,"15.789400                     ",0,"0.000000                      ",0,"0.000000                      ",0,"0.000000                      ",0,"0.000000                      ",0,"0.000000                      ",0,"0.000000                      ",0,"0.000000                      "
"2002","47464","06","3129","0040","04","High      ","N","Little Chute Area","Little Chute Hi","Grades PreK-12","All Races","Both Genders","595",0,"0.000000                      ",0,"0.000000                      ",0,"0.000000                      ",0,"0.000000                      ",0,"0.000000                      ",0,"0.000000                      ",0,"0.000000                      ",0,"0.000000                      ",0,"0.000000                      ",0,"0.000000                      ",155,"26.050400                     ",144,"24.201600                     ",165,"27.731000                     ",131,"22.016800                     "
"2002","47465","06","3129","0060","04","Mid/Jr Hi ","N","Little Chute Area","Little Chute Mid","Grades PreK-12","All Races","Both Genders","305",0,"0.000000                      ",0,"0.000000                      ",0,"0.000000                      ",0,"0.000000                      ",0,"0.000000                      ",0,"0.000000                      ",0,"0.000000                      ",90,"29.508100                     ",114,"37.377000                     ",101,"33.114700                     ",0,"0.000000                      ",0,"0.000000                      ",0,"0.000000                      ",0,"0.000000                      "
"2002","48087","06","3171","","03","Summary   ","N","Lomira","","Grades PreK-12","All Races","Both Genders","1111",1,"0.090000                      ",76,"6.840600                      ",75,"6.750600                      ",72,"6.480600                      ",65,"5.850500                      ",77,"6.930600                      ",77,"6.930600                      ",88,"7.920700                      ",86,"7.740700                      ",90,"8.100800                      ",107,"9.630900                      ",104,"9.360900                      ",108,"9.720900                      ",85,"7.650700                      "
"2002","46301","06","3171","0040","04","Elem      ","N","Lomira","Lomira El","Grades PreK-12","All Races","Both Genders","324",1,"0.308600                      ",38,"11.728300                     ",39,"12.037000                     ",35,"10.802400                     ",43,"13.271600                     ",38,"11.728300                     ",42,"12.962900                     ",88,"27.160400                     ",0,"0.000000                      ",0,"0.000000                      ",0,"0.000000                      ",0,"0.000000                      ",0,"0.000000                      ",0,"0.000000                      "
"2002","46302","06","3171","0060","04","High      ","N","Lomira","Lomira Hi","Grades PreK-12","All Races","Both Genders","404",0,"0.000000                      ",0,"0.000000                      ",0,"0.000000                      ",0,"0.000000                      ",0,"0.000000                      ",0,"0.000000                      ",0,"0.000000                      ",0,"0.000000                      ",0,"0.000000                      ",0,"0.000000                      ",107,"26.485100                     ",104,"25.742500                     ",108,"26.732600                     ",85,"21.039600                     "
"2002","46303","06","3171","0070","04","Mid/Jr Hi ","N","Lomira","Lomira Jr","Grades PreK-12","All Races","Both Genders","176",0,"0.000000                      ",0,"0.000000                      ",0,"0.000000                      ",0,"0.000000                      ",0,"0.000000                      ",0,"0.000000                      ",0,"0.000000                      ",0,"0.000000                      ",86,"48.863600                     ",90,"51.136300                     ",0,"0.000000                      ",0,"0.000000                      ",0,"0.000000                      ",0,"0.000000                      "
"2002","46152","06","3171","0080","04","Elem      ","N","Lomira","Theresa El","Grades PreK-12","All Races","Both Genders","207",0,"0.000000                      ",38,"18.357400                     ",36,"17.391300                     ",37,"17.874300                     ",22,"10.628000                     ",39,"18.840500                     ",35,"16.908200                     ",0,"0.000000                      ",0,"0.000000                      ",0,"0.000000                      ",0,"0.000000                      ",0,"0.000000                      ",0,"0.000000                      ",0,"0.000000                      "
"2002","48248","06","3276","","03","Summary   ","N","Manawa","","Grades PreK-12","All Races","Both Genders","917",14,"1.526700                      ",55,"5.997800                      ",45,"4.907300                      ",66,"7.197300                      ",59,"6.434000                      ",69,"7.524500                      ",80,"8.724100                      ",74,"8.069700                      ",66,"7.197300                      ",62,"6.761100                      ",76,"8.287800                      ",84,"9.160300                      ",91,"9.923600                      ",76,"8.287800                      "
"2002","44985","06","3276","0040","04","High      ","N","Manawa","Little Wolf Hi","Grades PreK-12","All Races","Both Genders","327",0,"0.000000                      ",0,"0.000000                      ",0,"0.000000                      ",0,"0.000000                      ",0,"0.000000                      ",0,"0.000000                      ",0,"0.000000                      ",0,"0.000000                      ",0,"0.000000                      ",0,"0.000000                      ",76,"23.241500                     ",84,"25.688000                     ",91,"27.828700                     ",76,"23.241500                     "
"2002","44986","06","3276","0060","04","Elem      ","N","Manawa","Manawa El","Grades PreK-12","All Races","Both Genders","308",14,"4.545400                      ",55,"17.857100                     ",45,"14.610300                     ",66,"21.428500                     ",59,"19.155800                     ",69,"22.402500                     ",0,"0.000000                      ",0,"0.000000                      ",0,"0.000000                      ",0,"0.000000                      ",0,"0.000000                      ",0,"0.000000                      ",0,"0.000000                      ",0,"0.000000                      "
"2002","44987","06","3276","0080","04","Mid/Jr Hi ","N","Manawa","Manawa Mid","Grades PreK-12","All Races","Both Genders","282",0,"0.000000                      ",0,"0.000000                      ",0,"0.000000                      ",0,"0.000000                      ",0,"0.000000                      ",0,"0.000000                      ",80,"28.368700                     ",74,"26.241100                     ",66,"23.404200                     ",62,"21.985800                     ",0,"0.000000                      ",0,"0.000000                      ",0,"0.000000                      ",0,"0.000000                      "
"2002","49754","06","3276","9408","4C","High      ","Y","Manawa","Waupaca County Charter","Grades PreK-12","All Races","Both Genders","1",0,"0.000000                      ",0,"0.000000                      ",0,"0.000000                      ",0,"0.000000                      ",0,"0.000000                      ",0,"0.000000                      ",0,"0.000000                      ",0,"0.000000                      ",0,"0.000000                      ",0,"0.000000                      ",0,"0.000000                      ",1,"100.000000                    ",0,"0.000000                      ",0,"0.000000                      "
"2002","48150","06","3325","","03","Summary   ","N","Markesan","","Grades PreK-12","All Races","Both Genders","948",16,"1.687700                      ",49,"5.168700                      ",47,"4.957800                      ",56,"5.907100                      ",53,"5.590700                      ",55,"5.801600                      ",73,"7.700400                      ",76,"8.016800                      ",77,"8.122300                      ",82,"8.649700                      ",76,"8.016800                      ",91,"9.599100                      ",91,"9.599100                      ",106,"11.181400                     "
"2002","47392","06","3325","0025","04","Mid/Jr Hi ","N","Markesan","Markesan Mid","Grades PreK-12","All Races","Both Genders","235",0,"0.000000                      ",0,"0.000000                      ",0,"0.000000                      ",0,"0.000000                      ",0,"0.000000                      ",0,"0.000000                      ",0,"0.000000                      ",76,"32.340400                     ",77,"32.765900                     ",82,"34.893600                     ",0,"0.000000                      ",0,"0.000000                      ",0,"0.000000                      ",0,"0.000000                      "
"2002","47393","06","3325","0100","04","Elem      ","N","Markesan","Markesan El","Grades PreK-12","All Races","Both Genders","349",16,"4.584500                      ",49,"14.040100                     ",47,"13.467000                     ",56,"16.045800                     ",53,"15.186200                     ",55,"15.759300                     ",73,"20.916900                     ",0,"0.000000                      ",0,"0.000000                      ",0,"0.000000                      ",0,"0.000000                      ",0,"0.000000                      ",0,"0.000000                      ",0,"0.000000                      "
"2002","47394","06","3325","0120","04","High      ","N","Markesan","Markesan Hi","Grades PreK-12","All Races","Both Genders","364",0,"0.000000                      ",0,"0.000000                      ",0,"0.000000                      ",0,"0.000000                      ",0,"0.000000                      ",0,"0.000000                      ",0,"0.000000                      ",0,"0.000000                      ",0,"0.000000                      ",0,"0.000000                      ",76,"20.879100                     ",91,"25.000000                     ",91,"25.000000                     ",106,"29.120800                     "
"2002","48271","06","3367","","03","Summary   ","N","Mayville","","Grades PreK-12","All Races","Both Genders","1228",11,"0.895700                      ",46,"3.745900                      ",66,"5.374500                      ",80,"6.514600                      ",63,"5.130200                      ",71,"5.781700                      ",78,"6.351700                      ",86,"7.003200                      ",95,"7.736100                      ",97,"7.899000                      ",139,"11.319200                     ",137,"11.156300                     ",132,"10.749100                     ",127,"10.342000                     "
"2002","46306","06","3367","0060","04","Mid/Jr Hi ","N","Mayville","Mayville Mid","Grades PreK-12","All Races","Both Genders","490",0,"0.000000                      ",0,"0.000000                      ",0,"0.000000                      ",0,"0.000000                      ",63,"12.857100                     ",71,"14.489700                     ",78,"15.918300                     ",86,"17.551000                     ",95,"19.387700                     ",97,"19.795900                     ",0,"0.000000                      ",0,"0.000000                      ",0,"0.000000                      ",0,"0.000000                      "
"2002","46307","06","3367","0080","04","High      ","N","Mayville","Mayville Hi","Grades PreK-12","All Races","Both Genders","535",0,"0.000000                      ",0,"0.000000                      ",0,"0.000000                      ",0,"0.000000                      ",0,"0.000000                      ",0,"0.000000                      ",0,"0.000000                      ",0,"0.000000                      ",0,"0.000000                      ",0,"0.000000                      ",139,"25.981300                     ",137,"25.607400                     ",132,"24.672800                     ",127,"23.738300                     "
"2002","46308","06","3367","0090","04","Elem      ","N","Mayville","Parkview El","Grades PreK-12","All Races","Both Genders","203",11,"5.418700                      ",46,"22.660000                     ",66,"32.512300                     ",80,"39.408800                     ",0,"0.000000                      ",0,"0.000000                      ",0,"0.000000                      ",0,"0.000000                      ",0,"0.000000                      ",0,"0.000000                      ",0,"0.000000                      ",0,"0.000000                      ",0,"0.000000                      ",0,"0.000000                      "
"2002","48250","06","3430","","03","Summary   ","N","Menasha","","Grades PreK-12","All Races","Both Genders","3677",120,"3.263500                      ",234,"6.363800                      ",268,"7.288500                      ",273,"7.424500                      ",266,"7.234100                      ",281,"7.642000                      ",272,"7.397300                      ",284,"7.723600                      ",263,"7.152500                      ",286,"7.778000                      ",287,"7.805200                      ",283,"7.696400                      ",259,"7.043700                      ",301,"8.186000                      "
"2002","44988","06","3430","0020","04","Mid/Jr Hi ","N","Menasha","Maplewood Mid","Grades PreK-12","All Races","Both Genders","789",0,"0.000000                      ",0,"0.000000                      ",0,"0.000000                      ",0,"0.000000                      ",0,"0.000000                      ",0,"0.000000                      ",0,"0.000000                      ",265,"33.586800                     ",249,"31.558900                     ",275,"34.854200                     ",0,"0.000000                      ",0,"0.000000                      ",0,"0.000000                      ",0,"0.000000                      "
"2002","44989","06","3430","0040","04","Elem      ","N","Menasha","Butte des Morts El","Grades PreK-12","All Races","Both Genders","464",0,"0.000000                      ",57,"12.284400                     ",78,"16.810300                     ",86,"18.534400                     ",93,"20.043100                     ",79,"17.025800                     ",71,"15.301700                     ",0,"0.000000                      ",0,"0.000000                      ",0,"0.000000                      ",0,"0.000000                      ",0,"0.000000                      ",0,"0.000000                      ",0,"0.000000                      "
"2002","44990","06","3430","0060","04","Elem      ","N","Menasha","Clovis Grove El","Grades PreK-12","All Races","Both Genders","331",4,"1.208400                      ",41,"12.386700                     ",55,"16.616300                     ",49,"14.803600                     ",43,"12.990900                     ",66,"19.939500                     ",73,"22.054300                     ",0,"0.000000                      ",0,"0.000000                      ",0,"0.000000                      ",0,"0.000000                      ",0,"0.000000                      ",0,"0.000000                      ",0,"0.000000                      "
"2002","44991","06","3430","0080","04","Elem      ","N","Menasha","Jefferson El","Grades PreK-12","All Races","Both Genders","197",0,"0.000000                      ",24,"12.182700                     ",40,"20.304500                     ",34,"17.258800                     ",34,"17.258800                     ",37,"18.781700                     ",28,"14.213100                     ",0,"0.000000                      ",0,"0.000000                      ",0,"0.000000                      ",0,"0.000000                      ",0,"0.000000                      ",0,"0.000000                      ",0,"0.000000                      "
"2002","44992","06","3430","0100","04","High      ","N","Menasha","Menasha Hi","Grades PreK-12","All Races","Both Genders","1129",0,"0.000000                      ",0,"0.000000                      ",0,"0.000000                      ",0,"0.000000                      ",0,"0.000000                      ",0,"0.000000                      ",0,"0.000000                      ",0,"0.000000                      ",0,"0.000000                      ",0,"0.000000                      ",286,"25.332100                     ",283,"25.066400                     ",259,"22.940600                     ",301,"26.660700                     "
"2002","44993","06","3430","0120","04","Elem      ","N","Menasha","Gegan El","Grades PreK-12","All Races","Both Genders","498",0,"0.000000                      ",93,"18.674600                     ",79,"15.863400                     ",87,"17.469800                     ",76,"15.261000                     ",77,"15.461800                     ",86,"17.269000                     ",0,"0.000000                      ",0,"0.000000                      ",0,"0.000000                      ",0,"0.000000                      ",0,"0.000000                      ",0,"0.000000                      ",0,"0.000000                      "
"2002","44994","06","3430","0140","04","Elem      ","N","Menasha","Nicolet El","Grades PreK-12","All Races","Both Genders","110",0,"0.000000                      ",19,"17.272700                     ",16,"14.545400                     ",17,"15.454500                     ",20,"18.181800                     ",22,"20.000000                     ",14,"12.727200                     ",1,"0.909000                      ",0,"0.000000                      ",0,"0.000000                      ",1,"0.909000                      ",0,"0.000000                      ",0,"0.000000                      ",0,"0.000000                      "
"2002","44929","06","3430","0160","04","Elem      ","N","Menasha","Banta Sch","Grades PreK-12","All Races","Both Genders","116",116,"100.000000                    ",0,"0.000000                      ",0,"0.000000                      ",0,"0.000000                      ",0,"0.000000                      ",0,"0.000000                      ",0,"0.000000                      ",0,"0.000000                      ",0,"0.000000                      ",0,"0.000000                      ",0,"0.000000                      ",0,"0.000000                      ",0,"0.000000                      ",0,"0.000000                      "
"2002","49446","06","3430","0200","04","Mid/Jr Hi ","Y","Menasha","School on the Lake","Grades PreK-12","All Races","Both Genders","43",0,"0.000000                      ",0,"0.000000                      ",0,"0.000000                      ",0,"0.000000                      ",0,"0.000000                      ",0,"0.000000                      ",0,"0.000000                      ",18,"41.860400                     ",14,"32.558100                     ",11,"25.581300                     ",0,"0.000000                      ",0,"0.000000                      ",0,"0.000000                      ",0,"0.000000                      "
"2002","48490","06","3892","","03","Summary   ","N","Neenah","","Grades PreK-12","All Races","Both Genders","6595",126,"1.910500                      ",427,"6.474600                      ",405,"6.141000                      ",457,"6.929400                      ",489,"7.414700                      ",462,"7.005300                      ",489,"7.414700                      ",519,"7.869500                      ",489,"7.414700                      ",536,"8.127300                      ",519,"7.869500                      ",556,"8.430600                      ",590,"8.946100                      ",531,"8.051500                      "
"2002","44995","06","3892","0040","04","Elem      ","N","Neenah","Clayton El","Grades PreK-12","All Races","Both Genders","316",5,"1.582200                      ",51,"16.139200                     ",50,"15.822700                     ",49,"15.506300                     ",52,"16.455600                     ",55,"17.405000                     ",54,"17.088600                     ",0,"0.000000                      ",0,"0.000000                      ",0,"0.000000                      ",0,"0.000000                      ",0,"0.000000                      ",0,"0.000000                      ",0,"0.000000                      "
"2002","44996","06","3892","0060","04","Elem      ","N","Neenah","Coolidge El","Grades PreK-12","All Races","Both Genders","382",3,"0.785300                      ",51,"13.350700                     ",54,"14.136100                     ",52,"13.612500                     ",73,"19.109900                     ",76,"19.895200                     ",73,"19.109900                     ",0,"0.000000                      ",0,"0.000000                      ",0,"0.000000                      ",0,"0.000000                      ",0,"0.000000                      ",0,"0.000000                      ",0,"0.000000                      "
"2002","44997","06","3892","0080","04","Elem      ","N","Neenah","Hoover El","Grades PreK-12","All Races","Both Genders","233",2,"0.858300                      ",32,"13.733900                     ",35,"15.021400                     ",44,"18.884100                     ",46,"19.742400                     ",36,"15.450600                     ",38,"16.309000                     ",0,"0.000000                      ",0,"0.000000                      ",0,"0.000000                      ",0,"0.000000                      ",0,"0.000000                      ",0,"0.000000                      ",0,"0.000000                      "
"2002","44998","06","3892","0100","04","Elem      ","N","Neenah","Lakeview El","Grades PreK-12","All Races","Both Genders","392",2,"0.510200                      ",65,"16.581600                     ",54,"13.775500                     ",70,"17.857100                     ",64,"16.326500                     ",72,"18.367300                     ",65,"16.581600                     ",0,"0.000000                      ",0,"0.000000                      ",0,"0.000000                      ",0,"0.000000                      ",0,"0.000000                      ",0,"0.000000                      ",0,"0.000000                      "
"2002","45000","06","3892","0180","04","High      ","N","Neenah","Neenah Hi","Grades PreK-12","All Races","Both Genders","2196",0,"0.000000                      ",0,"0.000000                      ",0,"0.000000                      ",0,"0.000000                      ",0,"0.000000                      ",0,"0.000000                      ",0,"0.000000                      ",0,"0.000000                      ",0,"0.000000                      ",0,"0.000000                      ",519,"23.633800                     ",556,"25.318700                     ",590,"26.867000                     ",531,"24.180300                     "
"2002","45001","06","3892","0200","04","Elem      ","N","Neenah","Roosevelt El","Grades PreK-12","All Races","Both Genders","142",15,"10.563300                     ",22,"15.492900                     ",19,"13.380200                     ",20,"14.084500                     ",22,"15.492900                     ",22,"15.492900                     ",22,"15.492900                     ",0,"0.000000                      ",0,"0.000000                      ",0,"0.000000                      ",0,"0.000000                      ",0,"0.000000                      ",0,"0.000000                      ",0,"0.000000                      "
"2002","45002","06","3892","0210","04","Mid/Jr Hi ","N","Neenah","Shattuck Mid","Grades PreK-12","All Races","Both Genders","936",0,"0.000000                      ",0,"0.000000                      ",0,"0.000000                      ",0,"0.000000                      ",0,"0.000000                      ",0,"0.000000                      ",0,"0.000000                      ",311,"33.226400                     ",299,"31.944400                     ",326,"34.829000                     ",0,"0.000000                      ",0,"0.000000                      ",0,"0.000000                      ",0,"0.000000                      "
"2002","45003","06","3892","0215","04","Mid/Jr Hi ","N","Neenah","Horace Mann Mid","Grades PreK-12","All Races","Both Genders","608",0,"0.000000                      ",0,"0.000000                      ",0,"0.000000                      ",0,"0.000000                      ",0,"0.000000                      ",0,"0.000000                      ",0,"0.000000                      ",208,"34.210500                     ",190,"31.250000                     ",210,"34.539400                     ",0,"0.000000                      ",0,"0.000000                      ",0,"0.000000                      ",0,"0.000000                      "
"2002","47935","06","3892","0220","04","Elem      ","N","Neenah","Spring Road El","Grades PreK-12","All Races","Both Genders","396",5,"1.262600                      ",54,"13.636300                     ",63,"15.909000                     ",74,"18.686800                     ",69,"17.424200                     ",61,"15.404000                     ",70,"17.676700                     ",0,"0.000000                      ",0,"0.000000                      ",0,"0.000000                      ",0,"0.000000                      ",0,"0.000000                      ",0,"0.000000                      ",0,"0.000000                      "
"2002","47936","06","3892","0240","04","Elem      ","N","Neenah","Taft El","Grades PreK-12","All Races","Both Genders","220",25,"11.363600                     ",34,"15.454500                     ",38,"17.272700                     ",24,"10.909000                     ",34,"15.454500                     ",27,"12.272700                     ",38,"17.272700                     ",0,"0.000000                      ",0,"0.000000                      ",0,"0.000000                      ",0,"0.000000                      ",0,"0.000000                      ",0,"0.000000                      ",0,"0.000000                      "
"2002","47937","06","3892","0260","04","Elem      ","N","Neenah","Tullar El","Grades PreK-12","All Races","Both Genders","320",14,"4.375000                      ",57,"17.812500                     ",44,"13.750000                     ",54,"16.875000                     ",48,"15.000000                     ",50,"15.625000                     ",53,"16.562500                     ",0,"0.000000                      ",0,"0.000000                      ",0,"0.000000                      ",0,"0.000000                      ",0,"0.000000                      ",0,"0.000000                      ",0,"0.000000                      "
"2002","49409","06","3892","0280","04","Elem      ","N","Neenah","Washington El","Grades PreK-12","All Races","Both Genders","203",54,"26.600900                     ",24,"11.822600                     ",17,"8.374300                      ",19,"9.359600                      ",41,"20.197000                     ",21,"10.344800                     ",27,"13.300400                     ",0,"0.000000                      ",0,"0.000000                      ",0,"0.000000                      ",0,"0.000000                      ",0,"0.000000                      ",0,"0.000000                      ",0,"0.000000                      "
"2002","47938","06","3892","0300","04","Elem      ","N","Neenah","Wilson El","Grades PreK-12","All Races","Both Genders","251",1,"0.398400                      ",37,"14.741000                     ",31,"12.350500                     ",51,"20.318700                     ",40,"15.936200                     ",42,"16.733000                     ",49,"19.521900                     ",0,"0.000000                      ",0,"0.000000                      ",0,"0.000000                      ",0,"0.000000                      ",0,"0.000000                      ",0,"0.000000                      ",0,"0.000000                      "
"2002","48274","06","3913","","03","Summary   ","N","Neosho J3","","Grades PreK-12","All Races","Both Genders","187",0,"0.000000                      ",17,"9.090900                      ",17,"9.090900                      ",18,"9.625600                      ",16,"8.556100                      ",18,"9.625600                      ",27,"14.438500                     ",28,"14.973200                     ",22,"11.764700                     ",24,"12.834200                     ",0,"0.000000                      ",0,"0.000000                      ",0,"0.000000                      ",0,"0.000000                      "
"2002","49381","06","3913","0020","04","Elem      ","N","Neosho J3","Neosho El","Grades PreK-12","All Races","Both Genders","187",0,"0.000000                      ",17,"9.090900                      ",17,"9.090900                      ",18,"9.625600                      ",16,"8.556100                      ",18,"9.625600                      ",27,"14.438500                     ",28,"14.973200                     ",22,"11.764700                     ",24,"12.834200                     ",0,"0.000000                      ",0,"0.000000                      ",0,"0.000000                      ",0,"0.000000                      "
"2002","48491","06","3955","","03","Summary   ","N","New London","","Grades PreK-12","All Races","Both Genders","2538",10,"0.394000                      ",165,"6.501100                      ",168,"6.619300                      ",182,"7.171000                      ",175,"6.895100                      ",155,"6.107100                      ",169,"6.658700                      ",237,"9.338000                      ",198,"7.801400                      ",209,"8.234800                      ",215,"8.471200                      ",211,"8.313600                      ",236,"9.298600                      ",208,"8.195400                      "
"2002","47940","06","3955","0040","04","Elem      ","N","New London","Lincoln El","Grades PreK-12","All Races","Both Genders","339",0,"0.000000                      ",49,"14.454200                     ",58,"17.109100                     ",57,"16.814100                     ",53,"15.634200                     ",40,"11.799400                     ",78,"23.008800                     ",2,"0.589900                      ",2,"0.589900                      ",0,"0.000000                      ",0,"0.000000                      ",0,"0.000000                      ",0,"0.000000                      ",0,"0.000000                      "
"2002","47941","06","3955","0080","04","High      ","N","New London","New London Hi","Grades PreK-12","All Races","Both Genders","870",0,"0.000000                      ",0,"0.000000                      ",0,"0.000000                      ",0,"0.000000                      ",0,"0.000000                      ",0,"0.000000                      ",0,"0.000000                      ",0,"0.000000                      ",0,"0.000000                      ",0,"0.000000                      ",215,"24.712600                     ",211,"24.252800                     ",236,"27.126400                     ",208,"23.908000                     "
"2002","47942","06","3955","0090","04","Elem      ","N","New London","Parkview El","Grades PreK-12","All Races","Both Genders","284",10,"3.521100                      ",41,"14.436600                     ",44,"15.492900                     ",45,"15.845000                     ",52,"18.309800                     ",42,"14.788700                     ",50,"17.605600                     ",0,"0.000000                      ",0,"0.000000                      ",0,"0.000000                      ",0,"0.000000                      ",0,"0.000000                      ",0,"0.000000                      ",0,"0.000000                      "
"2002","47954","06","3955","0100","04","Elem      ","N","New London","Readfield El","Grades PreK-12","All Races","Both Genders","213",0,"0.000000                      ",31,"14.553900                     ",33,"15.492900                     ",40,"18.779300                     ",37,"17.370800                     ",31,"14.553900                     ",41,"19.248800                     ",0,"0.000000                      ",0,"0.000000                      ",0,"0.000000                      ",0,"0.000000                      ",0,"0.000000                      ",0,"0.000000                      ",0,"0.000000                      "
"2002","47943","06","3955","0120","04","Elem      ","N","New London","Sugar Bush El","Grades PreK-12","All Races","Both Genders","192",0,"0.000000                      ",44,"22.916600                     ",33,"17.187500                     ",40,"20.833300                     ",33,"17.187500                     ",42,"21.875000                     ",0,"0.000000                      ",0,"0.000000                      ",0,"0.000000                      ",0,"0.000000                      ",0,"0.000000                      ",0,"0.000000                      ",0,"0.000000                      ",0,"0.000000                      "
"2002","47944","06","3955","0140","04","Mid/Jr Hi ","N","New London","New London Mid","Grades PreK-12","All Races","Both Genders","640",0,"0.000000                      ",0,"0.000000                      ",0,"0.000000                      ",0,"0.000000                      ",0,"0.000000                      ",0,"0.000000                      ",0,"0.000000                      ",235,"36.718700                     ",196,"30.625000                     ",209,"32.656200                     ",0,"0.000000                      ",0,"0.000000                      ",0,"0.000000                      ",0,"0.000000                      "
"2002","49764","06","3955","9408","4C","High      ","Y","New London","Waupaca County Charter","Grades PreK-12","All Races","Both Genders","2",0,"0.000000                      ",0,"0.000000                      ",0,"0.000000                      ",0,"0.000000                      ",0,"0.000000                      ",0,"0.000000                      ",0,"0.000000                      ",0,"0.000000                      ",0,"0.000000                      ",2,"100.000000                    ",0,"0.000000                      ",0,"0.000000                      ",0,"0.000000                      ",0,"0.000000                      "
"2002","48485","06","3983","","03","Summary   ","N","North Fond du Lac","","Grades PreK-12","All Races","Both Genders","1224",6,"0.490100                      ",77,"6.290800                      ",99,"8.088200                      ",89,"7.271200                      ",99,"8.088200                      ",87,"7.107800                      ",111,"9.068600                      ",107,"8.741800                      ",74,"6.045700                      ",108,"8.823500                      ",85,"6.944400                      ",102,"8.333300                      ",100,"8.169900                      ",80,"6.535900                      "
"2002","47925","06","3983","0020","04","Mid/Jr Hi ","N","North Fond du Lac","Bessie Allen Mid","Grades PreK-12","All Races","Both Genders","289",0,"0.000000                      ",0,"0.000000                      ",0,"0.000000                      ",0,"0.000000                      ",0,"0.000000                      ",0,"0.000000                      ",0,"0.000000                      ",107,"37.024200                     ",74,"25.605500                     ",108,"37.370200                     ",0,"0.000000                      ",0,"0.000000                      ",0,"0.000000                      ",0,"0.000000                      "
"2002","47926","06","3983","0055","04","Elem      ","N","North Fond du Lac","Friendship Learning El","Grades PreK-12","All Races","Both Genders","568",6,"1.056300                      ",77,"13.556300                     ",99,"17.429500                     ",89,"15.669000                     ",99,"17.429500                     ",87,"15.316900                     ",111,"19.542200                     ",0,"0.000000                      ",0,"0.000000                      ",0,"0.000000                      ",0,"0.000000                      ",0,"0.000000                      ",0,"0.000000                      ",0,"0.000000                      "
"2002","47927","06","3983","0060","04","High      ","N","North Fond du Lac","Horace Mann Hi","Grades PreK-12","All Races","Both Genders","367",0,"0.000000                      ",0,"0.000000                      ",0,"0.000000                      ",0,"0.000000                      ",0,"0.000000                      ",0,"0.000000                      ",0,"0.000000                      ",0,"0.000000                      ",0,"0.000000                      ",0,"0.000000                      ",85,"23.160700                     ",102,"27.792900                     ",100,"27.247900                     ",80,"21.798300                     "
"2002","48090","06","4025","","03","Summary   ","N","Oakfield","","Grades PreK-12","All Races","Both Genders","661",9,"1.361500                      ",36,"5.446200                      ",40,"6.051400                      ",36,"5.446200                      ",44,"6.656500                      ",42,"6.354000                      ",62,"9.379700                      ",49,"7.413000                      ",52,"7.866800                      ",56,"8.472000                      ",59,"8.925800                      ",60,"9.077100                      ",54,"8.169400                      ",62,"9.379700                      "
"2002","46312","06","4025","0030","04","Elem      ","N","Oakfield","Reynolds El","Grades PreK-12","All Races","Both Genders","269",9,"3.345700                      ",36,"13.382800                     ",40,"14.869800                     ",36,"13.382800                     ",44,"16.356800                     ",42,"15.613300                     ",62,"23.048300                     ",0,"0.000000                      ",0,"0.000000                      ",0,"0.000000                      ",0,"0.000000                      ",0,"0.000000                      ",0,"0.000000                      ",0,"0.000000                      "
"2002","46313","06","4025","0060","04","High      ","N","Oakfield","Oakfield Hi","Grades PreK-12","All Races","Both Genders","235",0,"0.000000                      ",0,"0.000000                      ",0,"0.000000                      ",0,"0.000000                      ",0,"0.000000                      ",0,"0.000000                      ",0,"0.000000                      ",0,"0.000000                      ",0,"0.000000                      ",0,"0.000000                      ",59,"25.106300                     ",60,"25.531900                     ",54,"22.978700                     ",62,"26.382900                     "
"2002","46314","06","4025","0080","04","Mid/Jr Hi ","N","Oakfield","Oakfield Mid","Grades PreK-12","All Races","Both Genders","157",0,"0.000000                      ",0,"0.000000                      ",0,"0.000000                      ",0,"0.000000                      ",0,"0.000000                      ",0,"0.000000                      ",0,"0.000000                      ",49,"31.210100                     ",52,"33.121000                     ",56,"35.668700                     ",0,"0.000000                      ",0,"0.000000                      ",0,"0.000000                      ",0,"0.000000                      "
"2002","48492","06","4088","","03","Summary   ","N","Omro","","Grades PreK-12","All Races","Both Genders","1231",15,"1.218500                      ",90,"7.311100                      ",95,"7.717300                      ",92,"7.473500                      ",97,"7.879700                      ",85,"6.904900                      ",85,"6.904900                      ",99,"8.042200                      ",94,"7.636000                      ",87,"7.067400                      ",102,"8.285900                      ",102,"8.285900                      ",91,"7.392300                      ",97,"7.879700                      "
"2002","47945","06","4088","0040","04","Elem      ","N","Omro","Patch El","Grades PreK-12","All Races","Both Genders","200",15,"7.500000                      ",90,"45.000000                     ",95,"47.500000                     ",0,"0.000000                      ",0,"0.000000                      ",0,"0.000000                      ",0,"0.000000                      ",0,"0.000000                      ",0,"0.000000                      ",0,"0.000000                      ",0,"0.000000                      ",0,"0.000000                      ",0,"0.000000                      ",0,"0.000000                      "
"2002","47946","06","4088","0060","04","High      ","N","Omro","Omro Hi","Grades PreK-12","All Races","Both Genders","392",0,"0.000000                      ",0,"0.000000                      ",0,"0.000000                      ",0,"0.000000                      ",0,"0.000000                      ",0,"0.000000                      ",0,"0.000000                      ",0,"0.000000                      ",0,"0.000000                      ",0,"0.000000                      ",102,"26.020400                     ",102,"26.020400                     ",91,"23.214200                     ",97,"24.744800                     "
"2002","47947","06","4088","0080","04","Mid/Jr Hi ","N","Omro","Omro Mid","Grades PreK-12","All Races","Both Genders","276",0,"0.000000                      ",0,"0.000000                      ",0,"0.000000                      ",0,"0.000000                      ",0,"0.000000                      ",0,"0.000000                      ",0,"0.000000                      ",97,"35.144900                     ",92,"33.333300                     ",87,"31.521700                     ",0,"0.000000                      ",0,"0.000000                      ",0,"0.000000                      ",0,"0.000000                      "
"2002","49299","06","4088","0110","04","Elem      ","N","Omro","Omro El","Grades PreK-12","All Races","Both Genders","353",0,"0.000000                      ",0,"0.000000                      ",0,"0.000000                      ",92,"26.062300                     ",96,"27.195400                     ",82,"23.229400                     ",83,"23.512700                     ",0,"0.000000                      ",0,"0.000000                      ",0,"0.000000                      ",0,"0.000000                      ",0,"0.000000                      ",0,"0.000000                      ",0,"0.000000                      "
"2002","49445","06","4088","0120","04","Elem      ","N","Omro","Enterprise Special Education School","Grades PreK-12","All Races","Both Genders","10",0,"0.000000                      ",0,"0.000000                      ",0,"0.000000                      ",0,"0.000000                      ",1,"10.000000                     ",3,"30.000000                     ",2,"20.000000                     ",2,"20.000000                     ",2,"20.000000                     ",0,"0.000000                      ",0,"0.000000                      ",0,"0.000000                      ",0,"0.000000                      ",0,"0.000000                      "
"2002","49713","06","4088","9800","04","El/Sec    ","Y","Omro","Enterprise Charter School","Grades PreK-12","All Races","Both Genders","4",0,"0.000000                      ",0,"0.000000                      ",0,"0.000000                      ",0,"0.000000                      ",0,"0.000000                      ",0,"0.000000                      ",0,"0.000000                      ",0,"0.000000                      ",0,"0.000000                      ",3,"75.000000                     ",0,"0.000000                      ",0,"0.000000                      ",0,"0.000000                      ",1,"25.000000                     "
"2002","48243","06","4179","","03","Summary   ","N","Oshkosh Area","","Grades PreK-12","All Races","Both Genders","10638",120,"1.128000                      ",734,"6.899700                      ",711,"6.683500                      ",774,"7.275800                      ",783,"7.360400                      ",793,"7.454400                      ",843,"7.924400                      ",807,"7.586000                      ",841,"7.905600                      ",761,"7.153600                      ",1060,"9.964200                      ",954,"8.967800                      ",742,"6.974900                      ",715,"6.721100                      "
"2002","47890","06","4179","0060","04","Elem      ","N","Oshkosh Area","E Cook El","Grades PreK-12","All Races","Both Genders","276",0,"0.000000                      ",40,"14.492700                     ",48,"17.391300                     ",43,"15.579700                     ",46,"16.666600                     ",44,"15.942000                     ",55,"19.927500                     ",0,"0.000000                      ",0,"0.000000                      ",0,"0.000000                      ",0,"0.000000                      ",0,"0.000000                      ",0,"0.000000                      ",0,"0.000000                      "
"2002","47891","06","4179","0080","04","Elem      ","N","Oshkosh Area","Franklin El","Grades PreK-12","All Races","Both Genders","358",0,"0.000000                      ",44,"12.290500                     ",51,"14.245800                     ",63,"17.597700                     ",60,"16.759700                     ",74,"20.670300                     ",66,"18.435700                     ",0,"0.000000                      ",0,"0.000000                      ",0,"0.000000                      ",0,"0.000000                      ",0,"0.000000                      ",0,"0.000000                      ",0,"0.000000                      "
"2002","50024","06","4179","0115","04","Elem      ","Y","Oshkosh Area","EAA/Oshkosh 3rd Gr Aviation","Grades PreK-12","All Races","Both Genders","40",0,"0.000000                      ",0,"0.000000                      ",0,"0.000000                      ",0,"0.000000                      ",40,"100.000000                    ",0,"0.000000                      ",0,"0.000000                      ",0,"0.000000                      ",0,"0.000000                      ",0,"0.000000                      ",0,"0.000000                      ",0,"0.000000                      ",0,"0.000000                      ",0,"0.000000                      "
"2002","44905","06","4179","0120","04","Elem      ","N","Oshkosh Area","Green Meadow El","Grades PreK-12","All Races","Both Genders","117",0,"0.000000                      ",21,"17.948700                     ",16,"13.675200                     ",16,"13.675200                     ",28,"23.931600                     ",16,"13.675200                     ",20,"17.094000                     ",0,"0.000000                      ",0,"0.000000                      ",0,"0.000000                      ",0,"0.000000                      ",0,"0.000000                      ",0,"0.000000                      ",0,"0.000000                      "
"2002","47892","06","4179","0130","04","Elem      ","N","Oshkosh Area","Shapiro El","Grades PreK-12","All Races","Both Genders","251",0,"0.000000                      ",45,"17.928200                     ",36,"14.342600                     ",49,"19.521900                     ",19,"7.569700                      ",51,"20.318700                     ",51,"20.318700                     ",0,"0.000000                      ",0,"0.000000                      ",0,"0.000000                      ",0,"0.000000                      ",0,"0.000000                      ",0,"0.000000                      ",0,"0.000000                      "
"2002","47893","06","4179","0140","04","Elem      ","N","Oshkosh Area","Jefferson El","Grades PreK-12","All Races","Both Genders","242",0,"0.000000                      ",41,"16.942100                     ",43,"17.768500                     ",39,"16.115700                     ",34,"14.049500                     ",41,"16.942100                     ",44,"18.181800                     ",0,"0.000000                      ",0,"0.000000                      ",0,"0.000000                      ",0,"0.000000                      ",0,"0.000000                      ",0,"0.000000                      ",0,"0.000000                      "
"2002","48015","06","4179","0150","04","Elem      ","N","Oshkosh Area","Traeger El","Grades PreK-12","All Races","Both Genders","516",20,"3.875900                      ",82,"15.891400                     ",75,"14.534800                     ",79,"15.310000                     ",89,"17.248000                     ",72,"13.953400                     ",99,"19.186000                     ",0,"0.000000                      ",0,"0.000000                      ",0,"0.000000                      ",0,"0.000000                      ",0,"0.000000                      ",0,"0.000000                      ",0,"0.000000                      "
"2002","47894","06","4179","0160","04","Elem      ","N","Oshkosh Area","Lakeside El","Grades PreK-12","All Races","Both Genders","211",0,"0.000000                      ",22,"10.426500                     ",31,"14.691900                     ",41,"19.431200                     ",35,"16.587600                     ",49,"23.222700                     ",33,"15.639800                     ",0,"0.000000                      ",0,"0.000000                      ",0,"0.000000                      ",0,"0.000000                      ",0,"0.000000                      ",0,"0.000000                      ",0,"0.000000                      "
"2002","47895","06","4179","0180","04","Elem      ","N","Oshkosh Area","Lincoln El","Grades PreK-12","All Races","Both Genders","162",11,"6.790100                      ",28,"17.283900                     ",22,"13.580200                     ",17,"10.493800                     ",26,"16.049300                     ",32,"19.753000                     ",26,"16.049300                     ",0,"0.000000                      ",0,"0.000000                      ",0,"0.000000                      ",0,"0.000000                      ",0,"0.000000                      ",0,"0.000000                      ",0,"0.000000                      "
"2002","47896","06","4179","0220","04","Elem      ","N","Oshkosh Area","Merrill El","Grades PreK-12","All Races","Both Genders","296",28,"9.459400                      ",44,"14.864800                     ",38,"12.837800                     ",48,"16.216200                     ",46,"15.540500                     ",44,"14.864800                     ",48,"16.216200                     ",0,"0.000000                      ",0,"0.000000                      ",0,"0.000000                      ",0,"0.000000                      ",0,"0.000000                      ",0,"0.000000                      ",0,"0.000000                      "
"2002","47897","06","4179","0240","04","Mid/Jr Hi ","N","Oshkosh Area","Merrill Mid","Grades PreK-12","All Races","Both Genders","482",0,"0.000000                      ",0,"0.000000                      ",0,"0.000000                      ",0,"0.000000                      ",0,"0.000000                      ",0,"0.000000                      ",0,"0.000000                      ",180,"37.344300                     ",162,"33.609900                     ",140,"29.045600                     ",0,"0.000000                      ",0,"0.000000                      ",0,"0.000000                      ",0,"0.000000                      "
"2002","48014","06","4179","0250","04","Mid/Jr Hi ","N","Oshkosh Area","Traeger Mid","Grades PreK-12","All Races","Both Genders","574",0,"0.000000                      ",0,"0.000000                      ",0,"0.000000                      ",0,"0.000000                      ",0,"0.000000                      ",0,"0.000000                      ",0,"0.000000                      ",206,"35.888500                     ",194,"33.797900                     ",174,"30.313500                     ",0,"0.000000                      ",0,"0.000000                      ",0,"0.000000                      ",0,"0.000000                      "
"2002","47898","06","4179","0260","04","Elem      ","N","Oshkosh Area","Oaklawn El","Grades PreK-12","All Races","Both Genders","205",0,"0.000000                      ",30,"14.634100                     ",33,"16.097500                     ",37,"18.048700                     ",36,"17.560900                     ",38,"18.536500                     ",31,"15.121900                     ",0,"0.000000                      ",0,"0.000000                      ",0,"0.000000                      ",0,"0.000000                      ",0,"0.000000                      ",0,"0.000000                      ",0,"0.000000                      "
"2002","44906","06","4179","0280","04","Elem      ","N","Oshkosh Area","Oakwood El","Grades PreK-12","All Races","Both Genders","497",0,"0.000000                      ",74,"14.889300                     ",91,"18.309800                     ",85,"17.102600                     ",70,"14.084500                     ",76,"15.291700                     ",101,"20.321900                     ",0,"0.000000                      ",0,"0.000000                      ",0,"0.000000                      ",0,"0.000000                      ",0,"0.000000                      ",0,"0.000000                      ",0,"0.000000                      "
"2002","47900","06","4179","0290","04","High      ","N","Oshkosh Area","North Hi","Grades PreK-12","All Races","Both Genders","1537",0,"0.000000                      ",0,"0.000000                      ",0,"0.000000                      ",0,"0.000000                      ",0,"0.000000                      ",0,"0.000000                      ",0,"0.000000                      ",0,"0.000000                      ",0,"0.000000                      ",0,"0.000000                      ",495,"32.205500                     ",433,"28.171700                     ",320,"20.819700                     ",289,"18.802800                     "
"2002","47901","06","4179","0300","04","High      ","N","Oshkosh Area","West Hi","Grades PreK-12","All Races","Both Genders","1934",0,"0.000000                      ",0,"0.000000                      ",0,"0.000000                      ",0,"0.000000                      ",0,"0.000000                      ",0,"0.000000                      ",0,"0.000000                      ",0,"0.000000                      ",0,"0.000000                      ",0,"0.000000                      ",565,"29.214000                     ",521,"26.938900                     ",422,"21.820000                     ",426,"22.026800                     "
"2002","47902","06","4179","0320","04","Mid/Jr Hi ","N","Oshkosh Area","Tipler Mid","Grades PreK-12","All Races","Both Genders","438",0,"0.000000                      ",0,"0.000000                      ",0,"0.000000                      ",0,"0.000000                      ",0,"0.000000                      ",0,"0.000000                      ",0,"0.000000                      ",133,"30.365200                     ",160,"36.529600                     ",145,"33.105000                     ",0,"0.000000                      ",0,"0.000000                      ",0,"0.000000                      ",0,"0.000000                      "
"2002","47903","06","4179","0340","04","Elem      ","N","Oshkosh Area","Read El","Grades PreK-12","All Races","Both Genders","336",22,"6.547600                      ",58,"17.261900                     ",50,"14.880900                     ",46,"13.690400                     ",45,"13.392800                     ",55,"16.369000                     ",60,"17.857100                     ",0,"0.000000                      ",0,"0.000000                      ",0,"0.000000                      ",0,"0.000000                      ",0,"0.000000                      ",0,"0.000000                      ",0,"0.000000                      "
"2002","47904","06","4179","0360","04","Elem      ","N","Oshkosh Area","Roosevelt El","Grades PreK-12","All Races","Both Genders","274",9,"3.284600                      ",53,"19.343000                     ",36,"13.138600                     ",45,"16.423300                     ",47,"17.153200                     ",37,"13.503600                     ",47,"17.153200                     ",0,"0.000000                      ",0,"0.000000                      ",0,"0.000000                      ",0,"0.000000                      ",0,"0.000000                      ",0,"0.000000                      ",0,"0.000000                      "
"2002","47905","06","4179","0400","04","Elem      ","N","Oshkosh Area","Smith El","Grades PreK-12","All Races","Both Genders","231",30,"12.987000                     ",43,"18.614700                     ",26,"11.255400                     ",36,"15.584400                     ",28,"12.121200                     ",33,"14.285700                     ",35,"15.151500                     ",0,"0.000000                      ",0,"0.000000                      ",0,"0.000000                      ",0,"0.000000                      ",0,"0.000000                      ",0,"0.000000                      ",0,"0.000000                      "
"2002","47906","06","4179","0440","04","Mid/Jr Hi ","N","Oshkosh Area","South Park Mid","Grades PreK-12","All Races","Both Genders","456",0,"0.000000                      ",0,"0.000000                      ",0,"0.000000                      ",0,"0.000000                      ",0,"0.000000                      ",0,"0.000000                      ",0,"0.000000                      ",138,"30.263100                     ",176,"38.596400                     ",142,"31.140300                     ",0,"0.000000                      ",0,"0.000000                      ",0,"0.000000                      ",0,"0.000000                      "
"2002","44907","06","4179","0460","04","Elem      ","N","Oshkosh Area","Sunset El","Grades PreK-12","All Races","Both Genders","155",0,"0.000000                      ",39,"25.161200                     ",21,"13.548300                     ",23,"14.838700                     ",22,"14.193500                     ",23,"14.838700                     ",27,"17.419300                     ",0,"0.000000                      ",0,"0.000000                      ",0,"0.000000                      ",0,"0.000000                      ",0,"0.000000                      ",0,"0.000000                      ",0,"0.000000                      "
"2002","47907","06","4179","0480","04","Elem      ","N","Oshkosh Area","Washington El","Grades PreK-12","All Races","Both Genders","275",0,"0.000000                      ",38,"13.818100                     ",41,"14.909000                     ",54,"19.636300                     ",49,"17.818100                     ",51,"18.545400                     ",42,"15.272700                     ",0,"0.000000                      ",0,"0.000000                      ",0,"0.000000                      ",0,"0.000000                      ",0,"0.000000                      ",0,"0.000000                      ",0,"0.000000                      "
"2002","47908","06","4179","0500","04","Mid/Jr Hi ","N","Oshkosh Area","Webster Stanley Mid","Grades PreK-12","All Races","Both Genders","459",0,"0.000000                      ",0,"0.000000                      ",0,"0.000000                      ",0,"0.000000                      ",0,"0.000000                      ",0,"0.000000                      ",0,"0.000000                      ",150,"32.679700                     ",149,"32.461800                     ",160,"34.858300                     ",0,"0.000000                      ",0,"0.000000                      ",0,"0.000000                      ",0,"0.000000                      "
"2002","47909","06","4179","0520","04","Elem      ","N","Oshkosh Area","Webster Stanley El","Grades PreK-12","All Races","Both Genders","316",0,"0.000000                      ",32,"10.126500                     ",53,"16.772100                     ",53,"16.772100                     ",63,"19.936700                     ",57,"18.037900                     ",58,"18.354400                     ",0,"0.000000                      ",0,"0.000000                      ",0,"0.000000                      ",0,"0.000000                      ",0,"0.000000                      ",0,"0.000000                      ",0,"0.000000                      "
"2002","48280","06","4820","","03","Summary   ","N","Richfield J1","","Grades PreK-12","All Races","Both Genders","426",4,"0.938900                      ",42,"9.859100                      ",35,"8.215900                      ",39,"9.154900                      ",48,"11.267600                     ",50,"11.737000                     ",54,"12.676000                     ",57,"13.380200                     ",46,"10.798100                     ",51,"11.971800                     ",0,"0.000000                      ",0,"0.000000                      ",0,"0.000000                      ",0,"0.000000                      "
"2002","47003","06","4820","0020","04","Elem      ","N","Richfield J1","Richfield El","Grades PreK-12","All Races","Both Genders","306",0,"0.000000                      ",0,"0.000000                      ",0,"0.000000                      ",0,"0.000000                      ",48,"15.686200                     ",50,"16.339800                     ",54,"17.647000                     ",57,"18.627400                     ",46,"15.032600                     ",51,"16.666600                     ",0,"0.000000                      ",0,"0.000000                      ",0,"0.000000                      ",0,"0.000000                      "
"2002","46272","06","4820","0040","04","Elem      ","N","Richfield J1","Plat El","Grades PreK-12","All Races","Both Genders","120",4,"3.333300                      ",42,"35.000000                     ",35,"29.166600                     ",39,"32.500000                     ",0,"0.000000                      ",0,"0.000000                      ",0,"0.000000                      ",0,"0.000000                      ",0,"0.000000                      ",0,"0.000000                      ",0,"0.000000                      ",0,"0.000000                      ",0,"0.000000                      ",0,"0.000000                      "
"2002","48265","06","4843","","03","Summary   ","N","Friess Lake","","Grades PreK-12","All Races","Both Genders","266",9,"3.383400                      ",25,"9.398400                      ",30,"11.278100                     ",30,"11.278100                     ",19,"7.142800                      ",33,"12.406000                     ",27,"10.150300                     ",36,"13.533800                     ",34,"12.781900                     ",23,"8.646600                      ",0,"0.000000                      ",0,"0.000000                      ",0,"0.000000                      ",0,"0.000000                      "
"2002","49328","06","4843","0020","04","Elem      ","N","Friess Lake","Friess Lake Sch","Grades PreK-12","All Races","Both Genders","266",9,"3.383400                      ",25,"9.398400                      ",30,"11.278100                     ",30,"11.278100                     ",19,"7.142800                      ",33,"12.406000                     ",27,"10.150300                     ",36,"13.533800                     ",34,"12.781900                     ",23,"8.646600                      ",0,"0.000000                      ",0,"0.000000                      ",0,"0.000000                      ",0,"0.000000                      "
"2002","48495","06","4872","","03","Summary   ","N","Ripon","","Grades PreK-12","All Races","Both Genders","1687",20,"1.185500                      ",144,"8.535800                      ",115,"6.816800                      ",105,"6.224000                      ",112,"6.639000                      ",120,"7.113200                      ",128,"7.587400                      ",127,"7.528100                      ",137,"8.120900                      ",130,"7.705900                      ",146,"8.654400                      ",117,"6.935300                      ",144,"8.535800                      ",142,"8.417300                      "
"2002","47956","06","4872","0100","04","Elem      ","N","Ripon","Murray Park El","Grades PreK-12","All Races","Both Genders","366",6,"1.639300                      ",0,"0.000000                      ",0,"0.000000                      ",0,"0.000000                      ",112,"30.601000                     ",120,"32.786800                     ",128,"34.972600                     ",0,"0.000000                      ",0,"0.000000                      ",0,"0.000000                      ",0,"0.000000                      ",0,"0.000000                      ",0,"0.000000                      ",0,"0.000000                      "
"2002","49006","06","4872","0110","04","Elem      ","N","Ripon","Barlow Park El","Grades PreK-12","All Races","Both Genders","378",14,"3.703700                      ",144,"38.095200                     ",115,"30.423200                     ",105,"27.777700                     ",0,"0.000000                      ",0,"0.000000                      ",0,"0.000000                      ",0,"0.000000                      ",0,"0.000000                      ",0,"0.000000                      ",0,"0.000000                      ",0,"0.000000                      ",0,"0.000000                      ",0,"0.000000                      "
"2002","47957","06","4872","0120","04","High      ","N","Ripon","Ripon Hi","Grades PreK-12","All Races","Both Genders","549",0,"0.000000                      ",0,"0.000000                      ",0,"0.000000                      ",0,"0.000000                      ",0,"0.000000                      ",0,"0.000000                      ",0,"0.000000                      ",0,"0.000000                      ",0,"0.000000                      ",0,"0.000000                      ",146,"26.593800                     ",117,"21.311400                     ",144,"26.229500                     ",142,"25.865200                     "
"2002","47958","06","4872","0140","04","Mid/Jr Hi ","N","Ripon","Ripon Mid","Grades PreK-12","All Races","Both Genders","394",0,"0.000000                      ",0,"0.000000                      ",0,"0.000000                      ",0,"0.000000                      ",0,"0.000000                      ",0,"0.000000                      ",0,"0.000000                      ",127,"32.233500                     ",137,"34.771500                     ",130,"32.994900                     ",0,"0.000000                      ",0,"0.000000                      ",0,"0.000000                      ",0,"0.000000                      "
"2002","49768","06","4872","9800","4C","El/Sec    ","Y","Ripon","Enterprise Charter School","Grades PreK-12","All Races","Both Genders","1",0,"0.000000                      ",0,"0.000000                      ",0,"0.000000                      ",0,"0.000000                      ",0,"0.000000                      ",0,"0.000000                      ",0,"0.000000                      ",0,"0.000000                      ",0,"0.000000                      ",0,"0.000000                      ",0,"0.000000                      ",0,"0.000000                      ",0,"0.000000                      ",1,"100.000000                    "
"2002","48499","06","4956","","03","Summary   ","N","Rosendale-Brandon","","Grades PreK-12","All Races","Both Genders","1029",56,"5.442100                      ",63,"6.122400                      ",78,"7.580100                      ",57,"5.539300                      ",70,"6.802700                      ",82,"7.968900                      ",76,"7.385800                      ",73,"7.094200                      ",69,"6.705500                      ",72,"6.997000                      ",69,"6.705500                      ",98,"9.523800                      ",92,"8.940700                      ",74,"7.191400                      "
"2002","47368","06","4956","0025","04","Elem      ","N","Rosendale-Brandon","Brandon El","Grades PreK-12","All Races","Both Genders","200",21,"10.500000                     ",29,"14.500000                     ",31,"15.500000                     ",27,"13.500000                     ",27,"13.500000                     ",32,"16.000000                     ",33,"16.500000                     ",0,"0.000000                      ",0,"0.000000                      ",0,"0.000000                      ",0,"0.000000                      ",0,"0.000000                      ",0,"0.000000                      ",0,"0.000000                      "
"2002","47369","06","4956","0030","04","Mid/Jr Hi ","N","Rosendale-Brandon","Brandon Mid","Grades PreK-12","All Races","Both Genders","81",0,"0.000000                      ",0,"0.000000                      ",0,"0.000000                      ",0,"0.000000                      ",0,"0.000000                      ",0,"0.000000                      ",0,"0.000000                      ",22,"27.160400                     ",30,"37.037000                     ",29,"35.802400                     ",0,"0.000000                      ",0,"0.000000                      ",0,"0.000000                      ",0,"0.000000                      "
"2002","47961","06","4956","0050","04","High      ","N","Rosendale-Brandon","Laconia Hi","Grades PreK-12","All Races","Both Genders","333",0,"0.000000                      ",0,"0.000000                      ",0,"0.000000                      ",0,"0.000000                      ",0,"0.000000                      ",0,"0.000000                      ",0,"0.000000                      ",0,"0.000000                      ",0,"0.000000                      ",0,"0.000000                      ",69,"20.720700                     ",98,"29.429400                     ",92,"27.627600                     ",74,"22.222200                     "
"2002","47966","06","4956","0060","04","Elem      ","N","Rosendale-Brandon","Rosendale Primary","Grades PreK-12","All Races","Both Genders","189",35,"18.518500                     ",34,"17.989400                     ",47,"24.867700                     ",30,"15.873000                     ",43,"22.751300                     ",0,"0.000000                      ",0,"0.000000                      ",0,"0.000000                      ",0,"0.000000                      ",0,"0.000000                      ",0,"0.000000                      ",0,"0.000000                      ",0,"0.000000                      ",0,"0.000000                      "
"2002","47967","06","4956","0080","04","Mid/Jr Hi ","N","Rosendale-Brandon","Rosendale Intermediate","Grades PreK-12","All Races","Both Genders","226",0,"0.000000                      ",0,"0.000000                      ",0,"0.000000                      ",0,"0.000000                      ",0,"0.000000                      ",50,"22.123800                     ",43,"19.026500                     ",51,"22.566300                     ",39,"17.256600                     ",43,"19.026500                     ",0,"0.000000                      ",0,"0.000000                      ",0,"0.000000                      ",0,"0.000000                      "
"2002","48281","06","4998","","03","Summary   ","N","Rubicon J6","","Grades PreK-12","All Races","Both Genders","153",0,"0.000000                      ",18,"11.764700                     ",14,"9.150300                      ",16,"10.457500                     ",16,"10.457500                     ",17,"11.111100                     ",13,"8.496700                      ",14,"9.150300                      ",24,"15.686200                     ",21,"13.725400                     ",0,"0.000000                      ",0,"0.000000                      ",0,"0.000000                      ",0,"0.000000                      "
"2002","47004","06","4998","0020","04","Elem      ","N","Rubicon J6","Saylesville El","Grades PreK-12","All Races","Both Genders","153",0,"0.000000                      ",18,"11.764700                     ",14,"9.150300                      ",16,"10.457500                     ",16,"10.457500                     ",17,"11.111100                     ",13,"8.496700                      ",14,"9.150300                      ",24,"15.686200                     ",21,"13.725400                     ",0,"0.000000                      ",0,"0.000000                      ",0,"0.000000                      ",0,"0.000000                      "
"2002","48177","06","5348","","03","Summary   ","N","Shiocton","","Grades PreK-12","All Races","Both Genders","860",68,"7.906900                      ",47,"5.465100                      ",53,"6.162700                      ",69,"8.023200                      ",55,"6.395300                      ",64,"7.441800                      ",59,"6.860400                      ",68,"7.906900                      ",58,"6.744100                      ",75,"8.720900                      ",64,"7.441800                      ",66,"7.674400                      ",63,"7.325500                      ",51,"5.930200                      "
"2002","46730","06","5348","0020","04","Elem      ","N","Shiocton","Shiocton El","Grades PreK-12","All Races","Both Genders","616",68,"11.038900                     ",47,"7.629800                      ",53,"8.603800                      ",69,"11.201200                     ",55,"8.928500                      ",64,"10.389600                     ",59,"9.577900                      ",68,"11.038900                     ",58,"9.415500                      ",75,"12.175300                     ",0,"0.000000                      ",0,"0.000000                      ",0,"0.000000                      ",0,"0.000000                      "
"2002","46731","06","5348","0040","04","High      ","N","Shiocton","Shiocton Hi","Grades PreK-12","All Races","Both Genders","244",0,"0.000000                      ",0,"0.000000                      ",0,"0.000000                      ",0,"0.000000                      ",0,"0.000000                      ",0,"0.000000                      ",0,"0.000000                      ",0,"0.000000                      ",0,"0.000000                      ",0,"0.000000                      ",64,"26.229500                     ",66,"27.049100                     ",63,"25.819600                     ",51,"20.901600                     "
"2002","48052","06","5390","","03","Summary   ","N","Slinger","","Grades PreK-12","All Races","Both Genders","2843",143,"5.029800                      ",194,"6.823700                      ",170,"5.979500                      ",176,"6.190600                      ",178,"6.260900                      ",191,"6.718200                      ",215,"7.562400                      ",234,"8.230700                      ",216,"7.597600                      ",220,"7.738300                      ",212,"7.456900                      ",254,"8.934200                      ",233,"8.195500                      ",207,"7.281000                      "
"2002","46327","06","5390","0010","04","Elem      ","N","Slinger","Allenton El","Grades PreK-12","All Races","Both Genders","396",0,"0.000000                      ",47,"11.868600                     ",61,"15.404000                     ",67,"16.919100                     ",61,"15.404000                     ",77,"19.444400                     ",83,"20.959500                     ",0,"0.000000                      ",0,"0.000000                      ",0,"0.000000                      ",0,"0.000000                      ",0,"0.000000                      ",0,"0.000000                      ",0,"0.000000                      "
"2002","46143","06","5390","0020","04","Elem      ","N","Slinger","Slinger El","Grades PreK-12","All Races","Both Genders","871",143,"16.417900                     ",147,"16.877100                     ",109,"12.514300                     ",109,"12.514300                     ",117,"13.432800                     ",114,"13.088400                     ",132,"15.154900                     ",0,"0.000000                      ",0,"0.000000                      ",0,"0.000000                      ",0,"0.000000                      ",0,"0.000000                      ",0,"0.000000                      ",0,"0.000000                      "
"2002","46144","06","5390","0060","04","Mid/Jr Hi ","N","Slinger","Slinger Mid","Grades PreK-12","All Races","Both Genders","670",0,"0.000000                      ",0,"0.000000                      ",0,"0.000000                      ",0,"0.000000                      ",0,"0.000000                      ",0,"0.000000                      ",0,"0.000000                      ",234,"34.925300                     ",216,"32.238800                     ",220,"32.835800                     ",0,"0.000000                      ",0,"0.000000                      ",0,"0.000000                      ",0,"0.000000                      "
"2002","46145","06","5390","0080","04","High      ","N","Slinger","Slinger Hi","Grades PreK-12","All Races","Both Genders","906",0,"0.000000                      ",0,"0.000000                      ",0,"0.000000                      ",0,"0.000000                      ",0,"0.000000                      ",0,"0.000000                      ",0,"0.000000                      ",0,"0.000000                      ",0,"0.000000                      ",0,"0.000000                      ",212,"23.399500                     ",254,"28.035300                     ",233,"25.717400                     ",207,"22.847600                     "
"2002","48355","06","6216","","03","Summary   ","N","Waupun","","Grades PreK-12","All Races","Both Genders","2367",15,"0.633700                      ",155,"6.548300                      ",161,"6.801800                      ",176,"7.435500                      ",150,"6.337100                      ",201,"8.491700                      ",166,"7.013000                      ",194,"8.196000                      ",186,"7.858000                      ",184,"7.773500                      ",201,"8.491700                      ",193,"8.153700                      ",180,"7.604500                      ",205,"8.660700                      "
"2002","47401","06","6216","0020","04","Elem      ","N","Waupun","Alto El","Grades PreK-12","All Races","Both Genders","105",0,"0.000000                      ",15,"14.285700                     ",15,"14.285700                     ",20,"19.047600                     ",15,"14.285700                     ",22,"20.952300                     ",18,"17.142800                     ",0,"0.000000                      ",0,"0.000000                      ",0,"0.000000                      ",0,"0.000000                      ",0,"0.000000                      ",0,"0.000000                      ",0,"0.000000                      "
"2002","47370","06","6216","0040","04","Elem      ","N","Waupun","Amity El","Grades PreK-12","All Races","Both Genders","117",0,"0.000000                      ",18,"15.384600                     ",22,"18.803400                     ",16,"13.675200                     ",21,"17.948700                     ",22,"18.803400                     ",18,"15.384600                     ",0,"0.000000                      ",0,"0.000000                      ",0,"0.000000                      ",0,"0.000000                      ",0,"0.000000                      ",0,"0.000000                      ",0,"0.000000                      "
"2002","49391","06","6216","0080","04","Elem      ","N","Waupun","Fox Lake El","Grades PreK-12","All Races","Both Genders","151",0,"0.000000                      ",20,"13.245000                     ",22,"14.569500                     ",31,"20.529800                     ",22,"14.569500                     ",31,"20.529800                     ",25,"16.556200                     ",0,"0.000000                      ",0,"0.000000                      ",0,"0.000000                      ",0,"0.000000                      ",0,"0.000000                      ",0,"0.000000                      ",0,"0.000000                      "
"2002","47402","06","6216","0100","04","Elem      ","N","Waupun","Jefferson El","Grades PreK-12","All Races","Both Genders","273",0,"0.000000                      ",47,"17.216100                     ",46,"16.849800                     ",46,"16.849800                     ",36,"13.186800                     ",53,"19.413900                     ",45,"16.483500                     ",0,"0.000000                      ",0,"0.000000                      ",0,"0.000000                      ",0,"0.000000                      ",0,"0.000000                      ",0,"0.000000                      ",0,"0.000000                      "
"2002","47403","06","6216","0160","04","Elem      ","N","Waupun","Washington El","Grades PreK-12","All Races","Both Genders","363",0,"0.000000                      ",55,"15.151500                     ",56,"15.426900                     ",63,"17.355300                     ",56,"15.426900                     ",73,"20.110100                     ",60,"16.528900                     ",0,"0.000000                      ",0,"0.000000                      ",0,"0.000000                      ",0,"0.000000                      ",0,"0.000000                      ",0,"0.000000                      ",0,"0.000000                      "
"2002","47404","06","6216","0180","04","Mid/Jr Hi ","N","Waupun","Waupun Mid","Grades PreK-12","All Races","Both Genders","564",0,"0.000000                      ",0,"0.000000                      ",0,"0.000000                      ",0,"0.000000                      ",0,"0.000000                      ",0,"0.000000                      ",0,"0.000000                      ",194,"34.397100                     ",186,"32.978700                     ",184,"32.624100                     ",0,"0.000000                      ",0,"0.000000                      ",0,"0.000000                      ",0,"0.000000                      "
"2002","47405","06","6216","0200","04","High      ","N","Waupun","Waupun Hi","Grades PreK-12","All Races","Both Genders","753",15,"1.992000                      ",0,"0.000000                      ",0,"0.000000                      ",0,"0.000000                      ",0,"0.000000                      ",0,"0.000000                      ",0,"0.000000                      ",0,"0.000000                      ",0,"0.000000                      ",0,"0.000000                      ",201,"26.693200                     ",192,"25.498000                     ",169,"22.443500                     ",176,"23.373100                     "
"2002","49447","06","6216","0400","04","High      ","Y","Waupun","Waupun Alternative High","Grades PreK-12","All Races","Both Genders","41",0,"0.000000                      ",0,"0.000000                      ",0,"0.000000                      ",0,"0.000000                      ",0,"0.000000                      ",0,"0.000000                      ",0,"0.000000                      ",0,"0.000000                      ",0,"0.000000                      ",0,"0.000000                      ",0,"0.000000                      ",1,"2.439000                      ",11,"26.829200                     ",29,"70.731700                     "
"2002","48060","06","6307","","03","Summary   ","N","West Bend","","Grades PreK-12","All Races","Both Genders","6759",214,"3.166100                      ",461,"6.820500                      ",423,"6.258300                      ",420,"6.213900                      ",434,"6.421000                      ",448,"6.628100                      ",458,"6.776100                      ",477,"7.057200                      ",507,"7.501100                      ",478,"7.072000                      ",604,"8.936200                      ",597,"8.832600                      ",708,"10.474900                     ",530,"7.841300                      "
"2002","46163","06","6307","0010","04","Mid/Jr Hi ","N","West Bend","Badger Mid","Grades PreK-12","All Races","Both Genders","847",0,"0.000000                      ",0,"0.000000                      ",0,"0.000000                      ",0,"0.000000                      ",0,"0.000000                      ",0,"0.000000                      ",0,"0.000000                      ",277,"32.703600                     ",297,"35.064900                     ",273,"32.231400                     ",0,"0.000000                      ",0,"0.000000                      ",0,"0.000000                      ",0,"0.000000                      "
"2002","46164","06","6307","0020","04","Elem      ","N","West Bend","Barton El","Grades PreK-12","All Races","Both Genders","401",0,"0.000000                      ",69,"17.206900                     ",63,"15.710700                     ",69,"17.206900                     ",62,"15.461300                     ",70,"17.456300                     ",68,"16.957600                     ",0,"0.000000                      ",0,"0.000000                      ",0,"0.000000                      ",0,"0.000000                      ",0,"0.000000                      ",0,"0.000000                      ",0,"0.000000                      "
"2002","46165","06","6307","0040","04","Elem      ","N","West Bend","Decorah El","Grades PreK-12","All Races","Both Genders","403",69,"17.121500                     ",61,"15.136400                     ",63,"15.632700                     ",55,"13.647600                     ",57,"14.143900                     ",46,"11.414300                     ",52,"12.903200                     ",0,"0.000000                      ",0,"0.000000                      ",0,"0.000000                      ",0,"0.000000                      ",0,"0.000000                      ",0,"0.000000                      ",0,"0.000000                      "
"2002","46166","06","6307","0050","04","High      ","N","West Bend","East Hi","Grades PreK-12","All Races","Both Genders","1193",0,"0.000000                      ",0,"0.000000                      ",0,"0.000000                      ",0,"0.000000                      ",0,"0.000000                      ",0,"0.000000                      ",0,"0.000000                      ",0,"0.000000                      ",0,"0.000000                      ",0,"0.000000                      ",272,"22.799600                     ",277,"23.218700                     ",366,"30.678900                     ",278,"23.302500                     "
"2002","46167","06","6307","0060","04","Elem      ","N","West Bend","Fair Park El","Grades PreK-12","All Races","Both Genders","442",0,"0.000000                      ",80,"18.099500                     ",77,"17.420800                     ",56,"12.669600                     ",80,"18.099500                     ",75,"16.968300                     ",74,"16.742000                     ",0,"0.000000                      ",0,"0.000000                      ",0,"0.000000                      ",0,"0.000000                      ",0,"0.000000                      ",0,"0.000000                      ",0,"0.000000                      "
"2002","46168","06","6307","0070","04","Elem      ","N","West Bend","Green Tree El","Grades PreK-12","All Races","Both Genders","509",0,"0.000000                      ",88,"17.288800                     ",84,"16.502900                     ",84,"16.502900                     ",85,"16.699400                     ",82,"16.110000                     ",86,"16.895800                     ",0,"0.000000                      ",0,"0.000000                      ",0,"0.000000                      ",0,"0.000000                      ",0,"0.000000                      ",0,"0.000000                      ",0,"0.000000                      "
"2002","46971","06","6307","0080","04","Elem      ","N","West Bend","Jackson El","Grades PreK-12","All Races","Both Genders","452",0,"0.000000                      ",85,"18.805300                     ",64,"14.159200                     ",80,"17.699100                     ",65,"14.380500                     ",84,"18.584000                     ",74,"16.371600                     ",0,"0.000000                      ",0,"0.000000                      ",0,"0.000000                      ",0,"0.000000                      ",0,"0.000000                      ",0,"0.000000                      ",0,"0.000000                      "
"2002","46169","06","6307","0100","04","Elem      ","N","West Bend","McLane El","Grades PreK-12","All Races","Both Genders","506",0,"0.000000                      ",78,"15.415000                     ",72,"14.229200                     ",76,"15.019700                     ",85,"16.798400                     ",91,"17.984100                     ",104,"20.553300                     ",0,"0.000000                      ",0,"0.000000                      ",0,"0.000000                      ",0,"0.000000                      ",0,"0.000000                      ",0,"0.000000                      ",0,"0.000000                      "
"2002","46170","06","6307","0160","04","Mid/Jr Hi ","N","West Bend","Silverbrook Mid","Grades PreK-12","All Races","Both Genders","615",0,"0.000000                      ",0,"0.000000                      ",0,"0.000000                      ",0,"0.000000                      ",0,"0.000000                      ",0,"0.000000                      ",0,"0.000000                      ",200,"32.520300                     ",210,"34.146300                     ",205,"33.333300                     ",0,"0.000000                      ",0,"0.000000                      ",0,"0.000000                      ",0,"0.000000                      "
"2002","46171","06","6307","0180","04","Elem      ","N","West Bend","Silver Maple PK","Grades PreK-12","All Races","Both Genders","145",145,"100.000000                    ",0,"0.000000                      ",0,"0.000000                      ",0,"0.000000                      ",0,"0.000000                      ",0,"0.000000                      ",0,"0.000000                      ",0,"0.000000                      ",0,"0.000000                      ",0,"0.000000                      ",0,"0.000000                      ",0,"0.000000                      ",0,"0.000000                      ",0,"0.000000                      "
"2002","49354","06","6307","0200","04","High      ","N","West Bend","West Hi","Grades PreK-12","All Races","Both Genders","1246",0,"0.000000                      ",0,"0.000000                      ",0,"0.000000                      ",0,"0.000000                      ",0,"0.000000                      ",0,"0.000000                      ",0,"0.000000                      ",0,"0.000000                      ",0,"0.000000                      ",0,"0.000000                      ",332,"26.645200                     ",320,"25.682100                     ",342,"27.447800                     ",252,"20.224700                     "
"2002","48252","06","6384","","03","Summary   ","N","Weyauwega-Fremont","","Grades PreK-12","All Races","Both Genders","1124",49,"4.359400                      ",65,"5.782900                      ",61,"5.427000                      ",53,"4.715300                      ",80,"7.117400                      ",76,"6.761500                      ",82,"7.295300                      ",96,"8.540900                      ",78,"6.939500                      ",104,"9.252600                      ",89,"7.918100                      ",105,"9.341600                      ",103,"9.163700                      ",83,"7.384300                      "
"2002","47928","06","6384","0040","04","Elem      ","N","Weyauwega-Fremont","Fremont El","Grades PreK-12","All Races","Both Genders","144",49,"34.027700                     ",15,"10.416600                     ",18,"12.500000                     ",14,"9.722200                      ",16,"11.111100                     ",18,"12.500000                     ",14,"9.722200                      ",0,"0.000000                      ",0,"0.000000                      ",0,"0.000000                      ",0,"0.000000                      ",0,"0.000000                      ",0,"0.000000                      ",0,"0.000000                      "
"2002","45007","06","6384","0080","04","Elem      ","N","Weyauwega-Fremont","Weyauwega El","Grades PreK-12","All Races","Both Genders","322",0,"0.000000                      ",50,"15.527900                     ",43,"13.354000                     ",39,"12.111800                     ",64,"19.875700                     ",58,"18.012400                     ",68,"21.118000                     ",0,"0.000000                      ",0,"0.000000                      ",0,"0.000000                      ",0,"0.000000                      ",0,"0.000000                      ",0,"0.000000                      ",0,"0.000000                      "
"2002","49333","06","6384","0100","04","High      ","N","Weyauwega-Fremont","Weyauwega Hi","Grades PreK-12","All Races","Both Genders","380",0,"0.000000                      ",0,"0.000000                      ",0,"0.000000                      ",0,"0.000000                      ",0,"0.000000                      ",0,"0.000000                      ",0,"0.000000                      ",0,"0.000000                      ",0,"0.000000                      ",0,"0.000000                      ",89,"23.421000                     ",105,"27.631500                     ",103,"27.105200                     ",83,"21.842100                     "
"2002","45008","06","6384","0120","04","Mid/Jr Hi ","N","Weyauwega-Fremont","Weyauwega Mid","Grades PreK-12","All Races","Both Genders","278",0,"0.000000                      ",0,"0.000000                      ",0,"0.000000                      ",0,"0.000000                      ",0,"0.000000                      ",0,"0.000000                      ",0,"0.000000                      ",96,"34.532300                     ",78,"28.057500                     ",104,"37.410000                     ",0,"0.000000                      ",0,"0.000000                      ",0,"0.000000                      ",0,"0.000000                      "
"2002","49726","06","6384","9408","04","High      ","Y","Weyauwega-Fremont","Waupaca County Charter","Grades PreK-12","All Races","Both Genders","0",0,"--                            ",0,"--                            ",0,"--                            ",0,"--                            ",0,"--                            ",0,"--                            ",0,"--                            ",0,"--                            ",0,"--                            ",0,"--                            ",0,"--                            ",0,"--                            ",0,"--                            ",0,"--                            "
"2002","49415","06","6608","","03","Summary   ","N","Winneconne Community","","Grades PreK-12","All Races","Both Genders","1635",19,"1.162000                      ",83,"5.076400                      ",96,"5.871500                      ",112,"6.850100                      ",127,"7.767500                      ",111,"6.788900                      ",120,"7.339400                      ",124,"7.584000                      ",146,"8.929600                      ",123,"7.522900                      ",141,"8.623800                      ",121,"7.400600                      ",172,"10.519800                     ",140,"8.562600                      "
"2002","44918","06","6608","0020","04","Elem      ","N","Winneconne Community","Winchester El","Grades PreK-12","All Races","Both Genders","77",0,"0.000000                      ",12,"15.584400                     ",15,"19.480500                     ",19,"24.675300                     ",17,"22.077900                     ",14,"18.181800                     ",0,"0.000000                      ",0,"0.000000                      ",0,"0.000000                      ",0,"0.000000                      ",0,"0.000000                      ",0,"0.000000                      ",0,"0.000000                      ",0,"0.000000                      "
"2002","44919","06","6608","0040","04","Elem      ","N","Winneconne Community","Winneconne El","Grades PreK-12","All Races","Both Genders","591",19,"3.214800                      ",71,"12.013500                     ",81,"13.705500                     ",93,"15.736000                     ",110,"18.612500                     ",97,"16.412800                     ",120,"20.304500                     ",0,"0.000000                      ",0,"0.000000                      ",0,"0.000000                      ",0,"0.000000                      ",0,"0.000000                      ",0,"0.000000                      ",0,"0.000000                      "
"2002","44920","06","6608","0060","04","High      ","N","Winneconne Community","Winneconne Hi","Grades PreK-12","All Races","Both Genders","574",0,"0.000000                      ",0,"0.000000                      ",0,"0.000000                      ",0,"0.000000                      ",0,"0.000000                      ",0,"0.000000                      ",0,"0.000000                      ",0,"0.000000                      ",0,"0.000000                      ",0,"0.000000                      ",141,"24.564400                     ",121,"21.080100                     ",172,"29.965100                     ",140,"24.390200                     "
"2002","44921","06","6608","0080","04","Mid/Jr Hi ","N","Winneconne Community","Winneconne Mid","Grades PreK-12","All Races","Both Genders","393",0,"0.000000                      ",0,"0.000000                      ",0,"0.000000                      ",0,"0.000000                      ",0,"0.000000                      ",0,"0.000000                      ",0,"0.000000                      ",124,"31.552100                     ",146,"37.150100                     ",123,"31.297700                     ",0,"0.000000                      ",0,"0.000000                      ",0,"0.000000                      ",0,"0.000000                      "
