"year","agency_key","CESA","district_number","school_number","agency_type","school_type","charter","district_name","school_name","grade_label","total_enrollment_prek-12","number_female","percent_female","number_male","percent_male","number_am_ind","percent_am_ind","number_asian","percent_asian","number_black","percent_black","number_hispanic","percent_hispanic","number_white","percent_white"
"1998","10178","05","0014","","03","Elem      ","N","Adams-Friendship Area","","Elementary School Type/ Prek-12","1075",524,"48.744100                     ",551,"51.255800                     ",9,"0.837200                      ",5,"0.465100                      ",6,"0.558100                      ",27,"2.511600                      ",1028,"95.627900                     "
"1998","10178","05","0014","","03","Mid/Jr Hi ","N","Adams-Friendship Area","","Middle/Junior High School Type/ Prek-12","367",150,"40.871900                     ",217,"59.128000                     ",3,"0.817400                      ",2,"0.544900                      ",2,"0.544900                      ",7,"1.907300                      ",353,"96.185200                     "
"1998","10178","05","0014","","03","High      ","N","Adams-Friendship Area","","High School Type/ PreK-12","623",275,"44.141200                     ",348,"55.858700                     ",4,"0.642000                      ",5,"0.802500                      ",9,"1.444600                      ",21,"3.370700                      ",584,"93.739900                     "
"1998","10178","05","0014","","03","El/Sec    ","N","Adams-Friendship Area","","Combined Elementary/Secondary School Type/ Prek-12","0",0,"--                            ",0,"--                            ",0,"--                            ",0,"--                            ",0,"--                            ",0,"--                            ",0,"--                            "
"1998","10178","05","0014","","03","Summary   ","N","Adams-Friendship Area","","Grades PreK-12","2065",949,"45.956400                     ",1116,"54.043500                     ",16,"0.774800                      ",12,"0.581100                      ",17,"0.823200                      ",55,"2.663400                      ",1965,"95.157300                     "
"1998","14465","05","0014","0020","04","Elem      ","N","Adams-Friendship Area","Adams El","Grades PreK-12","266",134,"50.375900                     ",132,"49.624000                     ",0,"0.000000                      ",2,"0.751800                      ",2,"0.751800                      ",5,"1.879600                      ",257,"96.616500                     "
"1998","14466","05","0014","0040","04","High      ","N","Adams-Friendship Area","Adams-Friendship Hi","Grades PreK-12","623",275,"44.141200                     ",348,"55.858700                     ",4,"0.642000                      ",5,"0.802500                      ",9,"1.444600                      ",21,"3.370700                      ",584,"93.739900                     "
"1998","14464","05","0014","0080","04","Elem      ","N","Adams-Friendship Area","Castle Rock El","Grades PreK-12","161",77,"47.826000                     ",84,"52.173900                     ",1,"0.621100                      ",0,"0.000000                      ",4,"2.484400                      ",7,"4.347800                      ",149,"92.546500                     "
"1998","14467","05","0014","0100","04","Mid/Jr Hi ","N","Adams-Friendship Area","Adams-Friendship Jr","Grades PreK-12","367",150,"40.871900                     ",217,"59.128000                     ",3,"0.817400                      ",2,"0.544900                      ",2,"0.544900                      ",7,"1.907300                      ",353,"96.185200                     "
"1998","14468","05","0014","0120","04","Elem      ","N","Adams-Friendship Area","Friendship El","Grades PreK-12","285",131,"45.964900                     ",154,"54.035000                     ",4,"1.403500                      ",1,"0.350800                      ",0,"0.000000                      ",5,"1.754300                      ",275,"96.491200                     "
"1998","14429","05","0014","0140","04","Elem      ","N","Adams-Friendship Area","Grand Marsh El","Grades PreK-12","176",78,"44.318100                     ",98,"55.681800                     ",1,"0.568100                      ",2,"1.136300                      ",0,"0.000000                      ",6,"3.409000                      ",167,"94.886300                     "
"1998","14428","05","0014","0180","04","Elem      ","N","Adams-Friendship Area","Pine Land El","Grades PreK-12","76",37,"48.684200                     ",39,"51.315700                     ",1,"1.315700                      ",0,"0.000000                      ",0,"0.000000                      ",3,"3.947300                      ",72,"94.736800                     "
"1998","13929","05","0014","0200","04","Elem      ","N","Adams-Friendship Area","Roche a Crie El","Grades PreK-12","111",67,"60.360300                     ",44,"39.639600                     ",2,"1.801800                      ",0,"0.000000                      ",0,"0.000000                      ",1,"0.900900                      ",108,"97.297200                     "
"1998","10384","05","0105","","03","Elem      ","N","Almond-Bancroft","","Elementary School Type/ Prek-12","242",103,"42.561900                     ",139,"57.438000                     ",0,"0.000000                      ",0,"0.000000                      ",0,"0.000000                      ",12,"4.958600                      ",230,"95.041300                     "
"1998","10384","05","0105","","03","Mid/Jr Hi ","N","Almond-Bancroft","","Middle/Junior High School Type/ Prek-12","0",0,"--                            ",0,"--                            ",0,"--                            ",0,"--                            ",0,"--                            ",0,"--                            ",0,"--                            "
"1998","10384","05","0105","","03","High      ","N","Almond-Bancroft","","High School Type/ PreK-12","242",120,"49.586700                     ",122,"50.413200                     ",0,"0.000000                      ",0,"0.000000                      ",0,"0.000000                      ",13,"5.371900                      ",229,"94.628000                     "
"1998","10384","05","0105","","03","El/Sec    ","N","Almond-Bancroft","","Combined Elementary/Secondary School Type/ Prek-12","0",0,"--                            ",0,"--                            ",0,"--                            ",0,"--                            ",0,"--                            ",0,"--                            ",0,"--                            "
"1998","10384","05","0105","","03","Summary   ","N","Almond-Bancroft","","Grades PreK-12","484",223,"46.074300                     ",261,"53.925600                     ",0,"0.000000                      ",0,"0.000000                      ",0,"0.000000                      ",25,"5.165200                      ",459,"94.834700                     "
"1998","13609","05","0105","0020","04","Elem      ","N","Almond-Bancroft","Almond El","Grades PreK-12","174",76,"43.678100                     ",98,"56.321800                     ",0,"0.000000                      ",0,"0.000000                      ",0,"0.000000                      ",9,"5.172400                      ",165,"94.827500                     "
"1998","17550","05","0105","0040","04","High      ","N","Almond-Bancroft","Almond Hi","Grades PreK-12","242",120,"49.586700                     ",122,"50.413200                     ",0,"0.000000                      ",0,"0.000000                      ",0,"0.000000                      ",13,"5.371900                      ",229,"94.628000                     "
"1998","13462","05","0105","0060","04","Elem      ","N","Almond-Bancroft","Bancroft El","Grades PreK-12","68",27,"39.705800                     ",41,"60.294100                     ",0,"0.000000                      ",0,"0.000000                      ",0,"0.000000                      ",3,"4.411700                      ",65,"95.588200                     "
"1998","10257","05","0126","","03","Elem      ","N","Tomorrow River","","Elementary School Type/ Prek-12","442",185,"41.855200                     ",257,"58.144700                     ",0,"0.000000                      ",0,"0.000000                      ",4,"0.904900                      ",3,"0.678700                      ",435,"98.416200                     "
"1998","10257","05","0126","","03","Mid/Jr Hi ","N","Tomorrow River","","Middle/Junior High School Type/ Prek-12","170",78,"45.882300                     ",92,"54.117600                     ",0,"0.000000                      ",0,"0.000000                      ",0,"0.000000                      ",0,"0.000000                      ",170,"100.000000                    "
"1998","10257","05","0126","","03","High      ","N","Tomorrow River","","High School Type/ PreK-12","331",138,"41.691800                     ",193,"58.308100                     ",0,"0.000000                      ",0,"0.000000                      ",0,"0.000000                      ",0,"0.000000                      ",331,"100.000000                    "
"1998","10257","05","0126","","03","El/Sec    ","N","Tomorrow River","","Combined Elementary/Secondary School Type/ Prek-12","0",0,"--                            ",0,"--                            ",0,"--                            ",0,"--                            ",0,"--                            ",0,"--                            ",0,"--                            "
"1998","10257","05","0126","","03","Summary   ","N","Tomorrow River","","Grades PreK-12","943",401,"42.523800                     ",542,"57.476100                     ",0,"0.000000                      ",0,"0.000000                      ",4,"0.424100                      ",3,"0.318100                      ",936,"99.257600                     "
"1998","14128","05","0126","0020","04","Elem      ","N","Tomorrow River","Amherst El","Grades PreK-12","442",185,"41.855200                     ",257,"58.144700                     ",0,"0.000000                      ",0,"0.000000                      ",4,"0.904900                      ",3,"0.678700                      ",435,"98.416200                     "
"1998","14129","05","0126","0060","04","High      ","N","Tomorrow River","Amherst Hi","Grades PreK-12","331",138,"41.691800                     ",193,"58.308100                     ",0,"0.000000                      ",0,"0.000000                      ",0,"0.000000                      ",0,"0.000000                      ",331,"100.000000                    "
"1998","14130","05","0126","0080","04","Mid/Jr Hi ","N","Tomorrow River","Amherst Jr","Grades PreK-12","170",78,"45.882300                     ",92,"54.117600                     ",0,"0.000000                      ",0,"0.000000                      ",0,"0.000000                      ",0,"0.000000                      ",170,"100.000000                    "
"1998","10414","05","0203","","03","Elem      ","N","Auburndale","","Elementary School Type/ Prek-12","450",213,"47.333300                     ",237,"52.666600                     ",0,"0.000000                      ",0,"0.000000                      ",3,"0.666600                      ",0,"0.000000                      ",447,"99.333300                     "
"1998","10414","05","0203","","03","Mid/Jr Hi ","N","Auburndale","","Middle/Junior High School Type/ Prek-12","0",0,"--                            ",0,"--                            ",0,"--                            ",0,"--                            ",0,"--                            ",0,"--                            ",0,"--                            "
"1998","10414","05","0203","","03","High      ","N","Auburndale","","High School Type/ PreK-12","471",228,"48.407600                     ",243,"51.592300                     ",0,"0.000000                      ",1,"0.212300                      ",0,"0.000000                      ",2,"0.424600                      ",468,"99.363000                     "
"1998","10414","05","0203","","03","El/Sec    ","N","Auburndale","","Combined Elementary/Secondary School Type/ Prek-12","0",0,"--                            ",0,"--                            ",0,"--                            ",0,"--                            ",0,"--                            ",0,"--                            ",0,"--                            "
"1998","10414","05","0203","","03","Summary   ","N","Auburndale","","Grades PreK-12","921",441,"47.882700                     ",480,"52.117200                     ",0,"0.000000                      ",1,"0.108500                      ",3,"0.325700                      ",2,"0.217100                      ",915,"99.348500                     "
"1998","17488","05","0203","0040","04","Elem      ","N","Auburndale","Auburndale El","Grades PreK-12","450",213,"47.333300                     ",237,"52.666600                     ",0,"0.000000                      ",0,"0.000000                      ",3,"0.666600                      ",0,"0.000000                      ",447,"99.333300                     "
"1998","14105","05","0203","0060","04","High      ","N","Auburndale","Auburndale Hi","Grades PreK-12","471",228,"48.407600                     ",243,"51.592300                     ",0,"0.000000                      ",1,"0.212300                      ",0,"0.000000                      ",2,"0.424600                      ",468,"99.363000                     "
"1998","10179","05","0280","","03","Elem      ","N","Baraboo","","Elementary School Type/ Prek-12","1314",648,"49.315000                     ",666,"50.684900                     ",33,"2.511400                      ",16,"1.217600                      ",11,"0.837100                      ",22,"1.674200                      ",1232,"93.759500                     "
"1998","10179","05","0280","","03","Mid/Jr Hi ","N","Baraboo","","Middle/Junior High School Type/ Prek-12","736",346,"47.010800                     ",390,"52.989100                     ",7,"0.951000                      ",2,"0.271700                      ",1,"0.135800                      ",3,"0.407600                      ",723,"98.233600                     "
"1998","10179","05","0280","","03","High      ","N","Baraboo","","High School Type/ PreK-12","962",478,"49.688100                     ",484,"50.311800                     ",20,"2.079000                      ",0,"0.000000                      ",0,"0.000000                      ",6,"0.623700                      ",936,"97.297200                     "
"1998","10179","05","0280","","03","El/Sec    ","N","Baraboo","","Combined Elementary/Secondary School Type/ Prek-12","0",0,"--                            ",0,"--                            ",0,"--                            ",0,"--                            ",0,"--                            ",0,"--                            ",0,"--                            "
"1998","10179","05","0280","","03","Summary   ","N","Baraboo","","Grades PreK-12","3012",1472,"48.871100                     ",1540,"51.128800                     ",60,"1.992000                      ",18,"0.597600                      ",12,"0.398400                      ",31,"1.029200                      ",2891,"95.982700                     "
"1998","14471","05","0280","0020","04","Mid/Jr Hi ","N","Baraboo","Baraboo Mid","Grades PreK-12","736",346,"47.010800                     ",390,"52.989100                     ",7,"0.951000                      ",2,"0.271700                      ",1,"0.135800                      ",3,"0.407600                      ",723,"98.233600                     "
"1998","14472","05","0280","0040","04","High      ","N","Baraboo","Baraboo Hi","Grades PreK-12","962",478,"49.688100                     ",484,"50.311800                     ",20,"2.079000                      ",0,"0.000000                      ",0,"0.000000                      ",6,"0.623700                      ",936,"97.297200                     "
"1998","14473","05","0280","0060","04","Elem      ","N","Baraboo","East El","Grades PreK-12","331",163,"49.244700                     ",168,"50.755200                     ",2,"0.604200                      ",4,"1.208400                      ",8,"2.416900                      ",11,"3.323200                      ",306,"92.447100                     "
"1998","14474","05","0280","0080","04","Elem      ","N","Baraboo","Fairfield Center El","Grades PreK-12","125",66,"52.800000                     ",59,"47.200000                     ",14,"11.200000                     ",0,"0.000000                      ",0,"0.000000                      ",0,"0.000000                      ",111,"88.800000                     "
"1998","14475","05","0280","0110","04","Elem      ","N","Baraboo","Willson El","Grades PreK-12","316",153,"48.417700                     ",163,"51.582200                     ",8,"2.531600                      ",6,"1.898700                      ",0,"0.000000                      ",2,"0.632900                      ",300,"94.936700                     "
"1998","14424","05","0280","0140","04","Elem      ","N","Baraboo","North Freedom El","Grades PreK-12","168",78,"46.428500                     ",90,"53.571400                     ",2,"1.190400                      ",3,"1.785700                      ",0,"0.000000                      ",2,"1.190400                      ",161,"95.833300                     "
"1998","14476","05","0280","0180","04","Elem      ","N","Baraboo","South El","Grades PreK-12","261",127,"48.659000                     ",134,"51.340900                     ",7,"2.681900                      ",3,"1.149400                      ",3,"1.149400                      ",6,"2.298800                      ",242,"92.720300                     "
"1998","14477","05","0280","0220","04","Elem      ","N","Baraboo","West El","Grades PreK-12","113",61,"53.982300                     ",52,"46.017600                     ",0,"0.000000                      ",0,"0.000000                      ",0,"0.000000                      ",1,"0.884900                      ",112,"99.115000                     "
"1998","10181","05","0882","","03","Elem      ","N","Cambria-Friesland","","Elementary School Type/ Prek-12","239",112,"46.861900                     ",127,"53.138000                     ",0,"0.000000                      ",0,"0.000000                      ",0,"0.000000                      ",37,"15.481100                     ",202,"84.518800                     "
"1998","10181","05","0882","","03","Mid/Jr Hi ","N","Cambria-Friesland","","Middle/Junior High School Type/ Prek-12","130",54,"41.538400                     ",76,"58.461500                     ",0,"0.000000                      ",0,"0.000000                      ",0,"0.000000                      ",19,"14.615300                     ",111,"85.384600                     "
"1998","10181","05","0882","","03","High      ","N","Cambria-Friesland","","High School Type/ PreK-12","156",72,"46.153800                     ",84,"53.846100                     ",0,"0.000000                      ",0,"0.000000                      ",0,"0.000000                      ",10,"6.410200                      ",146,"93.589700                     "
"1998","10181","05","0882","","03","El/Sec    ","N","Cambria-Friesland","","Combined Elementary/Secondary School Type/ Prek-12","0",0,"--                            ",0,"--                            ",0,"--                            ",0,"--                            ",0,"--                            ",0,"--                            ",0,"--                            "
"1998","10181","05","0882","","03","Summary   ","N","Cambria-Friesland","","Grades PreK-12","525",238,"45.333300                     ",287,"54.666600                     ",0,"0.000000                      ",0,"0.000000                      ",0,"0.000000                      ",66,"12.571400                     ",459,"87.428500                     "
"1998","14451","05","0882","0040","04","High      ","N","Cambria-Friesland","Cambria Friesland Hi","Grades PreK-12","156",72,"46.153800                     ",84,"53.846100                     ",0,"0.000000                      ",0,"0.000000                      ",0,"0.000000                      ",10,"6.410200                      ",146,"93.589700                     "
"1998","14452","05","0882","0045","04","Mid/Jr Hi ","N","Cambria-Friesland","Cambria Friesland Mid","Grades PreK-12","130",54,"41.538400                     ",76,"58.461500                     ",0,"0.000000                      ",0,"0.000000                      ",0,"0.000000                      ",19,"14.615300                     ",111,"85.384600                     "
"1998","14453","05","0882","0060","04","Elem      ","N","Cambria-Friesland","Cambria Friesland El","Grades PreK-12","239",112,"46.861900                     ",127,"53.138000                     ",0,"0.000000                      ",0,"0.000000                      ",0,"0.000000                      ",37,"15.481100                     ",202,"84.518800                     "
"1998","10183","05","1183","","03","Elem      ","N","Columbus","","Elementary School Type/ Prek-12","324",160,"49.382700                     ",164,"50.617200                     ",0,"0.000000                      ",3,"0.925900                      ",3,"0.925900                      ",3,"0.925900                      ",315,"97.222200                     "
"1998","10183","05","1183","","03","Mid/Jr Hi ","N","Columbus","","Middle/Junior High School Type/ Prek-12","453",216,"47.682100                     ",237,"52.317800                     ",0,"0.000000                      ",10,"2.207500                      ",2,"0.441500                      ",6,"1.324500                      ",435,"96.026400                     "
"1998","10183","05","1183","","03","High      ","N","Columbus","","High School Type/ PreK-12","435",228,"52.413700                     ",207,"47.586200                     ",0,"0.000000                      ",2,"0.459700                      ",0,"0.000000                      ",4,"0.919500                      ",429,"98.620600                     "
"1998","10183","05","1183","","03","El/Sec    ","N","Columbus","","Combined Elementary/Secondary School Type/ Prek-12","0",0,"--                            ",0,"--                            ",0,"--                            ",0,"--                            ",0,"--                            ",0,"--                            ",0,"--                            "
"1998","10183","05","1183","","03","Summary   ","N","Columbus","","Grades PreK-12","1212",604,"49.834900                     ",608,"50.165000                     ",0,"0.000000                      ",15,"1.237600                      ",5,"0.412500                      ",13,"1.072600                      ",1179,"97.277200                     "
"1998","14457","05","1183","0020","04","Mid/Jr Hi ","N","Columbus","Columbus Mid","Grades PreK-12","453",216,"47.682100                     ",237,"52.317800                     ",0,"0.000000                      ",10,"2.207500                      ",2,"0.441500                      ",6,"1.324500                      ",435,"96.026400                     "
"1998","14458","05","1183","0040","04","High      ","N","Columbus","Columbus Hi","Grades PreK-12","435",228,"52.413700                     ",207,"47.586200                     ",0,"0.000000                      ",2,"0.459700                      ",0,"0.000000                      ",4,"0.919500                      ",429,"98.620600                     "
"1998","14459","05","1183","0080","04","Elem      ","N","Columbus","Columbus El","Grades PreK-12","324",160,"49.382700                     ",164,"50.617200                     ",0,"0.000000                      ",3,"0.925900                      ",3,"0.925900                      ",3,"0.925900                      ",315,"97.222200                     "
"1998","10185","05","1736","","03","Elem      ","N","Fall River","","Elementary School Type/ Prek-12","203",102,"50.246300                     ",101,"49.753600                     ",0,"0.000000                      ",1,"0.492600                      ",0,"0.000000                      ",3,"1.477800                      ",199,"98.029500                     "
"1998","10185","05","1736","","03","Mid/Jr Hi ","N","Fall River","","Middle/Junior High School Type/ Prek-12","0",0,"--                            ",0,"--                            ",0,"--                            ",0,"--                            ",0,"--                            ",0,"--                            ",0,"--                            "
"1998","10185","05","1736","","03","High      ","N","Fall River","","High School Type/ PreK-12","217",104,"47.926200                     ",113,"52.073700                     ",0,"0.000000                      ",0,"0.000000                      ",0,"0.000000                      ",0,"0.000000                      ",217,"100.000000                    "
"1998","10185","05","1736","","03","El/Sec    ","N","Fall River","","Combined Elementary/Secondary School Type/ Prek-12","0",0,"--                            ",0,"--                            ",0,"--                            ",0,"--                            ",0,"--                            ",0,"--                            ",0,"--                            "
"1998","10185","05","1736","","03","Summary   ","N","Fall River","","Grades PreK-12","420",206,"49.047600                     ",214,"50.952300                     ",0,"0.000000                      ",1,"0.238000                      ",0,"0.000000                      ",3,"0.714200                      ",416,"99.047600                     "
"1998","14425","05","1736","0020","04","Elem      ","N","Fall River","Fall River El","Grades PreK-12","203",102,"50.246300                     ",101,"49.753600                     ",0,"0.000000                      ",1,"0.492600                      ",0,"0.000000                      ",3,"1.477800                      ",199,"98.029500                     "
"1998","14426","05","1736","0040","04","High      ","N","Fall River","Fall River Hi","Grades PreK-12","217",104,"47.926200                     ",113,"52.073700                     ",0,"0.000000                      ",0,"0.000000                      ",0,"0.000000                      ",0,"0.000000                      ",217,"100.000000                    "
"1998","10391","05","2639","","03","Elem      ","N","Iola-Scandinavia","","Elementary School Type/ Prek-12","345",174,"50.434700                     ",171,"49.565200                     ",0,"0.000000                      ",0,"0.000000                      ",6,"1.739100                      ",1,"0.289800                      ",338,"97.971000                     "
"1998","10391","05","2639","","03","Mid/Jr Hi ","N","Iola-Scandinavia","","Middle/Junior High School Type/ Prek-12","0",0,"--                            ",0,"--                            ",0,"--                            ",0,"--                            ",0,"--                            ",0,"--                            ",0,"--                            "
"1998","10391","05","2639","","03","High      ","N","Iola-Scandinavia","","High School Type/ PreK-12","433",214,"49.422600                     ",219,"50.577300                     ",0,"0.000000                      ",0,"0.000000                      ",2,"0.461800                      ",1,"0.230900                      ",430,"99.307100                     "
"1998","10391","05","2639","","03","El/Sec    ","N","Iola-Scandinavia","","Combined Elementary/Secondary School Type/ Prek-12","0",0,"--                            ",0,"--                            ",0,"--                            ",0,"--                            ",0,"--                            ",0,"--                            ",0,"--                            "
"1998","10391","05","2639","","03","Summary   ","N","Iola-Scandinavia","","Grades PreK-12","778",388,"49.871400                     ",390,"50.128500                     ",0,"0.000000                      ",0,"0.000000                      ",8,"1.028200                      ",2,"0.257000                      ",768,"98.714600                     "
"1998","13550","05","2639","0020","04","Elem      ","N","Iola-Scandinavia","Iola-Scandinavia El","Grades PreK-12","345",174,"50.434700                     ",171,"49.565200                     ",0,"0.000000                      ",0,"0.000000                      ",6,"1.739100                      ",1,"0.289800                      ",338,"97.971000                     "
"1998","13551","05","2639","0040","04","High      ","N","Iola-Scandinavia","Iola-Scandinavia Hi","Grades PreK-12","433",214,"49.422600                     ",219,"50.577300                     ",0,"0.000000                      ",0,"0.000000                      ",2,"0.461800                      ",1,"0.230900                      ",430,"99.307100                     "
"1998","10138","05","3150","","03","Elem      ","N","Lodi","","Elementary School Type/ Prek-12","617",306,"49.594800                     ",311,"50.405100                     ",1,"0.162000                      ",3,"0.486200                      ",4,"0.648200                      ",7,"1.134500                      ",602,"97.568800                     "
"1998","10138","05","3150","","03","Mid/Jr Hi ","N","Lodi","","Middle/Junior High School Type/ Prek-12","493",227,"46.044600                     ",266,"53.955300                     ",0,"0.000000                      ",1,"0.202800                      ",4,"0.811300                      ",2,"0.405600                      ",486,"98.580100                     "
"1998","10138","05","3150","","03","High      ","N","Lodi","","High School Type/ PreK-12","437",208,"47.597200                     ",229,"52.402700                     ",3,"0.686400                      ",4,"0.915300                      ",2,"0.457600                      ",1,"0.228800                      ",427,"97.711600                     "
"1998","10138","05","3150","","03","El/Sec    ","N","Lodi","","Combined Elementary/Secondary School Type/ Prek-12","0",0,"--                            ",0,"--                            ",0,"--                            ",0,"--                            ",0,"--                            ",0,"--                            ",0,"--                            "
"1998","10138","05","3150","","03","Summary   ","N","Lodi","","Grades PreK-12","1547",741,"47.899100                     ",806,"52.100800                     ",4,"0.258500                      ",8,"0.517100                      ",10,"0.646400                      ",10,"0.646400                      ",1515,"97.931400                     "
"1998","14747","05","3150","0020","04","Elem      ","N","Lodi","Dane Kindergarten","Grades PreK-12","124",58,"46.774100                     ",66,"53.225800                     ",0,"0.000000                      ",1,"0.806400                      ",1,"0.806400                      ",2,"1.612900                      ",120,"96.774100                     "
"1998","14690","05","3150","0040","04","Elem      ","N","Lodi","Lodi El","Grades PreK-12","493",248,"50.304200                     ",245,"49.695700                     ",1,"0.202800                      ",2,"0.405600                      ",3,"0.608500                      ",5,"1.014100                      ",482,"97.768700                     "
"1998","14691","05","3150","0080","04","High      ","N","Lodi","Lodi Hi","Grades PreK-12","437",208,"47.597200                     ",229,"52.402700                     ",3,"0.686400                      ",4,"0.915300                      ",2,"0.457600                      ",1,"0.228800                      ",427,"97.711600                     "
"1998","14692","05","3150","0100","04","Mid/Jr Hi ","N","Lodi","Lodi Mid","Grades PreK-12","493",227,"46.044600                     ",266,"53.955300                     ",0,"0.000000                      ",1,"0.202800                      ",4,"0.811300                      ",2,"0.405600                      ",486,"98.580100                     "
"1998","10269","05","3339","","03","Elem      ","N","Marshfield","","Elementary School Type/ Prek-12","2122",1026,"48.350600                     ",1096,"51.649300                     ",2,"0.094200                      ",36,"1.696500                      ",16,"0.754000                      ",13,"0.612600                      ",2055,"96.842600                     "
"1998","10269","05","3339","","03","Mid/Jr Hi ","N","Marshfield","","Middle/Junior High School Type/ Prek-12","696",336,"48.275800                     ",360,"51.724100                     ",3,"0.431000                      ",13,"1.867800                      ",2,"0.287300                      ",3,"0.431000                      ",675,"96.982700                     "
"1998","10269","05","3339","","03","High      ","N","Marshfield","","High School Type/ PreK-12","1482",731,"49.325200                     ",751,"50.674700                     ",4,"0.269900                      ",17,"1.147000                      ",6,"0.404800                      ",11,"0.742200                      ",1444,"97.435800                     "
"1998","10269","05","3339","","03","El/Sec    ","N","Marshfield","","Combined Elementary/Secondary School Type/ Prek-12","0",0,"--                            ",0,"--                            ",0,"--                            ",0,"--                            ",0,"--                            ",0,"--                            ",0,"--                            "
"1998","10269","05","3339","","03","Summary   ","N","Marshfield","","Grades PreK-12","4300",2093,"48.674400                     ",2207,"51.325500                     ",9,"0.209300                      ",66,"1.534800                      ",24,"0.558100                      ",27,"0.627900                      ",4174,"97.069700                     "
"1998","14109","05","3339","0020","04","Elem      ","N","Marshfield","East Fremont El","Grades PreK-12","70",37,"52.857100                     ",33,"47.142800                     ",0,"0.000000                      ",2,"2.857100                      ",0,"0.000000                      ",0,"0.000000                      ",68,"97.142800                     "
"1998","14099","05","3339","0040","04","Elem      ","N","Marshfield","Grant El","Grades PreK-12","706",337,"47.733700                     ",369,"52.266200                     ",2,"0.283200                      ",14,"1.983000                      ",2,"0.283200                      ",1,"0.141600                      ",687,"97.308700                     "
"1998","14100","05","3339","0060","04","Elem      ","N","Marshfield","Jefferson El","Grades PreK-12","170",83,"48.823500                     ",87,"51.176400                     ",0,"0.000000                      ",3,"1.764700                      ",2,"1.176400                      ",0,"0.000000                      ",165,"97.058800                     "
"1998","14081","05","3339","0080","04","Elem      ","N","Marshfield","Lincoln El","Grades PreK-12","377",185,"49.071600                     ",192,"50.928300                     ",0,"0.000000                      ",8,"2.122000                      ",3,"0.795700                      ",6,"1.591500                      ",360,"95.490700                     "
"1998","14062","05","3339","0100","04","Elem      ","N","Marshfield","Madison El","Grades PreK-12","379",178,"46.965600                     ",201,"53.034300                     ",0,"0.000000                      ",4,"1.055400                      ",7,"1.846900                      ",4,"1.055400                      ",364,"96.042200                     "
"1998","14063","05","3339","0110","04","Mid/Jr Hi ","N","Marshfield","Marshfield Jr","Grades PreK-12","696",336,"48.275800                     ",360,"51.724100                     ",3,"0.431000                      ",13,"1.867800                      ",2,"0.287300                      ",3,"0.431000                      ",675,"96.982700                     "
"1998","14064","05","3339","0120","04","High      ","N","Marshfield","Marshfield Hi","Grades PreK-12","1482",731,"49.325200                     ",751,"50.674700                     ",4,"0.269900                      ",17,"1.147000                      ",6,"0.404800                      ",11,"0.742200                      ",1444,"97.435800                     "
"1998","14065","05","3339","0140","04","Elem      ","N","Marshfield","Nasonville El","Grades PreK-12","101",54,"53.465300                     ",47,"46.534600                     ",0,"0.000000                      ",1,"0.990000                      ",0,"0.000000                      ",0,"0.000000                      ",100,"99.009900                     "
"1998","14066","05","3339","0180","04","Elem      ","N","Marshfield","Washington El","Grades PreK-12","319",152,"47.648900                     ",167,"52.351000                     ",0,"0.000000                      ",4,"1.253900                      ",2,"0.626900                      ",2,"0.626900                      ",311,"97.492100                     "
"1998","10187","05","3360","","03","Elem      ","N","Mauston","","Elementary School Type/ Prek-12","592",268,"45.270200                     ",324,"54.729700                     ",10,"1.689100                      ",17,"2.871600                      ",3,"0.506700                      ",3,"0.506700                      ",559,"94.425600                     "
"1998","10187","05","3360","","03","Mid/Jr Hi ","N","Mauston","","Middle/Junior High School Type/ Prek-12","493",214,"43.407700                     ",279,"56.592200                     ",11,"2.231200                      ",10,"2.028300                      ",4,"0.811300                      ",7,"1.419800                      ",461,"93.509100                     "
"1998","10187","05","3360","","03","High      ","N","Mauston","","High School Type/ PreK-12","576",280,"48.611100                     ",296,"51.388800                     ",5,"0.868000                      ",15,"2.604100                      ",4,"0.694400                      ",11,"1.909700                      ",541,"93.923600                     "
"1998","10187","05","3360","","03","El/Sec    ","N","Mauston","","Combined Elementary/Secondary School Type/ Prek-12","0",0,"--                            ",0,"--                            ",0,"--                            ",0,"--                            ",0,"--                            ",0,"--                            ",0,"--                            "
"1998","10187","05","3360","","03","Summary   ","N","Mauston","","Grades PreK-12","1661",762,"45.875900                     ",899,"54.124000                     ",26,"1.565300                      ",42,"2.528500                      ",11,"0.662200                      ",21,"1.264200                      ",1561,"93.979500                     "
"1998","14436","05","3360","0020","04","Mid/Jr Hi ","N","Mauston","Olson Mid","Grades PreK-12","493",214,"43.407700                     ",279,"56.592200                     ",11,"2.231200                      ",10,"2.028300                      ",4,"0.811300                      ",7,"1.419800                      ",461,"93.509100                     "
"1998","14433","05","3360","0040","04","Elem      ","N","Mauston","Lyndon Station El","Grades PreK-12","87",47,"54.022900                     ",40,"45.977000                     ",1,"1.149400                      ",0,"0.000000                      ",2,"2.298800                      ",0,"0.000000                      ",84,"96.551700                     "
"1998","14437","05","3360","0060","04","High      ","N","Mauston","Mauston Hi","Grades PreK-12","576",280,"48.611100                     ",296,"51.388800                     ",5,"0.868000                      ",15,"2.604100                      ",4,"0.694400                      ",11,"1.909700                      ",541,"93.923600                     "
"1998","14438","05","3360","0080","04","Elem      ","N","Mauston","West Side El","Grades PreK-12","505",221,"43.762300                     ",284,"56.237600                     ",9,"1.782100                      ",17,"3.366300                      ",1,"0.198000                      ",3,"0.594000                      ",475,"94.059400                     "
"1998","10188","05","3689","","03","Elem      ","N","Montello","","Elementary School Type/ Prek-12","425",223,"52.470500                     ",202,"47.529400                     ",5,"1.176400                      ",4,"0.941100                      ",0,"0.000000                      ",18,"4.235200                      ",398,"93.647000                     "
"1998","10188","05","3689","","03","Mid/Jr Hi ","N","Montello","","Middle/Junior High School Type/ Prek-12","0",0,"--                            ",0,"--                            ",0,"--                            ",0,"--                            ",0,"--                            ",0,"--                            ",0,"--                            "
"1998","10188","05","3689","","03","High      ","N","Montello","","High School Type/ PreK-12","448",229,"51.116000                     ",219,"48.883900                     ",5,"1.116000                      ",1,"0.223200                      ",3,"0.669600                      ",16,"3.571400                      ",423,"94.419600                     "
"1998","10188","05","3689","","03","El/Sec    ","N","Montello","","Combined Elementary/Secondary School Type/ Prek-12","0",0,"--                            ",0,"--                            ",0,"--                            ",0,"--                            ",0,"--                            ",0,"--                            ",0,"--                            "
"1998","10188","05","3689","","03","Summary   ","N","Montello","","Grades PreK-12","873",452,"51.775400                     ",421,"48.224500                     ",10,"1.145400                      ",5,"0.572700                      ",3,"0.343600                      ",34,"3.894600                      ",821,"94.043500                     "
"1998","14439","05","3689","0010","04","Elem      ","N","Montello","Forest Lane El","Grades PreK-12","425",223,"52.470500                     ",202,"47.529400                     ",5,"1.176400                      ",4,"0.941100                      ",0,"0.000000                      ",18,"4.235200                      ",398,"93.647000                     "
"1998","14440","05","3689","0040","04","High      ","N","Montello","Montello Jr/Sr Hi","Grades PreK-12","448",229,"51.116000                     ",219,"48.883900                     ",5,"1.116000                      ",1,"0.223200                      ",3,"0.669600                      ",16,"3.571400                      ",423,"94.419600                     "
"1998","10321","05","3871","","03","Elem      ","N","Necedah Area","","Elementary School Type/ Prek-12","305",129,"42.295000                     ",176,"57.704900                     ",2,"0.655700                      ",0,"0.000000                      ",3,"0.983600                      ",6,"1.967200                      ",294,"96.393400                     "
"1998","10321","05","3871","","03","Mid/Jr Hi ","N","Necedah Area","","Middle/Junior High School Type/ Prek-12","159",73,"45.911900                     ",86,"54.088000                     ",2,"1.257800                      ",0,"0.000000                      ",3,"1.886700                      ",3,"1.886700                      ",151,"94.968500                     "
"1998","10321","05","3871","","03","High      ","N","Necedah Area","","High School Type/ PreK-12","214",102,"47.663500                     ",112,"52.336400                     ",5,"2.336400                      ",0,"0.000000                      ",2,"0.934500                      ",2,"0.934500                      ",205,"95.794300                     "
"1998","10321","05","3871","","03","El/Sec    ","N","Necedah Area","","Combined Elementary/Secondary School Type/ Prek-12","0",0,"--                            ",0,"--                            ",0,"--                            ",0,"--                            ",0,"--                            ",0,"--                            ",0,"--                            "
"1998","10321","05","3871","","03","Summary   ","N","Necedah Area","","Grades PreK-12","678",304,"44.837700                     ",374,"55.162200                     ",9,"1.327400                      ",0,"0.000000                      ",8,"1.179900                      ",11,"1.622400                      ",650,"95.870200                     "
"1998","13892","05","3871","0020","04","Elem      ","N","Necedah Area","Necedah El","Grades PreK-12","141",57,"40.425500                     ",84,"59.574400                     ",1,"0.709200                      ",0,"0.000000                      ",1,"0.709200                      ",3,"2.127600                      ",136,"96.453900                     "
"1998","13874","05","3871","0040","04","High      ","N","Necedah Area","Necedah Hi","Grades PreK-12","214",102,"47.663500                     ",112,"52.336400                     ",5,"2.336400                      ",0,"0.000000                      ",2,"0.934500                      ",2,"0.934500                      ",205,"95.794300                     "
"1998","13856","05","3871","0060","04","Elem      ","N","Necedah Area","Rock View El","Grades PreK-12","164",72,"43.902400                     ",92,"56.097500                     ",1,"0.609700                      ",0,"0.000000                      ",2,"1.219500                      ",3,"1.829200                      ",158,"96.341400                     "
"1998","17595","05","3871","0080","04","Mid/Jr Hi ","N","Necedah Area","Necedah Mid","Grades PreK-12","159",73,"45.911900                     ",86,"54.088000                     ",2,"1.257800                      ",0,"0.000000                      ",3,"1.886700                      ",3,"1.886700                      ",151,"94.968500                     "
"1998","10274","05","3906","","03","Elem      ","N","Nekoosa","","Elementary School Type/ Prek-12","380",166,"43.684200                     ",214,"56.315700                     ",5,"1.315700                      ",1,"0.263100                      ",4,"1.052600                      ",16,"4.210500                      ",354,"93.157800                     "
"1998","10274","05","3906","","03","Mid/Jr Hi ","N","Nekoosa","","Middle/Junior High School Type/ Prek-12","566",274,"48.409800                     ",292,"51.590100                     ",13,"2.296800                      ",7,"1.236700                      ",2,"0.353300                      ",12,"2.120100                      ",532,"93.992900                     "
"1998","10274","05","3906","","03","High      ","N","Nekoosa","","High School Type/ PreK-12","491",232,"47.250500                     ",259,"52.749400                     ",12,"2.443900                      ",6,"1.221900                      ",2,"0.407300                      ",4,"0.814600                      ",467,"95.112000                     "
"1998","10274","05","3906","","03","El/Sec    ","N","Nekoosa","","Combined Elementary/Secondary School Type/ Prek-12","0",0,"--                            ",0,"--                            ",0,"--                            ",0,"--                            ",0,"--                            ",0,"--                            ",0,"--                            "
"1998","10274","05","3906","","03","Summary   ","N","Nekoosa","","Grades PreK-12","1437",672,"46.764000                     ",765,"53.235900                     ",30,"2.087600                      ",14,"0.974200                      ",8,"0.556700                      ",32,"2.226800                      ",1353,"94.154400                     "
"1998","14046","05","3906","0020","04","Mid/Jr Hi ","N","Nekoosa","Alexander Mid","Grades PreK-12","566",274,"48.409800                     ",292,"51.590100                     ",13,"2.296800                      ",7,"1.236700                      ",2,"0.353300                      ",12,"2.120100                      ",532,"93.992900                     "
"1998","14047","05","3906","0040","04","Elem      ","N","Nekoosa","Humke El","Grades PreK-12","380",166,"43.684200                     ",214,"56.315700                     ",5,"1.315700                      ",1,"0.263100                      ",4,"1.052600                      ",16,"4.210500                      ",354,"93.157800                     "
"1998","14048","05","3906","0060","04","High      ","N","Nekoosa","Nekoosa Hi","Grades PreK-12","491",232,"47.250500                     ",259,"52.749400                     ",12,"2.443900                      ",6,"1.221900                      ",2,"0.407300                      ",4,"0.814600                      ",467,"95.112000                     "
"1998","10189","05","3948","","03","Elem      ","N","New Lisbon","","Elementary School Type/ Prek-12","472",222,"47.033800                     ",250,"52.966100                     ",0,"0.000000                      ",5,"1.059300                      ",2,"0.423700                      ",6,"1.271100                      ",459,"97.245700                     "
"1998","10189","05","3948","","03","Mid/Jr Hi ","N","New Lisbon","","Middle/Junior High School Type/ Prek-12","0",0,"--                            ",0,"--                            ",0,"--                            ",0,"--                            ",0,"--                            ",0,"--                            ",0,"--                            "
"1998","10189","05","3948","","03","High      ","N","New Lisbon","","High School Type/ PreK-12","227",118,"51.982300                     ",109,"48.017600                     ",0,"0.000000                      ",0,"0.000000                      ",4,"1.762100                      ",1,"0.440500                      ",222,"97.797300                     "
"1998","10189","05","3948","","03","El/Sec    ","N","New Lisbon","","Combined Elementary/Secondary School Type/ Prek-12","0",0,"--                            ",0,"--                            ",0,"--                            ",0,"--                            ",0,"--                            ",0,"--                            ",0,"--                            "
"1998","10189","05","3948","","03","Summary   ","N","New Lisbon","","Grades PreK-12","699",340,"48.640900                     ",359,"51.359000                     ",0,"0.000000                      ",5,"0.715300                      ",6,"0.858300                      ",7,"1.001400                      ",681,"97.424800                     "
"1998","14441","05","3948","0040","04","Elem      ","N","New Lisbon","New Lisbon El/Mid","Grades PreK-12","472",222,"47.033800                     ",250,"52.966100                     ",0,"0.000000                      ",5,"1.059300                      ",2,"0.423700                      ",6,"1.271100                      ",459,"97.245700                     "
"1998","14443","05","3948","0060","04","High      ","N","New Lisbon","New Lisbon Hi","Grades PreK-12","227",118,"51.982300                     ",109,"48.017600                     ",0,"0.000000                      ",0,"0.000000                      ",4,"1.762100                      ",1,"0.440500                      ",222,"97.797300                     "
"1998","10190","05","4228","","03","Elem      ","N","Pardeeville Area","","Elementary School Type/ Prek-12","539",255,"47.309800                     ",284,"52.690100                     ",0,"0.000000                      ",5,"0.927600                      ",0,"0.000000                      ",14,"2.597400                      ",520,"96.474900                     "
"1998","10190","05","4228","","03","Mid/Jr Hi ","N","Pardeeville Area","","Middle/Junior High School Type/ Prek-12","156",74,"47.435800                     ",82,"52.564100                     ",2,"1.282000                      ",0,"0.000000                      ",1,"0.641000                      ",1,"0.641000                      ",152,"97.435800                     "
"1998","10190","05","4228","","03","High      ","N","Pardeeville Area","","High School Type/ PreK-12","317",157,"49.526800                     ",160,"50.473100                     ",0,"0.000000                      ",0,"0.000000                      ",0,"0.000000                      ",3,"0.946300                      ",314,"99.053600                     "
"1998","10190","05","4228","","03","El/Sec    ","N","Pardeeville Area","","Combined Elementary/Secondary School Type/ Prek-12","0",0,"--                            ",0,"--                            ",0,"--                            ",0,"--                            ",0,"--                            ",0,"--                            ",0,"--                            "
"1998","10190","05","4228","","03","Summary   ","N","Pardeeville Area","","Grades PreK-12","1012",486,"48.023700                     ",526,"51.976200                     ",2,"0.197600                      ",5,"0.494000                      ",1,"0.098800                      ",18,"1.778600                      ",986,"97.430800                     "
"1998","14406","05","4228","0040","04","Elem      ","N","Pardeeville Area","Marcellon El","Grades PreK-12","81",41,"50.617200                     ",40,"49.382700                     ",0,"0.000000                      ",1,"1.234500                      ",0,"0.000000                      ",2,"2.469100                      ",78,"96.296200                     "
"1998","14407","05","4228","0060","04","Elem      ","N","Pardeeville Area","Pardeeville El","Grades PreK-12","458",214,"46.724800                     ",244,"53.275100                     ",0,"0.000000                      ",4,"0.873300                      ",0,"0.000000                      ",12,"2.620000                      ",442,"96.506500                     "
"1998","14408","05","4228","0080","04","High      ","N","Pardeeville Area","Pardeeville Hi","Grades PreK-12","317",157,"49.526800                     ",160,"50.473100                     ",0,"0.000000                      ",0,"0.000000                      ",0,"0.000000                      ",3,"0.946300                      ",314,"99.053600                     "
"1998","14409","05","4228","0100","04","Mid/Jr Hi ","N","Pardeeville Area","Pardeeville Jr","Grades PreK-12","156",74,"47.435800                     ",82,"52.564100                     ",2,"1.282000                      ",0,"0.000000                      ",1,"0.641000                      ",1,"0.641000                      ",152,"97.435800                     "
"1998","10276","05","4368","","03","Elem      ","N","Pittsville","","Elementary School Type/ Prek-12","550",274,"49.818100                     ",276,"50.181800                     ",6,"1.090900                      ",3,"0.545400                      ",7,"1.272700                      ",4,"0.727200                      ",530,"96.363600                     "
"1998","10276","05","4368","","03","Mid/Jr Hi ","N","Pittsville","","Middle/Junior High School Type/ Prek-12","0",0,"--                            ",0,"--                            ",0,"--                            ",0,"--                            ",0,"--                            ",0,"--                            ",0,"--                            "
"1998","10276","05","4368","","03","High      ","N","Pittsville","","High School Type/ PreK-12","277",125,"45.126300                     ",152,"54.873600                     ",6,"2.166000                      ",3,"1.083000                      ",1,"0.361000                      ",6,"2.166000                      ",261,"94.223800                     "
"1998","10276","05","4368","","03","El/Sec    ","N","Pittsville","","Combined Elementary/Secondary School Type/ Prek-12","0",0,"--                            ",0,"--                            ",0,"--                            ",0,"--                            ",0,"--                            ",0,"--                            ",0,"--                            "
"1998","10276","05","4368","","03","Summary   ","N","Pittsville","","Grades PreK-12","827",399,"48.246600                     ",428,"51.753300                     ",12,"1.451000                      ",6,"0.725500                      ",8,"0.967300                      ",10,"1.209100                      ",791,"95.646900                     "
"1998","14053","05","4368","0020","04","Elem      ","N","Pittsville","Pittsville El","Grades PreK-12","550",274,"49.818100                     ",276,"50.181800                     ",6,"1.090900                      ",3,"0.545400                      ",7,"1.272700                      ",4,"0.727200                      ",530,"96.363600                     "
"1998","14054","05","4368","0040","04","High      ","N","Pittsville","Pittsville Hi","Grades PreK-12","277",125,"45.126300                     ",152,"54.873600                     ",6,"2.166000                      ",3,"1.083000                      ",1,"0.361000                      ",6,"2.166000                      ",261,"94.223800                     "
"1998","10398","05","4375","","03","Elem      ","N","Tri-County Area","","Elementary School Type/ Prek-12","456",219,"48.026300                     ",237,"51.973600                     ",0,"0.000000                      ",1,"0.219200                      ",1,"0.219200                      ",56,"12.280700                     ",398,"87.280700                     "
"1998","10398","05","4375","","03","Mid/Jr Hi ","N","Tri-County Area","","Middle/Junior High School Type/ Prek-12","134",70,"52.238800                     ",64,"47.761100                     ",0,"0.000000                      ",0,"0.000000                      ",0,"0.000000                      ",11,"8.208900                      ",123,"91.791000                     "
"1998","10398","05","4375","","03","High      ","N","Tri-County Area","","High School Type/ PreK-12","234",101,"43.162300                     ",133,"56.837600                     ",0,"0.000000                      ",2,"0.854700                      ",1,"0.427300                      ",26,"11.111100                     ",205,"87.606800                     "
"1998","10398","05","4375","","03","El/Sec    ","N","Tri-County Area","","Combined Elementary/Secondary School Type/ Prek-12","0",0,"--                            ",0,"--                            ",0,"--                            ",0,"--                            ",0,"--                            ",0,"--                            ",0,"--                            "
"1998","10398","05","4375","","03","Summary   ","N","Tri-County Area","","Grades PreK-12","824",390,"47.330000                     ",434,"52.669900                     ",0,"0.000000                      ",3,"0.364000                      ",2,"0.242700                      ",93,"11.286400                     ",726,"88.106700                     "
"1998","13509","05","4375","0060","04","High      ","N","Tri-County Area","Tri-County Hi","Grades PreK-12","234",101,"43.162300                     ",133,"56.837600                     ",0,"0.000000                      ",2,"0.854700                      ",1,"0.427300                      ",26,"11.111100                     ",205,"87.606800                     "
"1998","13510","05","4375","0080","04","Mid/Jr Hi ","N","Tri-County Area","Tri-County Mid","Grades PreK-12","134",70,"52.238800                     ",64,"47.761100                     ",0,"0.000000                      ",0,"0.000000                      ",0,"0.000000                      ",11,"8.208900                      ",123,"91.791000                     "
"1998","13464","05","4375","0100","04","Elem      ","N","Tri-County Area","Tri-County El","Grades PreK-12","456",219,"48.026300                     ",237,"51.973600                     ",0,"0.000000                      ",1,"0.219200                      ",1,"0.219200                      ",56,"12.280700                     ",398,"87.280700                     "
"1998","10177","05","4501","","03","Elem      ","N","Portage Community","","Elementary School Type/ Prek-12","1280",614,"47.968700                     ",666,"52.031200                     ",10,"0.781200                      ",4,"0.312500                      ",7,"0.546800                      ",40,"3.125000                      ",1219,"95.234300                     "
"1998","10177","05","4501","","03","Mid/Jr Hi ","N","Portage Community","","Middle/Junior High School Type/ Prek-12","428",207,"48.364400                     ",221,"51.635500                     ",0,"0.000000                      ",0,"0.000000                      ",3,"0.700900                      ",5,"1.168200                      ",420,"98.130800                     "
"1998","10177","05","4501","","03","High      ","N","Portage Community","","High School Type/ PreK-12","899",450,"50.055600                     ",449,"49.944300                     ",0,"0.000000                      ",3,"0.333700                      ",4,"0.444900                      ",16,"1.779700                      ",876,"97.441600                     "
"1998","10177","05","4501","","03","El/Sec    ","N","Portage Community","","Combined Elementary/Secondary School Type/ Prek-12","0",0,"--                            ",0,"--                            ",0,"--                            ",0,"--                            ",0,"--                            ",0,"--                            ",0,"--                            "
"1998","10177","05","4501","","03","Summary   ","N","Portage Community","","Grades PreK-12","2607",1271,"48.753300                     ",1336,"51.246600                     ",10,"0.383500                      ",7,"0.268500                      ",14,"0.537000                      ",61,"2.339800                      ",2515,"96.471000                     "
"1998","17496","05","4501","0020","04","Elem      ","N","Portage Community","Caledonia El","Grades PreK-12","73",39,"53.424600                     ",34,"46.575300                     ",0,"0.000000                      ",1,"1.369800                      ",2,"2.739700                      ",3,"4.109500                      ",67,"91.780800                     "
"1998","14497","05","4501","0080","04","Elem      ","N","Portage Community","Fort Winnebago El","Grades PreK-12","105",62,"59.047600                     ",43,"40.952300                     ",0,"0.000000                      ",0,"0.000000                      ",0,"0.000000                      ",2,"1.904700                      ",103,"98.095200                     "
"1998","14498","05","4501","0090","04","Elem      ","N","Portage Community","Muir El","Grades PreK-12","652",297,"45.552100                     ",355,"54.447800                     ",4,"0.613400                      ",3,"0.460100                      ",2,"0.306700                      ",16,"2.453900                      ",627,"96.165600                     "
"1998","14499","05","4501","0100","04","Elem      ","N","Portage Community","Lewiston El","Grades PreK-12","80",35,"43.750000                     ",45,"56.250000                     ",1,"1.250000                      ",0,"0.000000                      ",0,"0.000000                      ",2,"2.500000                      ",77,"96.250000                     "
"1998","14442","05","4501","0120","04","Elem      ","N","Portage Community","Endeavor El","Grades PreK-12","130",61,"46.923000                     ",69,"53.076900                     ",2,"1.538400                      ",0,"0.000000                      ",3,"2.307600                      ",8,"6.153800                      ",117,"90.000000                     "
"1998","14500","05","4501","0160","04","Mid/Jr Hi ","N","Portage Community","Portage Jr","Grades PreK-12","428",207,"48.364400                     ",221,"51.635500                     ",0,"0.000000                      ",0,"0.000000                      ",3,"0.700900                      ",5,"1.168200                      ",420,"98.130800                     "
"1998","14482","05","4501","0180","04","High      ","N","Portage Community","Portage Hi","Grades PreK-12","899",450,"50.055600                     ",449,"49.944300                     ",0,"0.000000                      ",3,"0.333700                      ",4,"0.444900                      ",16,"1.779700                      ",876,"97.441600                     "
"1998","14463","05","4501","0200","04","Elem      ","N","Portage Community","Woodridge El","Grades PreK-12","240",120,"50.000000                     ",120,"50.000000                     ",3,"1.250000                      ",0,"0.000000                      ",0,"0.000000                      ",9,"3.750000                      ",228,"95.000000                     "
"1998","10277","05","4508","","03","Elem      ","N","Port Edwards","","Elementary School Type/ Prek-12","176",89,"50.568100                     ",87,"49.431800                     ",4,"2.272700                      ",17,"9.659000                      ",5,"2.840900                      ",0,"0.000000                      ",150,"85.227200                     "
"1998","10277","05","4508","","03","Mid/Jr Hi ","N","Port Edwards","","Middle/Junior High School Type/ Prek-12","168",74,"44.047600                     ",94,"55.952300                     ",8,"4.761900                      ",16,"9.523800                      ",0,"0.000000                      ",1,"0.595200                      ",143,"85.119000                     "
"1998","10277","05","4508","","03","High      ","N","Port Edwards","","High School Type/ PreK-12","162",74,"45.679000                     ",88,"54.320900                     ",0,"0.000000                      ",11,"6.790100                      ",2,"1.234500                      ",1,"0.617200                      ",148,"91.358000                     "
"1998","10277","05","4508","","03","El/Sec    ","N","Port Edwards","","Combined Elementary/Secondary School Type/ Prek-12","0",0,"--                            ",0,"--                            ",0,"--                            ",0,"--                            ",0,"--                            ",0,"--                            ",0,"--                            "
"1998","10277","05","4508","","03","Summary   ","N","Port Edwards","","Grades PreK-12","506",237,"46.837900                     ",269,"53.162000                     ",12,"2.371500                      ",44,"8.695600                      ",7,"1.383300                      ",2,"0.395200                      ",441,"87.154100                     "
"1998","14057","05","4508","0040","04","High      ","N","Port Edwards","John Edwards Hi","Grades PreK-12","162",74,"45.679000                     ",88,"54.320900                     ",0,"0.000000                      ",11,"6.790100                      ",2,"1.234500                      ",1,"0.617200                      ",148,"91.358000                     "
"1998","14058","05","4508","0060","04","Elem      ","N","Port Edwards","Port Edwards El","Grades PreK-12","176",89,"50.568100                     ",87,"49.431800                     ",4,"2.272700                      ",17,"9.659000                      ",5,"2.840900                      ",0,"0.000000                      ",150,"85.227200                     "
"1998","14059","05","4508","0080","04","Mid/Jr Hi ","N","Port Edwards","John Edwards Jr","Grades PreK-12","168",74,"44.047600                     ",94,"55.952300                     ",8,"4.761900                      ",16,"9.523800                      ",0,"0.000000                      ",1,"0.595200                      ",143,"85.119000                     "
"1998","10191","05","4536","","03","Elem      ","N","Poynette","","Elementary School Type/ Prek-12","512",249,"48.632800                     ",263,"51.367100                     ",1,"0.195300                      ",1,"0.195300                      ",2,"0.390600                      ",2,"0.390600                      ",506,"98.828100                     "
"1998","10191","05","4536","","03","Mid/Jr Hi ","N","Poynette","","Middle/Junior High School Type/ Prek-12","279",132,"47.311800                     ",147,"52.688100                     ",2,"0.716800                      ",0,"0.000000                      ",0,"0.000000                      ",0,"0.000000                      ",277,"99.283100                     "
"1998","10191","05","4536","","03","High      ","N","Poynette","","High School Type/ PreK-12","350",167,"47.714200                     ",183,"52.285700                     ",2,"0.571400                      ",0,"0.000000                      ",1,"0.285700                      ",1,"0.285700                      ",346,"98.857100                     "
"1998","10191","05","4536","","03","El/Sec    ","N","Poynette","","Combined Elementary/Secondary School Type/ Prek-12","0",0,"--                            ",0,"--                            ",0,"--                            ",0,"--                            ",0,"--                            ",0,"--                            ",0,"--                            "
"1998","10191","05","4536","","03","Summary   ","N","Poynette","","Grades PreK-12","1141",548,"48.028000                     ",593,"51.971900                     ",5,"0.438200                      ",1,"0.087600                      ",3,"0.262900                      ",3,"0.262900                      ",1129,"98.948200                     "
"1998","14470","05","4536","0020","04","Elem      ","N","Poynette","Arlington El","Grades PreK-12","100",60,"60.000000                     ",40,"40.000000                     ",0,"0.000000                      ",0,"0.000000                      ",0,"0.000000                      ",0,"0.000000                      ",100,"100.000000                    "
"1998","14410","05","4536","0040","04","Elem      ","N","Poynette","Dekorra El","Grades PreK-12","102",50,"49.019600                     ",52,"50.980300                     ",1,"0.980300                      ",0,"0.000000                      ",0,"0.000000                      ",2,"1.960700                      ",99,"97.058800                     "
"1998","14411","05","4536","0060","04","Elem      ","N","Poynette","Poynette El","Grades PreK-12","310",139,"44.838700                     ",171,"55.161200                     ",0,"0.000000                      ",1,"0.322500                      ",2,"0.645100                      ",0,"0.000000                      ",307,"99.032200                     "
"1998","14412","05","4536","0080","04","High      ","N","Poynette","Poynette Hi","Grades PreK-12","350",167,"47.714200                     ",183,"52.285700                     ",2,"0.571400                      ",0,"0.000000                      ",1,"0.285700                      ",1,"0.285700                      ",346,"98.857100                     "
"1998","14413","05","4536","0100","04","Mid/Jr Hi ","N","Poynette","Poynette Mid","Grades PreK-12","279",132,"47.311800                     ",147,"52.688100                     ",2,"0.716800                      ",0,"0.000000                      ",0,"0.000000                      ",0,"0.000000                      ",277,"99.283100                     "
"1998","10399","05","4606","","03","Elem      ","N","Princeton","","Elementary School Type/ Prek-12","186",107,"57.526800                     ",79,"42.473100                     ",0,"0.000000                      ",0,"0.000000                      ",3,"1.612900                      ",4,"2.150500                      ",179,"96.236500                     "
"1998","10399","05","4606","","03","Mid/Jr Hi ","N","Princeton","","Middle/Junior High School Type/ Prek-12","108",48,"44.444400                     ",60,"55.555500                     ",0,"0.000000                      ",0,"0.000000                      ",0,"0.000000                      ",1,"0.925900                      ",107,"99.074000                     "
"1998","10399","05","4606","","03","High      ","N","Princeton","","High School Type/ PreK-12","211",102,"48.341200                     ",109,"51.658700                     ",2,"0.947800                      ",3,"1.421800                      ",1,"0.473900                      ",0,"0.000000                      ",205,"97.156300                     "
"1998","10399","05","4606","","03","El/Sec    ","N","Princeton","","Combined Elementary/Secondary School Type/ Prek-12","0",0,"--                            ",0,"--                            ",0,"--                            ",0,"--                            ",0,"--                            ",0,"--                            ",0,"--                            "
"1998","10399","05","4606","","03","Summary   ","N","Princeton","","Grades PreK-12","505",257,"50.891000                     ",248,"49.108900                     ",2,"0.396000                      ",3,"0.594000                      ",4,"0.792000                      ",5,"0.990000                      ",491,"97.227700                     "
"1998","13512","05","4606","0020","04","Elem      ","N","Princeton","Princeton El","Grades PreK-12","186",107,"57.526800                     ",79,"42.473100                     ",0,"0.000000                      ",0,"0.000000                      ",3,"1.612900                      ",4,"2.150500                      ",179,"96.236500                     "
"1998","13513","05","4606","0040","04","High      ","N","Princeton","Princeton Hi","Grades PreK-12","211",102,"48.341200                     ",109,"51.658700                     ",2,"0.947800                      ",3,"1.421800                      ",1,"0.473900                      ",0,"0.000000                      ",205,"97.156300                     "
"1998","17413","05","4606","0060","04","Mid/Jr Hi ","N","Princeton","Princeton Mid","Grades PreK-12","108",48,"44.444400                     ",60,"55.555500                     ",0,"0.000000                      ",0,"0.000000                      ",0,"0.000000                      ",1,"0.925900                      ",107,"99.074000                     "
"1998","10192","05","4634","","03","Elem      ","N","Randolph","","Elementary School Type/ Prek-12","327",143,"43.730800                     ",184,"56.269100                     ",0,"0.000000                      ",0,"0.000000                      ",0,"0.000000                      ",27,"8.256800                      ",300,"91.743100                     "
"1998","10192","05","4634","","03","Mid/Jr Hi ","N","Randolph","","Middle/Junior High School Type/ Prek-12","0",0,"--                            ",0,"--                            ",0,"--                            ",0,"--                            ",0,"--                            ",0,"--                            ",0,"--                            "
"1998","10192","05","4634","","03","High      ","N","Randolph","","High School Type/ PreK-12","180",84,"46.666600                     ",96,"53.333300                     ",0,"0.000000                      ",0,"0.000000                      ",0,"0.000000                      ",11,"6.111100                      ",169,"93.888800                     "
"1998","10192","05","4634","","03","El/Sec    ","N","Randolph","","Combined Elementary/Secondary School Type/ Prek-12","0",0,"--                            ",0,"--                            ",0,"--                            ",0,"--                            ",0,"--                            ",0,"--                            ",0,"--                            "
"1998","10192","05","4634","","03","Summary   ","N","Randolph","","Grades PreK-12","507",227,"44.773100                     ",280,"55.226800                     ",0,"0.000000                      ",0,"0.000000                      ",0,"0.000000                      ",38,"7.495000                      ",469,"92.504900                     "
"1998","14414","05","4634","0020","04","Elem      ","N","Randolph","Randolph El","Grades PreK-12","327",143,"43.730800                     ",184,"56.269100                     ",0,"0.000000                      ",0,"0.000000                      ",0,"0.000000                      ",27,"8.256800                      ",300,"91.743100                     "
"1998","14415","05","4634","0040","04","High      ","N","Randolph","Randolph Hi","Grades PreK-12","180",84,"46.666600                     ",96,"53.333300                     ",0,"0.000000                      ",0,"0.000000                      ",0,"0.000000                      ",11,"6.111100                      ",169,"93.888800                     "
"1998","10193","05","4753","","03","Elem      ","N","Reedsburg","","Elementary School Type/ Prek-12","1043",498,"47.746800                     ",545,"52.253100                     ",11,"1.054600                      ",5,"0.479300                      ",5,"0.479300                      ",10,"0.958700                      ",1012,"97.027800                     "
"1998","10193","05","4753","","03","Mid/Jr Hi ","N","Reedsburg","","Middle/Junior High School Type/ Prek-12","584",270,"46.232800                     ",314,"53.767100                     ",4,"0.684900                      ",1,"0.171200                      ",3,"0.513600                      ",6,"1.027300                      ",570,"97.602700                     "
"1998","10193","05","4753","","03","High      ","N","Reedsburg","","High School Type/ PreK-12","855",404,"47.251400                     ",451,"52.748500                     ",9,"1.052600                      ",1,"0.116900                      ",2,"0.233900                      ",8,"0.935600                      ",835,"97.660800                     "
"1998","10193","05","4753","","03","El/Sec    ","N","Reedsburg","","Combined Elementary/Secondary School Type/ Prek-12","0",0,"--                            ",0,"--                            ",0,"--                            ",0,"--                            ",0,"--                            ",0,"--                            ",0,"--                            "
"1998","10193","05","4753","","03","Summary   ","N","Reedsburg","","Grades PreK-12","2482",1172,"47.219900                     ",1310,"52.780000                     ",24,"0.966900                      ",7,"0.282000                      ",10,"0.402900                      ",24,"0.966900                      ",2417,"97.381100                     "
"1998","14431","05","4753","0020","04","Elem      ","N","Reedsburg","Ironton-La Valle El","Grades PreK-12","169",96,"56.804700                     ",73,"43.195200                     ",0,"0.000000                      ",0,"0.000000                      ",0,"0.000000                      ",1,"0.591700                      ",168,"99.408200                     "
"1998","14432","05","4753","0040","04","Elem      ","N","Reedsburg","Loganville El","Grades PreK-12","175",91,"52.000000                     ",84,"48.000000                     ",2,"1.142800                      ",0,"0.000000                      ",2,"1.142800                      ",2,"1.142800                      ",169,"96.571400                     "
"1998","14416","05","4753","0080","04","High      ","N","Reedsburg","Webb Hi","Grades PreK-12","855",404,"47.251400                     ",451,"52.748500                     ",9,"1.052600                      ",1,"0.116900                      ",2,"0.233900                      ",8,"0.935600                      ",835,"97.660800                     "
"1998","14417","05","4753","0100","04","Mid/Jr Hi ","N","Reedsburg","Reedsburg Mid","Grades PreK-12","584",270,"46.232800                     ",314,"53.767100                     ",4,"0.684900                      ",1,"0.171200                      ",3,"0.513600                      ",6,"1.027300                      ",570,"97.602700                     "
"1998","14422","05","4753","0120","04","Elem      ","N","Reedsburg","Rock Springs El","Grades PreK-12","141",70,"49.645300                     ",71,"50.354600                     ",1,"0.709200                      ",1,"0.709200                      ",1,"0.709200                      ",2,"1.418400                      ",136,"96.453900                     "
"1998","14419","05","4753","0140","04","Elem      ","N","Reedsburg","South El","Grades PreK-12","271",114,"42.066400                     ",157,"57.933500                     ",3,"1.107000                      ",2,"0.738000                      ",0,"0.000000                      ",1,"0.369000                      ",265,"97.785900                     "
"1998","14418","05","4753","0160","04","Elem      ","N","Reedsburg","West Side El","Grades PreK-12","287",127,"44.250800                     ",160,"55.749100                     ",5,"1.742100                      ",2,"0.696800                      ",2,"0.696800                      ",4,"1.393700                      ",274,"95.470300                     "
"1998","10194","05","4865","","03","Elem      ","N","Rio Community","","Elementary School Type/ Prek-12","247",128,"51.821800                     ",119,"48.178100                     ",0,"0.000000                      ",0,"0.000000                      ",1,"0.404800                      ",10,"4.048500                      ",236,"95.546500                     "
"1998","10194","05","4865","","03","Mid/Jr Hi ","N","Rio Community","","Middle/Junior High School Type/ Prek-12","0",0,"--                            ",0,"--                            ",0,"--                            ",0,"--                            ",0,"--                            ",0,"--                            ",0,"--                            "
"1998","10194","05","4865","","03","High      ","N","Rio Community","","High School Type/ PreK-12","321",153,"47.663500                     ",168,"52.336400                     ",0,"0.000000                      ",2,"0.623000                      ",0,"0.000000                      ",3,"0.934500                      ",316,"98.442300                     "
"1998","10194","05","4865","","03","El/Sec    ","N","Rio Community","","Combined Elementary/Secondary School Type/ Prek-12","0",0,"--                            ",0,"--                            ",0,"--                            ",0,"--                            ",0,"--                            ",0,"--                            ",0,"--                            "
"1998","10194","05","4865","","03","Summary   ","N","Rio Community","","Grades PreK-12","568",281,"49.471800                     ",287,"50.528100                     ",0,"0.000000                      ",2,"0.352100                      ",1,"0.176000                      ",13,"2.288700                      ",552,"97.183000                     "
"1998","14420","05","4865","0020","04","Elem      ","N","Rio Community","Rio El","Grades PreK-12","247",128,"51.821800                     ",119,"48.178100                     ",0,"0.000000                      ",0,"0.000000                      ",1,"0.404800                      ",10,"4.048500                      ",236,"95.546500                     "
"1998","14421","05","4865","0040","04","High      ","N","Rio Community","Rio Hi","Grades PreK-12","321",153,"47.663500                     ",168,"52.336400                     ",0,"0.000000                      ",2,"0.623000                      ",0,"0.000000                      ",3,"0.934500                      ",316,"98.442300                     "
"1998","10278","05","4963","","03","Elem      ","N","Rosholt","","Elementary School Type/ Prek-12","365",172,"47.123200                     ",193,"52.876700                     ",2,"0.547900                      ",1,"0.273900                      ",1,"0.273900                      ",9,"2.465700                      ",352,"96.438300                     "
"1998","10278","05","4963","","03","Mid/Jr Hi ","N","Rosholt","","Middle/Junior High School Type/ Prek-12","190",105,"55.263100                     ",85,"44.736800                     ",0,"0.000000                      ",1,"0.526300                      ",0,"0.000000                      ",1,"0.526300                      ",188,"98.947300                     "
"1998","10278","05","4963","","03","High      ","N","Rosholt","","High School Type/ PreK-12","244",94,"38.524500                     ",150,"61.475400                     ",1,"0.409800                      ",2,"0.819600                      ",1,"0.409800                      ",3,"1.229500                      ",237,"97.131100                     "
"1998","10278","05","4963","","03","El/Sec    ","N","Rosholt","","Combined Elementary/Secondary School Type/ Prek-12","0",0,"--                            ",0,"--                            ",0,"--                            ",0,"--                            ",0,"--                            ",0,"--                            ",0,"--                            "
"1998","10278","05","4963","","03","Summary   ","N","Rosholt","","Grades PreK-12","799",371,"46.433000                     ",428,"53.566900                     ",3,"0.375400                      ",4,"0.500600                      ",2,"0.250300                      ",13,"1.627000                      ",777,"97.246500                     "
"1998","14028","05","4963","0020","04","Elem      ","N","Rosholt","Rosholt El","Grades PreK-12","365",172,"47.123200                     ",193,"52.876700                     ",2,"0.547900                      ",1,"0.273900                      ",1,"0.273900                      ",9,"2.465700                      ",352,"96.438300                     "
"1998","17486","05","4963","0040","04","High      ","N","Rosholt","Rosholt Hi","Grades PreK-12","244",94,"38.524500                     ",150,"61.475400                     ",1,"0.409800                      ",2,"0.819600                      ",1,"0.409800                      ",3,"1.229500                      ",237,"97.131100                     "
"1998","14029","05","4963","0060","04","Mid/Jr Hi ","N","Rosholt","Rosholt Mid","Grades PreK-12","190",105,"55.263100                     ",85,"44.736800                     ",0,"0.000000                      ",1,"0.526300                      ",0,"0.000000                      ",1,"0.526300                      ",188,"98.947300                     "
"1998","10154","05","5100","","03","Elem      ","N","Sauk Prairie","","Elementary School Type/ Prek-12","1108",538,"48.555900                     ",570,"51.444000                     ",7,"0.631700                      ",2,"0.180500                      ",8,"0.722000                      ",38,"3.429600                      ",1053,"95.036100                     "
"1998","10154","05","5100","","03","Mid/Jr Hi ","N","Sauk Prairie","","Middle/Junior High School Type/ Prek-12","659",319,"48.406600                     ",340,"51.593300                     ",6,"0.910400                      ",7,"1.062200                      ",1,"0.151700                      ",11,"1.669100                      ",634,"96.206300                     "
"1998","10154","05","5100","","03","High      ","N","Sauk Prairie","","High School Type/ PreK-12","777",358,"46.074600                     ",419,"53.925300                     ",0,"0.000000                      ",4,"0.514800                      ",4,"0.514800                      ",17,"2.187900                      ",752,"96.782400                     "
"1998","10154","05","5100","","03","El/Sec    ","N","Sauk Prairie","","Combined Elementary/Secondary School Type/ Prek-12","0",0,"--                            ",0,"--                            ",0,"--                            ",0,"--                            ",0,"--                            ",0,"--                            ",0,"--                            "
"1998","10154","05","5100","","03","Summary   ","N","Sauk Prairie","","Grades PreK-12","2544",1215,"47.759400                     ",1329,"52.240500                     ",13,"0.511000                      ",13,"0.511000                      ",13,"0.511000                      ",66,"2.594300                      ",2439,"95.872600                     "
"1998","14609","05","5100","0020","04","Elem      ","N","Sauk Prairie","Black Hawk El","Grades PreK-12","106",53,"50.000000                     ",53,"50.000000                     ",0,"0.000000                      ",0,"0.000000                      ",0,"0.000000                      ",9,"8.490500                      ",97,"91.509400                     "
"1998","14631","05","5100","0030","04","Elem      ","N","Sauk Prairie","Grand Avenue El","Grades PreK-12","400",196,"49.000000                     ",204,"51.000000                     ",3,"0.750000                      ",1,"0.250000                      ",0,"0.000000                      ",5,"1.250000                      ",391,"97.750000                     "
"1998","14665","05","5100","0040","04","Elem      ","N","Sauk Prairie","Merrimac El","Grades PreK-12","87",47,"54.022900                     ",40,"45.977000                     ",0,"0.000000                      ",0,"0.000000                      ",3,"3.448200                      ",2,"2.298800                      ",82,"94.252800                     "
"1998","14632","05","5100","0120","04","High      ","N","Sauk Prairie","Sauk Prairie Hi","Grades PreK-12","777",358,"46.074600                     ",419,"53.925300                     ",0,"0.000000                      ",4,"0.514800                      ",4,"0.514800                      ",17,"2.187900                      ",752,"96.782400                     "
"1998","14610","05","5100","0140","04","Mid/Jr Hi ","N","Sauk Prairie","Sauk Prairie Mid","Grades PreK-12","659",319,"48.406600                     ",340,"51.593300                     ",6,"0.910400                      ",7,"1.062200                      ",1,"0.151700                      ",11,"1.669100                      ",634,"96.206300                     "
"1998","14611","05","5100","0150","04","Elem      ","N","Sauk Prairie","Spruce Street El","Grades PreK-12","392",188,"47.959100                     ",204,"52.040800                     ",4,"1.020400                      ",1,"0.255100                      ",5,"1.275500                      ",13,"3.316300                      ",369,"94.132600                     "
"1998","14633","05","5100","0160","04","Elem      ","N","Sauk Prairie","Tower Rock El","Grades PreK-12","123",54,"43.902400                     ",69,"56.097500                     ",0,"0.000000                      ",0,"0.000000                      ",0,"0.000000                      ",9,"7.317000                      ",114,"92.682900                     "
"1998","10281","05","5607","","03","Elem      ","N","Stevens Point Area","","Elementary School Type/ Prek-12","4288",2078,"48.460800                     ",2210,"51.539100                     ",23,"0.536300                      ",408,"9.514900                      ",25,"0.583000                      ",103,"2.402000                      ",3729,"86.963600                     "
"1998","10281","05","5607","","03","Mid/Jr Hi ","N","Stevens Point Area","","Middle/Junior High School Type/ Prek-12","1978",994,"50.252700                     ",984,"49.747200                     ",9,"0.455000                      ",137,"6.926100                      ",20,"1.011100                      ",29,"1.466100                      ",1783,"90.141500                     "
"1998","10281","05","5607","","03","High      ","N","Stevens Point Area","","High School Type/ PreK-12","2086",1014,"48.609700                     ",1072,"51.390200                     ",16,"0.767000                      ",112,"5.369100                      ",14,"0.671100                      ",33,"1.581900                      ",1911,"91.610700                     "
"1998","10281","05","5607","","03","El/Sec    ","N","Stevens Point Area","","Combined Elementary/Secondary School Type/ Prek-12","8",3,"37.500000                     ",5,"62.500000                     ",0,"0.000000                      ",0,"0.000000                      ",1,"12.500000                     ",0,"0.000000                      ",7,"87.500000                     "
"1998","10281","05","5607","","03","Summary   ","N","Stevens Point Area","","Grades PreK-12","8360",4089,"48.911400                     ",4271,"51.088500                     ",48,"0.574100                      ",657,"7.858800                      ",60,"0.717700                      ",165,"1.973600                      ",7430,"88.875500                     "
"1998","14039","05","5607","0010","04","Mid/Jr Hi ","N","Stevens Point Area","Benjamin Franklin Jr","Grades PreK-12","972",489,"50.308600                     ",483,"49.691300                     ",3,"0.308600                      ",53,"5.452600                      ",13,"1.337400                      ",13,"1.337400                      ",890,"91.563700                     "
"1998","14040","05","5607","0050","04","Elem      ","N","Stevens Point Area","Bannach El","Grades PreK-12","548",259,"47.262700                     ",289,"52.737200                     ",2,"0.364900                      ",8,"1.459800                      ",2,"0.364900                      ",4,"0.729900                      ",532,"97.080200                     "
"1998","14041","05","5607","0120","04","Elem      ","N","Stevens Point Area","Jackson El","Grades PreK-12","396",174,"43.939300                     ",222,"56.060600                     ",3,"0.757500                      ",67,"16.919100                     ",0,"0.000000                      ",4,"1.010100                      ",322,"81.313100                     "
"1998","14042","05","5607","0140","04","Elem      ","N","Stevens Point Area","Jefferson El","Grades PreK-12","349",169,"48.424000                     ",180,"51.575900                     ",0,"0.000000                      ",85,"24.355300                     ",2,"0.573000                      ",7,"2.005700                      ",255,"73.065900                     "
"1998","14092","05","5607","0160","04","Elem      ","N","Stevens Point Area","Kennedy El","Grades PreK-12","276",130,"47.101400                     ",146,"52.898500                     ",0,"0.000000                      ",4,"1.449200                      ",0,"0.000000                      ",14,"5.072400                      ",258,"93.478200                     "
"1998","14024","05","5607","0190","04","Elem      ","N","Stevens Point Area","Madison El","Grades PreK-12","434",234,"53.917000                     ",200,"46.082900                     ",4,"0.921600                      ",77,"17.741900                     ",5,"1.152000                      ",22,"5.069100                      ",326,"75.115200                     "
"1998","14006","05","5607","0200","04","Elem      ","N","Stevens Point Area","McDill El","Grades PreK-12","389",181,"46.529500                     ",208,"53.470400                     ",1,"0.257000                      ",19,"4.884300                      ",0,"0.000000                      ",9,"2.313600                      ",360,"92.544900                     "
"1998","14007","05","5607","0220","04","Elem      ","N","Stevens Point Area","McKinley El","Grades PreK-12","467",226,"48.394000                     ",241,"51.605900                     ",5,"1.070600                      ",74,"15.845800                     ",5,"1.070600                      ",17,"3.640200                      ",366,"78.372500                     "
"1998","14008","05","5607","0240","04","Mid/Jr Hi ","N","Stevens Point Area","P J Jacobs Jr","Grades PreK-12","1006",505,"50.198800                     ",501,"49.801100                     ",6,"0.596400                      ",84,"8.349900                      ",7,"0.695800                      ",16,"1.590400                      ",893,"88.767300                     "
"1998","14055","05","5607","0250","04","Elem      ","N","Stevens Point Area","Plover-Whiting El","Grades PreK-12","480",232,"48.333300                     ",248,"51.666600                     ",0,"0.000000                      ",6,"1.250000                      ",2,"0.416600                      ",6,"1.250000                      ",466,"97.083300                     "
"1998","14056","05","5607","0260","04","Elem      ","N","Stevens Point Area","Roosevelt El","Grades PreK-12","460",224,"48.695600                     ",236,"51.304300                     ",5,"1.086900                      ",12,"2.608600                      ",3,"0.652100                      ",6,"1.304300                      ",434,"94.347800                     "
"1998","14009","05","5607","0270","04","High      ","N","Stevens Point Area","Stevens Point Area Hi","Grades PreK-12","1841",887,"48.180300                     ",954,"51.819600                     ",16,"0.869000                      ",111,"6.029300                      ",11,"0.597500                      ",29,"1.575200                      ",1674,"90.928800                     "
"1998","14010","05","5607","0280","04","Elem      ","N","Stevens Point Area","Washington El","Grades PreK-12","436",223,"51.146700                     ",213,"48.853200                     ",1,"0.229300                      ",21,"4.816500                      ",5,"1.146700                      ",14,"3.211000                      ",395,"90.596300                     "
"1998","17410","05","5607","0300","04","High      ","Y","Stevens Point Area","TEAMS","Grades PreK-12","95",68,"71.578900                     ",27,"28.421000                     ",0,"0.000000                      ",1,"1.052600                      ",2,"2.105200                      ",0,"0.000000                      ",92,"96.842100                     "
"1998","17523","05","5607","0310","04","High      ","N","Stevens Point Area","Alternative Hi","Grades PreK-12","150",59,"39.333300                     ",91,"60.666600                     ",0,"0.000000                      ",0,"0.000000                      ",1,"0.666600                      ",4,"2.666600                      ",145,"96.666600                     "
"1998","17524","05","5607","0320","04","El/Sec    ","N","Stevens Point Area","Juvenile Detention","Grades PreK-12","8",3,"37.500000                     ",5,"62.500000                     ",0,"0.000000                      ",0,"0.000000                      ",1,"12.500000                     ",0,"0.000000                      ",7,"87.500000                     "
"1998","17534","05","5607","0330","04","Elem      ","N","Stevens Point Area","Grant ESL Preschool","Grades PreK-12","33",18,"54.545400                     ",15,"45.454500                     ",0,"0.000000                      ",33,"100.000000                    ",0,"0.000000                      ",0,"0.000000                      ",0,"0.000000                      "
"1998","17525","05","5607","0340","04","Elem      ","N","Stevens Point Area","Headstart Preschool","Grades PreK-12","6",3,"50.000000                     ",3,"50.000000                     ",1,"16.666600                     ",1,"16.666600                     ",1,"16.666600                     ",0,"0.000000                      ",3,"50.000000                     "
"1998","17526","05","5607","0350","04","Elem      ","N","Stevens Point Area","UW-Stevens Point Speech & Language","Grades PreK-12","14",5,"35.714200                     ",9,"64.285700                     ",1,"7.142800                      ",1,"7.142800                      ",0,"0.000000                      ",0,"0.000000                      ",12,"85.714200                     "
"1998","10402","05","6195","","03","Elem      ","N","Waupaca","","Elementary School Type/ Prek-12","1298",632,"48.690200                     ",666,"51.309700                     ",10,"0.770400                      ",11,"0.847400                      ",1,"0.077000                      ",35,"2.696400                      ",1241,"95.608600                     "
"1998","10402","05","6195","","03","Mid/Jr Hi ","N","Waupaca","","Middle/Junior High School Type/ Prek-12","640",317,"49.531200                     ",323,"50.468700                     ",2,"0.312500                      ",2,"0.312500                      ",1,"0.156200                      ",15,"2.343700                      ",620,"96.875000                     "
"1998","10402","05","6195","","03","High      ","N","Waupaca","","High School Type/ PreK-12","876",428,"48.858400                     ",448,"51.141500                     ",2,"0.228300                      ",3,"0.342400                      ",2,"0.228300                      ",13,"1.484000                      ",856,"97.716800                     "
"1998","10402","05","6195","","03","El/Sec    ","N","Waupaca","","Combined Elementary/Secondary School Type/ Prek-12","0",0,"--                            ",0,"--                            ",0,"--                            ",0,"--                            ",0,"--                            ",0,"--                            ",0,"--                            "
"1998","10402","05","6195","","03","Summary   ","N","Waupaca","","Grades PreK-12","2814",1377,"48.933900                     ",1437,"51.066000                     ",14,"0.497500                      ",16,"0.568500                      ",4,"0.142100                      ",63,"2.238800                      ",2717,"96.552900                     "
"1998","13489","05","6195","0040","04","High      ","N","Waupaca","Waupaca Accelerated Learning Center","Grades PreK-12","12",8,"66.666600                     ",4,"33.333300                     ",0,"0.000000                      ",0,"0.000000                      ",0,"0.000000                      ",0,"0.000000                      ",12,"100.000000                    "
"1998","13490","05","6195","0050","04","Elem      ","N","Waupaca","Central El","Grades PreK-12","89",38,"42.696600                     ",51,"57.303300                     ",0,"0.000000                      ",0,"0.000000                      ",0,"0.000000                      ",3,"3.370700                      ",86,"96.629200                     "
"1998","13491","05","6195","0060","04","Elem      ","N","Waupaca","Chain O Lakes El","Grades PreK-12","344",167,"48.546500                     ",177,"51.453400                     ",5,"1.453400                      ",1,"0.290600                      ",1,"0.290600                      ",7,"2.034800                      ",330,"95.930200                     "
"1998","17507","05","6195","0070","04","Elem      ","N","Waupaca","Waupaca Learning Center El","Grades PreK-12","648",325,"50.154300                     ",323,"49.845600                     ",0,"0.000000                      ",10,"1.543200                      ",0,"0.000000                      ",17,"2.623400                      ",621,"95.833300                     "
"1998","13492","05","6195","0120","04","Elem      ","N","Waupaca","Riverside El","Grades PreK-12","107",49,"45.794300                     ",58,"54.205600                     ",2,"1.869100                      ",0,"0.000000                      ",0,"0.000000                      ",4,"3.738300                      ",101,"94.392500                     "
"1998","13493","05","6195","0140","04","High      ","N","Waupaca","Waupaca Hi","Grades PreK-12","864",420,"48.611100                     ",444,"51.388800                     ",2,"0.231400                      ",3,"0.347200                      ",2,"0.231400                      ",13,"1.504600                      ",844,"97.685100                     "
"1998","13494","05","6195","0150","04","Mid/Jr Hi ","N","Waupaca","Waupaca Mid","Grades PreK-12","640",317,"49.531200                     ",323,"50.468700                     ",2,"0.312500                      ",2,"0.312500                      ",1,"0.156200                      ",15,"2.343700                      ",620,"96.875000                     "
"1998","13495","05","6195","0160","04","Elem      ","N","Waupaca","Westwood El","Grades PreK-12","110",53,"48.181800                     ",57,"51.818100                     ",3,"2.727200                      ",0,"0.000000                      ",0,"0.000000                      ",4,"3.636300                      ",103,"93.636300                     "
"1998","10403","05","6237","","03","Elem      ","N","Wautoma Area","","Elementary School Type/ Prek-12","570",268,"47.017500                     ",302,"52.982400                     ",6,"1.052600                      ",3,"0.526300                      ",0,"0.000000                      ",66,"11.578900                     ",495,"86.842100                     "
"1998","10403","05","6237","","03","Mid/Jr Hi ","N","Wautoma Area","","Middle/Junior High School Type/ Prek-12","638",306,"47.962300                     ",332,"52.037600                     ",1,"0.156700                      ",7,"1.097100                      ",2,"0.313400                      ",64,"10.031300                     ",564,"88.401200                     "
"1998","10403","05","6237","","03","High      ","N","Wautoma Area","","High School Type/ PreK-12","531",235,"44.256100                     ",296,"55.743800                     ",2,"0.376600                      ",2,"0.376600                      ",2,"0.376600                      ",39,"7.344600                      ",486,"91.525400                     "
"1998","10403","05","6237","","03","El/Sec    ","N","Wautoma Area","","Combined Elementary/Secondary School Type/ Prek-12","0",0,"--                            ",0,"--                            ",0,"--                            ",0,"--                            ",0,"--                            ",0,"--                            ",0,"--                            "
"1998","10403","05","6237","","03","Summary   ","N","Wautoma Area","","Grades PreK-12","1739",809,"46.520900                     ",930,"53.479000                     ",9,"0.517500                      ",12,"0.690000                      ",4,"0.230000                      ",169,"9.718200                      ",1545,"88.844100                     "
"1998","13496","05","6237","0030","04","Mid/Jr Hi ","N","Wautoma Area","Parkside Sch","Grades PreK-12","638",306,"47.962300                     ",332,"52.037600                     ",1,"0.156700                      ",7,"1.097100                      ",2,"0.313400                      ",64,"10.031300                     ",564,"88.401200                     "
"1998","13515","05","6237","0060","04","Elem      ","N","Wautoma Area","Redgranite El","Grades PreK-12","155",78,"50.322500                     ",77,"49.677400                     ",4,"2.580600                      ",0,"0.000000                      ",0,"0.000000                      ",3,"1.935400                      ",148,"95.483800                     "
"1998","13465","05","6237","0080","04","Elem      ","N","Wautoma Area","Riverview El","Grades PreK-12","415",190,"45.783100                     ",225,"54.216800                     ",2,"0.481900                      ",3,"0.722800                      ",0,"0.000000                      ",63,"15.180700                     ",347,"83.614400                     "
"1998","13497","05","6237","0140","04","High      ","N","Wautoma Area","Wautoma Hi","Grades PreK-12","531",235,"44.256100                     ",296,"55.743800                     ",2,"0.376600                      ",2,"0.376600                      ",2,"0.376600                      ",39,"7.344600                      ",486,"91.525400                     "
"1998","10196","05","6335","","03","Elem      ","N","Westfield","","Elementary School Type/ Prek-12","1007",514,"51.042700                     ",493,"48.957200                     ",2,"0.198600                      ",4,"0.397200                      ",2,"0.198600                      ",65,"6.454800                      ",934,"92.750700                     "
"1998","10196","05","6335","","03","Mid/Jr Hi ","N","Westfield","","Middle/Junior High School Type/ Prek-12","0",0,"--                            ",0,"--                            ",0,"--                            ",0,"--                            ",0,"--                            ",0,"--                            ",0,"--                            "
"1998","10196","05","6335","","03","High      ","N","Westfield","","High School Type/ PreK-12","518",245,"47.297200                     ",273,"52.702700                     ",1,"0.193000                      ",2,"0.386100                      ",0,"0.000000                      ",12,"2.316600                      ",503,"97.104200                     "
"1998","10196","05","6335","","03","El/Sec    ","N","Westfield","","Combined Elementary/Secondary School Type/ Prek-12","0",0,"--                            ",0,"--                            ",0,"--                            ",0,"--                            ",0,"--                            ",0,"--                            ",0,"--                            "
"1998","10196","05","6335","","03","Summary   ","N","Westfield","","Grades PreK-12","1525",759,"49.770400                     ",766,"50.229500                     ",3,"0.196700                      ",6,"0.393400                      ",2,"0.131100                      ",77,"5.049100                      ",1437,"94.229500                     "
"1998","13562","05","6335","0020","04","Elem      ","N","Westfield","Coloma El","Grades PreK-12","212",101,"47.641500                     ",111,"52.358400                     ",0,"0.000000                      ",0,"0.000000                      ",0,"0.000000                      ",11,"5.188600                      ",201,"94.811300                     "
"1998","13517","05","6335","0040","04","Elem      ","N","Westfield","Neshkoro El","Grades PreK-12","158",76,"48.101200                     ",82,"51.898700                     ",0,"0.000000                      ",0,"0.000000                      ",0,"0.000000                      ",9,"5.696200                      ",149,"94.303700                     "
"1998","14405","05","6335","0060","04","Elem      ","N","Westfield","Oxford El","Grades PreK-12","242",135,"55.785100                     ",107,"44.214800                     ",1,"0.413200                      ",1,"0.413200                      ",0,"0.000000                      ",14,"5.785100                      ",226,"93.388400                     "
"1998","14390","05","6335","0080","04","Elem      ","N","Westfield","Westfield El","Grades PreK-12","395",202,"51.139200                     ",193,"48.860700                     ",1,"0.253100                      ",3,"0.759400                      ",2,"0.506300                      ",31,"7.848100                      ",358,"90.632900                     "
"1998","14391","05","6335","0100","04","High      ","N","Westfield","Westfield Hi","Grades PreK-12","518",245,"47.297200                     ",273,"52.702700                     ",1,"0.193000                      ",2,"0.386100                      ",0,"0.000000                      ",12,"2.316600                      ",503,"97.104200                     "
"1998","10405","05","6475","","03","Elem      ","N","Wild Rose","","Elementary School Type/ Prek-12","331",139,"41.993900                     ",192,"58.006000                     ",0,"0.000000                      ",0,"0.000000                      ",1,"0.302100                      ",31,"9.365500                      ",299,"90.332300                     "
"1998","10405","05","6475","","03","Mid/Jr Hi ","N","Wild Rose","","Middle/Junior High School Type/ Prek-12","0",0,"--                            ",0,"--                            ",0,"--                            ",0,"--                            ",0,"--                            ",0,"--                            ",0,"--                            "
"1998","10405","05","6475","","03","High      ","N","Wild Rose","","High School Type/ PreK-12","432",195,"45.138800                     ",237,"54.861100                     ",0,"0.000000                      ",0,"0.000000                      ",4,"0.925900                      ",24,"5.555500                      ",404,"93.518500                     "
"1998","10405","05","6475","","03","El/Sec    ","N","Wild Rose","","Combined Elementary/Secondary School Type/ Prek-12","0",0,"--                            ",0,"--                            ",0,"--                            ",0,"--                            ",0,"--                            ",0,"--                            ",0,"--                            "
"1998","10405","05","6475","","03","Summary   ","N","Wild Rose","","Grades PreK-12","763",334,"43.774500                     ",429,"56.225400                     ",0,"0.000000                      ",0,"0.000000                      ",5,"0.655300                      ",55,"7.208300                      ",703,"92.136300                     "
"1998","13508","05","6475","0020","04","Elem      ","N","Wild Rose","Pleasant View El","Grades PreK-12","106",41,"38.679200                     ",65,"61.320700                     ",0,"0.000000                      ",0,"0.000000                      ",0,"0.000000                      ",2,"1.886700                      ",104,"98.113200                     "
"1998","13468","05","6475","0040","04","Elem      ","N","Wild Rose","Wild Rose El","Grades PreK-12","225",98,"43.555500                     ",127,"56.444400                     ",0,"0.000000                      ",0,"0.000000                      ",1,"0.444400                      ",29,"12.888800                     ",195,"86.666600                     "
"1998","13469","05","6475","0060","04","High      ","N","Wild Rose","Wild Rose Hi","Grades PreK-12","432",195,"45.138800                     ",237,"54.861100                     ",0,"0.000000                      ",0,"0.000000                      ",4,"0.925900                      ",24,"5.555500                      ",404,"93.518500                     "
"1998","10197","05","6678","","03","Elem      ","N","Wisconsin Dells","","Elementary School Type/ Prek-12","1207",585,"48.467200                     ",622,"51.532700                     ",88,"7.290800                      ",13,"1.077000                      ",16,"1.325600                      ",15,"1.242700                      ",1075,"89.063700                     "
"1998","10197","05","6678","","03","Mid/Jr Hi ","N","Wisconsin Dells","","Middle/Junior High School Type/ Prek-12","0",0,"--                            ",0,"--                            ",0,"--                            ",0,"--                            ",0,"--                            ",0,"--                            ",0,"--                            "
"1998","10197","05","6678","","03","High      ","N","Wisconsin Dells","","High School Type/ PreK-12","519",243,"46.820800                     ",276,"53.179100                     ",20,"3.853500                      ",3,"0.578000                      ",5,"0.963300                      ",5,"0.963300                      ",486,"93.641600                     "
"1998","10197","05","6678","","03","El/Sec    ","N","Wisconsin Dells","","Combined Elementary/Secondary School Type/ Prek-12","0",0,"--                            ",0,"--                            ",0,"--                            ",0,"--                            ",0,"--                            ",0,"--                            ",0,"--                            "
"1998","10197","05","6678","","03","Summary   ","N","Wisconsin Dells","","Grades PreK-12","1726",828,"47.972100                     ",898,"52.027800                     ",108,"6.257200                      ",16,"0.926900                      ",21,"1.216600                      ",20,"1.158700                      ",1561,"90.440300                     "
"1998","14450","05","6678","0050","04","Elem      ","N","Wisconsin Dells","Neenah Creek El","Grades PreK-12","116",59,"50.862000                     ",57,"49.137900                     ",0,"0.000000                      ",0,"0.000000                      ",0,"0.000000                      ",3,"2.586200                      ",113,"97.413700                     "
"1998","14430","05","6678","0060","04","Elem      ","N","Wisconsin Dells","Lake Delton El","Grades PreK-12","198",98,"49.494900                     ",100,"50.505000                     ",12,"6.060600                      ",8,"4.040400                      ",2,"1.010100                      ",0,"0.000000                      ",176,"88.888800                     "
"1998","17493","05","6678","0100","04","High      ","N","Wisconsin Dells","Wisconsin Dells Hi","Grades PreK-12","519",243,"46.820800                     ",276,"53.179100                     ",20,"3.853500                      ",3,"0.578000                      ",5,"0.963300                      ",5,"0.963300                      ",486,"93.641600                     "
"1998","14392","05","6678","0120","04","Elem      ","N","Wisconsin Dells","Spring Hill Sch","Grades PreK-12","893",428,"47.928300                     ",465,"52.071600                     ",76,"8.510600                      ",5,"0.559900                      ",14,"1.567700                      ",12,"1.343700                      ",786,"88.017900                     "
"1998","10285","05","6685","","03","Elem      ","N","Wisconsin Rapids","","Elementary School Type/ Prek-12","2965",1423,"47.993200                     ",1542,"52.006700                     ",43,"1.450200                      ",232,"7.824600                      ",18,"0.607000                      ",50,"1.686300                      ",2622,"88.431700                     "
"1998","10285","05","6685","","03","Mid/Jr Hi ","N","Wisconsin Rapids","","Middle/Junior High School Type/ Prek-12","1549",735,"47.449900                     ",814,"52.550000                     ",24,"1.549300                      ",96,"6.197500                      ",6,"0.387300                      ",15,"0.968300                      ",1408,"90.897300                     "
"1998","10285","05","6685","","03","High      ","N","Wisconsin Rapids","","High School Type/ PreK-12","1628",796,"48.894300                     ",832,"51.105600                     ",16,"0.982800                      ",61,"3.746900                      ",8,"0.491400                      ",14,"0.859900                      ",1529,"93.918900                     "
"1998","10285","05","6685","","03","El/Sec    ","N","Wisconsin Rapids","","Combined Elementary/Secondary School Type/ Prek-12","0",0,"--                            ",0,"--                            ",0,"--                            ",0,"--                            ",0,"--                            ",0,"--                            ",0,"--                            "
"1998","10285","05","6685","","03","Summary   ","N","Wisconsin Rapids","","Grades PreK-12","6142",2954,"48.095000                     ",3188,"51.904900                     ",83,"1.351300                      ",389,"6.333400                      ",32,"0.521000                      ",79,"1.286200                      ",5559,"90.507900                     "
"1998","14023","05","6685","0040","04","Elem      ","N","Wisconsin Rapids","Childrens Choice El","Grades PreK-12","144",73,"50.694400                     ",71,"49.305500                     ",3,"2.083300                      ",2,"1.388800                      ",0,"0.000000                      ",2,"1.388800                      ",137,"95.138800                     "
"1998","14005","05","6685","0050","04","Mid/Jr Hi ","N","Wisconsin Rapids","East Jr","Grades PreK-12","878",416,"47.380400                     ",462,"52.619500                     ",12,"1.366700                      ",63,"7.175300                      ",4,"0.455500                      ",6,"0.683300                      ",793,"90.318900                     "
"1998","13986","05","6685","0060","04","Elem      ","N","Wisconsin Rapids","Grant El","Grades PreK-12","321",140,"43.613700                     ",181,"56.386200                     ",4,"1.246100                      ",2,"0.623000                      ",0,"0.000000                      ",1,"0.311500                      ",314,"97.819300                     "
"1998","13987","05","6685","0080","04","Elem      ","N","Wisconsin Rapids","Grove El","Grades PreK-12","297",160,"53.872000                     ",137,"46.127900                     ",1,"0.336700                      ",41,"13.804700                     ",2,"0.673400                      ",2,"0.673400                      ",251,"84.511700                     "
"1998","13988","05","6685","0100","04","Elem      ","N","Wisconsin Rapids","Mead El","Grades PreK-12","469",209,"44.562800                     ",260,"55.437100                     ",18,"3.837900                      ",73,"15.565000                     ",11,"2.345400                      ",17,"3.624700                      ",350,"74.626800                     "
"1998","13989","05","6685","0120","04","Elem      ","N","Wisconsin Rapids","Howe El","Grades PreK-12","376",190,"50.531900                     ",186,"49.468000                     ",4,"1.063800                      ",66,"17.553100                     ",3,"0.797800                      ",15,"3.989300                      ",288,"76.595700                     "
"1998","13990","05","6685","0160","04","High      ","N","Wisconsin Rapids","Lincoln Hi","Grades PreK-12","1628",796,"48.894300                     ",832,"51.105600                     ",16,"0.982800                      ",61,"3.746900                      ",8,"0.491400                      ",14,"0.859900                      ",1529,"93.918900                     "
"1998","13991","05","6685","0200","04","Elem      ","N","Wisconsin Rapids","Pitsch El","Grades PreK-12","151",69,"45.695300                     ",82,"54.304600                     ",1,"0.662200                      ",17,"11.258200                     ",0,"0.000000                      ",2,"1.324500                      ",131,"86.754900                     "
"1998","14031","05","6685","0220","04","Elem      ","N","Wisconsin Rapids","Rudolph El","Grades PreK-12","175",84,"48.000000                     ",91,"52.000000                     ",0,"0.000000                      ",5,"2.857100                      ",0,"0.000000                      ",1,"0.571400                      ",169,"96.571400                     "
"1998","14019","05","6685","0260","04","Elem      ","N","Wisconsin Rapids","Vesper El","Grades PreK-12","162",76,"46.913500                     ",86,"53.086400                     ",6,"3.703700                      ",0,"0.000000                      ",0,"0.000000                      ",3,"1.851800                      ",153,"94.444400                     "
"1998","13992","05","6685","0280","04","Elem      ","N","Wisconsin Rapids","Washington El","Grades PreK-12","401",193,"48.129600                     ",208,"51.870300                     ",5,"1.246800                      ",16,"3.990000                      ",1,"0.249300                      ",5,"1.246800                      ",374,"93.266800                     "
"1998","13993","05","6685","0290","04","Mid/Jr Hi ","N","Wisconsin Rapids","West Jr","Grades PreK-12","671",319,"47.540900                     ",352,"52.459000                     ",12,"1.788300                      ",33,"4.918000                      ",2,"0.298000                      ",9,"1.341200                      ",615,"91.654200                     "
"1998","13994","05","6685","0300","04","Elem      ","N","Wisconsin Rapids","Woodside El","Grades PreK-12","469",229,"48.827200                     ",240,"51.172700                     ",1,"0.213200                      ",10,"2.132100                      ",1,"0.213200                      ",2,"0.426400                      ",455,"97.014900                     "
