"year","agency_key","CESA","district_number","school_number","agency_type","school_type","charter","district_name","school_name","grade_label","total_enrollment_prek-12","number_female","percent_female","number_male","percent_male","number_am_ind","percent_am_ind","number_asian","percent_asian","number_black","percent_black","number_hispanic","percent_hispanic","number_white","percent_white"
"2002","48160","11","0119","","03","Elem      ","N","Amery","","Elementary School Type/ Prek-12","571",267,"46.760000                     ",304,"53.239900                     ",4,"0.700500                      ",3,"0.525300                      ",2,"0.350200                      ",3,"0.525300                      ",559,"97.898400                     "
"2002","48160","11","0119","","03","Mid/Jr Hi ","N","Amery","","Middle/Junior High School Type/ Prek-12","699",351,"50.214500                     ",348,"49.785400                     ",8,"1.144400                      ",3,"0.429100                      ",4,"0.572200                      ",13,"1.859700                      ",671,"95.994200                     "
"2002","48160","11","0119","","03","High      ","N","Amery","","High School Type/ PreK-12","600",298,"49.666600                     ",302,"50.333300                     ",13,"2.166600                      ",3,"0.500000                      ",1,"0.166600                      ",5,"0.833300                      ",578,"96.333300                     "
"2002","48160","11","0119","","03","El/Sec    ","N","Amery","","Combined Elementary/Secondary School Type/ Prek-12","0",0,"--                            ",0,"--                            ",0,"--                            ",0,"--                            ",0,"--                            ",0,"--                            ",0,"--                            "
"2002","48160","11","0119","","03","Summary   ","N","Amery","","Grades PreK-12","1870",916,"48.983900                     ",954,"51.016000                     ",25,"1.336800                      ",9,"0.481200                      ",7,"0.374300                      ",21,"1.122900                      ",1808,"96.684400                     "
"2002","46665","11","0119","0020","04","Elem      ","N","Amery","Lien El","Grades PreK-12","571",267,"46.760000                     ",304,"53.239900                     ",4,"0.700500                      ",3,"0.525300                      ",2,"0.350200                      ",3,"0.525300                      ",559,"97.898400                     "
"2002","46666","11","0119","0040","04","High      ","N","Amery","Amery Hi","Grades PreK-12","600",298,"49.666600                     ",302,"50.333300                     ",13,"2.166600                      ",3,"0.500000                      ",1,"0.166600                      ",5,"0.833300                      ",578,"96.333300                     "
"2002","46667","11","0119","0050","04","Mid/Jr Hi ","N","Amery","Lakeview Intermediate","Grades PreK-12","263",137,"52.091200                     ",126,"47.908700                     ",1,"0.380200                      ",0,"0.000000                      ",1,"0.380200                      ",6,"2.281300                      ",255,"96.958100                     "
"2002","46668","11","0119","0060","04","Mid/Jr Hi ","N","Amery","Amery Mid","Grades PreK-12","436",214,"49.082500                     ",222,"50.917400                     ",7,"1.605500                      ",3,"0.688000                      ",3,"0.688000                      ",7,"1.605500                      ",416,"95.412800                     "
"2002","48161","11","0231","","03","Elem      ","N","Baldwin-Woodville Area","","Elementary School Type/ Prek-12","495",245,"49.494900                     ",250,"50.505000                     ",0,"0.000000                      ",6,"1.212100                      ",12,"2.424200                      ",6,"1.212100                      ",471,"95.151500                     "
"2002","48161","11","0231","","03","Mid/Jr Hi ","N","Baldwin-Woodville Area","","Middle/Junior High School Type/ Prek-12","396",204,"51.515100                     ",192,"48.484800                     ",0,"0.000000                      ",1,"0.252500                      ",5,"1.262600                      ",3,"0.757500                      ",387,"97.727200                     "
"2002","48161","11","0231","","03","High      ","N","Baldwin-Woodville Area","","High School Type/ PreK-12","466",226,"48.497800                     ",240,"51.502100                     ",0,"0.000000                      ",6,"1.287500                      ",4,"0.858300                      ",1,"0.214500                      ",455,"97.639400                     "
"2002","48161","11","0231","","03","El/Sec    ","N","Baldwin-Woodville Area","","Combined Elementary/Secondary School Type/ Prek-12","0",0,"--                            ",0,"--                            ",0,"--                            ",0,"--                            ",0,"--                            ",0,"--                            ",0,"--                            "
"2002","48161","11","0231","","03","Summary   ","N","Baldwin-Woodville Area","","Grades PreK-12","1357",675,"49.742000                     ",682,"50.257900                     ",0,"0.000000                      ",13,"0.957900                      ",21,"1.547500                      ",10,"0.736900                      ",1313,"96.757500                     "
"2002","46669","11","0231","0040","04","High      ","N","Baldwin-Woodville Area","Baldwin-Woodville Hi","Grades PreK-12","466",226,"48.497800                     ",240,"51.502100                     ",0,"0.000000                      ",6,"1.287500                      ",4,"0.858300                      ",1,"0.214500                      ",455,"97.639400                     "
"2002","46672","11","0231","0070","04","Elem      ","N","Baldwin-Woodville Area","Greenfield El","Grades PreK-12","495",245,"49.494900                     ",250,"50.505000                     ",0,"0.000000                      ",6,"1.212100                      ",12,"2.424200                      ",6,"1.212100                      ",471,"95.151500                     "
"2002","46698","11","0231","0090","04","Mid/Jr Hi ","N","Baldwin-Woodville Area","Viking Mid","Grades PreK-12","396",204,"51.515100                     ",192,"48.484800                     ",0,"0.000000                      ",1,"0.252500                      ",5,"1.262600                      ",3,"0.757500                      ",387,"97.727200                     "
"2002","48231","11","0238","","03","Elem      ","N","Unity","","Elementary School Type/ Prek-12","523",258,"49.330700                     ",265,"50.669200                     ",32,"6.118500                      ",0,"0.000000                      ",2,"0.382400                      ",1,"0.191200                      ",488,"93.307800                     "
"2002","48231","11","0238","","03","Mid/Jr Hi ","N","Unity","","Middle/Junior High School Type/ Prek-12","268",145,"54.104400                     ",123,"45.895500                     ",24,"8.955200                      ",0,"0.000000                      ",1,"0.373100                      ",1,"0.373100                      ",242,"90.298500                     "
"2002","48231","11","0238","","03","High      ","N","Unity","","High School Type/ PreK-12","359",178,"49.582100                     ",181,"50.417800                     ",27,"7.520800                      ",0,"0.000000                      ",0,"0.000000                      ",2,"0.557100                      ",330,"91.922000                     "
"2002","48231","11","0238","","03","El/Sec    ","N","Unity","","Combined Elementary/Secondary School Type/ Prek-12","0",0,"--                            ",0,"--                            ",0,"--                            ",0,"--                            ",0,"--                            ",0,"--                            ",0,"--                            "
"2002","48231","11","0238","","03","Summary   ","N","Unity","","Grades PreK-12","1150",581,"50.521700                     ",569,"49.478200                     ",83,"7.217300                      ",0,"0.000000                      ",3,"0.260800                      ",4,"0.347800                      ",1060,"92.173900                     "
"2002","49377","11","0238","0060","04","Elem      ","N","Unity","Unity El","Grades PreK-12","523",258,"49.330700                     ",265,"50.669200                     ",32,"6.118500                      ",0,"0.000000                      ",2,"0.382400                      ",1,"0.191200                      ",488,"93.307800                     "
"2002","46941","11","0238","0100","04","High      ","N","Unity","Unity Hi","Grades PreK-12","359",178,"49.582100                     ",181,"50.417800                     ",27,"7.520800                      ",0,"0.000000                      ",0,"0.000000                      ",2,"0.557100                      ",330,"91.922000                     "
"2002","46942","11","0238","0120","04","Mid/Jr Hi ","N","Unity","Unity Mid","Grades PreK-12","268",145,"54.104400                     ",123,"45.895500                     ",24,"8.955200                      ",0,"0.000000                      ",1,"0.373100                      ",1,"0.373100                      ",242,"90.298500                     "
"2002","48232","11","0308","","03","Elem      ","N","Barron Area","","Elementary School Type/ Prek-12","606",279,"46.039600                     ",327,"53.960300                     ",7,"1.155100                      ",7,"1.155100                      ",9,"1.485100                      ",8,"1.320100                      ",575,"94.884400                     "
"2002","48232","11","0308","","03","Mid/Jr Hi ","N","Barron Area","","Middle/Junior High School Type/ Prek-12","329",160,"48.632200                     ",169,"51.367700                     ",2,"0.607900                      ",1,"0.303900                      ",2,"0.607900                      ",10,"3.039500                      ",314,"95.440700                     "
"2002","48232","11","0308","","03","High      ","N","Barron Area","","High School Type/ PreK-12","527",254,"48.197300                     ",273,"51.802600                     ",3,"0.569200                      ",6,"1.138500                      ",13,"2.466700                      ",10,"1.897500                      ",495,"93.927800                     "
"2002","48232","11","0308","","03","El/Sec    ","N","Barron Area","","Combined Elementary/Secondary School Type/ Prek-12","0",0,"--                            ",0,"--                            ",0,"--                            ",0,"--                            ",0,"--                            ",0,"--                            ",0,"--                            "
"2002","48232","11","0308","","03","Summary   ","N","Barron Area","","Grades PreK-12","1462",693,"47.400800                     ",769,"52.599100                     ",12,"0.820700                      ",14,"0.957500                      ",24,"1.641500                      ",28,"1.915100                      ",1384,"94.664800                     "
"2002","47829","11","0308","0020","04","Elem      ","N","Barron Area","Almena El","Grades PreK-12","84",39,"46.428500                     ",45,"53.571400                     ",2,"2.380900                      ",0,"0.000000                      ",0,"0.000000                      ",3,"3.571400                      ",79,"94.047600                     "
"2002","46943","11","0308","0030","04","High      ","N","Barron Area","Barron Hi","Grades PreK-12","519",249,"47.976800                     ",270,"52.023100                     ",3,"0.578000                      ",6,"1.156000                      ",13,"2.504800                      ",10,"1.926700                      ",487,"93.834200                     "
"2002","47781","11","0308","0080","04","Elem      ","N","Barron Area","Dallas Early Learning Center","Grades PreK-12","18",7,"38.888800                     ",11,"61.111100                     ",0,"0.000000                      ",0,"0.000000                      ",0,"0.000000                      ",0,"0.000000                      ",18,"100.000000                    "
"2002","47811","11","0308","0120","04","Elem      ","N","Barron Area","Ridgeland El","Grades PreK-12","93",47,"50.537600                     ",46,"49.462300                     ",2,"2.150500                      ",1,"1.075200                      ",0,"0.000000                      ",0,"0.000000                      ",90,"96.774100                     "
"2002","46944","11","0308","0140","04","Mid/Jr Hi ","N","Barron Area","Riverview Mid","Grades PreK-12","329",160,"48.632200                     ",169,"51.367700                     ",2,"0.607900                      ",1,"0.303900                      ",2,"0.607900                      ",10,"3.039500                      ",314,"95.440700                     "
"2002","46945","11","0308","0160","04","Elem      ","N","Barron Area","Woodland El","Grades PreK-12","411",186,"45.255400                     ",225,"54.744500                     ",3,"0.729900                      ",6,"1.459800                      ",9,"2.189700                      ",5,"1.216500                      ",388,"94.403800                     "
"2002","50028","11","0308","9410","4C","High      ","Y","Barron Area","Barron County Learning Center","Grades PreK-12","8",5,"62.500000                     ",3,"37.500000                     ",0,"0.000000                      ",0,"0.000000                      ",0,"0.000000                      ",0,"0.000000                      ",8,"100.000000                    "
"2002","48234","11","0441","","03","Elem      ","N","Birchwood","","Elementary School Type/ Prek-12","199",98,"49.246200                     ",101,"50.753700                     ",5,"2.512500                      ",0,"0.000000                      ",1,"0.502500                      ",7,"3.517500                      ",186,"93.467300                     "
"2002","48234","11","0441","","03","Mid/Jr Hi ","N","Birchwood","","Middle/Junior High School Type/ Prek-12","0",0,"--                            ",0,"--                            ",0,"--                            ",0,"--                            ",0,"--                            ",0,"--                            ",0,"--                            "
"2002","48234","11","0441","","03","High      ","N","Birchwood","","High School Type/ PreK-12","111",55,"49.549500                     ",56,"50.450400                     ",2,"1.801800                      ",0,"0.000000                      ",0,"0.000000                      ",1,"0.900900                      ",108,"97.297200                     "
"2002","48234","11","0441","","03","El/Sec    ","N","Birchwood","","Combined Elementary/Secondary School Type/ Prek-12","0",0,"--                            ",0,"--                            ",0,"--                            ",0,"--                            ",0,"--                            ",0,"--                            ",0,"--                            "
"2002","48234","11","0441","","03","Summary   ","N","Birchwood","","Grades PreK-12","310",153,"49.354800                     ",157,"50.645100                     ",7,"2.258000                      ",0,"0.000000                      ",1,"0.322500                      ",8,"2.580600                      ",294,"94.838700                     "
"2002","46949","11","0441","0020","04","Elem      ","N","Birchwood","Birchwood El","Grades PreK-12","199",98,"49.246200                     ",101,"50.753700                     ",5,"2.512500                      ",0,"0.000000                      ",1,"0.502500                      ",7,"3.517500                      ",186,"93.467300                     "
"2002","46950","11","0441","0040","04","High      ","N","Birchwood","Birchwood Hi","Grades PreK-12","111",55,"49.549500                     ",56,"50.450400                     ",2,"1.801800                      ",0,"0.000000                      ",0,"0.000000                      ",1,"0.900900                      ",108,"97.297200                     "
"2002","48221","11","0637","","03","Elem      ","N","Boyceville Community","","Elementary School Type/ Prek-12","424",221,"52.122600                     ",203,"47.877300                     ",0,"0.000000                      ",0,"0.000000                      ",3,"0.707500                      ",1,"0.235800                      ",420,"99.056600                     "
"2002","48221","11","0637","","03","Mid/Jr Hi ","N","Boyceville Community","","Middle/Junior High School Type/ Prek-12","215",111,"51.627900                     ",104,"48.372000                     ",0,"0.000000                      ",3,"1.395300                      ",1,"0.465100                      ",1,"0.465100                      ",210,"97.674400                     "
"2002","48221","11","0637","","03","High      ","N","Boyceville Community","","High School Type/ PreK-12","314",160,"50.955400                     ",154,"49.044500                     ",1,"0.318400                      ",1,"0.318400                      ",1,"0.318400                      ",4,"1.273800                      ",307,"97.770700                     "
"2002","48221","11","0637","","03","El/Sec    ","N","Boyceville Community","","Combined Elementary/Secondary School Type/ Prek-12","0",0,"--                            ",0,"--                            ",0,"--                            ",0,"--                            ",0,"--                            ",0,"--                            ",0,"--                            "
"2002","48221","11","0637","","03","Summary   ","N","Boyceville Community","","Grades PreK-12","953",492,"51.626400                     ",461,"48.373500                     ",1,"0.104900                      ",4,"0.419700                      ",5,"0.524600                      ",6,"0.629500                      ",937,"98.321000                     "
"2002","46907","11","0637","0020","04","Elem      ","N","Boyceville Community","Tiffany Creek El","Grades PreK-12","424",221,"52.122600                     ",203,"47.877300                     ",0,"0.000000                      ",0,"0.000000                      ",3,"0.707500                      ",1,"0.235800                      ",420,"99.056600                     "
"2002","46908","11","0637","0040","04","High      ","N","Boyceville Community","Boyceville Hi","Grades PreK-12","314",160,"50.955400                     ",154,"49.044500                     ",1,"0.318400                      ",1,"0.318400                      ",1,"0.318400                      ",4,"1.273800                      ",307,"97.770700                     "
"2002","49321","11","0637","0200","04","Mid/Jr Hi ","N","Boyceville Community","Boyceville Middle Sch","Grades PreK-12","215",111,"51.627900                     ",104,"48.372000                     ",0,"0.000000                      ",3,"1.395300                      ",1,"0.465100                      ",1,"0.465100                      ",210,"97.674400                     "
"2002","48236","11","0903","","03","Elem      ","N","Cameron","","Elementary School Type/ Prek-12","325",177,"54.461500                     ",148,"45.538400                     ",0,"0.000000                      ",2,"0.615300                      ",0,"0.000000                      ",1,"0.307600                      ",322,"99.076900                     "
"2002","48236","11","0903","","03","Mid/Jr Hi ","N","Cameron","","Middle/Junior High School Type/ Prek-12","251",115,"45.816700                     ",136,"54.183200                     ",1,"0.398400                      ",1,"0.398400                      ",1,"0.398400                      ",0,"0.000000                      ",248,"98.804700                     "
"2002","48236","11","0903","","03","High      ","N","Cameron","","High School Type/ PreK-12","282",128,"45.390000                     ",154,"54.609900                     ",4,"1.418400                      ",2,"0.709200                      ",0,"0.000000                      ",5,"1.773000                      ",271,"96.099200                     "
"2002","48236","11","0903","","03","El/Sec    ","N","Cameron","","Combined Elementary/Secondary School Type/ Prek-12","0",0,"--                            ",0,"--                            ",0,"--                            ",0,"--                            ",0,"--                            ",0,"--                            ",0,"--                            "
"2002","48236","11","0903","","03","Summary   ","N","Cameron","","Grades PreK-12","858",420,"48.951000                     ",438,"51.048900                     ",5,"0.582700                      ",5,"0.582700                      ",1,"0.116500                      ",6,"0.699300                      ",841,"98.018600                     "
"2002","46952","11","0903","0020","04","Elem      ","N","Cameron","Cameron El","Grades PreK-12","325",177,"54.461500                     ",148,"45.538400                     ",0,"0.000000                      ",2,"0.615300                      ",0,"0.000000                      ",1,"0.307600                      ",322,"99.076900                     "
"2002","46953","11","0903","0040","04","High      ","N","Cameron","Cameron Hi","Grades PreK-12","276",125,"45.289800                     ",151,"54.710100                     ",3,"1.086900                      ",1,"0.362300                      ",0,"0.000000                      ",5,"1.811500                      ",267,"96.739100                     "
"2002","49306","11","0903","0200","04","Mid/Jr Hi ","N","Cameron","Cameron Mid","Grades PreK-12","251",115,"45.816700                     ",136,"54.183200                     ",1,"0.398400                      ",1,"0.398400                      ",1,"0.398400                      ",0,"0.000000                      ",248,"98.804700                     "
"2002","50029","11","0903","9410","4C","High      ","Y","Cameron","Barron County Learning Center","Grades PreK-12","6",3,"50.000000                     ",3,"50.000000                     ",1,"16.666600                     ",1,"16.666600                     ",0,"0.000000                      ",0,"0.000000                      ",4,"66.666600                     "
"2002","48223","11","1078","","03","Elem      ","N","Chetek","","Elementary School Type/ Prek-12","467",203,"43.468900                     ",264,"56.531000                     ",0,"0.000000                      ",4,"0.856500                      ",6,"1.284700                      ",3,"0.642300                      ",454,"97.216200                     "
"2002","48223","11","1078","","03","Mid/Jr Hi ","N","Chetek","","Middle/Junior High School Type/ Prek-12","270",134,"49.629600                     ",136,"50.370300                     ",0,"0.000000                      ",4,"1.481400                      ",1,"0.370300                      ",1,"0.370300                      ",264,"97.777700                     "
"2002","48223","11","1078","","03","High      ","N","Chetek","","High School Type/ PreK-12","358",182,"50.837900                     ",176,"49.162000                     ",3,"0.837900                      ",2,"0.558600                      ",2,"0.558600                      ",0,"0.000000                      ",351,"98.044600                     "
"2002","48223","11","1078","","03","El/Sec    ","N","Chetek","","Combined Elementary/Secondary School Type/ Prek-12","0",0,"--                            ",0,"--                            ",0,"--                            ",0,"--                            ",0,"--                            ",0,"--                            ",0,"--                            "
"2002","48223","11","1078","","03","Summary   ","N","Chetek","","Grades PreK-12","1095",519,"47.397200                     ",576,"52.602700                     ",3,"0.273900                      ",10,"0.913200                      ",9,"0.821900                      ",4,"0.365200                      ",1069,"97.625500                     "
"2002","46912","11","1078","0040","04","High      ","N","Chetek","Chetek Hi","Grades PreK-12","358",182,"50.837900                     ",176,"49.162000                     ",3,"0.837900                      ",2,"0.558600                      ",2,"0.558600                      ",0,"0.000000                      ",351,"98.044600                     "
"2002","46913","11","1078","0060","04","Mid/Jr Hi ","N","Chetek","Chetek Mid","Grades PreK-12","270",134,"49.629600                     ",136,"50.370300                     ",0,"0.000000                      ",4,"1.481400                      ",1,"0.370300                      ",1,"0.370300                      ",264,"97.777700                     "
"2002","46914","11","1078","0080","04","Elem      ","N","Chetek","Roselawn El","Grades PreK-12","467",203,"43.468900                     ",264,"56.531000                     ",0,"0.000000                      ",4,"0.856500                      ",6,"1.284700                      ",3,"0.642300                      ",454,"97.216200                     "
"2002","48162","11","1120","","03","Elem      ","N","Clayton","","Elementary School Type/ Prek-12","203",113,"55.665000                     ",90,"44.334900                     ",0,"0.000000                      ",3,"1.477800                      ",0,"0.000000                      ",0,"0.000000                      ",200,"98.522100                     "
"2002","48162","11","1120","","03","Mid/Jr Hi ","N","Clayton","","Middle/Junior High School Type/ Prek-12","84",44,"52.380900                     ",40,"47.619000                     ",0,"0.000000                      ",3,"3.571400                      ",1,"1.190400                      ",0,"0.000000                      ",80,"95.238000                     "
"2002","48162","11","1120","","03","High      ","N","Clayton","","High School Type/ PreK-12","110",54,"49.090900                     ",56,"50.909000                     ",0,"0.000000                      ",1,"0.909000                      ",1,"0.909000                      ",0,"0.000000                      ",108,"98.181800                     "
"2002","48162","11","1120","","03","El/Sec    ","N","Clayton","","Combined Elementary/Secondary School Type/ Prek-12","0",0,"--                            ",0,"--                            ",0,"--                            ",0,"--                            ",0,"--                            ",0,"--                            ",0,"--                            "
"2002","48162","11","1120","","03","Summary   ","N","Clayton","","Grades PreK-12","397",211,"53.148600                     ",186,"46.851300                     ",0,"0.000000                      ",7,"1.763200                      ",2,"0.503700                      ",0,"0.000000                      ",388,"97.732900                     "
"2002","46673","11","1120","0020","04","Elem      ","N","Clayton","Clayton El","Grades PreK-12","203",113,"55.665000                     ",90,"44.334900                     ",0,"0.000000                      ",3,"1.477800                      ",0,"0.000000                      ",0,"0.000000                      ",200,"98.522100                     "
"2002","46674","11","1120","0040","04","High      ","N","Clayton","Clayton Hi","Grades PreK-12","110",54,"49.090900                     ",56,"50.909000                     ",0,"0.000000                      ",1,"0.909000                      ",1,"0.909000                      ",0,"0.000000                      ",108,"98.181800                     "
"2002","46675","11","1120","0060","04","Mid/Jr Hi ","N","Clayton","Clayton Mid","Grades PreK-12","84",44,"52.380900                     ",40,"47.619000                     ",0,"0.000000                      ",3,"3.571400                      ",1,"1.190400                      ",0,"0.000000                      ",80,"95.238000                     "
"2002","48163","11","1127","","03","Elem      ","N","Clear Lake","","Elementary School Type/ Prek-12","375",180,"48.000000                     ",195,"52.000000                     ",0,"0.000000                      ",0,"0.000000                      ",0,"0.000000                      ",0,"0.000000                      ",375,"100.000000                    "
"2002","48163","11","1127","","03","Mid/Jr Hi ","N","Clear Lake","","Middle/Junior High School Type/ Prek-12","99",45,"45.454500                     ",54,"54.545400                     ",0,"0.000000                      ",0,"0.000000                      ",0,"0.000000                      ",0,"0.000000                      ",99,"100.000000                    "
"2002","48163","11","1127","","03","High      ","N","Clear Lake","","High School Type/ PreK-12","229",125,"54.585100                     ",104,"45.414800                     ",0,"0.000000                      ",0,"0.000000                      ",1,"0.436600                      ",0,"0.000000                      ",228,"99.563300                     "
"2002","48163","11","1127","","03","El/Sec    ","N","Clear Lake","","Combined Elementary/Secondary School Type/ Prek-12","0",0,"--                            ",0,"--                            ",0,"--                            ",0,"--                            ",0,"--                            ",0,"--                            ",0,"--                            "
"2002","48163","11","1127","","03","Summary   ","N","Clear Lake","","Grades PreK-12","703",350,"49.786600                     ",353,"50.213300                     ",0,"0.000000                      ",0,"0.000000                      ",1,"0.142200                      ",0,"0.000000                      ",702,"99.857700                     "
"2002","46676","11","1127","0020","04","Elem      ","N","Clear Lake","Gaylord A Nelson Educ Center","Grades PreK-12","375",180,"48.000000                     ",195,"52.000000                     ",0,"0.000000                      ",0,"0.000000                      ",0,"0.000000                      ",0,"0.000000                      ",375,"100.000000                    "
"2002","46677","11","1127","0040","04","High      ","N","Clear Lake","Clear Lake Hi","Grades PreK-12","229",125,"54.585100                     ",104,"45.414800                     ",0,"0.000000                      ",0,"0.000000                      ",1,"0.436600                      ",0,"0.000000                      ",228,"99.563300                     "
"2002","46678","11","1127","0060","04","Mid/Jr Hi ","N","Clear Lake","Clear Lake Jr","Grades PreK-12","99",45,"45.454500                     ",54,"54.545400                     ",0,"0.000000                      ",0,"0.000000                      ",0,"0.000000                      ",0,"0.000000                      ",99,"100.000000                    "
"2002","48451","11","1176","","03","Elem      ","N","Colfax","","Elementary School Type/ Prek-12","558",284,"50.896000                     ",274,"49.103900                     ",5,"0.896000                      ",3,"0.537600                      ",0,"0.000000                      ",1,"0.179200                      ",549,"98.387000                     "
"2002","48451","11","1176","","03","Mid/Jr Hi ","N","Colfax","","Middle/Junior High School Type/ Prek-12","0",0,"--                            ",0,"--                            ",0,"--                            ",0,"--                            ",0,"--                            ",0,"--                            ",0,"--                            "
"2002","48451","11","1176","","03","High      ","N","Colfax","","High School Type/ PreK-12","294",139,"47.278900                     ",155,"52.721000                     ",1,"0.340100                      ",2,"0.680200                      ",0,"0.000000                      ",2,"0.680200                      ",289,"98.299300                     "
"2002","48451","11","1176","","03","El/Sec    ","N","Colfax","","Combined Elementary/Secondary School Type/ Prek-12","0",0,"--                            ",0,"--                            ",0,"--                            ",0,"--                            ",0,"--                            ",0,"--                            ",0,"--                            "
"2002","48451","11","1176","","03","Summary   ","N","Colfax","","Grades PreK-12","852",423,"49.647800                     ",429,"50.352100                     ",6,"0.704200                      ",5,"0.586800                      ",0,"0.000000                      ",3,"0.352100                      ",838,"98.356800                     "
"2002","49404","11","1176","0020","04","Elem      ","N","Colfax","Colfax El","Grades PreK-12","558",284,"50.896000                     ",274,"49.103900                     ",5,"0.896000                      ",3,"0.537600                      ",0,"0.000000                      ",1,"0.179200                      ",549,"98.387000                     "
"2002","47778","11","1176","0040","04","High      ","N","Colfax","Colfax Hi","Grades PreK-12","266",121,"45.488700                     ",145,"54.511200                     ",1,"0.375900                      ",2,"0.751800                      ",0,"0.000000                      ",2,"0.751800                      ",261,"98.120300                     "
"2002","49279","11","1176","0300","04","Mid/Jr Hi ","Y","Colfax","Academic Center-Middle School","Grades PreK-12","4",2,"50.000000                     ",2,"50.000000                     ",0,"0.000000                      ",0,"0.000000                      ",0,"0.000000                      ",0,"0.000000                      ",4,"100.000000                    "
"2002","48985","11","1176","0400","04","High      ","Y","Colfax","Academic Center","Grades PreK-12","28",18,"64.285700                     ",10,"35.714200                     ",0,"0.000000                      ",0,"0.000000                      ",0,"0.000000                      ",0,"0.000000                      ",28,"100.000000                    "
"2002","48468","11","1260","","03","Elem      ","N","Cumberland","","Elementary School Type/ Prek-12","462",206,"44.588700                     ",256,"55.411200                     ",30,"6.493500                      ",5,"1.082200                      ",5,"1.082200                      ",22,"4.761900                      ",400,"86.580000                     "
"2002","48468","11","1260","","03","Mid/Jr Hi ","N","Cumberland","","Middle/Junior High School Type/ Prek-12","377",166,"44.031800                     ",211,"55.968100                     ",19,"5.039700                      ",1,"0.265200                      ",2,"0.530500                      ",10,"2.652500                      ",345,"91.511900                     "
"2002","48468","11","1260","","03","High      ","N","Cumberland","","High School Type/ PreK-12","428",190,"44.392500                     ",238,"55.607400                     ",18,"4.205600                      ",4,"0.934500                      ",1,"0.233600                      ",13,"3.037300                      ",392,"91.588700                     "
"2002","48468","11","1260","","03","El/Sec    ","N","Cumberland","","Combined Elementary/Secondary School Type/ Prek-12","0",0,"--                            ",0,"--                            ",0,"--                            ",0,"--                            ",0,"--                            ",0,"--                            ",0,"--                            "
"2002","48468","11","1260","","03","Summary   ","N","Cumberland","","Grades PreK-12","1267",562,"44.356700                     ",705,"55.643200                     ",67,"5.288000                      ",10,"0.789200                      ",8,"0.631400                      ",45,"3.551600                      ",1137,"89.739500                     "
"2002","46954","11","1260","0040","04","Elem      ","N","Cumberland","Cumberland El","Grades PreK-12","462",206,"44.588700                     ",256,"55.411200                     ",30,"6.493500                      ",5,"1.082200                      ",5,"1.082200                      ",22,"4.761900                      ",400,"86.580000                     "
"2002","46955","11","1260","0050","04","Mid/Jr Hi ","N","Cumberland","Cumberland Mid","Grades PreK-12","377",166,"44.031800                     ",211,"55.968100                     ",19,"5.039700                      ",1,"0.265200                      ",2,"0.530500                      ",10,"2.652500                      ",345,"91.511900                     "
"2002","47836","11","1260","0060","04","High      ","N","Cumberland","Cumberland Hi","Grades PreK-12","428",190,"44.392500                     ",238,"55.607400                     ",18,"4.205600                      ",4,"0.934500                      ",1,"0.233600                      ",13,"3.037300                      ",392,"91.588700                     "
"2002","50030","11","1260","9410","4C","High      ","Y","Cumberland","Barron County Learning Center","Grades PreK-12","3",1,"33.333300                     ",2,"66.666600                     ",0,"0.000000                      ",0,"0.000000                      ",0,"0.000000                      ",0,"0.000000                      ",3,"100.000000                    "
"2002","48453","11","1499","","03","Elem      ","N","Durand","","Elementary School Type/ Prek-12","387",178,"45.994800                     ",209,"54.005100                     ",1,"0.258300                      ",1,"0.258300                      ",0,"0.000000                      ",3,"0.775100                      ",382,"98.708000                     "
"2002","48453","11","1499","","03","Mid/Jr Hi ","N","Durand","","Middle/Junior High School Type/ Prek-12","288",136,"47.222200                     ",152,"52.777700                     ",1,"0.347200                      ",1,"0.347200                      ",1,"0.347200                      ",0,"0.000000                      ",285,"98.958300                     "
"2002","48453","11","1499","","03","High      ","N","Durand","","High School Type/ PreK-12","499",266,"53.306600                     ",233,"46.693300                     ",0,"0.000000                      ",5,"1.002000                      ",2,"0.400800                      ",0,"0.000000                      ",492,"98.597100                     "
"2002","48453","11","1499","","03","El/Sec    ","N","Durand","","Combined Elementary/Secondary School Type/ Prek-12","0",0,"--                            ",0,"--                            ",0,"--                            ",0,"--                            ",0,"--                            ",0,"--                            ",0,"--                            "
"2002","48453","11","1499","","03","Summary   ","N","Durand","","Grades PreK-12","1174",580,"49.403700                     ",594,"50.596200                     ",2,"0.170300                      ",7,"0.596200                      ",3,"0.255500                      ",3,"0.255500                      ",1159,"98.722300                     "
"2002","47783","11","1499","0020","04","Elem      ","N","Durand","Caddie Woodlawn El","Grades PreK-12","387",178,"45.994800                     ",209,"54.005100                     ",1,"0.258300                      ",1,"0.258300                      ",0,"0.000000                      ",3,"0.775100                      ",382,"98.708000                     "
"2002","47784","11","1499","0040","04","High      ","N","Durand","Durand Hi","Grades PreK-12","499",266,"53.306600                     ",233,"46.693300                     ",0,"0.000000                      ",5,"1.002000                      ",2,"0.400800                      ",0,"0.000000                      ",492,"98.597100                     "
"2002","47771","11","1499","0060","04","Mid/Jr Hi ","N","Durand","Arkansaw Mid","Grades PreK-12","288",136,"47.222200                     ",152,"52.777700                     ",1,"0.347200                      ",1,"0.347200                      ",1,"0.347200                      ",0,"0.000000                      ",285,"98.958300                     "
"2002","48454","11","1645","","03","Elem      ","N","Elk Mound Area","","Elementary School Type/ Prek-12","414",212,"51.207700                     ",202,"48.792200                     ",6,"1.449200                      ",27,"6.521700                      ",1,"0.241500                      ",3,"0.724600                      ",377,"91.062800                     "
"2002","48454","11","1645","","03","Mid/Jr Hi ","N","Elk Mound Area","","Middle/Junior High School Type/ Prek-12","184",94,"51.086900                     ",90,"48.913000                     ",1,"0.543400                      ",8,"4.347800                      ",0,"0.000000                      ",4,"2.173900                      ",171,"92.934700                     "
"2002","48454","11","1645","","03","High      ","N","Elk Mound Area","","High School Type/ PreK-12","279",138,"49.462300                     ",141,"50.537600                     ",1,"0.358400                      ",15,"5.376300                      ",0,"0.000000                      ",2,"0.716800                      ",261,"93.548300                     "
"2002","48454","11","1645","","03","El/Sec    ","N","Elk Mound Area","","Combined Elementary/Secondary School Type/ Prek-12","0",0,"--                            ",0,"--                            ",0,"--                            ",0,"--                            ",0,"--                            ",0,"--                            ",0,"--                            "
"2002","48454","11","1645","","03","Summary   ","N","Elk Mound Area","","Grades PreK-12","877",444,"50.627100                     ",433,"49.372800                     ",8,"0.912200                      ",50,"5.701200                      ",1,"0.114000                      ",9,"1.026200                      ",809,"92.246200                     "
"2002","47787","11","1645","0020","04","Mid/Jr Hi ","N","Elk Mound Area","Elk Mound Mid","Grades PreK-12","184",94,"51.086900                     ",90,"48.913000                     ",1,"0.543400                      ",8,"4.347800                      ",0,"0.000000                      ",4,"2.173900                      ",171,"92.934700                     "
"2002","47789","11","1645","0040","04","High      ","N","Elk Mound Area","Elk Mound Hi","Grades PreK-12","279",138,"49.462300                     ",141,"50.537600                     ",1,"0.358400                      ",15,"5.376300                      ",0,"0.000000                      ",2,"0.716800                      ",261,"93.548300                     "
"2002","47790","11","1645","0060","04","Elem      ","N","Elk Mound Area","Mound View El","Grades PreK-12","414",212,"51.207700                     ",202,"48.792200                     ",6,"1.449200                      ",27,"6.521700                      ",1,"0.241500                      ",3,"0.724600                      ",377,"91.062800                     "
"2002","48357","11","1659","","03","Elem      ","N","Ellsworth Community","","Elementary School Type/ Prek-12","696",311,"44.683900                     ",385,"55.316000                     ",3,"0.431000                      ",4,"0.574700                      ",3,"0.431000                      ",4,"0.574700                      ",682,"97.988500                     "
"2002","48357","11","1659","","03","Mid/Jr Hi ","N","Ellsworth Community","","Middle/Junior High School Type/ Prek-12","444",214,"48.198100                     ",230,"51.801800                     ",2,"0.450400                      ",4,"0.900900                      ",0,"0.000000                      ",7,"1.576500                      ",431,"97.072000                     "
"2002","48357","11","1659","","03","High      ","N","Ellsworth Community","","High School Type/ PreK-12","677",323,"47.710400                     ",354,"52.289500                     ",9,"1.329300                      ",6,"0.886200                      ",2,"0.295400                      ",8,"1.181600                      ",652,"96.307200                     "
"2002","48357","11","1659","","03","El/Sec    ","N","Ellsworth Community","","Combined Elementary/Secondary School Type/ Prek-12","0",0,"--                            ",0,"--                            ",0,"--                            ",0,"--                            ",0,"--                            ",0,"--                            ",0,"--                            "
"2002","48357","11","1659","","03","Summary   ","N","Ellsworth Community","","Grades PreK-12","1817",848,"46.670300                     ",969,"53.329600                     ",14,"0.770500                      ",14,"0.770500                      ",5,"0.275100                      ",19,"1.045600                      ",1765,"97.138100                     "
"2002","46680","11","1659","0020","04","Mid/Jr Hi ","N","Ellsworth Community","Ellsworth Mid","Grades PreK-12","444",214,"48.198100                     ",230,"51.801800                     ",2,"0.450400                      ",4,"0.900900                      ",0,"0.000000                      ",7,"1.576500                      ",431,"97.072000                     "
"2002","46681","11","1659","0040","04","High      ","N","Ellsworth Community","Ellsworth Hi","Grades PreK-12","677",323,"47.710400                     ",354,"52.289500                     ",9,"1.329300                      ",6,"0.886200                      ",2,"0.295400                      ",8,"1.181600                      ",652,"96.307200                     "
"2002","46683","11","1659","0060","04","Elem      ","N","Ellsworth Community","Hillcrest El","Grades PreK-12","270",120,"44.444400                     ",150,"55.555500                     ",2,"0.740700                      ",0,"0.000000                      ",0,"0.000000                      ",2,"0.740700                      ",266,"98.518500                     "
"2002","49393","11","1659","0080","04","Elem      ","N","Ellsworth Community","Lindgren El","Grades PreK-12","100",39,"39.000000                     ",61,"61.000000                     ",0,"0.000000                      ",0,"0.000000                      ",0,"0.000000                      ",0,"0.000000                      ",100,"100.000000                    "
"2002","47414","11","1659","0120","04","Elem      ","N","Ellsworth Community","Prairie View El","Grades PreK-12","204",88,"43.137200                     ",116,"56.862700                     ",1,"0.490100                      ",4,"1.960700                      ",2,"0.980300                      ",2,"0.980300                      ",195,"95.588200                     "
"2002","46684","11","1659","0140","04","Elem      ","N","Ellsworth Community","Sunnyside El","Grades PreK-12","122",64,"52.459000                     ",58,"47.540900                     ",0,"0.000000                      ",0,"0.000000                      ",1,"0.819600                      ",0,"0.000000                      ",121,"99.180300                     "
"2002","48455","11","1666","","03","Elem      ","N","Elmwood","","Elementary School Type/ Prek-12","198",104,"52.525200                     ",94,"47.474700                     ",0,"0.000000                      ",0,"0.000000                      ",0,"0.000000                      ",0,"0.000000                      ",198,"100.000000                    "
"2002","48455","11","1666","","03","Mid/Jr Hi ","N","Elmwood","","Middle/Junior High School Type/ Prek-12","56",25,"44.642800                     ",31,"55.357100                     ",0,"0.000000                      ",0,"0.000000                      ",0,"0.000000                      ",0,"0.000000                      ",56,"100.000000                    "
"2002","48455","11","1666","","03","High      ","N","Elmwood","","High School Type/ PreK-12","132",72,"54.545400                     ",60,"45.454500                     ",0,"0.000000                      ",0,"0.000000                      ",0,"0.000000                      ",0,"0.000000                      ",132,"100.000000                    "
"2002","48455","11","1666","","03","El/Sec    ","N","Elmwood","","Combined Elementary/Secondary School Type/ Prek-12","0",0,"--                            ",0,"--                            ",0,"--                            ",0,"--                            ",0,"--                            ",0,"--                            ",0,"--                            "
"2002","48455","11","1666","","03","Summary   ","N","Elmwood","","Grades PreK-12","386",201,"52.072500                     ",185,"47.927400                     ",0,"0.000000                      ",0,"0.000000                      ",0,"0.000000                      ",0,"0.000000                      ",386,"100.000000                    "
"2002","47791","11","1666","0020","04","Elem      ","N","Elmwood","Elmwood El","Grades PreK-12","198",104,"52.525200                     ",94,"47.474700                     ",0,"0.000000                      ",0,"0.000000                      ",0,"0.000000                      ",0,"0.000000                      ",198,"100.000000                    "
"2002","47792","11","1666","0030","04","Mid/Jr Hi ","N","Elmwood","Elmwood Mid","Grades PreK-12","56",25,"44.642800                     ",31,"55.357100                     ",0,"0.000000                      ",0,"0.000000                      ",0,"0.000000                      ",0,"0.000000                      ",56,"100.000000                    "
"2002","47793","11","1666","0040","04","High      ","N","Elmwood","Elmwood Hi","Grades PreK-12","132",72,"54.545400                     ",60,"45.454500                     ",0,"0.000000                      ",0,"0.000000                      ",0,"0.000000                      ",0,"0.000000                      ",132,"100.000000                    "
"2002","48470","11","1939","","03","Elem      ","N","Frederic","","Elementary School Type/ Prek-12","278",128,"46.043100                     ",150,"53.956800                     ",12,"4.316500                      ",7,"2.517900                      ",2,"0.719400                      ",0,"0.000000                      ",257,"92.446000                     "
"2002","48470","11","1939","","03","Mid/Jr Hi ","N","Frederic","","Middle/Junior High School Type/ Prek-12","0",0,"--                            ",0,"--                            ",0,"--                            ",0,"--                            ",0,"--                            ",0,"--                            ",0,"--                            "
"2002","48470","11","1939","","03","High      ","N","Frederic","","High School Type/ PreK-12","305",157,"51.475400                     ",148,"48.524500                     ",12,"3.934400                      ",3,"0.983600                      ",3,"0.983600                      ",0,"0.000000                      ",287,"94.098300                     "
"2002","48470","11","1939","","03","El/Sec    ","N","Frederic","","Combined Elementary/Secondary School Type/ Prek-12","0",0,"--                            ",0,"--                            ",0,"--                            ",0,"--                            ",0,"--                            ",0,"--                            ",0,"--                            "
"2002","48470","11","1939","","03","Summary   ","N","Frederic","","Grades PreK-12","583",285,"48.885000                     ",298,"51.114900                     ",24,"4.116600                      ",10,"1.715200                      ",5,"0.857600                      ",0,"0.000000                      ",544,"93.310400                     "
"2002","47844","11","1939","0020","04","Elem      ","N","Frederic","Frederic El","Grades PreK-12","278",128,"46.043100                     ",150,"53.956800                     ",12,"4.316500                      ",7,"2.517900                      ",2,"0.719400                      ",0,"0.000000                      ",257,"92.446000                     "
"2002","47845","11","1939","0040","04","High      ","N","Frederic","Frederic 7-12 Sch","Grades PreK-12","305",157,"51.475400                     ",148,"48.524500                     ",12,"3.934400                      ",3,"0.983600                      ",3,"0.983600                      ",0,"0.000000                      ",287,"94.098300                     "
"2002","48360","11","2198","","03","Elem      ","N","Glenwood City","","Elementary School Type/ Prek-12","438",200,"45.662100                     ",238,"54.337800                     ",0,"0.000000                      ",5,"1.141500                      ",0,"0.000000                      ",10,"2.283100                      ",423,"96.575300                     "
"2002","48360","11","2198","","03","Mid/Jr Hi ","N","Glenwood City","","Middle/Junior High School Type/ Prek-12","142",69,"48.591500                     ",73,"51.408400                     ",0,"0.000000                      ",2,"1.408400                      ",0,"0.000000                      ",0,"0.000000                      ",140,"98.591500                     "
"2002","48360","11","2198","","03","High      ","N","Glenwood City","","High School Type/ PreK-12","289",142,"49.134900                     ",147,"50.865000                     ",0,"0.000000                      ",5,"1.730100                      ",1,"0.346000                      ",1,"0.346000                      ",282,"97.577800                     "
"2002","48360","11","2198","","03","El/Sec    ","N","Glenwood City","","Combined Elementary/Secondary School Type/ Prek-12","0",0,"--                            ",0,"--                            ",0,"--                            ",0,"--                            ",0,"--                            ",0,"--                            ",0,"--                            "
"2002","48360","11","2198","","03","Summary   ","N","Glenwood City","","Grades PreK-12","869",411,"47.295700                     ",458,"52.704200                     ",0,"0.000000                      ",12,"1.380800                      ",1,"0.115000                      ",11,"1.265800                      ",845,"97.238200                     "
"2002","47410","11","2198","0060","04","Elem      ","N","Glenwood City","Glenwood City El","Grades PreK-12","356",161,"45.224700                     ",195,"54.775200                     ",0,"0.000000                      ",5,"1.404400                      ",0,"0.000000                      ",7,"1.966200                      ",344,"96.629200                     "
"2002","47411","11","2198","0080","04","High      ","N","Glenwood City","Glenwood City Hi","Grades PreK-12","281",137,"48.754400                     ",144,"51.245500                     ",0,"0.000000                      ",5,"1.779300                      ",1,"0.355800                      ",1,"0.355800                      ",274,"97.508800                     "
"2002","47412","11","2198","0100","04","Mid/Jr Hi ","N","Glenwood City","Glenwood City Jr","Grades PreK-12","142",69,"48.591500                     ",73,"51.408400                     ",0,"0.000000                      ",2,"1.408400                      ",0,"0.000000                      ",0,"0.000000                      ",140,"98.591500                     "
"2002","47413","11","2198","0120","04","Elem      ","N","Glenwood City","Saint John's El","Grades PreK-12","82",39,"47.560900                     ",43,"52.439000                     ",0,"0.000000                      ",0,"0.000000                      ",0,"0.000000                      ",3,"3.658500                      ",79,"96.341400                     "
"2002","49427","11","2198","0400","04","High      ","Y","Glenwood City","Transitional Skills Center","Grades PreK-12","8",5,"62.500000                     ",3,"37.500000                     ",0,"0.000000                      ",0,"0.000000                      ",0,"0.000000                      ",0,"0.000000                      ",8,"100.000000                    "
"2002","48471","11","2233","","03","Elem      ","N","Grantsburg","","Elementary School Type/ Prek-12","284",134,"47.183000                     ",150,"52.816900                     ",5,"1.760500                      ",1,"0.352100                      ",3,"1.056300                      ",8,"2.816900                      ",267,"94.014000                     "
"2002","48471","11","2233","","03","Mid/Jr Hi ","N","Grantsburg","","Middle/Junior High School Type/ Prek-12","370",180,"48.648600                     ",190,"51.351300                     ",4,"1.081000                      ",0,"0.000000                      ",1,"0.270200                      ",6,"1.621600                      ",359,"97.027000                     "
"2002","48471","11","2233","","03","High      ","N","Grantsburg","","High School Type/ PreK-12","307",153,"49.837100                     ",154,"50.162800                     ",7,"2.280100                      ",1,"0.325700                      ",1,"0.325700                      ",2,"0.651400                      ",296,"96.416900                     "
"2002","48471","11","2233","","03","El/Sec    ","N","Grantsburg","","Combined Elementary/Secondary School Type/ Prek-12","0",0,"--                            ",0,"--                            ",0,"--                            ",0,"--                            ",0,"--                            ",0,"--                            ",0,"--                            "
"2002","48471","11","2233","","03","Summary   ","N","Grantsburg","","Grades PreK-12","961",467,"48.595200                     ",494,"51.404700                     ",16,"1.664900                      ",2,"0.208100                      ",5,"0.520200                      ",16,"1.664900                      ",922,"95.941700                     "
"2002","47846","11","2233","0060","04","Elem      ","N","Grantsburg","Grantsburg El","Grades PreK-12","214",104,"48.598100                     ",110,"51.401800                     ",4,"1.869100                      ",0,"0.000000                      ",2,"0.934500                      ",6,"2.803700                      ",202,"94.392500                     "
"2002","47847","11","2233","0080","04","High      ","N","Grantsburg","Grantsburg Hi","Grades PreK-12","307",153,"49.837100                     ",154,"50.162800                     ",7,"2.280100                      ",1,"0.325700                      ",1,"0.325700                      ",2,"0.651400                      ",296,"96.416900                     "
"2002","47848","11","2233","0100","04","Mid/Jr Hi ","N","Grantsburg","Grantsburg Mid","Grades PreK-12","370",180,"48.648600                     ",190,"51.351300                     ",4,"1.081000                      ",0,"0.000000                      ",1,"0.270200                      ",6,"1.621600                      ",359,"97.027000                     "
"2002","47849","11","2233","0120","04","Elem      ","N","Grantsburg","Nelson El","Grades PreK-12","70",30,"42.857100                     ",40,"57.142800                     ",1,"1.428500                      ",1,"1.428500                      ",1,"1.428500                      ",2,"2.857100                      ",65,"92.857100                     "
"2002","48361","11","2422","","03","Elem      ","N","Saint Croix Central","","Elementary School Type/ Prek-12","433",211,"48.729700                     ",222,"51.270200                     ",8,"1.847500                      ",0,"0.000000                      ",3,"0.692800                      ",5,"1.154700                      ",417,"96.304800                     "
"2002","48361","11","2422","","03","Mid/Jr Hi ","N","Saint Croix Central","","Middle/Junior High School Type/ Prek-12","225",129,"57.333300                     ",96,"42.666600                     ",1,"0.444400                      ",4,"1.777700                      ",1,"0.444400                      ",1,"0.444400                      ",218,"96.888800                     "
"2002","48361","11","2422","","03","High      ","N","Saint Croix Central","","High School Type/ PreK-12","338",163,"48.224800                     ",175,"51.775100                     ",1,"0.295800                      ",1,"0.295800                      ",0,"0.000000                      ",0,"0.000000                      ",336,"99.408200                     "
"2002","48361","11","2422","","03","El/Sec    ","N","Saint Croix Central","","Combined Elementary/Secondary School Type/ Prek-12","0",0,"--                            ",0,"--                            ",0,"--                            ",0,"--                            ",0,"--                            ",0,"--                            ",0,"--                            "
"2002","48361","11","2422","","03","Summary   ","N","Saint Croix Central","","Grades PreK-12","996",503,"50.502000                     ",493,"49.497900                     ",10,"1.004000                      ",5,"0.502000                      ",4,"0.401600                      ",6,"0.602400                      ",971,"97.489900                     "
"2002","46691","11","2422","0040","04","Elem      ","N","Saint Croix Central","Saint Croix Central El","Grades PreK-12","433",211,"48.729700                     ",222,"51.270200                     ",8,"1.847500                      ",0,"0.000000                      ",3,"0.692800                      ",5,"1.154700                      ",417,"96.304800                     "
"2002","47415","11","2422","0060","04","High      ","N","Saint Croix Central","Saint Croix Hi","Grades PreK-12","338",163,"48.224800                     ",175,"51.775100                     ",1,"0.295800                      ",1,"0.295800                      ",0,"0.000000                      ",0,"0.000000                      ",336,"99.408200                     "
"2002","47416","11","2422","0080","04","Mid/Jr Hi ","N","Saint Croix Central","Saint Croix Mid","Grades PreK-12","225",129,"57.333300                     ",96,"42.666600                     ",1,"0.444400                      ",4,"1.777700                      ",1,"0.444400                      ",1,"0.444400                      ",218,"96.888800                     "
"2002","48362","11","2611","","03","Elem      ","N","Hudson","","Elementary School Type/ Prek-12","1900",892,"46.947300                     ",1008,"53.052600                     ",5,"0.263100                      ",23,"1.210500                      ",13,"0.684200                      ",23,"1.210500                      ",1836,"96.631500                     "
"2002","48362","11","2611","","03","Mid/Jr Hi ","N","Hudson","","Middle/Junior High School Type/ Prek-12","1057",492,"46.546800                     ",565,"53.453100                     ",11,"1.040600                      ",13,"1.229800                      ",7,"0.662200                      ",13,"1.229800                      ",1013,"95.837200                     "
"2002","48362","11","2611","","03","High      ","N","Hudson","","High School Type/ PreK-12","1375",667,"48.509000                     ",708,"51.490900                     ",2,"0.145400                      ",23,"1.672700                      ",2,"0.145400                      ",14,"1.018100                      ",1334,"97.018100                     "
"2002","48362","11","2611","","03","El/Sec    ","N","Hudson","","Combined Elementary/Secondary School Type/ Prek-12","0",0,"--                            ",0,"--                            ",0,"--                            ",0,"--                            ",0,"--                            ",0,"--                            ",0,"--                            "
"2002","48362","11","2611","","03","Summary   ","N","Hudson","","Grades PreK-12","4332",2051,"47.345300                     ",2281,"52.654600                     ",18,"0.415500                      ",59,"1.361900                      ",22,"0.507800                      ",50,"1.154200                      ",4183,"96.560400                     "
"2002","47417","11","2611","0010","04","Elem      ","N","Hudson","Willow River El","Grades PreK-12","367",169,"46.049000                     ",198,"53.950900                     ",0,"0.000000                      ",11,"2.997200                      ",2,"0.544900                      ",3,"0.817400                      ",351,"95.640300                     "
"2002","46699","11","2611","0020","04","Elem      ","N","Hudson","Houlton El","Grades PreK-12","201",98,"48.756200                     ",103,"51.243700                     ",0,"0.000000                      ",3,"1.492500                      ",0,"0.000000                      ",0,"0.000000                      ",198,"98.507400                     "
"2002","47418","11","2611","0070","04","Mid/Jr Hi ","N","Hudson","Hudson Mid","Grades PreK-12","1057",492,"46.546800                     ",565,"53.453100                     ",11,"1.040600                      ",13,"1.229800                      ",7,"0.662200                      ",13,"1.229800                      ",1013,"95.837200                     "
"2002","47419","11","2611","0080","04","High      ","N","Hudson","Hudson Hi","Grades PreK-12","1375",667,"48.509000                     ",708,"51.490900                     ",2,"0.145400                      ",23,"1.672700                      ",2,"0.145400                      ",14,"1.018100                      ",1334,"97.018100                     "
"2002","47420","11","2611","0100","04","Elem      ","N","Hudson","North Hudson El","Grades PreK-12","305",142,"46.557300                     ",163,"53.442600                     ",0,"0.000000                      ",3,"0.983600                      ",0,"0.000000                      ",3,"0.983600                      ",299,"98.032700                     "
"2002","47421","11","2611","0120","04","Elem      ","N","Hudson","Rock El","Grades PreK-12","540",247,"45.740700                     ",293,"54.259200                     ",5,"0.925900                      ",4,"0.740700                      ",9,"1.666600                      ",9,"1.666600                      ",513,"95.000000                     "
"2002","48034","11","2611","0140","04","Elem      ","N","Hudson","Hudson Prairie El","Grades PreK-12","487",236,"48.459900                     ",251,"51.540000                     ",0,"0.000000                      ",2,"0.410600                      ",2,"0.410600                      ",8,"1.642700                      ",475,"97.535900                     "
"2002","48237","11","3213","","03","Elem      ","N","Luck","","Elementary School Type/ Prek-12","331",149,"45.015100                     ",182,"54.984800                     ",5,"1.510500                      ",1,"0.302100                      ",1,"0.302100                      ",6,"1.812600                      ",318,"96.072500                     "
"2002","48237","11","3213","","03","Mid/Jr Hi ","N","Luck","","Middle/Junior High School Type/ Prek-12","0",0,"--                            ",0,"--                            ",0,"--                            ",0,"--                            ",0,"--                            ",0,"--                            ",0,"--                            "
"2002","48237","11","3213","","03","High      ","N","Luck","","High School Type/ PreK-12","327",156,"47.706400                     ",171,"52.293500                     ",1,"0.305800                      ",3,"0.917400                      ",0,"0.000000                      ",4,"1.223200                      ",319,"97.553500                     "
"2002","48237","11","3213","","03","El/Sec    ","N","Luck","","Combined Elementary/Secondary School Type/ Prek-12","0",0,"--                            ",0,"--                            ",0,"--                            ",0,"--                            ",0,"--                            ",0,"--                            ",0,"--                            "
"2002","48237","11","3213","","03","Summary   ","N","Luck","","Grades PreK-12","658",305,"46.352500                     ",353,"53.647400                     ",6,"0.911800                      ",4,"0.607900                      ",1,"0.151900                      ",10,"1.519700                      ",637,"96.808500                     "
"2002","46957","11","3213","0040","04","Elem      ","N","Luck","Luck El","Grades PreK-12","331",149,"45.015100                     ",182,"54.984800                     ",5,"1.510500                      ",1,"0.302100                      ",1,"0.302100                      ",6,"1.812600                      ",318,"96.072500                     "
"2002","46958","11","3213","0060","04","High      ","N","Luck","Luck Hi","Grades PreK-12","327",156,"47.706400                     ",171,"52.293500                     ",1,"0.305800                      ",3,"0.917400                      ",0,"0.000000                      ",4,"1.223200                      ",319,"97.553500                     "
"2002","48228","11","3444","","03","Elem      ","N","Menomonie Area","","Elementary School Type/ Prek-12","1376",688,"50.000000                     ",688,"50.000000                     ",5,"0.363300                      ",198,"14.389500                     ",22,"1.598800                      ",14,"1.017400                      ",1137,"82.630800                     "
"2002","48228","11","3444","","03","Mid/Jr Hi ","N","Menomonie Area","","Middle/Junior High School Type/ Prek-12","808",393,"48.638600                     ",415,"51.361300                     ",6,"0.742500                      ",80,"9.900900                      ",7,"0.866300                      ",5,"0.618800                      ",710,"87.871200                     "
"2002","48228","11","3444","","03","High      ","N","Menomonie Area","","High School Type/ PreK-12","1146",557,"48.603800                     ",589,"51.396100                     ",6,"0.523500                      ",94,"8.202400                      ",5,"0.436300                      ",18,"1.570600                      ",1023,"89.267000                     "
"2002","48228","11","3444","","03","El/Sec    ","N","Menomonie Area","","Combined Elementary/Secondary School Type/ Prek-12","0",0,"--                            ",0,"--                            ",0,"--                            ",0,"--                            ",0,"--                            ",0,"--                            ",0,"--                            "
"2002","48228","11","3444","","03","Summary   ","N","Menomonie Area","","Grades PreK-12","3330",1638,"49.189100                     ",1692,"50.810800                     ",17,"0.510500                      ",372,"11.171100                     ",34,"1.021000                      ",37,"1.111100                      ",2870,"86.186100                     "
"2002","46929","11","3444","0020","04","Elem      ","N","Menomonie Area","Cedar Falls/Wakanda El","Grades PreK-12","400",203,"50.750000                     ",197,"49.250000                     ",0,"0.000000                      ",34,"8.500000                      ",0,"0.000000                      ",6,"1.500000                      ",360,"90.000000                     "
"2002","47782","11","3444","0060","04","Elem      ","N","Menomonie Area","Downsville El","Grades PreK-12","120",58,"48.333300                     ",62,"51.666600                     ",0,"0.000000                      ",2,"1.666600                      ",0,"0.000000                      ",0,"0.000000                      ",118,"98.333300                     "
"2002","46928","11","3444","0110","04","Elem      ","N","Menomonie Area","Knapp El","Grades PreK-12","111",55,"49.549500                     ",56,"50.450400                     ",4,"3.603600                      ",0,"0.000000                      ",1,"0.900900                      ",2,"1.801800                      ",104,"93.693600                     "
"2002","46930","11","3444","0160","04","Mid/Jr Hi ","N","Menomonie Area","Menomonie Mid","Grades PreK-12","808",393,"48.638600                     ",415,"51.361300                     ",6,"0.742500                      ",80,"9.900900                      ",7,"0.866300                      ",5,"0.618800                      ",710,"87.871200                     "
"2002","46931","11","3444","0180","04","High      ","N","Menomonie Area","Menomonie Hi","Grades PreK-12","1108",546,"49.277900                     ",562,"50.722000                     ",6,"0.541500                      ",88,"7.942200                      ",5,"0.451200                      ",17,"1.534200                      ",992,"89.530600                     "
"2002","46932","11","3444","0210","04","Elem      ","N","Menomonie Area","Oaklawn El","Grades PreK-12","339",178,"52.507300                     ",161,"47.492600                     ",0,"0.000000                      ",35,"10.324400                     ",8,"2.359800                      ",1,"0.294900                      ",295,"87.020600                     "
"2002","46933","11","3444","0220","04","Elem      ","N","Menomonie Area","River Heights El","Grades PreK-12","406",194,"47.783200                     ",212,"52.216700                     ",1,"0.246300                      ",127,"31.280700                     ",13,"3.201900                      ",5,"1.231500                      ",260,"64.039400                     "
"2002","48033","11","3444","0400","04","High      ","Y","Menomonie Area","Lucas Charter School","Grades PreK-12","38",11,"28.947300                     ",27,"71.052600                     ",0,"0.000000                      ",6,"15.789400                     ",0,"0.000000                      ",1,"2.631500                      ",31,"81.578900                     "
"2002","48363","11","3962","","03","Elem      ","N","New Richmond","","Elementary School Type/ Prek-12","1041",506,"48.607100                     ",535,"51.392800                     ",9,"0.864500                      ",14,"1.344800                      ",12,"1.152700                      ",12,"1.152700                      ",994,"95.485100                     "
"2002","48363","11","3962","","03","Mid/Jr Hi ","N","New Richmond","","Middle/Junior High School Type/ Prek-12","588",309,"52.551000                     ",279,"47.448900                     ",1,"0.170000                      ",5,"0.850300                      ",4,"0.680200                      ",7,"1.190400                      ",571,"97.108800                     "
"2002","48363","11","3962","","03","High      ","N","New Richmond","","High School Type/ PreK-12","791",407,"51.453800                     ",384,"48.546100                     ",2,"0.252800                      ",15,"1.896300                      ",4,"0.505600                      ",6,"0.758500                      ",764,"96.586500                     "
"2002","48363","11","3962","","03","El/Sec    ","N","New Richmond","","Combined Elementary/Secondary School Type/ Prek-12","0",0,"--                            ",0,"--                            ",0,"--                            ",0,"--                            ",0,"--                            ",0,"--                            ",0,"--                            "
"2002","48363","11","3962","","03","Summary   ","N","New Richmond","","Grades PreK-12","2420",1222,"50.495800                     ",1198,"49.504100                     ",12,"0.495800                      ",34,"1.404900                      ",20,"0.826400                      ",25,"1.033000                      ",2329,"96.239600                     "
"2002","47422","11","3962","0010","04","Elem      ","N","New Richmond","New Richmond East El","Grades PreK-12","423",203,"47.990500                     ",220,"52.009400                     ",3,"0.709200                      ",6,"1.418400                      ",6,"1.418400                      ",4,"0.945600                      ",404,"95.508200                     "
"2002","47423","11","3962","0020","04","Elem      ","N","New Richmond","New Richmond West El","Grades PreK-12","618",303,"49.029100                     ",315,"50.970800                     ",6,"0.970800                      ",8,"1.294400                      ",6,"0.970800                      ",8,"1.294400                      ",590,"95.469200                     "
"2002","47424","11","3962","0040","04","Mid/Jr Hi ","N","New Richmond","New Richmond Mid","Grades PreK-12","588",309,"52.551000                     ",279,"47.448900                     ",1,"0.170000                      ",5,"0.850300                      ",4,"0.680200                      ",7,"1.190400                      ",571,"97.108800                     "
"2002","47425","11","3962","0060","04","High      ","N","New Richmond","New Richmond Hi","Grades PreK-12","791",407,"51.453800                     ",384,"48.546100                     ",2,"0.252800                      ",15,"1.896300                      ",4,"0.505600                      ",6,"0.758500                      ",764,"96.586500                     "
"2002","48364","11","4165","","03","Elem      ","N","Osceola","","Elementary School Type/ Prek-12","599",313,"52.253700                     ",286,"47.746200                     ",0,"0.000000                      ",5,"0.834700                      ",7,"1.168600                      ",11,"1.836300                      ",576,"96.160200                     "
"2002","48364","11","4165","","03","Mid/Jr Hi ","N","Osceola","","Middle/Junior High School Type/ Prek-12","549",272,"49.544600                     ",277,"50.455300                     ",6,"1.092800                      ",3,"0.546400                      ",6,"1.092800                      ",10,"1.821400                      ",524,"95.446200                     "
"2002","48364","11","4165","","03","High      ","N","Osceola","","High School Type/ PreK-12","586",289,"49.317400                     ",297,"50.682500                     ",4,"0.682500                      ",5,"0.853200                      ",3,"0.511900                      ",6,"1.023800                      ",568,"96.928300                     "
"2002","48364","11","4165","","03","El/Sec    ","N","Osceola","","Combined Elementary/Secondary School Type/ Prek-12","0",0,"--                            ",0,"--                            ",0,"--                            ",0,"--                            ",0,"--                            ",0,"--                            ",0,"--                            "
"2002","48364","11","4165","","03","Summary   ","N","Osceola","","Grades PreK-12","1734",874,"50.403600                     ",860,"49.596300                     ",10,"0.576700                      ",13,"0.749700                      ",16,"0.922700                      ",27,"1.557000                      ",1668,"96.193700                     "
"2002","47426","11","4165","0040","04","Elem      ","N","Osceola","Osceola El","Grades PreK-12","472",247,"52.330500                     ",225,"47.669400                     ",0,"0.000000                      ",4,"0.847400                      ",5,"1.059300                      ",9,"1.906700                      ",454,"96.186400                     "
"2002","44936","11","4165","0050","04","Elem      ","N","Osceola","Osceola Intermediate","Grades PreK-12","127",66,"51.968500                     ",61,"48.031400                     ",0,"0.000000                      ",1,"0.787400                      ",2,"1.574800                      ",2,"1.574800                      ",122,"96.062900                     "
"2002","47427","11","4165","0060","04","High      ","N","Osceola","Osceola Hi","Grades PreK-12","586",289,"49.317400                     ",297,"50.682500                     ",4,"0.682500                      ",5,"0.853200                      ",3,"0.511900                      ",6,"1.023800                      ",568,"96.928300                     "
"2002","47428","11","4165","0080","04","Mid/Jr Hi ","N","Osceola","Osceola Mid","Grades PreK-12","549",272,"49.544600                     ",277,"50.455300                     ",6,"1.092800                      ",3,"0.546400                      ",6,"1.092800                      ",10,"1.821400                      ",524,"95.446200                     "
"2002","48459","11","4270","","03","Elem      ","N","Pepin Area","","Elementary School Type/ Prek-12","141",66,"46.808500                     ",75,"53.191400                     ",0,"0.000000                      ",1,"0.709200                      ",0,"0.000000                      ",0,"0.000000                      ",140,"99.290700                     "
"2002","48459","11","4270","","03","Mid/Jr Hi ","N","Pepin Area","","Middle/Junior High School Type/ Prek-12","0",0,"--                            ",0,"--                            ",0,"--                            ",0,"--                            ",0,"--                            ",0,"--                            ",0,"--                            "
"2002","48459","11","4270","","03","High      ","N","Pepin Area","","High School Type/ PreK-12","171",93,"54.385900                     ",78,"45.614000                     ",0,"0.000000                      ",2,"1.169500                      ",1,"0.584700                      ",1,"0.584700                      ",167,"97.660800                     "
"2002","48459","11","4270","","03","El/Sec    ","N","Pepin Area","","Combined Elementary/Secondary School Type/ Prek-12","0",0,"--                            ",0,"--                            ",0,"--                            ",0,"--                            ",0,"--                            ",0,"--                            ",0,"--                            "
"2002","48459","11","4270","","03","Summary   ","N","Pepin Area","","Grades PreK-12","312",159,"50.961500                     ",153,"49.038400                     ",0,"0.000000                      ",3,"0.961500                      ",1,"0.320500                      ",1,"0.320500                      ",307,"98.397400                     "
"2002","47803","11","4270","0020","04","Elem      ","N","Pepin Area","Pepin El","Grades PreK-12","141",66,"46.808500                     ",75,"53.191400                     ",0,"0.000000                      ",1,"0.709200                      ",0,"0.000000                      ",0,"0.000000                      ",140,"99.290700                     "
"2002","47804","11","4270","0040","04","High      ","N","Pepin Area","Pepin Hi","Grades PreK-12","171",93,"54.385900                     ",78,"45.614000                     ",0,"0.000000                      ",2,"1.169500                      ",1,"0.584700                      ",1,"0.584700                      ",167,"97.660800                     "
"2002","48460","11","4459","","03","Elem      ","N","Plum City","","Elementary School Type/ Prek-12","180",82,"45.555500                     ",98,"54.444400                     ",0,"0.000000                      ",0,"0.000000                      ",2,"1.111100                      ",1,"0.555500                      ",177,"98.333300                     "
"2002","48460","11","4459","","03","Mid/Jr Hi ","N","Plum City","","Middle/Junior High School Type/ Prek-12","0",0,"--                            ",0,"--                            ",0,"--                            ",0,"--                            ",0,"--                            ",0,"--                            ",0,"--                            "
"2002","48460","11","4459","","03","High      ","N","Plum City","","High School Type/ PreK-12","215",104,"48.372000                     ",111,"51.627900                     ",0,"0.000000                      ",1,"0.465100                      ",0,"0.000000                      ",1,"0.465100                      ",213,"99.069700                     "
"2002","48460","11","4459","","03","El/Sec    ","N","Plum City","","Combined Elementary/Secondary School Type/ Prek-12","0",0,"--                            ",0,"--                            ",0,"--                            ",0,"--                            ",0,"--                            ",0,"--                            ",0,"--                            "
"2002","48460","11","4459","","03","Summary   ","N","Plum City","","Grades PreK-12","395",186,"47.088600                     ",209,"52.911300                     ",0,"0.000000                      ",1,"0.253100                      ",2,"0.506300                      ",2,"0.506300                      ",390,"98.734100                     "
"2002","47805","11","4459","0020","04","Elem      ","N","Plum City","Plum City El","Grades PreK-12","180",82,"45.555500                     ",98,"54.444400                     ",0,"0.000000                      ",0,"0.000000                      ",2,"1.111100                      ",1,"0.555500                      ",177,"98.333300                     "
"2002","47806","11","4459","0040","04","High      ","N","Plum City","Plum City Hi","Grades PreK-12","215",104,"48.372000                     ",111,"51.627900                     ",0,"0.000000                      ",1,"0.465100                      ",0,"0.000000                      ",1,"0.465100                      ",213,"99.069700                     "
"2002","48461","11","4557","","03","Elem      ","N","Prairie Farm","","Elementary School Type/ Prek-12","152",77,"50.657800                     ",75,"49.342100                     ",2,"1.315700                      ",3,"1.973600                      ",1,"0.657800                      ",1,"0.657800                      ",145,"95.394700                     "
"2002","48461","11","4557","","03","Mid/Jr Hi ","N","Prairie Farm","","Middle/Junior High School Type/ Prek-12","75",36,"48.000000                     ",39,"52.000000                     ",0,"0.000000                      ",0,"0.000000                      ",0,"0.000000                      ",1,"1.333300                      ",74,"98.666600                     "
"2002","48461","11","4557","","03","High      ","N","Prairie Farm","","High School Type/ PreK-12","135",62,"45.925900                     ",73,"54.074000                     ",2,"1.481400                      ",1,"0.740700                      ",1,"0.740700                      ",2,"1.481400                      ",129,"95.555500                     "
"2002","48461","11","4557","","03","El/Sec    ","N","Prairie Farm","","Combined Elementary/Secondary School Type/ Prek-12","0",0,"--                            ",0,"--                            ",0,"--                            ",0,"--                            ",0,"--                            ",0,"--                            ",0,"--                            "
"2002","48461","11","4557","","03","Summary   ","N","Prairie Farm","","Grades PreK-12","362",175,"48.342500                     ",187,"51.657400                     ",4,"1.104900                      ",4,"1.104900                      ",2,"0.552400                      ",4,"1.104900                      ",348,"96.132500                     "
"2002","47807","11","4557","0020","04","Elem      ","N","Prairie Farm","Prairie Farm El","Grades PreK-12","152",77,"50.657800                     ",75,"49.342100                     ",2,"1.315700                      ",3,"1.973600                      ",1,"0.657800                      ",1,"0.657800                      ",145,"95.394700                     "
"2002","47808","11","4557","0030","04","Mid/Jr Hi ","N","Prairie Farm","Prairie Farm Mid","Grades PreK-12","75",36,"48.000000                     ",39,"52.000000                     ",0,"0.000000                      ",0,"0.000000                      ",0,"0.000000                      ",1,"1.333300                      ",74,"98.666600                     "
"2002","47810","11","4557","0040","04","High      ","N","Prairie Farm","Prairie Farm Hi","Grades PreK-12","135",62,"45.925900                     ",73,"54.074000                     ",2,"1.481400                      ",1,"0.740700                      ",1,"0.740700                      ",2,"1.481400                      ",129,"95.555500                     "
"2002","48164","11","4578","","03","Elem      ","N","Prescott","","Elementary School Type/ Prek-12","465",230,"49.462300                     ",235,"50.537600                     ",4,"0.860200                      ",4,"0.860200                      ",3,"0.645100                      ",5,"1.075200                      ",449,"96.559100                     "
"2002","48164","11","4578","","03","Mid/Jr Hi ","N","Prescott","","Middle/Junior High School Type/ Prek-12","279",130,"46.594900                     ",149,"53.405000                     ",3,"1.075200                      ",2,"0.716800                      ",2,"0.716800                      ",1,"0.358400                      ",271,"97.132600                     "
"2002","48164","11","4578","","03","High      ","N","Prescott","","High School Type/ PreK-12","429",213,"49.650300                     ",216,"50.349600                     ",3,"0.699300                      ",1,"0.233100                      ",3,"0.699300                      ",7,"1.631700                      ",415,"96.736500                     "
"2002","48164","11","4578","","03","El/Sec    ","N","Prescott","","Combined Elementary/Secondary School Type/ Prek-12","0",0,"--                            ",0,"--                            ",0,"--                            ",0,"--                            ",0,"--                            ",0,"--                            ",0,"--                            "
"2002","48164","11","4578","","03","Summary   ","N","Prescott","","Grades PreK-12","1173",573,"48.849100                     ",600,"51.150800                     ",10,"0.852500                      ",7,"0.596700                      ",8,"0.682000                      ",13,"1.108200                      ",1135,"96.760400                     "
"2002","47429","11","4578","0040","04","Elem      ","N","Prescott","Malone El","Grades PreK-12","465",230,"49.462300                     ",235,"50.537600                     ",4,"0.860200                      ",4,"0.860200                      ",3,"0.645100                      ",5,"1.075200                      ",449,"96.559100                     "
"2002","47430","11","4578","0060","04","High      ","N","Prescott","Prescott Hi","Grades PreK-12","429",213,"49.650300                     ",216,"50.349600                     ",3,"0.699300                      ",1,"0.233100                      ",3,"0.699300                      ",7,"1.631700                      ",415,"96.736500                     "
"2002","46685","11","4578","0080","04","Mid/Jr Hi ","N","Prescott","Prescott Mid","Grades PreK-12","279",130,"46.594900                     ",149,"53.405000                     ",3,"1.075200                      ",2,"0.716800                      ",2,"0.716800                      ",1,"0.358400                      ",271,"97.132600                     "
"2002","48242","11","4802","","03","Elem      ","N","Rice Lake Area","","Elementary School Type/ Prek-12","1150",572,"49.739100                     ",578,"50.260800                     ",4,"0.347800                      ",16,"1.391300                      ",9,"0.782600                      ",15,"1.304300                      ",1106,"96.173900                     "
"2002","48242","11","4802","","03","Mid/Jr Hi ","N","Rice Lake Area","","Middle/Junior High School Type/ Prek-12","577",284,"49.220100                     ",293,"50.779800                     ",7,"1.213100                      ",6,"1.039800                      ",1,"0.173300                      ",9,"1.559700                      ",554,"96.013800                     "
"2002","48242","11","4802","","03","High      ","N","Rice Lake Area","","High School Type/ PreK-12","959",454,"47.340900                     ",505,"52.659000                     ",9,"0.938400                      ",14,"1.459800                      ",2,"0.208500                      ",11,"1.147000                      ",923,"96.246000                     "
"2002","48242","11","4802","","03","El/Sec    ","N","Rice Lake Area","","Combined Elementary/Secondary School Type/ Prek-12","54",14,"25.925900                     ",40,"74.074000                     ",0,"0.000000                      ",0,"0.000000                      ",0,"0.000000                      ",0,"0.000000                      ",54,"100.000000                    "
"2002","48242","11","4802","","03","Summary   ","N","Rice Lake Area","","Grades PreK-12","2740",1324,"48.321100                     ",1416,"51.678800                     ",20,"0.729900                      ",36,"1.313800                      ",12,"0.437900                      ",35,"1.277300                      ",2637,"96.240800                     "
"2002","46965","11","4802","0010","04","El/Sec    ","N","Rice Lake Area","Barron County Handicapped Center PK","Grades PreK-12","54",14,"25.925900                     ",40,"74.074000                     ",0,"0.000000                      ",0,"0.000000                      ",0,"0.000000                      ",0,"0.000000                      ",54,"100.000000                    "
"2002","44855","11","4802","0025","04","Elem      ","N","Rice Lake Area","Tainter El","Grades PreK-12","282",133,"47.163100                     ",149,"52.836800                     ",0,"0.000000                      ",2,"0.709200                      ",2,"0.709200                      ",1,"0.354600                      ",277,"98.226900                     "
"2002","44856","11","4802","0040","04","Elem      ","N","Rice Lake Area","Franklin El","Grades PreK-12","100",58,"58.000000                     ",42,"42.000000                     ",0,"0.000000                      ",2,"2.000000                      ",2,"2.000000                      ",1,"1.000000                      ",95,"95.000000                     "
"2002","47850","11","4802","0060","04","Elem      ","N","Rice Lake Area","Haugen El","Grades PreK-12","125",66,"52.800000                     ",59,"47.200000                     ",1,"0.800000                      ",0,"0.000000                      ",0,"0.000000                      ",0,"0.000000                      ",124,"99.200000                     "
"2002","44857","11","4802","0080","04","Elem      ","N","Rice Lake Area","Hilltop El","Grades PreK-12","303",147,"48.514800                     ",156,"51.485100                     ",0,"0.000000                      ",6,"1.980100                      ",0,"0.000000                      ",2,"0.660000                      ",295,"97.359700                     "
"2002","44858","11","4802","0100","04","Elem      ","N","Rice Lake Area","Jefferson El","Grades PreK-12","131",75,"57.251900                     ",56,"42.748000                     ",1,"0.763300                      ",3,"2.290000                      ",0,"0.000000                      ",6,"4.580100                      ",121,"92.366400                     "
"2002","50025","11","4802","0110","04","Elem      ","N","Rice Lake Area","Hilltop Day Care & Preschool","Grades PreK-12","23",8,"34.782600                     ",15,"65.217300                     ",0,"0.000000                      ",1,"4.347800                      ",0,"0.000000                      ",0,"0.000000                      ",22,"95.652100                     "
"2002","44859","11","4802","0120","04","Elem      ","N","Rice Lake Area","Lincoln El","Grades PreK-12","121",58,"47.933800                     ",63,"52.066100                     ",2,"1.652800                      ",1,"0.826400                      ",4,"3.305700                      ",3,"2.479300                      ",111,"91.735500                     "
"2002","50026","11","4802","0130","04","Elem      ","N","Rice Lake Area","Kiddie Korner Preschool","Grades PreK-12","39",15,"38.461500                     ",24,"61.538400                     ",0,"0.000000                      ",0,"0.000000                      ",0,"0.000000                      ",0,"0.000000                      ",39,"100.000000                    "
"2002","44860","11","4802","0140","04","Mid/Jr Hi ","N","Rice Lake Area","Rice Lake Mid","Grades PreK-12","577",284,"49.220100                     ",293,"50.779800                     ",7,"1.213100                      ",6,"1.039800                      ",1,"0.173300                      ",9,"1.559700                      ",554,"96.013800                     "
"2002","50027","11","4802","0150","04","Elem      ","N","Rice Lake Area","Head Start","Grades PreK-12","26",12,"46.153800                     ",14,"53.846100                     ",0,"0.000000                      ",1,"3.846100                      ",1,"3.846100                      ",2,"7.692300                      ",22,"84.615300                     "
"2002","44861","11","4802","0180","04","High      ","N","Rice Lake Area","Rice Lake Hi","Grades PreK-12","951",449,"47.213400                     ",502,"52.786500                     ",9,"0.946300                      ",14,"1.472100                      ",2,"0.210300                      ",11,"1.156600                      ",915,"96.214500                     "
"2002","50021","11","4802","9410","04","High      ","Y","Rice Lake Area","Barron County Learning Center","Grades PreK-12","8",5,"62.500000                     ",3,"37.500000                     ",0,"0.000000                      ",0,"0.000000                      ",0,"0.000000                      ",0,"0.000000                      ",8,"100.000000                    "
"2002","48165","11","4893","","03","Elem      ","N","River Falls","","Elementary School Type/ Prek-12","1239",612,"49.394600                     ",627,"50.605300                     ",11,"0.887800                      ",12,"0.968500                      ",23,"1.856300                      ",15,"1.210600                      ",1178,"95.076600                     "
"2002","48165","11","4893","","03","Mid/Jr Hi ","N","River Falls","","Middle/Junior High School Type/ Prek-12","679",304,"44.771700                     ",375,"55.228200                     ",7,"1.030900                      ",5,"0.736300                      ",10,"1.472700                      ",12,"1.767300                      ",645,"94.992600                     "
"2002","48165","11","4893","","03","High      ","N","River Falls","","High School Type/ PreK-12","970",484,"49.896900                     ",486,"50.103000                     ",6,"0.618500                      ",12,"1.237100                      ",16,"1.649400                      ",14,"1.443200                      ",922,"95.051500                     "
"2002","48165","11","4893","","03","El/Sec    ","N","River Falls","","Combined Elementary/Secondary School Type/ Prek-12","0",0,"--                            ",0,"--                            ",0,"--                            ",0,"--                            ",0,"--                            ",0,"--                            ",0,"--                            "
"2002","48165","11","4893","","03","Summary   ","N","River Falls","","Grades PreK-12","2888",1400,"48.476400                     ",1488,"51.523500                     ",24,"0.831000                      ",29,"1.004100                      ",49,"1.696600                      ",41,"1.419600                      ",2745,"95.048400                     "
"2002","46686","11","4893","0020","04","Elem      ","N","River Falls","Greenwood El","Grades PreK-12","393",200,"50.890500                     ",193,"49.109400                     ",3,"0.763300                      ",3,"0.763300                      ",10,"2.544500                      ",3,"0.763300                      ",374,"95.165300                     "
"2002","46687","11","4893","0040","04","Elem      ","N","River Falls","Rocky Branch El","Grades PreK-12","413",190,"46.004800                     ",223,"53.995100                     ",3,"0.726300                      ",4,"0.968500                      ",9,"2.179100                      ",9,"2.179100                      ",388,"93.946700                     "
"2002","46688","11","4893","0060","04","Mid/Jr Hi ","N","River Falls","Meyer Mid","Grades PreK-12","679",304,"44.771700                     ",375,"55.228200                     ",7,"1.030900                      ",5,"0.736300                      ",10,"1.472700                      ",12,"1.767300                      ",645,"94.992600                     "
"2002","46689","11","4893","0080","04","High      ","N","River Falls","River Falls Hi","Grades PreK-12","930",468,"50.322500                     ",462,"49.677400                     ",4,"0.430100                      ",11,"1.182700                      ",15,"1.612900                      ",13,"1.397800                      ",887,"95.376300                     "
"2002","46690","11","4893","0100","04","Elem      ","N","River Falls","Westside El","Grades PreK-12","433",222,"51.270200                     ",211,"48.729700                     ",5,"1.154700                      ",5,"1.154700                      ",4,"0.923700                      ",3,"0.692800                      ",416,"96.073900                     "
"2002","49248","11","4893","0410","04","High      ","Y","River Falls","River Falls Renaissance Alt Charter Sch","Grades PreK-12","40",16,"40.000000                     ",24,"60.000000                     ",2,"5.000000                      ",1,"2.500000                      ",1,"2.500000                      ",1,"2.500000                      ",35,"87.500000                     "
"2002","48166","11","5019","","03","Elem      ","N","Saint Croix Falls","","Elementary School Type/ Prek-12","392",177,"45.153000                     ",215,"54.846900                     ",0,"0.000000                      ",0,"0.000000                      ",3,"0.765300                      ",1,"0.255100                      ",388,"98.979500                     "
"2002","48166","11","5019","","03","Mid/Jr Hi ","N","Saint Croix Falls","","Middle/Junior High School Type/ Prek-12","321",169,"52.647900                     ",152,"47.352000                     ",0,"0.000000                      ",1,"0.311500                      ",0,"0.000000                      ",6,"1.869100                      ",314,"97.819300                     "
"2002","48166","11","5019","","03","High      ","N","Saint Croix Falls","","High School Type/ PreK-12","368",187,"50.815200                     ",181,"49.184700                     ",0,"0.000000                      ",0,"0.000000                      ",2,"0.543400                      ",2,"0.543400                      ",364,"98.913000                     "
"2002","48166","11","5019","","03","El/Sec    ","N","Saint Croix Falls","","Combined Elementary/Secondary School Type/ Prek-12","0",0,"--                            ",0,"--                            ",0,"--                            ",0,"--                            ",0,"--                            ",0,"--                            ",0,"--                            "
"2002","48166","11","5019","","03","Summary   ","N","Saint Croix Falls","","Grades PreK-12","1081",533,"49.306100                     ",548,"50.693800                     ",0,"0.000000                      ",1,"0.092500                      ",5,"0.462500                      ",9,"0.832500                      ",1066,"98.612300                     "
"2002","46679","11","5019","0040","04","Elem      ","N","Saint Croix Falls","Dresser El","Grades PreK-12","93",45,"48.387000                     ",48,"51.612900                     ",0,"0.000000                      ",0,"0.000000                      ",0,"0.000000                      ",1,"1.075200                      ",92,"98.924700                     "
"2002","46692","11","5019","0060","04","Elem      ","N","Saint Croix Falls","Saint Croix Falls El","Grades PreK-12","299",132,"44.147100                     ",167,"55.852800                     ",0,"0.000000                      ",0,"0.000000                      ",3,"1.003300                      ",0,"0.000000                      ",296,"98.996600                     "
"2002","46694","11","5019","0070","04","Mid/Jr Hi ","N","Saint Croix Falls","Saint Croix Falls Mid","Grades PreK-12","321",169,"52.647900                     ",152,"47.352000                     ",0,"0.000000                      ",1,"0.311500                      ",0,"0.000000                      ",6,"1.869100                      ",314,"97.819300                     "
"2002","46695","11","5019","0080","04","High      ","N","Saint Croix Falls","Saint Croix Falls Hi","Grades PreK-12","368",187,"50.815200                     ",181,"49.184700                     ",0,"0.000000                      ",0,"0.000000                      ",2,"0.543400                      ",2,"0.543400                      ",364,"98.913000                     "
"2002","48474","11","5306","","03","Elem      ","N","Shell Lake","","Elementary School Type/ Prek-12","282",141,"50.000000                     ",141,"50.000000                     ",16,"5.673700                      ",1,"0.354600                      ",1,"0.354600                      ",4,"1.418400                      ",260,"92.198500                     "
"2002","48474","11","5306","","03","Mid/Jr Hi ","N","Shell Lake","","Middle/Junior High School Type/ Prek-12","0",0,"--                            ",0,"--                            ",0,"--                            ",0,"--                            ",0,"--                            ",0,"--                            ",0,"--                            "
"2002","48474","11","5306","","03","High      ","N","Shell Lake","","High School Type/ PreK-12","290",156,"53.793100                     ",134,"46.206800                     ",8,"2.758600                      ",5,"1.724100                      ",2,"0.689600                      ",1,"0.344800                      ",274,"94.482700                     "
"2002","48474","11","5306","","03","El/Sec    ","N","Shell Lake","","Combined Elementary/Secondary School Type/ Prek-12","0",0,"--                            ",0,"--                            ",0,"--                            ",0,"--                            ",0,"--                            ",0,"--                            ",0,"--                            "
"2002","48474","11","5306","","03","Summary   ","N","Shell Lake","","Grades PreK-12","572",297,"51.923000                     ",275,"48.076900                     ",24,"4.195800                      ",6,"1.048900                      ",3,"0.524400                      ",5,"0.874100                      ",534,"93.356600                     "
"2002","44862","11","5306","0010","04","Elem      ","N","Shell Lake","Shell LakePrimary (K-2)","Grades PreK-12","124",66,"53.225800                     ",58,"46.774100                     ",7,"5.645100                      ",0,"0.000000                      ",0,"0.000000                      ",1,"0.806400                      ",116,"93.548300                     "
"2002","44863","11","5306","0020","04","Elem      ","N","Shell Lake","Shell Lake El (3-6)","Grades PreK-12","158",75,"47.468300                     ",83,"52.531600                     ",9,"5.696200                      ",1,"0.632900                      ",1,"0.632900                      ",3,"1.898700                      ",144,"91.139200                     "
"2002","44864","11","5306","0040","04","High      ","N","Shell Lake","Shell Lake Jr/Sr Hi","Grades PreK-12","290",156,"53.793100                     ",134,"46.206800                     ",8,"2.758600                      ",5,"1.724100                      ",2,"0.689600                      ",1,"0.344800                      ",274,"94.482700                     "
"2002","48475","11","5376","","03","Elem      ","N","Siren","","Elementary School Type/ Prek-12","274",122,"44.525500                     ",152,"55.474400                     ",57,"20.802900                     ",1,"0.364900                      ",2,"0.729900                      ",2,"0.729900                      ",212,"77.372200                     "
"2002","48475","11","5376","","03","Mid/Jr Hi ","N","Siren","","Middle/Junior High School Type/ Prek-12","0",0,"--                            ",0,"--                            ",0,"--                            ",0,"--                            ",0,"--                            ",0,"--                            ",0,"--                            "
"2002","48475","11","5376","","03","High      ","N","Siren","","High School Type/ PreK-12","234",128,"54.700800                     ",106,"45.299100                     ",34,"14.529900                     ",1,"0.427300                      ",1,"0.427300                      ",1,"0.427300                      ",197,"84.188000                     "
"2002","48475","11","5376","","03","El/Sec    ","N","Siren","","Combined Elementary/Secondary School Type/ Prek-12","0",0,"--                            ",0,"--                            ",0,"--                            ",0,"--                            ",0,"--                            ",0,"--                            ",0,"--                            "
"2002","48475","11","5376","","03","Summary   ","N","Siren","","Grades PreK-12","508",250,"49.212500                     ",258,"50.787400                     ",91,"17.913300                     ",2,"0.393700                      ",3,"0.590500                      ",3,"0.590500                      ",409,"80.511800                     "
"2002","47858","11","5376","0020","04","Elem      ","N","Siren","Siren El","Grades PreK-12","274",122,"44.525500                     ",152,"55.474400                     ",57,"20.802900                     ",1,"0.364900                      ",2,"0.729900                      ",2,"0.729900                      ",212,"77.372200                     "
"2002","47859","11","5376","0040","04","High      ","N","Siren","Siren Jr/Sr Hi","Grades PreK-12","234",128,"54.700800                     ",106,"45.299100                     ",34,"14.529900                     ",1,"0.427300                      ",1,"0.427300                      ",1,"0.427300                      ",197,"84.188000                     "
"2002","48169","11","5432","","03","Elem      ","N","Somerset","","Elementary School Type/ Prek-12","467",239,"51.177700                     ",228,"48.822200                     ",3,"0.642300                      ",7,"1.498900                      ",4,"0.856500                      ",7,"1.498900                      ",446,"95.503200                     "
"2002","48169","11","5432","","03","Mid/Jr Hi ","N","Somerset","","Middle/Junior High School Type/ Prek-12","355",172,"48.450700                     ",183,"51.549200                     ",2,"0.563300                      ",8,"2.253500                      ",1,"0.281600                      ",5,"1.408400                      ",339,"95.492900                     "
"2002","48169","11","5432","","03","High      ","N","Somerset","","High School Type/ PreK-12","350",155,"44.285700                     ",195,"55.714200                     ",0,"0.000000                      ",5,"1.428500                      ",1,"0.285700                      ",3,"0.857100                      ",341,"97.428500                     "
"2002","48169","11","5432","","03","El/Sec    ","N","Somerset","","Combined Elementary/Secondary School Type/ Prek-12","0",0,"--                            ",0,"--                            ",0,"--                            ",0,"--                            ",0,"--                            ",0,"--                            ",0,"--                            "
"2002","48169","11","5432","","03","Summary   ","N","Somerset","","Grades PreK-12","1172",566,"48.293500                     ",606,"51.706400                     ",5,"0.426600                      ",20,"1.706400                      ",6,"0.511900                      ",15,"1.279800                      ",1126,"96.075000                     "
"2002","46696","11","5432","0020","04","Elem      ","N","Somerset","Somerset El","Grades PreK-12","467",239,"51.177700                     ",228,"48.822200                     ",3,"0.642300                      ",7,"1.498900                      ",4,"0.856500                      ",7,"1.498900                      ",446,"95.503200                     "
"2002","46697","11","5432","0040","04","High      ","N","Somerset","Somerset Hi","Grades PreK-12","350",155,"44.285700                     ",195,"55.714200                     ",0,"0.000000                      ",5,"1.428500                      ",1,"0.285700                      ",3,"0.857100                      ",341,"97.428500                     "
"2002","44937","11","5432","0060","04","Mid/Jr Hi ","N","Somerset","Somerset Mid","Grades PreK-12","355",172,"48.450700                     ",183,"51.549200                     ",2,"0.563300                      ",8,"2.253500                      ",1,"0.281600                      ",5,"1.408400                      ",339,"95.492900                     "
"2002","48467","11","5474","","03","Elem      ","N","Spooner","","Elementary School Type/ Prek-12","494",243,"49.190200                     ",251,"50.809700                     ",15,"3.036400                      ",3,"0.607200                      ",5,"1.012100                      ",4,"0.809700                      ",467,"94.534400                     "
"2002","48467","11","5474","","03","Mid/Jr Hi ","N","Spooner","","Middle/Junior High School Type/ Prek-12","532",229,"43.045100                     ",303,"56.954800                     ",11,"2.067600                      ",3,"0.563900                      ",6,"1.127800                      ",2,"0.375900                      ",510,"95.864600                     "
"2002","48467","11","5474","","03","High      ","N","Spooner","","High School Type/ PreK-12","612",275,"44.934600                     ",337,"55.065300                     ",7,"1.143700                      ",10,"1.633900                      ",3,"0.490100                      ",6,"0.980300                      ",586,"95.751600                     "
"2002","48467","11","5474","","03","El/Sec    ","N","Spooner","","Combined Elementary/Secondary School Type/ Prek-12","0",0,"--                            ",0,"--                            ",0,"--                            ",0,"--                            ",0,"--                            ",0,"--                            ",0,"--                            "
"2002","48467","11","5474","","03","Summary   ","N","Spooner","","Grades PreK-12","1638",747,"45.604300                     ",891,"54.395600                     ",33,"2.014600                      ",16,"0.976800                      ",14,"0.854700                      ",12,"0.732600                      ",1563,"95.421200                     "
"2002","47826","11","5474","0040","04","Elem      ","N","Spooner","Spooner El","Grades PreK-12","494",243,"49.190200                     ",251,"50.809700                     ",15,"3.036400                      ",3,"0.607200                      ",5,"1.012100                      ",4,"0.809700                      ",467,"94.534400                     "
"2002","47827","11","5474","0080","04","High      ","N","Spooner","Spooner Hi","Grades PreK-12","612",275,"44.934600                     ",337,"55.065300                     ",7,"1.143700                      ",10,"1.633900                      ",3,"0.490100                      ",6,"0.980300                      ",586,"95.751600                     "
"2002","47828","11","5474","0100","04","Mid/Jr Hi ","N","Spooner","Spooner Mid","Grades PreK-12","532",229,"43.045100                     ",303,"56.954800                     ",11,"2.067600                      ",3,"0.563900                      ",6,"1.127800                      ",2,"0.375900                      ",510,"95.864600                     "
"2002","48462","11","5586","","03","Elem      ","N","Spring Valley","","Elementary School Type/ Prek-12","372",191,"51.344000                     ",181,"48.655900                     ",0,"0.000000                      ",2,"0.537600                      ",5,"1.344000                      ",1,"0.268800                      ",364,"97.849400                     "
"2002","48462","11","5586","","03","Mid/Jr Hi ","N","Spring Valley","","Middle/Junior High School Type/ Prek-12","117",61,"52.136700                     ",56,"47.863200                     ",0,"0.000000                      ",1,"0.854700                      ",1,"0.854700                      ",1,"0.854700                      ",114,"97.435800                     "
"2002","48462","11","5586","","03","High      ","N","Spring Valley","","High School Type/ PreK-12","255",103,"40.392100                     ",152,"59.607800                     ",0,"0.000000                      ",1,"0.392100                      ",1,"0.392100                      ",0,"0.000000                      ",253,"99.215600                     "
"2002","48462","11","5586","","03","El/Sec    ","N","Spring Valley","","Combined Elementary/Secondary School Type/ Prek-12","0",0,"--                            ",0,"--                            ",0,"--                            ",0,"--                            ",0,"--                            ",0,"--                            ",0,"--                            "
"2002","48462","11","5586","","03","Summary   ","N","Spring Valley","","Grades PreK-12","744",355,"47.715000                     ",389,"52.284900                     ",0,"0.000000                      ",4,"0.537600                      ",7,"0.940800                      ",2,"0.268800                      ",731,"98.252600                     "
"2002","47813","11","5586","0060","04","Elem      ","N","Spring Valley","Spring Valley El","Grades PreK-12","372",191,"51.344000                     ",181,"48.655900                     ",0,"0.000000                      ",2,"0.537600                      ",5,"1.344000                      ",1,"0.268800                      ",364,"97.849400                     "
"2002","47814","11","5586","0070","04","Mid/Jr Hi ","N","Spring Valley","Spring Valley Mid","Grades PreK-12","117",61,"52.136700                     ",56,"47.863200                     ",0,"0.000000                      ",1,"0.854700                      ",1,"0.854700                      ",1,"0.854700                      ",114,"97.435800                     "
"2002","47815","11","5586","0080","04","High      ","N","Spring Valley","Spring Valley Hi","Grades PreK-12","255",103,"40.392100                     ",152,"59.607800                     ",0,"0.000000                      ",1,"0.392100                      ",1,"0.392100                      ",0,"0.000000                      ",253,"99.215600                     "
"2002","48478","11","5810","","03","Elem      ","N","Turtle Lake","","Elementary School Type/ Prek-12","417",227,"54.436400                     ",190,"45.563500                     ",26,"6.235000                      ",0,"0.000000                      ",0,"0.000000                      ",6,"1.438800                      ",385,"92.326100                     "
"2002","48478","11","5810","","03","Mid/Jr Hi ","N","Turtle Lake","","Middle/Junior High School Type/ Prek-12","0",0,"--                            ",0,"--                            ",0,"--                            ",0,"--                            ",0,"--                            ",0,"--                            ",0,"--                            "
"2002","48478","11","5810","","03","High      ","N","Turtle Lake","","High School Type/ PreK-12","217",117,"53.917000                     ",100,"46.082900                     ",7,"3.225800                      ",0,"0.000000                      ",0,"0.000000                      ",0,"0.000000                      ",210,"96.774100                     "
"2002","48478","11","5810","","03","El/Sec    ","N","Turtle Lake","","Combined Elementary/Secondary School Type/ Prek-12","0",0,"--                            ",0,"--                            ",0,"--                            ",0,"--                            ",0,"--                            ",0,"--                            ",0,"--                            "
"2002","48478","11","5810","","03","Summary   ","N","Turtle Lake","","Grades PreK-12","634",344,"54.258600                     ",290,"45.741300                     ",33,"5.205000                      ",0,"0.000000                      ",0,"0.000000                      ",6,"0.946300                      ",595,"93.848500                     "
"2002","47878","11","5810","0020","04","Elem      ","N","Turtle Lake","Turtle Lake El","Grades PreK-12","417",227,"54.436400                     ",190,"45.563500                     ",26,"6.235000                      ",0,"0.000000                      ",0,"0.000000                      ",6,"1.438800                      ",385,"92.326100                     "
"2002","47879","11","5810","0040","04","High      ","N","Turtle Lake","Turtle Lake Hi","Grades PreK-12","217",117,"53.917000                     ",100,"46.082900                     ",7,"3.225800                      ",0,"0.000000                      ",0,"0.000000                      ",0,"0.000000                      ",210,"96.774100                     "
"2002","48480","11","6293","","03","Elem      ","N","Webster","","Elementary School Type/ Prek-12","416",208,"50.000000                     ",208,"50.000000                     ",71,"17.067300                     ",1,"0.240300                      ",6,"1.442300                      ",0,"0.000000                      ",338,"81.250000                     "
"2002","48480","11","6293","","03","Mid/Jr Hi ","N","Webster","","Middle/Junior High School Type/ Prek-12","116",51,"43.965500                     ",65,"56.034400                     ",23,"19.827500                     ",0,"0.000000                      ",1,"0.862000                      ",0,"0.000000                      ",92,"79.310300                     "
"2002","48480","11","6293","","03","High      ","N","Webster","","High School Type/ PreK-12","232",111,"47.844800                     ",121,"52.155100                     ",54,"23.275800                     ",0,"0.000000                      ",2,"0.862000                      ",4,"1.724100                      ",172,"74.137900                     "
"2002","48480","11","6293","","03","El/Sec    ","N","Webster","","Combined Elementary/Secondary School Type/ Prek-12","0",0,"--                            ",0,"--                            ",0,"--                            ",0,"--                            ",0,"--                            ",0,"--                            ",0,"--                            "
"2002","48480","11","6293","","03","Summary   ","N","Webster","","Grades PreK-12","764",370,"48.429300                     ",394,"51.570600                     ",148,"19.371700                     ",1,"0.130800                      ",9,"1.178000                      ",4,"0.523500                      ",602,"78.795800                     "
"2002","47883","11","6293","0060","04","Elem      ","N","Webster","Webster El","Grades PreK-12","416",208,"50.000000                     ",208,"50.000000                     ",71,"17.067300                     ",1,"0.240300                      ",6,"1.442300                      ",0,"0.000000                      ",338,"81.250000                     "
"2002","47884","11","6293","0080","04","High      ","N","Webster","Webster Hi","Grades PreK-12","232",111,"47.844800                     ",121,"52.155100                     ",54,"23.275800                     ",0,"0.000000                      ",2,"0.862000                      ",4,"1.724100                      ",172,"74.137900                     "
"2002","47885","11","6293","0100","04","Mid/Jr Hi ","N","Webster","Webster Jr","Grades PreK-12","116",51,"43.965500                     ",65,"56.034400                     ",23,"19.827500                     ",0,"0.000000                      ",1,"0.862000                      ",0,"0.000000                      ",92,"79.310300                     "
