"year","agency_key","CESA","district_number","school_number","agency_type","school_type","charter","district_name","school_name","grade_label","race_ethnicity","gender","enrollment_prek-12","number_lep_spanish","percent_lep_spanish","number_lep_hmong","percent_lep_hmong","number_lep_other","percent_lep_other","number_english_proficient","percent_english_proficient"
"2006","11290","07","0070","","03","Elem      ","N","Algoma","","Elementary School Type/ Prek-12","All Races","Both Genders",374,14,"3.7433155000                  ",0,"0.0000000000                  ",0,"0.0000000000                  ",360,"96.2566844900                 "
"2006","11290","07","0070","","03","Mid/Jr Hi ","N","Algoma","","Middle/Junior High School Type/ Prek-12","All Races","Both Genders",0,0,"--                            ",0,"--                            ",0,"--                            ",0,"--                            "
"2006","11290","07","0070","","03","High      ","N","Algoma","","High School Type/ PreK-12","All Races","Both Genders",242,2,"0.8264462800                  ",0,"0.0000000000                  ",0,"0.0000000000                  ",240,"99.1735537100                 "
"2006","11290","07","0070","","03","El/Sec    ","N","Algoma","","Combined Elementary/Secondary School Type/ Prek-12","All Races","Both Genders",0,0,"--                            ",0,"--                            ",0,"--                            ",0,"--                            "
"2006","11290","07","0070","","03","Summary   ","N","Algoma","","Grades PreK-12","All Races","Both Genders",616,16,"2.5974025900                  ",0,"0.0000000000                  ",0,"0.0000000000                  ",600,"97.4025974000                 "
"2006","11283","07","0070","0020","04","Elem      ","N","Algoma","Algoma El/Mid","Grades PreK-12","All Races","Both Genders",374,14,"3.7433155000                  ",0,"0.0000000000                  ",0,"0.0000000000                  ",360,"96.2566844900                 "
"2006","11284","07","0070","0040","04","High      ","N","Algoma","Algoma Hi","Grades PreK-12","All Races","Both Genders",242,2,"0.8264462800                  ",0,"0.0000000000                  ",0,"0.0000000000                  ",240,"99.1735537100                 "
"2006","72973","07","0070","9204","4C","High      ","Y","Algoma","NE WI Online Charter (NEWOCS)","Grades PreK-12","All Races","Both Genders",0,0,"--                            ",0,"--                            ",0,"--                            ",0,"--                            "
"2006","12000","07","0182","","03","Elem      ","N","Ashwaubenon","","Elementary School Type/ Prek-12","All Races","Both Genders",1281,8,"0.6245120900                  ",13,"1.0148321600                  ",21,"1.6393442600                  ",1239,"96.7213114700                 "
"2006","12000","07","0182","","03","Mid/Jr Hi ","N","Ashwaubenon","","Middle/Junior High School Type/ Prek-12","All Races","Both Genders",708,1,"0.1412429300                  ",7,"0.9887005600                  ",6,"0.8474576200                  ",694,"98.0225988700                 "
"2006","12000","07","0182","","03","High      ","N","Ashwaubenon","","High School Type/ PreK-12","All Races","Both Genders",1130,3,"0.2654867200                  ",3,"0.2654867200                  ",4,"0.3539823000                  ",1120,"99.1150442400                 "
"2006","12000","07","0182","","03","El/Sec    ","N","Ashwaubenon","","Combined Elementary/Secondary School Type/ Prek-12","All Races","Both Genders",0,0,"--                            ",0,"--                            ",0,"--                            ",0,"--                            "
"2006","12000","07","0182","","03","Summary   ","N","Ashwaubenon","","Grades PreK-12","All Races","Both Genders",3119,12,"0.3847386900                  ",23,"0.7374158300                  ",31,"0.9939083000                  ",3053,"97.8839371500                 "
"2006","11954","07","0182","0020","04","High      ","N","Ashwaubenon","Ashwaubenon Hi","Grades PreK-12","All Races","Both Genders",1130,3,"0.2654867200                  ",3,"0.2654867200                  ",4,"0.3539823000                  ",1120,"99.1150442400                 "
"2006","11955","07","0182","0045","04","Mid/Jr Hi ","N","Ashwaubenon","Parkview Mid","Grades PreK-12","All Races","Both Genders",708,1,"0.1412429300                  ",7,"0.9887005600                  ",6,"0.8474576200                  ",694,"98.0225988700                 "
"2006","11882","07","0182","0050","04","Elem      ","N","Ashwaubenon","Pioneer El","Grades PreK-12","All Races","Both Genders",401,0,"0.0000000000                  ",6,"1.4962593500                  ",3,"0.7481296700                  ",392,"97.7556109700                 "
"2006","11956","07","0182","0055","04","Elem      ","N","Ashwaubenon","Cormier Sch and Early Lrn Ctr","Grades PreK-12","All Races","Both Genders",235,4,"1.7021276500                  ",5,"2.1276595700                  ",6,"2.5531914800                  ",220,"93.6170212700                 "
"2006","11957","07","0182","0060","04","Elem      ","N","Ashwaubenon","Valley View El","Grades PreK-12","All Races","Both Genders",645,4,"0.6201550300                  ",2,"0.3100775100                  ",12,"1.8604651100                  ",627,"97.2093023200                 "
"2006","72974","07","0182","9204","4C","High      ","Y","Ashwaubenon","NE WI Online Charter (NEWOCS)","Grades PreK-12","All Races","Both Genders",0,0,"--                            ",0,"--                            ",0,"--                            ",0,"--                            "
"2006","10445","07","0658","","03","Elem      ","N","Brillion","","Elementary School Type/ Prek-12","All Races","Both Genders",316,4,"1.2658227800                  ",0,"0.0000000000                  ",0,"0.0000000000                  ",312,"98.7341772100                 "
"2006","10445","07","0658","","03","Mid/Jr Hi ","N","Brillion","","Middle/Junior High School Type/ Prek-12","All Races","Both Genders",219,6,"2.7397260200                  ",0,"0.0000000000                  ",0,"0.0000000000                  ",213,"97.2602739700                 "
"2006","10445","07","0658","","03","High      ","N","Brillion","","High School Type/ PreK-12","All Races","Both Genders",335,0,"0.0000000000                  ",0,"0.0000000000                  ",0,"0.0000000000                  ",335,"100.0000000000                "
"2006","10445","07","0658","","03","El/Sec    ","N","Brillion","","Combined Elementary/Secondary School Type/ Prek-12","All Races","Both Genders",0,0,"--                            ",0,"--                            ",0,"--                            ",0,"--                            "
"2006","10445","07","0658","","03","Summary   ","N","Brillion","","Grades PreK-12","All Races","Both Genders",870,10,"1.1494252800                  ",0,"0.0000000000                  ",0,"0.0000000000                  ",860,"98.8505747100                 "
"2006","10437","07","0658","0020","04","Elem      ","N","Brillion","Brillion El","Grades PreK-12","All Races","Both Genders",316,4,"1.2658227800                  ",0,"0.0000000000                  ",0,"0.0000000000                  ",312,"98.7341772100                 "
"2006","10438","07","0658","0021","04","Mid/Jr Hi ","N","Brillion","Brillion Mid","Grades PreK-12","All Races","Both Genders",219,6,"2.7397260200                  ",0,"0.0000000000                  ",0,"0.0000000000                  ",213,"97.2602739700                 "
"2006","10439","07","0658","0040","04","High      ","N","Brillion","Brillion Hi","Grades PreK-12","All Races","Both Genders",335,0,"0.0000000000                  ",0,"0.0000000000                  ",0,"0.0000000000                  ",335,"100.0000000000                "
"2006","72975","07","0658","9204","4C","High      ","Y","Brillion","NE WI Online Charter (NEWOCS)","Grades PreK-12","All Races","Both Genders",1,0,"0.0000000000                  ",0,"0.0000000000                  ",0,"0.0000000000                  ",1,"100.0000000000                "
"2006","00985","07","1029","","03","Elem      ","N","Cedar Grove-Belgium Area","","Elementary School Type/ Prek-12","All Races","Both Genders",459,5,"1.0893246100                  ",0,"0.0000000000                  ",5,"1.0893246100                  ",449,"97.8213507600                 "
"2006","00985","07","1029","","03","Mid/Jr Hi ","N","Cedar Grove-Belgium Area","","Middle/Junior High School Type/ Prek-12","All Races","Both Genders",310,2,"0.6451612900                  ",0,"0.0000000000                  ",2,"0.6451612900                  ",306,"98.7096774100                 "
"2006","00985","07","1029","","03","High      ","N","Cedar Grove-Belgium Area","","High School Type/ PreK-12","All Races","Both Genders",284,0,"0.0000000000                  ",0,"0.0000000000                  ",3,"1.0563380200                  ",281,"98.9436619700                 "
"2006","00985","07","1029","","03","El/Sec    ","N","Cedar Grove-Belgium Area","","Combined Elementary/Secondary School Type/ Prek-12","All Races","Both Genders",0,0,"--                            ",0,"--                            ",0,"--                            ",0,"--                            "
"2006","00985","07","1029","","03","Summary   ","N","Cedar Grove-Belgium Area","","Grades PreK-12","All Races","Both Genders",1053,7,"0.6647673300                  ",0,"0.0000000000                  ",10,"0.9496676100                  ",1036,"98.3855650500                 "
"2006","00982","07","1029","0020","04","Elem      ","N","Cedar Grove-Belgium Area","Cedar Grove El","Grades PreK-12","All Races","Both Genders",459,5,"1.0893246100                  ",0,"0.0000000000                  ",5,"1.0893246100                  ",449,"97.8213507600                 "
"2006","00983","07","1029","0040","04","High      ","N","Cedar Grove-Belgium Area","Cedar Grove Hi","Grades PreK-12","All Races","Both Genders",284,0,"0.0000000000                  ",0,"0.0000000000                  ",3,"1.0563380200                  ",281,"98.9436619700                 "
"2006","70002","07","1029","0200","04","Mid/Jr Hi ","N","Cedar Grove-Belgium Area","Cedar Grove Mid","Grades PreK-12","All Races","Both Genders",310,2,"0.6451612900                  ",0,"0.0000000000                  ",2,"0.6451612900                  ",306,"98.7096774100                 "
"2006","72976","07","1029","9204","4C","High      ","Y","Cedar Grove-Belgium Area","NE WI Online Charter (NEWOCS)","Grades PreK-12","All Races","Both Genders",0,0,"--                            ",0,"--                            ",0,"--                            ",0,"--                            "
"2006","01008","07","1085","","03","Elem      ","N","Chilton","","Elementary School Type/ Prek-12","All Races","Both Genders",437,6,"1.3729977100                  ",0,"0.0000000000                  ",8,"1.8306636100                  ",423,"96.7963386700                 "
"2006","01008","07","1085","","03","Mid/Jr Hi ","N","Chilton","","Middle/Junior High School Type/ Prek-12","All Races","Both Genders",364,1,"0.2747252700                  ",0,"0.0000000000                  ",2,"0.5494505400                  ",361,"99.1758241700                 "
"2006","01008","07","1085","","03","High      ","N","Chilton","","High School Type/ PreK-12","All Races","Both Genders",436,1,"0.2293577900                  ",0,"0.0000000000                  ",0,"0.0000000000                  ",435,"99.7706422000                 "
"2006","01008","07","1085","","03","El/Sec    ","N","Chilton","","Combined Elementary/Secondary School Type/ Prek-12","All Races","Both Genders",0,0,"--                            ",0,"--                            ",0,"--                            ",0,"--                            "
"2006","01008","07","1085","","03","Summary   ","N","Chilton","","Grades PreK-12","All Races","Both Genders",1237,8,"0.6467259400                  ",0,"0.0000000000                  ",10,"0.8084074300                  ",1219,"98.5448666100                 "
"2006","00999","07","1085","0020","04","Elem      ","N","Chilton","Chilton El","Grades PreK-12","All Races","Both Genders",437,6,"1.3729977100                  ",0,"0.0000000000                  ",8,"1.8306636100                  ",423,"96.7963386700                 "
"2006","01000","07","1085","0030","04","Mid/Jr Hi ","N","Chilton","Chilton Mid","Grades PreK-12","All Races","Both Genders",364,1,"0.2747252700                  ",0,"0.0000000000                  ",2,"0.5494505400                  ",361,"99.1758241700                 "
"2006","01001","07","1085","0040","04","High      ","N","Chilton","Chilton Hi","Grades PreK-12","All Races","Both Genders",436,1,"0.2293577900                  ",0,"0.0000000000                  ",0,"0.0000000000                  ",435,"99.7706422000                 "
"2006","72977","07","1085","9204","4C","High      ","Y","Chilton","NE WI Online Charter (NEWOCS)","Grades PreK-12","All Races","Both Genders",0,0,"--                            ",0,"--                            ",0,"--                            ",0,"--                            "
"2006","11346","07","1407","","03","Elem      ","N","Denmark","","Elementary School Type/ Prek-12","All Races","Both Genders",688,4,"0.5813953400                  ",0,"0.0000000000                  ",7,"1.0174418600                  ",677,"98.4011627900                 "
"2006","11346","07","1407","","03","Mid/Jr Hi ","N","Denmark","","Middle/Junior High School Type/ Prek-12","All Races","Both Genders",359,3,"0.8356545900                  ",0,"0.0000000000                  ",5,"1.3927576600                  ",351,"97.7715877400                 "
"2006","11346","07","1407","","03","High      ","N","Denmark","","High School Type/ PreK-12","All Races","Both Genders",558,1,"0.1792114600                  ",0,"0.0000000000                  ",7,"1.2544802800                  ",550,"98.5663082400                 "
"2006","11346","07","1407","","03","El/Sec    ","N","Denmark","","Combined Elementary/Secondary School Type/ Prek-12","All Races","Both Genders",7,0,"0.0000000000                  ",0,"0.0000000000                  ",0,"0.0000000000                  ",7,"100.0000000000                "
"2006","11346","07","1407","","03","Summary   ","N","Denmark","","Grades PreK-12","All Races","Both Genders",1612,8,"0.4962779100                  ",0,"0.0000000000                  ",19,"1.1786600400                  ",1585,"98.3250620300                 "
"2006","11342","07","1407","0040","04","Elem      ","N","Denmark","Denmark Early Childhood Ctr","Grades PreK-12","All Races","Both Genders",181,1,"0.5524861800                  ",0,"0.0000000000                  ",0,"0.0000000000                  ",180,"99.4475138100                 "
"2006","11343","07","1407","0060","04","Elem      ","N","Denmark","Denmark El","Grades PreK-12","All Races","Both Genders",507,3,"0.5917159700                  ",0,"0.0000000000                  ",7,"1.3806706100                  ",497,"98.0276134100                 "
"2006","11344","07","1407","0080","04","High      ","N","Denmark","Denmark Hi","Grades PreK-12","All Races","Both Genders",558,1,"0.1792114600                  ",0,"0.0000000000                  ",7,"1.2544802800                  ",550,"98.5663082400                 "
"2006","11345","07","1407","0100","04","Mid/Jr Hi ","N","Denmark","Denmark Mid","Grades PreK-12","All Races","Both Genders",359,3,"0.8356545900                  ",0,"0.0000000000                  ",5,"1.3927576600                  ",351,"97.7715877400                 "
"2006","71455","07","1407","0800","04","El/Sec    ","Y","Denmark","Denmark Empowerment Charter","Grades PreK-12","All Races","Both Genders",7,0,"0.0000000000                  ",0,"0.0000000000                  ",0,"0.0000000000                  ",7,"100.0000000000                "
"2006","72978","07","1407","9204","4C","High      ","Y","Denmark","NE WI Online Charter (NEWOCS)","Grades PreK-12","All Races","Both Genders",2,0,"0.0000000000                  ",0,"0.0000000000                  ",0,"0.0000000000                  ",2,"100.0000000000                "
"2006","10528","07","1414","","03","Elem      ","N","De Pere","","Elementary School Type/ Prek-12","All Races","Both Genders",1274,6,"0.4709576100                  ",0,"0.0000000000                  ",9,"0.7064364200                  ",1259,"98.8226059600                 "
"2006","10528","07","1414","","03","Mid/Jr Hi ","N","De Pere","","Middle/Junior High School Type/ Prek-12","All Races","Both Genders",1075,5,"0.4651162700                  ",0,"0.0000000000                  ",1,"0.0930232500                  ",1069,"99.4418604600                 "
"2006","10528","07","1414","","03","High      ","N","De Pere","","High School Type/ PreK-12","All Races","Both Genders",1209,0,"0.0000000000                  ",0,"0.0000000000                  ",0,"0.0000000000                  ",1209,"100.0000000000                "
"2006","10528","07","1414","","03","El/Sec    ","N","De Pere","","Combined Elementary/Secondary School Type/ Prek-12","All Races","Both Genders",0,0,"--                            ",0,"--                            ",0,"--                            ",0,"--                            "
"2006","10528","07","1414","","03","Summary   ","N","De Pere","","Grades PreK-12","All Races","Both Genders",3558,11,"0.3091624500                  ",0,"0.0000000000                  ",10,"0.2810567700                  ",3537,"99.4097807700                 "
"2006","10510","07","1414","0020","04","High      ","N","De Pere","De Pere Hi","Grades PreK-12","All Races","Both Genders",1209,0,"0.0000000000                  ",0,"0.0000000000                  ",0,"0.0000000000                  ",1209,"100.0000000000                "
"2006","10511","07","1414","0030","04","Mid/Jr Hi ","N","De Pere","De Pere Mid","Grades PreK-12","All Races","Both Genders",529,3,"0.5671077500                  ",0,"0.0000000000                  ",1,"0.1890359100                  ",525,"99.2438563300                 "
"2006","10512","07","1414","0040","04","Elem      ","N","De Pere","Dickinson El","Grades PreK-12","All Races","Both Genders",587,3,"0.5110732500                  ",0,"0.0000000000                  ",5,"0.8517887500                  ",579,"98.6371379800                 "
"2006","39518","07","1414","0050","04","Elem      ","N","De Pere","Heritage El","Grades PreK-12","All Races","Both Genders",687,3,"0.4366812200                  ",0,"0.0000000000                  ",4,"0.5822416300                  ",680,"98.9810771400                 "
"2006","71617","07","1414","0200","04","Mid/Jr Hi ","N","De Pere","Foxview Intermediate Sch","Grades PreK-12","All Races","Both Genders",546,2,"0.3663003600                  ",0,"0.0000000000                  ",0,"0.0000000000                  ",544,"99.6336996300                 "
"2006","72979","07","1414","9204","4C","High      ","Y","De Pere","NE WI Online Charter (NEWOCS)","Grades PreK-12","All Races","Both Genders",0,0,"--                            ",0,"--                            ",0,"--                            ",0,"--                            "
"2006","01087","07","1631","","03","Elem      ","N","Elkhart Lake-Glenbeulah","","Elementary School Type/ Prek-12","All Races","Both Genders",376,0,"0.0000000000                  ",0,"0.0000000000                  ",3,"0.7978723400                  ",373,"99.2021276500                 "
"2006","01087","07","1631","","03","Mid/Jr Hi ","N","Elkhart Lake-Glenbeulah","","Middle/Junior High School Type/ Prek-12","All Races","Both Genders",0,0,"--                            ",0,"--                            ",0,"--                            ",0,"--                            "
"2006","01087","07","1631","","03","High      ","N","Elkhart Lake-Glenbeulah","","High School Type/ PreK-12","All Races","Both Genders",185,0,"0.0000000000                  ",0,"0.0000000000                  ",0,"0.0000000000                  ",185,"100.0000000000                "
"2006","01087","07","1631","","03","El/Sec    ","N","Elkhart Lake-Glenbeulah","","Combined Elementary/Secondary School Type/ Prek-12","All Races","Both Genders",0,0,"--                            ",0,"--                            ",0,"--                            ",0,"--                            "
"2006","01087","07","1631","","03","Summary   ","N","Elkhart Lake-Glenbeulah","","Grades PreK-12","All Races","Both Genders",561,0,"0.0000000000                  ",0,"0.0000000000                  ",3,"0.5347593500                  ",558,"99.4652406400                 "
"2006","01080","07","1631","0020","04","Elem      ","N","Elkhart Lake-Glenbeulah","Elkhart Lake El/Mid","Grades PreK-12","All Races","Both Genders",376,0,"0.0000000000                  ",0,"0.0000000000                  ",3,"0.7978723400                  ",373,"99.2021276500                 "
"2006","01081","07","1631","0040","04","High      ","N","Elkhart Lake-Glenbeulah","Elkhart Lake Hi","Grades PreK-12","All Races","Both Genders",185,0,"0.0000000000                  ",0,"0.0000000000                  ",0,"0.0000000000                  ",185,"100.0000000000                "
"2006","72980","07","1631","9204","4C","High      ","Y","Elkhart Lake-Glenbeulah","NE WI Online Charter (NEWOCS)","Grades PreK-12","All Races","Both Genders",2,0,"0.0000000000                  ",0,"0.0000000000                  ",0,"0.0000000000                  ",2,"100.0000000000                "
"2006","11355","07","2114","","03","Elem      ","N","Gibraltar Area","","Elementary School Type/ Prek-12","All Races","Both Genders",275,0,"0.0000000000                  ",0,"0.0000000000                  ",2,"0.7272727200                  ",273,"99.2727272700                 "
"2006","11355","07","2114","","03","Mid/Jr Hi ","N","Gibraltar Area","","Middle/Junior High School Type/ Prek-12","All Races","Both Genders",140,0,"0.0000000000                  ",0,"0.0000000000                  ",1,"0.7142857100                  ",139,"99.2857142800                 "
"2006","11355","07","2114","","03","High      ","N","Gibraltar Area","","High School Type/ PreK-12","All Races","Both Genders",206,0,"0.0000000000                  ",0,"0.0000000000                  ",0,"0.0000000000                  ",206,"100.0000000000                "
"2006","11355","07","2114","","03","El/Sec    ","N","Gibraltar Area","","Combined Elementary/Secondary School Type/ Prek-12","All Races","Both Genders",0,0,"--                            ",0,"--                            ",0,"--                            ",0,"--                            "
"2006","11355","07","2114","","03","Summary   ","N","Gibraltar Area","","Grades PreK-12","All Races","Both Genders",621,0,"0.0000000000                  ",0,"0.0000000000                  ",3,"0.4830917800                  ",618,"99.5169082100                 "
"2006","11353","07","2114","0100","04","Elem      ","N","Gibraltar Area","Gibraltar El","Grades PreK-12","All Races","Both Genders",275,0,"0.0000000000                  ",0,"0.0000000000                  ",2,"0.7272727200                  ",273,"99.2727272700                 "
"2006","11354","07","2114","0120","04","High      ","N","Gibraltar Area","Gibraltar Hi","Grades PreK-12","All Races","Both Genders",206,0,"0.0000000000                  ",0,"0.0000000000                  ",0,"0.0000000000                  ",206,"100.0000000000                "
"2006","48808","07","2114","0200","04","Mid/Jr Hi ","N","Gibraltar Area","Gibraltar Mid","Grades PreK-12","All Races","Both Genders",140,0,"0.0000000000                  ",0,"0.0000000000                  ",1,"0.7142857100                  ",139,"99.2857142800                 "
"2006","72981","07","2114","9204","4C","High      ","Y","Gibraltar Area","NE WI Online Charter (NEWOCS)","Grades PreK-12","All Races","Both Genders",2,0,"0.0000000000                  ",0,"0.0000000000                  ",0,"0.0000000000                  ",2,"100.0000000000                "
"2006","12004","07","2289","","03","Elem      ","N","Green Bay Area","","Elementary School Type/ Prek-12","All Races","Both Genders",9895,1268,"12.8145528000                 ",473,"4.7801920100                  ",298,"3.0116220300                  ",7856,"79.3936331400                 "
"2006","12004","07","2289","","03","Mid/Jr Hi ","N","Green Bay Area","","Middle/Junior High School Type/ Prek-12","All Races","Both Genders",3825,327,"8.5490196000                  ",132,"3.4509803900                  ",56,"1.4640522800                  ",3310,"86.5359477100                 "
"2006","12004","07","2289","","03","High      ","N","Green Bay Area","","High School Type/ PreK-12","All Races","Both Genders",6447,261,"4.0483946000                  ",129,"2.0009306600                  ",47,"0.7290212500                  ",6010,"93.2216534800                 "
"2006","12004","07","2289","","03","El/Sec    ","N","Green Bay Area","","Combined Elementary/Secondary School Type/ Prek-12","All Races","Both Genders",147,0,"0.0000000000                  ",0,"0.0000000000                  ",0,"0.0000000000                  ",147,"100.0000000000                "
"2006","12004","07","2289","","03","Summary   ","N","Green Bay Area","","Grades PreK-12","All Races","Both Genders",20314,1856,"9.1365560600                  ",734,"3.6132716300                  ",401,"1.9740080700                  ",17323,"85.2761642200                 "
"2006","11772","07","2289","0020","04","Elem      ","N","Green Bay Area","Aldo Leopold Comm Sch K-8","Grades PreK-12","All Races","Both Genders",383,3,"0.7832898100                  ",2,"0.5221932100                  ",0,"0.0000000000                  ",378,"98.6945169700                 "
"2006","12056","07","2289","0030","04","Elem      ","N","Green Bay Area","Baird El","Grades PreK-12","All Races","Both Genders",347,20,"5.7636887600                  ",4,"1.1527377500                  ",12,"3.4582132500                  ",311,"89.6253602300                 "
"2006","30977","07","2289","0040","04","El/Sec    ","N","Green Bay Area","Bay View","Grades PreK-12","All Races","Both Genders",147,0,"0.0000000000                  ",0,"0.0000000000                  ",0,"0.0000000000                  ",147,"100.0000000000                "
"2006","11958","07","2289","0060","04","Elem      ","N","Green Bay Area","Beaumont El","Grades PreK-12","All Races","Both Genders",302,6,"1.9867549600                  ",15,"4.9668874100                  ",2,"0.6622516500                  ",279,"92.3841059600                 "
"2006","11883","07","2289","0100","04","Elem      ","N","Green Bay Area","Chappell El","Grades PreK-12","All Races","Both Genders",220,10,"4.5454545400                  ",15,"6.8181818100                  ",6,"2.7272727200                  ",189,"85.9090909000                 "
"2006","00076","07","2289","0110","04","Elem      ","N","Green Bay Area","Green Bay Head Start","Grades PreK-12","All Races","Both Genders",332,0,"0.0000000000                  ",0,"0.0000000000                  ",0,"0.0000000000                  ",332,"100.0000000000                "
"2006","11845","07","2289","0140","04","Elem      ","N","Green Bay Area","Danz El","Grades PreK-12","All Races","Both Genders",469,219,"46.6950959400                 ",10,"2.1321961600                  ",44,"9.3816631100                  ",196,"41.7910447700                 "
"2006","70095","07","2289","0160","04","Elem      ","N","Green Bay Area","Red Smith K-8","Grades PreK-12","All Races","Both Genders",763,15,"1.9659239800                  ",11,"1.4416775800                  ",7,"0.9174311900                  ",730,"95.6749672300                 "
"2006","11773","07","2289","0175","04","Elem      ","N","Green Bay Area","Doty El","Grades PreK-12","All Races","Both Genders",321,95,"29.5950155700                 ",3,"0.9345794300                  ",14,"4.3613707100                  ",209,"65.1090342600                 "
"2006","11774","07","2289","0180","04","High      ","N","Green Bay Area","East Hi","Grades PreK-12","All Races","Both Genders",1465,111,"7.5767918000                  ",21,"1.4334470900                  ",11,"0.7508532400                  ",1322,"90.2389078400                 "
"2006","11846","07","2289","0190","04","Mid/Jr Hi ","N","Green Bay Area","Edison Mid","Grades PreK-12","All Races","Both Genders",1152,132,"11.4583333300                 ",34,"2.9513888800                  ",19,"1.6493055500                  ",967,"83.9409722200                 "
"2006","11847","07","2289","0200","04","Elem      ","N","Green Bay Area","Eisenhower El","Grades PreK-12","All Races","Both Genders",379,152,"40.1055408900                 ",20,"5.2770448500                  ",74,"19.5250659600                 ",133,"35.0923482800                 "
"2006","11884","07","2289","0220","04","Elem      ","N","Green Bay Area","Elmore El","Grades PreK-12","All Races","Both Genders",232,3,"1.2931034400                  ",10,"4.3103448200                  ",4,"1.7241379300                  ",215,"92.6724137900                 "
"2006","11885","07","2289","0280","04","Elem      ","N","Green Bay Area","Fort Howard El","Grades PreK-12","All Races","Both Genders",257,97,"37.7431906600                 ",21,"8.1712062200                  ",24,"9.3385214000                  ",115,"44.7470817100                 "
"2006","11886","07","2289","0300","04","Mid/Jr Hi ","N","Green Bay Area","Franklin Mid","Grades PreK-12","All Races","Both Genders",791,20,"2.5284450000                  ",53,"6.7003792600                  ",19,"2.4020227500                  ",699,"88.3691529700                 "
"2006","11775","07","2289","0320","04","Elem      ","N","Green Bay Area","Howe El","Grades PreK-12","All Races","Both Genders",475,113,"23.7894736800                 ",79,"16.6315789400                 ",12,"2.5263157800                  ",271,"57.0526315700                 "
"2006","11959","07","2289","0340","04","Elem      ","N","Green Bay Area","Jackson El","Grades PreK-12","All Races","Both Genders",303,5,"1.6501650100                  ",14,"4.6204620400                  ",4,"1.3201320100                  ",280,"92.4092409200                 "
"2006","11887","07","2289","0360","04","Elem      ","N","Green Bay Area","Jefferson El","Grades PreK-12","All Races","Both Genders",146,2,"1.3698630100                  ",34,"23.2876712300                 ",9,"6.1643835600                  ",101,"69.1780821900                 "
"2006","11888","07","2289","0370","04","Elem      ","N","Green Bay Area","Keller El","Grades PreK-12","All Races","Both Genders",230,4,"1.7391304300                  ",4,"1.7391304300                  ",0,"0.0000000000                  ",222,"96.5217391300                 "
"2006","11960","07","2289","0380","04","Elem      ","N","Green Bay Area","Kennedy El","Grades PreK-12","All Races","Both Genders",292,7,"2.3972602700                  ",23,"7.8767123200                  ",5,"1.7123287600                  ",257,"88.0136986300                 "
"2006","12091","07","2289","0390","04","Elem      ","N","Green Bay Area","King El","Grades PreK-12","All Races","Both Genders",403,4,"0.9925558300                  ",3,"0.7444168700                  ",11,"2.7295285300                  ",385,"95.5334987500                 "
"2006","11776","07","2289","0400","04","Elem      ","N","Green Bay Area","Langlade El","Grades PreK-12","All Races","Both Genders",348,5,"1.4367816000                  ",6,"1.7241379300                  ",4,"1.1494252800                  ",333,"95.6896551700                 "
"2006","11889","07","2289","0420","04","Elem      ","N","Green Bay Area","Lincoln El","Grades PreK-12","All Races","Both Genders",250,9,"3.6000000000                  ",8,"3.2000000000                  ",1,"0.4000000000                  ",232,"92.8000000000                 "
"2006","12092","07","2289","0425","04","Mid/Jr Hi ","N","Green Bay Area","Lombardi Mid","Grades PreK-12","All Races","Both Genders",922,8,"0.8676789500                  ",9,"0.9761388200                  ",3,"0.3253796000                  ",902,"97.8308026000                 "
"2006","11961","07","2289","0430","04","Elem      ","N","Green Bay Area","MacArthur El","Grades PreK-12","All Races","Both Genders",321,2,"0.6230529500                  ",0,"0.0000000000                  ",3,"0.9345794300                  ",316,"98.4423676000                 "
"2006","11848","07","2289","0435","04","Elem      ","N","Green Bay Area","Martin El","Grades PreK-12","All Races","Both Genders",382,22,"5.7591623000                  ",43,"11.2565445000                 ",1,"0.2617801000                  ",316,"82.7225130800                 "
"2006","12058","07","2289","0437","04","Elem      ","N","Green Bay Area","McAuliffe El","Grades PreK-12","All Races","Both Genders",549,2,"0.3642987200                  ",3,"0.5464480800                  ",4,"0.7285974400                  ",540,"98.3606557300                 "
"2006","11849","07","2289","0440","04","Elem      ","N","Green Bay Area","Nicolet El","Grades PreK-12","All Races","Both Genders",455,219,"48.1318681300                 ",44,"9.6703296700                  ",17,"3.7362637300                  ",175,"38.4615384600                 "
"2006","11850","07","2289","0540","04","High      ","N","Green Bay Area","Preble Hi","Grades PreK-12","All Races","Both Genders",2225,141,"6.3370786500                  ",28,"1.2584269600                  ",15,"0.6741573000                  ",2041,"91.7303370700                 "
"2006","11851","07","2289","0590","04","Elem      ","N","Green Bay Area","Sullivan El","Grades PreK-12","All Races","Both Genders",544,164,"30.1470588200                 ",33,"6.0661764700                  ",13,"2.3897058800                  ",334,"61.3970588200                 "
"2006","11962","07","2289","0600","04","High      ","N","Green Bay Area","Southwest Hi","Grades PreK-12","All Races","Both Genders",1429,3,"0.2099370100                  ",2,"0.1399580100                  ",0,"0.0000000000                  ",1424,"99.6501049600                 "
"2006","11963","07","2289","0640","04","Elem      ","N","Green Bay Area","Tank El","Grades PreK-12","All Races","Both Genders",184,11,"5.9782608600                  ",35,"19.0217391300                 ",7,"3.8043478200                  ",131,"71.1956521700                 "
"2006","11777","07","2289","0660","04","Mid/Jr Hi ","N","Green Bay Area","Washington Mid","Grades PreK-12","All Races","Both Genders",960,167,"17.3958333300                 ",36,"3.7500000000                  ",15,"1.5625000000                  ",742,"77.2916666600                 "
"2006","11778","07","2289","0680","04","Elem      ","N","Green Bay Area","Webster El","Grades PreK-12","All Races","Both Genders",360,14,"3.8888888800                  ",2,"0.5555555500                  ",5,"1.3888888800                  ",339,"94.1666666600                 "
"2006","12059","07","2289","0700","04","Elem      ","N","Green Bay Area","Wequiock El","Grades PreK-12","All Races","Both Genders",166,0,"0.0000000000                  ",0,"0.0000000000                  ",0,"0.0000000000                  ",166,"100.0000000000                "
"2006","11890","07","2289","0720","04","High      ","N","Green Bay Area","West Hi","Grades PreK-12","All Races","Both Genders",1328,6,"0.4518072200                  ",78,"5.8734939700                  ",21,"1.5813253000                  ",1223,"92.0933734900                 "
"2006","12060","07","2289","0730","04","Elem      ","N","Green Bay Area","Wilder El","Grades PreK-12","All Races","Both Genders",482,65,"13.4854771700                 ",31,"6.4315352600                  ",15,"3.1120331900                  ",371,"76.9709543500                 "
"2006","72982","07","2289","9204","4C","High      ","Y","Green Bay Area","NE WI Online Charter (NEWOCS)","Grades PreK-12","All Races","Both Genders",0,0,"--                            ",0,"--                            ",0,"--                            ",0,"--                            "
"2006","10684","07","2534","","03","Elem      ","N","Hilbert","","Elementary School Type/ Prek-12","All Races","Both Genders",219,12,"5.4794520500                  ",4,"1.8264840100                  ",0,"0.0000000000                  ",203,"92.6940639200                 "
"2006","10684","07","2534","","03","Mid/Jr Hi ","N","Hilbert","","Middle/Junior High School Type/ Prek-12","All Races","Both Genders",97,2,"2.0618556700                  ",1,"1.0309278300                  ",0,"0.0000000000                  ",94,"96.9072164900                 "
"2006","10684","07","2534","","03","High      ","N","Hilbert","","High School Type/ PreK-12","All Races","Both Genders",187,0,"0.0000000000                  ",1,"0.5347593500                  ",0,"0.0000000000                  ",186,"99.4652406400                 "
"2006","10684","07","2534","","03","El/Sec    ","N","Hilbert","","Combined Elementary/Secondary School Type/ Prek-12","All Races","Both Genders",0,0,"--                            ",0,"--                            ",0,"--                            ",0,"--                            "
"2006","10684","07","2534","","03","Summary   ","N","Hilbert","","Grades PreK-12","All Races","Both Genders",503,14,"2.7833001900                  ",6,"1.1928429400                  ",0,"0.0000000000                  ",483,"96.0238568500                 "
"2006","10682","07","2534","0020","04","Elem      ","N","Hilbert","Hilbert El","Grades PreK-12","All Races","Both Genders",219,12,"5.4794520500                  ",4,"1.8264840100                  ",0,"0.0000000000                  ",203,"92.6940639200                 "
"2006","10683","07","2534","0040","04","High      ","N","Hilbert","Hilbert Hi","Grades PreK-12","All Races","Both Genders",187,0,"0.0000000000                  ",1,"0.5347593500                  ",0,"0.0000000000                  ",186,"99.4652406400                 "
"2006","48780","07","2534","0200","04","Mid/Jr Hi ","N","Hilbert","Hilbert Mid","Grades PreK-12","All Races","Both Genders",97,2,"2.0618556700                  ",1,"1.0309278300                  ",0,"0.0000000000                  ",94,"96.9072164900                 "
"2006","72964","07","2534","9204","4C","High      ","Y","Hilbert","NE WI Online Charter (NEWOCS)","Grades PreK-12","All Races","Both Genders",0,0,"--                            ",0,"--                            ",0,"--                            ",0,"--                            "
"2006","12102","07","2604","","03","Elem      ","N","Howard-Suamico","","Elementary School Type/ Prek-12","All Races","Both Genders",2626,10,"0.3808073100                  ",16,"0.6092916900                  ",21,"0.7996953500                  ",2579,"98.2102056300                 "
"2006","12102","07","2604","","03","Mid/Jr Hi ","N","Howard-Suamico","","Middle/Junior High School Type/ Prek-12","All Races","Both Genders",776,4,"0.5154639100                  ",2,"0.2577319500                  ",3,"0.3865979300                  ",767,"98.8402061800                 "
"2006","12102","07","2604","","03","High      ","N","Howard-Suamico","","High School Type/ PreK-12","All Races","Both Genders",1639,1,"0.0610128100                  ",5,"0.3050640600                  ",7,"0.4270896800                  ",1626,"99.2068334300                 "
"2006","12102","07","2604","","03","El/Sec    ","N","Howard-Suamico","","Combined Elementary/Secondary School Type/ Prek-12","All Races","Both Genders",0,0,"--                            ",0,"--                            ",0,"--                            ",0,"--                            "
"2006","12102","07","2604","","03","Summary   ","N","Howard-Suamico","","Grades PreK-12","All Races","Both Genders",5041,15,"0.2975600000                  ",23,"0.4562586700                  ",31,"0.6149573400                  ",4972,"98.6312239600                 "
"2006","12093","07","2604","0020","04","High      ","N","Howard-Suamico","Bay Port Hi","Grades PreK-12","All Races","Both Genders",1639,1,"0.0610128100                  ",5,"0.3050640600                  ",7,"0.4270896800                  ",1626,"99.2068334300                 "
"2006","12094","07","2604","0030","04","Mid/Jr Hi ","N","Howard-Suamico","Bay View Mid","Grades PreK-12","All Races","Both Genders",776,4,"0.5154639100                  ",2,"0.2577319500                  ",3,"0.3865979300                  ",767,"98.8402061800                 "
"2006","12095","07","2604","0040","04","Elem      ","N","Howard-Suamico","Forest Glen El","Grades PreK-12","All Races","Both Genders",764,3,"0.3926701500                  ",4,"0.5235602000                  ",1,"0.1308900500                  ",756,"98.9528795800                 "
"2006","12096","07","2604","0050","04","Elem      ","N","Howard-Suamico","Meadowbrook El","Grades PreK-12","All Races","Both Genders",409,3,"0.7334963300                  ",0,"0.0000000000                  ",11,"2.6894865500                  ",395,"96.5770171100                 "
"2006","11891","07","2604","0060","04","Elem      ","N","Howard-Suamico","Howard El","Grades PreK-12","All Races","Both Genders",195,3,"1.5384615300                  ",3,"1.5384615300                  ",5,"2.5641025600                  ",184,"94.3589743500                 "
"2006","12097","07","2604","0100","04","Elem      ","N","Howard-Suamico","Suamico El","Grades PreK-12","All Races","Both Genders",557,0,"0.0000000000                  ",2,"0.3590664200                  ",0,"0.0000000000                  ",555,"99.6409335700                 "
"2006","71192","07","2604","0110","04","Elem      ","N","Howard-Suamico","Lineville Intermediate Sch","Grades PreK-12","All Races","Both Genders",701,1,"0.1426533500                  ",7,"0.9985734600                  ",4,"0.5706134000                  ",689,"98.2881597700                 "
"2006","72965","07","2604","9204","4C","High      ","Y","Howard-Suamico","NE WI Online Charter (NEWOCS)","Grades PreK-12","All Races","Both Genders",0,0,"--                            ",0,"--                            ",0,"--                            ",0,"--                            "
"2006","02193","07","2605","","03","Elem      ","N","Howards Grove","","Elementary School Type/ Prek-12","All Races","Both Genders",340,0,"0.0000000000                  ",0,"0.0000000000                  ",0,"0.0000000000                  ",340,"100.0000000000                "
"2006","02193","07","2605","","03","Mid/Jr Hi ","N","Howards Grove","","Middle/Junior High School Type/ Prek-12","All Races","Both Genders",310,0,"0.0000000000                  ",0,"0.0000000000                  ",0,"0.0000000000                  ",310,"100.0000000000                "
"2006","02193","07","2605","","03","High      ","N","Howards Grove","","High School Type/ PreK-12","All Races","Both Genders",332,0,"0.0000000000                  ",0,"0.0000000000                  ",0,"0.0000000000                  ",332,"100.0000000000                "
"2006","02193","07","2605","","03","El/Sec    ","N","Howards Grove","","Combined Elementary/Secondary School Type/ Prek-12","All Races","Both Genders",0,0,"--                            ",0,"--                            ",0,"--                            ",0,"--                            "
"2006","02193","07","2605","","03","Summary   ","N","Howards Grove","","Grades PreK-12","All Races","Both Genders",982,0,"0.0000000000                  ",0,"0.0000000000                  ",0,"0.0000000000                  ",982,"100.0000000000                "
"2006","02186","07","2605","0060","04","High      ","N","Howards Grove","Howards Grove Hi","Grades PreK-12","All Races","Both Genders",332,0,"0.0000000000                  ",0,"0.0000000000                  ",0,"0.0000000000                  ",332,"100.0000000000                "
"2006","02187","07","2605","0110","04","Elem      ","N","Howards Grove","Northview El","Grades PreK-12","All Races","Both Genders",340,0,"0.0000000000                  ",0,"0.0000000000                  ",0,"0.0000000000                  ",340,"100.0000000000                "
"2006","02188","07","2605","0125","04","Mid/Jr Hi ","N","Howards Grove","Howards Grove Mid","Grades PreK-12","All Races","Both Genders",310,0,"0.0000000000                  ",0,"0.0000000000                  ",0,"0.0000000000                  ",310,"100.0000000000                "
"2006","72967","07","2605","9204","4C","High      ","Y","Howards Grove","NE WI Online Charter (NEWOCS)","Grades PreK-12","All Races","Both Genders",0,0,"--                            ",0,"--                            ",0,"--                            ",0,"--                            "
"2006","11398","07","2814","","03","Elem      ","N","Kewaunee","","Elementary School Type/ Prek-12","All Races","Both Genders",379,10,"2.6385224200                  ",0,"0.0000000000                  ",0,"0.0000000000                  ",369,"97.3614775700                 "
"2006","11398","07","2814","","03","Mid/Jr Hi ","N","Kewaunee","","Middle/Junior High School Type/ Prek-12","All Races","Both Genders",311,6,"1.9292604500                  ",0,"0.0000000000                  ",0,"0.0000000000                  ",305,"98.0707395400                 "
"2006","11398","07","2814","","03","High      ","N","Kewaunee","","High School Type/ PreK-12","All Races","Both Genders",389,3,"0.7712082200                  ",0,"0.0000000000                  ",0,"0.0000000000                  ",386,"99.2287917700                 "
"2006","11398","07","2814","","03","El/Sec    ","N","Kewaunee","","Combined Elementary/Secondary School Type/ Prek-12","All Races","Both Genders",0,0,"--                            ",0,"--                            ",0,"--                            ",0,"--                            "
"2006","11398","07","2814","","03","Summary   ","N","Kewaunee","","Grades PreK-12","All Races","Both Genders",1079,19,"1.7608897100                  ",0,"0.0000000000                  ",0,"0.0000000000                  ",1060,"98.2391102800                 "
"2006","11397","07","2814","0100","04","High      ","N","Kewaunee","Kewaunee Hi","Grades PreK-12","All Races","Both Genders",379,3,"0.7915567200                  ",0,"0.0000000000                  ",0,"0.0000000000                  ",376,"99.2084432700                 "
"2006","11374","07","2814","0160","04","Mid/Jr Hi ","N","Kewaunee","Kewaunee Mid","Grades PreK-12","All Races","Both Genders",311,6,"1.9292604500                  ",0,"0.0000000000                  ",0,"0.0000000000                  ",305,"98.0707395400                 "
"2006","00088","07","2814","0170","04","Elem      ","N","Kewaunee","Kewaunee El","Grades PreK-12","All Races","Both Genders",379,10,"2.6385224200                  ",0,"0.0000000000                  ",0,"0.0000000000                  ",369,"97.3614775700                 "
"2006","71285","07","2814","0400","04","High      ","Y","Kewaunee","Lakeshore Alternative School","Grades PreK-12","All Races","Both Genders",10,0,"0.0000000000                  ",0,"0.0000000000                  ",0,"0.0000000000                  ",10,"100.0000000000                "
"2006","72968","07","2814","9204","4C","High      ","Y","Kewaunee","NE WI Online Charter (NEWOCS)","Grades PreK-12","All Races","Both Genders",0,0,"--                            ",0,"--                            ",0,"--                            ",0,"--                            "
"2006","01526","07","2828","","03","Elem      ","N","Kiel Area","","Elementary School Type/ Prek-12","All Races","Both Genders",519,9,"1.7341040400                  ",0,"0.0000000000                  ",4,"0.7707129000                  ",506,"97.4951830400                 "
"2006","01526","07","2828","","03","Mid/Jr Hi ","N","Kiel Area","","Middle/Junior High School Type/ Prek-12","All Races","Both Genders",398,7,"1.7587939600                  ",0,"0.0000000000                  ",5,"1.2562814000                  ",386,"96.9849246200                 "
"2006","01526","07","2828","","03","High      ","N","Kiel Area","","High School Type/ PreK-12","All Races","Both Genders",508,3,"0.5905511800                  ",0,"0.0000000000                  ",2,"0.3937007800                  ",503,"99.0157480300                 "
"2006","01526","07","2828","","03","El/Sec    ","N","Kiel Area","","Combined Elementary/Secondary School Type/ Prek-12","All Races","Both Genders",0,0,"--                            ",0,"--                            ",0,"--                            ",0,"--                            "
"2006","01526","07","2828","","03","Summary   ","N","Kiel Area","","Grades PreK-12","All Races","Both Genders",1425,19,"1.3333333300                  ",0,"0.0000000000                  ",11,"0.7719298200                  ",1395,"97.8947368400                 "
"2006","01520","07","2828","0040","04","High      ","N","Kiel Area","Kiel Hi","Grades PreK-12","All Races","Both Genders",508,3,"0.5905511800                  ",0,"0.0000000000                  ",2,"0.3937007800                  ",503,"99.0157480300                 "
"2006","01521","07","2828","0060","04","Mid/Jr Hi ","N","Kiel Area","Kiel Mid","Grades PreK-12","All Races","Both Genders",398,7,"1.7587939600                  ",0,"0.0000000000                  ",5,"1.2562814000                  ",386,"96.9849246200                 "
"2006","01522","07","2828","0100","04","Elem      ","N","Kiel Area","Zielanis El","Grades PreK-12","All Races","Both Genders",443,7,"1.5801354400                  ",0,"0.0000000000                  ",4,"0.9029345300                  ",432,"97.5169300200                 "
"2006","00127","07","2828","0110","04","Elem      ","Y","Kiel Area","Meeme LEADS Charter","Grades PreK-12","All Races","Both Genders",76,2,"2.6315789400                  ",0,"0.0000000000                  ",0,"0.0000000000                  ",74,"97.3684210500                 "
"2006","71990","07","2828","0405","04","El/Sec    ","Y","Kiel Area","Kiel eSchool","Grades PreK-12","All Races","Both Genders",4,0,"0.0000000000                  ",0,"0.0000000000                  ",0,"0.0000000000                  ",4,"100.0000000000                "
"2006","01548","07","2842","","03","Elem      ","N","Kohler","","Elementary School Type/ Prek-12","All Races","Both Genders",351,0,"0.0000000000                  ",0,"0.0000000000                  ",3,"0.8547008500                  ",348,"99.1452991400                 "
"2006","01548","07","2842","","03","Mid/Jr Hi ","N","Kohler","","Middle/Junior High School Type/ Prek-12","All Races","Both Genders",0,0,"--                            ",0,"--                            ",0,"--                            ",0,"--                            "
"2006","01548","07","2842","","03","High      ","N","Kohler","","High School Type/ PreK-12","All Races","Both Genders",234,0,"0.0000000000                  ",0,"0.0000000000                  ",0,"0.0000000000                  ",234,"100.0000000000                "
"2006","01548","07","2842","","03","El/Sec    ","N","Kohler","","Combined Elementary/Secondary School Type/ Prek-12","All Races","Both Genders",0,0,"--                            ",0,"--                            ",0,"--                            ",0,"--                            "
"2006","01548","07","2842","","03","Summary   ","N","Kohler","","Grades PreK-12","All Races","Both Genders",585,0,"0.0000000000                  ",0,"0.0000000000                  ",3,"0.5128205100                  ",582,"99.4871794800                 "
"2006","01543","07","2842","0020","04","Elem      ","N","Kohler","Kohler El","Grades PreK-12","All Races","Both Genders",351,0,"0.0000000000                  ",0,"0.0000000000                  ",3,"0.8547008500                  ",348,"99.1452991400                 "
"2006","01544","07","2842","0040","04","High      ","N","Kohler","Kohler Hi","Grades PreK-12","All Races","Both Genders",234,0,"0.0000000000                  ",0,"0.0000000000                  ",0,"0.0000000000                  ",234,"100.0000000000                "
"2006","72945","07","2842","9204","04","High      ","Y","Kohler","NE WI Online Charter (NEWOCS)","Grades PreK-12","All Races","Both Genders",0,0,"--                            ",0,"--                            ",0,"--                            ",0,"--                            "
"2006","11407","07","3220","","03","Elem      ","N","Luxemburg-Casco","","Elementary School Type/ Prek-12","All Races","Both Genders",966,8,"0.8281573400                  ",0,"0.0000000000                  ",9,"0.9316770100                  ",949,"98.2401656300                 "
"2006","11407","07","3220","","03","Mid/Jr Hi ","N","Luxemburg-Casco","","Middle/Junior High School Type/ Prek-12","All Races","Both Genders",300,1,"0.3333333300                  ",0,"0.0000000000                  ",1,"0.3333333300                  ",298,"99.3333333300                 "
"2006","11407","07","3220","","03","High      ","N","Luxemburg-Casco","","High School Type/ PreK-12","All Races","Both Genders",683,1,"0.1464128800                  ",0,"0.0000000000                  ",0,"0.0000000000                  ",682,"99.8535871100                 "
"2006","11407","07","3220","","03","El/Sec    ","N","Luxemburg-Casco","","Combined Elementary/Secondary School Type/ Prek-12","All Races","Both Genders",0,0,"--                            ",0,"--                            ",0,"--                            ",0,"--                            "
"2006","11407","07","3220","","03","Summary   ","N","Luxemburg-Casco","","Grades PreK-12","All Races","Both Genders",1949,10,"0.5130836300                  ",0,"0.0000000000                  ",10,"0.5130836300                  ",1929,"98.9738327300                 "
"2006","11399","07","3220","0100","04","Elem      ","N","Luxemburg-Casco","Luxemburg-Casco Intermediate","Grades PreK-12","All Races","Both Genders",553,4,"0.7233273000                  ",0,"0.0000000000                  ",1,"0.1808318200                  ",548,"99.0958408600                 "
"2006","71456","07","3220","0110","04","Elem      ","N","Luxemburg-Casco","Luxemburg-Casco Primary","Grades PreK-12","All Races","Both Genders",413,4,"0.9685230000                  ",0,"0.0000000000                  ",8,"1.9370460000                  ",401,"97.0944309900                 "
"2006","11321","07","3220","0120","04","Mid/Jr Hi ","N","Luxemburg-Casco","Luxemburg-Casco Mid","Grades PreK-12","All Races","Both Genders",300,1,"0.3333333300                  ",0,"0.0000000000                  ",1,"0.3333333300                  ",298,"99.3333333300                 "
"2006","11400","07","3220","0140","04","High      ","N","Luxemburg-Casco","Luxemburg-Casco Hi","Grades PreK-12","All Races","Both Genders",683,1,"0.1464128800                  ",0,"0.0000000000                  ",0,"0.0000000000                  ",682,"99.8535871100                 "
"2006","72969","07","3220","9204","4C","High      ","Y","Luxemburg-Casco","NE WI Online Charter (NEWOCS)","Grades PreK-12","All Races","Both Genders",0,0,"--                            ",0,"--                            ",0,"--                            ",0,"--                            "
"2006","11531","07","3290","","03","Elem      ","N","Manitowoc","","Elementary School Type/ Prek-12","All Races","Both Genders",2650,59,"2.2264150900                  ",157,"5.9245283000                  ",18,"0.6792452800                  ",2416,"91.1698113200                 "
"2006","11531","07","3290","","03","Mid/Jr Hi ","N","Manitowoc","","Middle/Junior High School Type/ Prek-12","All Races","Both Genders",1325,11,"0.8301886700                  ",39,"2.9433962200                  ",11,"0.8301886700                  ",1264,"95.3962264100                 "
"2006","11531","07","3290","","03","High      ","N","Manitowoc","","High School Type/ PreK-12","All Races","Both Genders",1422,5,"0.3516174400                  ",4,"0.2812939500                  ",1,"0.0703234800                  ",1412,"99.2967651100                 "
"2006","11531","07","3290","","03","El/Sec    ","N","Manitowoc","","Combined Elementary/Secondary School Type/ Prek-12","All Races","Both Genders",0,0,"--                            ",0,"--                            ",0,"--                            ",0,"--                            "
"2006","11531","07","3290","","03","Summary   ","N","Manitowoc","","Grades PreK-12","All Races","Both Genders",5397,75,"1.3896609200                  ",200,"3.7057624600                  ",30,"0.5558643600                  ",5092,"94.3487122400                 "
"2006","11423","07","3290","0060","04","Elem      ","N","Manitowoc","Franklin El","Grades PreK-12","All Races","Both Genders",355,14,"3.9436619700                  ",36,"10.1408450700                 ",4,"1.1267605600                  ",301,"84.7887323900                 "
"2006","11424","07","3290","0100","04","Elem      ","N","Manitowoc","Jackson El","Grades PreK-12","All Races","Both Genders",443,5,"1.1286681700                  ",8,"1.8058690700                  ",0,"0.0000000000                  ",430,"97.0654627500                 "
"2006","11425","07","3290","0120","04","Elem      ","N","Manitowoc","Jefferson El","Grades PreK-12","All Races","Both Genders",430,16,"3.7209302300                  ",28,"6.5116279000                  ",2,"0.4651162700                  ",384,"89.3023255800                 "
"2006","11426","07","3290","0140","04","High      ","N","Manitowoc","Lincoln Hi","Grades PreK-12","All Races","Both Genders",1422,5,"0.3516174400                  ",4,"0.2812939500                  ",1,"0.0703234800                  ",1412,"99.2967651100                 "
"2006","11427","07","3290","0160","04","Elem      ","N","Manitowoc","Madison El","Grades PreK-12","All Races","Both Genders",275,0,"0.0000000000                  ",13,"4.7272727200                  ",1,"0.3636363600                  ",261,"94.9090909000                 "
"2006","11428","07","3290","0220","04","Elem      ","N","Manitowoc","Monroe El","Grades PreK-12","All Races","Both Genders",329,3,"0.9118541000                  ",33,"10.0303951300                 ",4,"1.2158054700                  ",289,"87.8419452800                 "
"2006","11429","07","3290","0240","04","Elem      ","N","Manitowoc","Riverview El","Grades PreK-12","All Races","Both Genders",428,17,"3.9719626100                  ",33,"7.7102803700                  ",7,"1.6355140100                  ",371,"86.6822429900                 "
"2006","11430","07","3290","0260","04","Elem      ","N","Manitowoc","Stangel El","Grades PreK-12","All Races","Both Genders",390,4,"1.0256410200                  ",6,"1.5384615300                  ",0,"0.0000000000                  ",380,"97.4358974300                 "
"2006","11431","07","3290","0280","04","Mid/Jr Hi ","N","Manitowoc","Washington Jr","Grades PreK-12","All Races","Both Genders",673,11,"1.6344725100                  ",39,"5.7949479900                  ",11,"1.6344725100                  ",612,"90.9361069800                 "
"2006","11432","07","3290","0300","04","Mid/Jr Hi ","N","Manitowoc","Wilson Jr","Grades PreK-12","All Races","Both Genders",652,0,"0.0000000000                  ",0,"0.0000000000                  ",0,"0.0000000000                  ",652,"100.0000000000                "
"2006","72970","07","3290","9204","4C","High      ","Y","Manitowoc","NE WI Online Charter (NEWOCS)","Grades PreK-12","All Races","Both Genders",1,0,"0.0000000000                  ",0,"0.0000000000                  ",0,"0.0000000000                  ",1,"100.0000000000                "
"2006","11552","07","3661","","03","Elem      ","N","Mishicot","","Elementary School Type/ Prek-12","All Races","Both Genders",428,0,"0.0000000000                  ",8,"1.8691588700                  ",0,"0.0000000000                  ",420,"98.1308411200                 "
"2006","11552","07","3661","","03","Mid/Jr Hi ","N","Mishicot","","Middle/Junior High School Type/ Prek-12","All Races","Both Genders",250,0,"0.0000000000                  ",3,"1.2000000000                  ",0,"0.0000000000                  ",247,"98.8000000000                 "
"2006","11552","07","3661","","03","High      ","N","Mishicot","","High School Type/ PreK-12","All Races","Both Genders",386,0,"0.0000000000                  ",2,"0.5181347100                  ",1,"0.2590673500                  ",383,"99.2227979200                 "
"2006","11552","07","3661","","03","El/Sec    ","N","Mishicot","","Combined Elementary/Secondary School Type/ Prek-12","All Races","Both Genders",0,0,"--                            ",0,"--                            ",0,"--                            ",0,"--                            "
"2006","11552","07","3661","","03","Summary   ","N","Mishicot","","Grades PreK-12","All Races","Both Genders",1064,0,"0.0000000000                  ",13,"1.2218045100                  ",1,"0.0939849600                  ",1050,"98.6842105200                 "
"2006","11546","07","3661","0040","04","High      ","N","Mishicot","Mishicot Hi","Grades PreK-12","All Races","Both Genders",386,0,"0.0000000000                  ",2,"0.5181347100                  ",1,"0.2590673500                  ",383,"99.2227979200                 "
"2006","11547","07","3661","0060","04","Elem      ","N","Mishicot","Schultz El","Grades PreK-12","All Races","Both Genders",428,0,"0.0000000000                  ",8,"1.8691588700                  ",0,"0.0000000000                  ",420,"98.1308411200                 "
"2006","39532","07","3661","0120","04","Mid/Jr Hi ","N","Mishicot","Mishicot Mid","Grades PreK-12","All Races","Both Genders",250,0,"0.0000000000                  ",3,"1.2000000000                  ",0,"0.0000000000                  ",247,"98.8000000000                 "
"2006","72971","07","3661","9204","4C","High      ","Y","Mishicot","NE WI Online Charter (NEWOCS)","Grades PreK-12","All Races","Both Genders",0,0,"--                            ",0,"--                            ",0,"--                            ",0,"--                            "
"2006","01747","07","3941","","03","Elem      ","N","New Holstein","","Elementary School Type/ Prek-12","All Races","Both Genders",418,7,"1.6746411400                  ",4,"0.9569377900                  ",3,"0.7177033400                  ",404,"96.6507177000                 "
"2006","01747","07","3941","","03","Mid/Jr Hi ","N","New Holstein","","Middle/Junior High School Type/ Prek-12","All Races","Both Genders",298,2,"0.6711409300                  ",0,"0.0000000000                  ",3,"1.0067114000                  ",293,"98.3221476500                 "
"2006","01747","07","3941","","03","High      ","N","New Holstein","","High School Type/ PreK-12","All Races","Both Genders",495,3,"0.6060606000                  ",0,"0.0000000000                  ",3,"0.6060606000                  ",489,"98.7878787800                 "
"2006","01747","07","3941","","03","El/Sec    ","N","New Holstein","","Combined Elementary/Secondary School Type/ Prek-12","All Races","Both Genders",0,0,"--                            ",0,"--                            ",0,"--                            ",0,"--                            "
"2006","01747","07","3941","","03","Summary   ","N","New Holstein","","Grades PreK-12","All Races","Both Genders",1211,12,"0.9909165900                  ",4,"0.3303055300                  ",9,"0.7431874400                  ",1186,"97.9355904200                 "
"2006","01742","07","3941","0060","04","Elem      ","N","New Holstein","New Holstein El","Grades PreK-12","All Races","Both Genders",418,7,"1.6746411400                  ",4,"0.9569377900                  ",3,"0.7177033400                  ",404,"96.6507177000                 "
"2006","01743","07","3941","0080","04","High      ","N","New Holstein","New Holstein Hi","Grades PreK-12","All Races","Both Genders",495,3,"0.6060606000                  ",0,"0.0000000000                  ",3,"0.6060606000                  ",489,"98.7878787800                 "
"2006","71954","07","3941","0200","04","Mid/Jr Hi ","N","New Holstein","New Holstein Mid","Grades PreK-12","All Races","Both Genders",298,2,"0.6711409300                  ",0,"0.0000000000                  ",3,"1.0067114000                  ",293,"98.3221476500                 "
"2006","72972","07","3941","9204","4C","High      ","Y","New Holstein","NE WI Online Charter (NEWOCS)","Grades PreK-12","All Races","Both Genders",0,0,"--                            ",0,"--                            ",0,"--                            ",0,"--                            "
"2006","01871","07","4137","","03","Elem      ","N","Oostburg","","Elementary School Type/ Prek-12","All Races","Both Genders",395,5,"1.2658227800                  ",3,"0.7594936700                  ",4,"1.0126582200                  ",383,"96.9620253100                 "
"2006","01871","07","4137","","03","Mid/Jr Hi ","N","Oostburg","","Middle/Junior High School Type/ Prek-12","All Races","Both Genders",231,2,"0.8658008600                  ",1,"0.4329004300                  ",1,"0.4329004300                  ",227,"98.2683982600                 "
"2006","01871","07","4137","","03","High      ","N","Oostburg","","High School Type/ PreK-12","All Races","Both Genders",331,1,"0.3021148000                  ",7,"2.1148036200                  ",0,"0.0000000000                  ",323,"97.5830815700                 "
"2006","01871","07","4137","","03","El/Sec    ","N","Oostburg","","Combined Elementary/Secondary School Type/ Prek-12","All Races","Both Genders",0,0,"--                            ",0,"--                            ",0,"--                            ",0,"--                            "
"2006","01871","07","4137","","03","Summary   ","N","Oostburg","","Grades PreK-12","All Races","Both Genders",957,8,"0.8359456600                  ",11,"1.1494252800                  ",5,"0.5224660300                  ",933,"97.4921630000                 "
"2006","01864","07","4137","0040","04","Mid/Jr Hi ","N","Oostburg","Oostburg Mid","Grades PreK-12","All Races","Both Genders",231,2,"0.8658008600                  ",1,"0.4329004300                  ",1,"0.4329004300                  ",227,"98.2683982600                 "
"2006","01865","07","4137","0060","04","Elem      ","N","Oostburg","Oostburg El","Grades PreK-12","All Races","Both Genders",395,5,"1.2658227800                  ",3,"0.7594936700                  ",4,"1.0126582200                  ",383,"96.9620253100                 "
"2006","01866","07","4137","0080","04","High      ","N","Oostburg","Oostburg Hi","Grades PreK-12","All Races","Both Genders",331,1,"0.3021148000                  ",7,"2.1148036200                  ",0,"0.0000000000                  ",323,"97.5830815700                 "
"2006","72985","07","4137","9204","4C","High      ","Y","Oostburg","NE WI Online Charter (NEWOCS)","Grades PreK-12","All Races","Both Genders",0,0,"--                            ",0,"--                            ",0,"--                            ",0,"--                            "
"2006","01939","07","4473","","03","Elem      ","N","Plymouth","","Elementary School Type/ Prek-12","All Races","Both Genders",997,17,"1.7051153400                  ",0,"0.0000000000                  ",1,"0.1003009000                  ",979,"98.1945837500                 "
"2006","01939","07","4473","","03","Mid/Jr Hi ","N","Plymouth","","Middle/Junior High School Type/ Prek-12","All Races","Both Genders",523,4,"0.7648183500                  ",0,"0.0000000000                  ",1,"0.1912045800                  ",518,"99.0439770500                 "
"2006","01939","07","4473","","03","High      ","N","Plymouth","","High School Type/ PreK-12","All Races","Both Genders",894,3,"0.3355704600                  ",0,"0.0000000000                  ",0,"0.0000000000                  ",891,"99.6644295300                 "
"2006","01939","07","4473","","03","El/Sec    ","N","Plymouth","","Combined Elementary/Secondary School Type/ Prek-12","All Races","Both Genders",0,0,"--                            ",0,"--                            ",0,"--                            ",0,"--                            "
"2006","01939","07","4473","","03","Summary   ","N","Plymouth","","Grades PreK-12","All Races","Both Genders",2414,24,"0.9942004900                  ",0,"0.0000000000                  ",2,"0.0828500400                  ",2388,"98.9229494600                 "
"2006","00923","07","4473","0020","04","Elem      ","N","Plymouth","Cascade El","Grades PreK-12","All Races","Both Genders",122,0,"0.0000000000                  ",0,"0.0000000000                  ",0,"0.0000000000                  ",122,"100.0000000000                "
"2006","01929","07","4473","0040","04","Elem      ","N","Plymouth","Fairview El","Grades PreK-12","All Races","Both Genders",254,17,"6.6929133800                  ",0,"0.0000000000                  ",1,"0.3937007800                  ",236,"92.9133858200                 "
"2006","01930","07","4473","0050","04","Elem      ","N","Plymouth","Horizon El","Grades PreK-12","All Races","Both Genders",308,0,"0.0000000000                  ",0,"0.0000000000                  ",0,"0.0000000000                  ",308,"100.0000000000                "
"2006","01931","07","4473","0060","04","Elem      ","N","Plymouth","Parkview El","Grades PreK-12","All Races","Both Genders",313,0,"0.0000000000                  ",0,"0.0000000000                  ",0,"0.0000000000                  ",313,"100.0000000000                "
"2006","01932","07","4473","0100","04","High      ","N","Plymouth","Plymouth Hi","Grades PreK-12","All Races","Both Genders",894,3,"0.3355704600                  ",0,"0.0000000000                  ",0,"0.0000000000                  ",891,"99.6644295300                 "
"2006","01933","07","4473","0120","04","Mid/Jr Hi ","N","Plymouth","Riverview Mid","Grades PreK-12","All Races","Both Genders",523,4,"0.7648183500                  ",0,"0.0000000000                  ",1,"0.1912045800                  ",518,"99.0439770500                 "
"2006","72986","07","4473","9204","4C","High      ","Y","Plymouth","NE WI Online Charter (NEWOCS)","Grades PreK-12","All Races","Both Genders",3,0,"0.0000000000                  ",0,"0.0000000000                  ",0,"0.0000000000                  ",3,"100.0000000000                "
"2006","11097","07","4613","","03","Elem      ","N","Pulaski Community","","Elementary School Type/ Prek-12","All Races","Both Genders",1551,6,"0.3868471900                  ",0,"0.0000000000                  ",5,"0.3223726600                  ",1540,"99.2907801400                 "
"2006","11097","07","4613","","03","Mid/Jr Hi ","N","Pulaski Community","","Middle/Junior High School Type/ Prek-12","All Races","Both Genders",930,3,"0.3225806400                  ",0,"0.0000000000                  ",4,"0.4301075200                  ",923,"99.2473118200                 "
"2006","11097","07","4613","","03","High      ","N","Pulaski Community","","High School Type/ PreK-12","All Races","Both Genders",1134,1,"0.0881834200                  ",0,"0.0000000000                  ",1,"0.0881834200                  ",1132,"99.8236331500                 "
"2006","11097","07","4613","","03","El/Sec    ","N","Pulaski Community","","Combined Elementary/Secondary School Type/ Prek-12","All Races","Both Genders",0,0,"--                            ",0,"--                            ",0,"--                            ",0,"--                            "
"2006","11097","07","4613","","03","Summary   ","N","Pulaski Community","","Grades PreK-12","All Races","Both Genders",3615,10,"0.2766251700                  ",0,"0.0000000000                  ",10,"0.2766251700                  ",3595,"99.4467496500                 "
"2006","10808","07","4613","0020","04","Elem      ","N","Pulaski Community","Fairview El","Grades PreK-12","All Races","Both Genders",122,1,"0.8196721300                  ",0,"0.0000000000                  ",1,"0.8196721300                  ",120,"98.3606557300                 "
"2006","11093","07","4613","0040","04","Elem      ","N","Pulaski Community","Glenbrook El","Grades PreK-12","All Races","Both Genders",515,4,"0.7766990200                  ",0,"0.0000000000                  ",2,"0.3883495100                  ",509,"98.8349514500                 "
"2006","11029","07","4613","0050","04","Elem      ","N","Pulaski Community","Hillcrest El","Grades PreK-12","All Races","Both Genders",222,1,"0.4504504500                  ",0,"0.0000000000                  ",0,"0.0000000000                  ",221,"99.5495495400                 "
"2006","11892","07","4613","0060","04","Elem      ","N","Pulaski Community","Lannoye El","Grades PreK-12","All Races","Both Genders",231,0,"0.0000000000                  ",0,"0.0000000000                  ",0,"0.0000000000                  ",231,"100.0000000000                "
"2006","11094","07","4613","0100","04","High      ","N","Pulaski Community","Pulaski Hi","Grades PreK-12","All Races","Both Genders",1134,1,"0.0881834200                  ",0,"0.0000000000                  ",1,"0.0881834200                  ",1132,"99.8236331500                 "
"2006","11214","07","4613","0120","04","Elem      ","N","Pulaski Community","Sunnyside El","Grades PreK-12","All Races","Both Genders",461,0,"0.0000000000                  ",0,"0.0000000000                  ",2,"0.4338394700                  ",459,"99.5661605200                 "
"2006","70065","07","4613","0200","04","Mid/Jr Hi ","N","Pulaski Community","Pulaski Community Mid","Grades PreK-12","All Races","Both Genders",930,3,"0.3225806400                  ",0,"0.0000000000                  ",4,"0.4301075200                  ",923,"99.2473118200                 "
"2006","72987","07","4613","9204","4C","High      ","Y","Pulaski Community","NE WI Online Charter (NEWOCS)","Grades PreK-12","All Races","Both Genders",0,0,"--                            ",0,"--                            ",0,"--                            ",0,"--                            "
"2006","02019","07","4641","","03","Elem      ","N","Random Lake","","Elementary School Type/ Prek-12","All Races","Both Genders",348,3,"0.8620689600                  ",1,"0.2873563200                  ",0,"0.0000000000                  ",344,"98.8505747100                 "
"2006","02019","07","4641","","03","Mid/Jr Hi ","N","Random Lake","","Middle/Junior High School Type/ Prek-12","All Races","Both Genders",224,0,"0.0000000000                  ",0,"0.0000000000                  ",0,"0.0000000000                  ",224,"100.0000000000                "
"2006","02019","07","4641","","03","High      ","N","Random Lake","","High School Type/ PreK-12","All Races","Both Genders",351,1,"0.2849002800                  ",0,"0.0000000000                  ",0,"0.0000000000                  ",350,"99.7150997100                 "
"2006","02019","07","4641","","03","El/Sec    ","N","Random Lake","","Combined Elementary/Secondary School Type/ Prek-12","All Races","Both Genders",0,0,"--                            ",0,"--                            ",0,"--                            ",0,"--                            "
"2006","02019","07","4641","","03","Summary   ","N","Random Lake","","Grades PreK-12","All Races","Both Genders",923,4,"0.4333694400                  ",1,"0.1083423600                  ",0,"0.0000000000                  ",918,"99.4582881900                 "
"2006","02012","07","4641","0020","04","Mid/Jr Hi ","N","Random Lake","Random Lake Mid","Grades PreK-12","All Races","Both Genders",224,0,"0.0000000000                  ",0,"0.0000000000                  ",0,"0.0000000000                  ",224,"100.0000000000                "
"2006","00819","07","4641","0040","04","Elem      ","N","Random Lake","Batavia El","Grades PreK-12","All Races","Both Genders",98,0,"0.0000000000                  ",1,"1.0204081600                  ",0,"0.0000000000                  ",97,"98.9795918300                 "
"2006","02013","07","4641","0060","04","Elem      ","N","Random Lake","Random Lake El","Grades PreK-12","All Races","Both Genders",250,3,"1.2000000000                  ",0,"0.0000000000                  ",0,"0.0000000000                  ",247,"98.8000000000                 "
"2006","02014","07","4641","0080","04","High      ","N","Random Lake","Random Lake Hi","Grades PreK-12","All Races","Both Genders",351,1,"0.2849002800                  ",0,"0.0000000000                  ",0,"0.0000000000                  ",350,"99.7150997100                 "
"2006","72988","07","4641","9204","4C","High      ","Y","Random Lake","NE WI Online Charter (NEWOCS)","Grades PreK-12","All Races","Both Genders",0,0,"--                            ",0,"--                            ",0,"--                            ",0,"--                            "
"2006","11571","07","4760","","03","Elem      ","N","Reedsville","","Elementary School Type/ Prek-12","All Races","Both Genders",326,9,"2.7607361900                  ",0,"0.0000000000                  ",5,"1.5337423300                  ",312,"95.7055214700                 "
"2006","11571","07","4760","","03","Mid/Jr Hi ","N","Reedsville","","Middle/Junior High School Type/ Prek-12","All Races","Both Genders",115,1,"0.8695652100                  ",0,"0.0000000000                  ",2,"1.7391304300                  ",112,"97.3913043400                 "
"2006","11571","07","4760","","03","High      ","N","Reedsville","","High School Type/ PreK-12","All Races","Both Genders",274,2,"0.7299270000                  ",0,"0.0000000000                  ",0,"0.0000000000                  ",272,"99.2700729900                 "
"2006","11571","07","4760","","03","El/Sec    ","N","Reedsville","","Combined Elementary/Secondary School Type/ Prek-12","All Races","Both Genders",0,0,"--                            ",0,"--                            ",0,"--                            ",0,"--                            "
"2006","11571","07","4760","","03","Summary   ","N","Reedsville","","Grades PreK-12","All Races","Both Genders",715,12,"1.6783216700                  ",0,"0.0000000000                  ",7,"0.9790209700                  ",696,"97.3426573400                 "
"2006","11565","07","4760","0020","04","Elem      ","N","Reedsville","Reedsville El","Grades PreK-12","All Races","Both Genders",326,9,"2.7607361900                  ",0,"0.0000000000                  ",5,"1.5337423300                  ",312,"95.7055214700                 "
"2006","11566","07","4760","0040","04","High      ","N","Reedsville","Reedsville Hi","Grades PreK-12","All Races","Both Genders",274,2,"0.7299270000                  ",0,"0.0000000000                  ",0,"0.0000000000                  ",272,"99.2700729900                 "
"2006","11567","07","4760","0060","04","Mid/Jr Hi ","N","Reedsville","Reedsville Mid","Grades PreK-12","All Races","Both Genders",115,1,"0.8695652100                  ",0,"0.0000000000                  ",2,"1.7391304300                  ",112,"97.3913043400                 "
"2006","72989","07","4760","9204","4C","High      ","Y","Reedsville","NE WI Online Charter (NEWOCS)","Grades PreK-12","All Races","Both Genders",1,0,"0.0000000000                  ",0,"0.0000000000                  ",0,"0.0000000000                  ",1,"100.0000000000                "
"2006","11614","07","5130","","03","Elem      ","N","Sevastopol","","Elementary School Type/ Prek-12","All Races","Both Genders",278,13,"4.6762589900                  ",0,"0.0000000000                  ",1,"0.3597122300                  ",264,"94.9640287700                 "
"2006","11614","07","5130","","03","Mid/Jr Hi ","N","Sevastopol","","Middle/Junior High School Type/ Prek-12","All Races","Both Genders",91,9,"9.8901098900                  ",0,"0.0000000000                  ",0,"0.0000000000                  ",82,"90.1098901000                 "
"2006","11614","07","5130","","03","High      ","N","Sevastopol","","High School Type/ PreK-12","All Races","Both Genders",249,13,"5.2208835300                  ",0,"0.0000000000                  ",1,"0.4016064200                  ",235,"94.3775100400                 "
"2006","11614","07","5130","","03","El/Sec    ","N","Sevastopol","","Combined Elementary/Secondary School Type/ Prek-12","All Races","Both Genders",0,0,"--                            ",0,"--                            ",0,"--                            ",0,"--                            "
"2006","11614","07","5130","","03","Summary   ","N","Sevastopol","","Grades PreK-12","All Races","Both Genders",618,35,"5.6634304200                  ",0,"0.0000000000                  ",2,"0.3236245900                  ",581,"94.0129449800                 "
"2006","11592","07","5130","0010","04","Elem      ","N","Sevastopol","Sevastopol Pre-Sch","Grades PreK-12","All Races","Both Genders",32,0,"0.0000000000                  ",0,"0.0000000000                  ",0,"0.0000000000                  ",32,"100.0000000000                "
"2006","11593","07","5130","0020","04","Elem      ","N","Sevastopol","Sevastopol El","Grades PreK-12","All Races","Both Genders",246,13,"5.2845528400                  ",0,"0.0000000000                  ",1,"0.4065040600                  ",232,"94.3089430800                 "
"2006","11594","07","5130","0030","04","Mid/Jr Hi ","N","Sevastopol","Sevastopol Jr","Grades PreK-12","All Races","Both Genders",91,9,"9.8901098900                  ",0,"0.0000000000                  ",0,"0.0000000000                  ",82,"90.1098901000                 "
"2006","11595","07","5130","0040","04","High      ","N","Sevastopol","Sevastopol Hi","Grades PreK-12","All Races","Both Genders",249,13,"5.2208835300                  ",0,"0.0000000000                  ",1,"0.4016064200                  ",235,"94.3775100400                 "
"2006","72992","07","5130","9204","4C","High      ","Y","Sevastopol","NE WI Online Charter (NEWOCS)","Grades PreK-12","All Races","Both Genders",0,0,"--                            ",0,"--                            ",0,"--                            ",0,"--                            "
"2006","11122","07","5138","","03","Elem      ","N","Seymour Community","","Elementary School Type/ Prek-12","All Races","Both Genders",1167,0,"0.0000000000                  ",0,"0.0000000000                  ",13,"1.1139674300                  ",1154,"98.8860325600                 "
"2006","11122","07","5138","","03","Mid/Jr Hi ","N","Seymour Community","","Middle/Junior High School Type/ Prek-12","All Races","Both Genders",463,0,"0.0000000000                  ",0,"0.0000000000                  ",1,"0.2159827200                  ",462,"99.7840172700                 "
"2006","11122","07","5138","","03","High      ","N","Seymour Community","","High School Type/ PreK-12","All Races","Both Genders",814,0,"0.0000000000                  ",0,"0.0000000000                  ",1,"0.1228501200                  ",813,"99.8771498700                 "
"2006","11122","07","5138","","03","El/Sec    ","N","Seymour Community","","Combined Elementary/Secondary School Type/ Prek-12","All Races","Both Genders",0,0,"--                            ",0,"--                            ",0,"--                            ",0,"--                            "
"2006","11122","07","5138","","03","Summary   ","N","Seymour Community","","Grades PreK-12","All Races","Both Genders",2444,0,"0.0000000000                  ",0,"0.0000000000                  ",15,"0.6137479500                  ",2429,"99.3862520400                 "
"2006","10410","07","5138","0020","04","Elem      ","N","Seymour Community","Black Creek El","Grades PreK-12","All Races","Both Genders",417,0,"0.0000000000                  ",0,"0.0000000000                  ",9,"2.1582733800                  ",408,"97.8417266100                 "
"2006","11115","07","5138","0060","04","Elem      ","N","Seymour Community","Rock Ledge El","Grades PreK-12","All Races","Both Genders",750,0,"0.0000000000                  ",0,"0.0000000000                  ",4,"0.5333333300                  ",746,"99.4666666600                 "
"2006","11116","07","5138","0080","04","Mid/Jr Hi ","N","Seymour Community","Seymour Mid","Grades PreK-12","All Races","Both Genders",463,0,"0.0000000000                  ",0,"0.0000000000                  ",1,"0.2159827200                  ",462,"99.7840172700                 "
"2006","11117","07","5138","0100","04","High      ","N","Seymour Community","Seymour Hi","Grades PreK-12","All Races","Both Genders",814,0,"0.0000000000                  ",0,"0.0000000000                  ",1,"0.1228501200                  ",813,"99.8771498700                 "
"2006","72993","07","5138","9204","4C","High      ","Y","Seymour Community","NE WI Online Charter (NEWOCS)","Grades PreK-12","All Races","Both Genders",0,0,"--                            ",0,"--                            ",0,"--                            ",0,"--                            "
"2006","02099","07","5271","","03","Elem      ","N","Sheboygan Area","","Elementary School Type/ Prek-12","All Races","Both Genders",4823,315,"6.5312046400                  ",615,"12.7513995400                 ",105,"2.1770682100                  ",3788,"78.5403275900                 "
"2006","02099","07","5271","","03","Mid/Jr Hi ","N","Sheboygan Area","","Middle/Junior High School Type/ Prek-12","All Races","Both Genders",2153,109,"5.0627032000                  ",300,"13.9340455100                 ",51,"2.3687877300                  ",1693,"78.6344635300                 "
"2006","02099","07","5271","","03","High      ","N","Sheboygan Area","","High School Type/ PreK-12","All Races","Both Genders",3302,105,"3.1798909700                  ",340,"10.2967898200                 ",46,"1.3930950900                  ",2811,"85.1302241000                 "
"2006","02099","07","5271","","03","El/Sec    ","N","Sheboygan Area","","Combined Elementary/Secondary School Type/ Prek-12","All Races","Both Genders",0,0,"--                            ",0,"--                            ",0,"--                            ",0,"--                            "
"2006","02099","07","5271","","03","Summary   ","N","Sheboygan Area","","Grades PreK-12","All Races","Both Genders",10278,529,"5.1469157400                  ",1255,"12.2105467900                 ",202,"1.9653629100                  ",8292,"80.6771745400                 "
"2006","01040","07","5271","0020","04","Elem      ","N","Sheboygan Area","Cleveland El","Grades PreK-12","All Races","Both Genders",142,3,"2.1126760500                  ",1,"0.7042253500                  ",0,"0.0000000000                  ",138,"97.1830985900                 "
"2006","02070","07","5271","0040","04","Elem      ","N","Sheboygan Area","Cooper El","Grades PreK-12","All Races","Both Genders",276,10,"3.6231884000                  ",42,"15.2173913000                 ",9,"3.2608695600                  ",215,"77.8985507200                 "
"2006","02071","07","5271","0060","04","Mid/Jr Hi ","N","Sheboygan Area","Farnsworth Mid","Grades PreK-12","All Races","Both Genders",688,54,"7.8488372000                  ",95,"13.8081395300                 ",16,"2.3255813900                  ",523,"76.0174418600                 "
"2006","02072","07","5271","0093","04","Elem      ","N","Sheboygan Area","Early Learning Ctr","Grades PreK-12","All Races","Both Genders",625,0,"0.0000000000                  ",0,"0.0000000000                  ",0,"0.0000000000                  ",625,"100.0000000000                "
"2006","02073","07","5271","0100","04","Elem      ","N","Sheboygan Area","Grant El","Grades PreK-12","All Races","Both Genders",401,26,"6.4837905200                  ",53,"13.2169576000                 ",4,"0.9975062300                  ",318,"79.3017456300                 "
"2006","02074","07","5271","0110","04","Mid/Jr Hi ","N","Sheboygan Area","Horace Mann Mid","Grades PreK-12","All Races","Both Genders",705,40,"5.6737588600                  ",96,"13.6170212700                 ",29,"4.1134751700                  ",540,"76.5957446800                 "
"2006","02075","07","5271","0120","04","Elem      ","N","Sheboygan Area","Jackson El","Grades PreK-12","All Races","Both Genders",328,8,"2.4390243900                  ",18,"5.4878048700                  ",14,"4.2682926800                  ",288,"87.8048780400                 "
"2006","02076","07","5271","0140","04","Elem      ","N","Sheboygan Area","Jefferson El","Grades PreK-12","All Races","Both Genders",261,22,"8.4291187700                  ",95,"36.3984674300                 ",7,"2.6819923300                  ",137,"52.4904214500                 "
"2006","02077","07","5271","0180","04","Elem      ","N","Sheboygan Area","Lincoln-Erdman El","Grades PreK-12","All Races","Both Genders",321,6,"1.8691588700                  ",30,"9.3457943900                  ",12,"3.7383177500                  ",273,"85.0467289700                 "
"2006","02078","07","5271","0200","04","Elem      ","N","Sheboygan Area","Longfellow El","Grades PreK-12","All Races","Both Genders",468,51,"10.8974358900                 ",86,"18.3760683700                 ",12,"2.5641025600                  ",319,"68.1623931600                 "
"2006","02079","07","5271","0240","04","Elem      ","N","Sheboygan Area","James Madison El","Grades PreK-12","All Races","Both Genders",359,22,"6.1281337000                  ",37,"10.3064066800                 ",8,"2.2284122500                  ",292,"81.3370473500                 "
"2006","02189","07","5271","0280","04","High      ","N","Sheboygan Area","North Hi","Grades PreK-12","All Races","Both Genders",1734,25,"1.4417531700                  ",159,"9.1695501700                  ",14,"0.8073817700                  ",1536,"88.5813148700                 "
"2006","02080","07","5271","0300","04","Elem      ","N","Sheboygan Area","Pigeon River El","Grades PreK-12","All Races","Both Genders",472,10,"2.1186440600                  ",43,"9.1101694900                  ",9,"1.9067796600                  ",410,"86.8644067700                 "
"2006","02081","07","5271","0320","04","Elem      ","N","Sheboygan Area","Sheridan El","Grades PreK-12","All Races","Both Genders",258,103,"39.9224806200                 ",21,"8.1395348800                  ",4,"1.5503875900                  ",130,"50.3875968900                 "
"2006","02082","07","5271","0340","04","High      ","N","Sheboygan Area","South Hi","Grades PreK-12","All Races","Both Genders",1568,80,"5.1020408100                  ",181,"11.5433673400                 ",32,"2.0408163200                  ",1275,"81.3137755100                 "
"2006","02083","07","5271","0360","04","Mid/Jr Hi ","N","Sheboygan Area","Urban Mid","Grades PreK-12","All Races","Both Genders",760,15,"1.9736842100                  ",109,"14.3421052600                 ",6,"0.7894736800                  ",630,"82.8947368400                 "
"2006","02084","07","5271","0380","04","Elem      ","N","Sheboygan Area","Washington El","Grades PreK-12","All Races","Both Genders",384,24,"6.2500000000                  ",141,"36.7187500000                 ",15,"3.9062500000                  ",204,"53.1250000000                 "
"2006","02085","07","5271","0400","04","Elem      ","N","Sheboygan Area","Wilson El","Grades PreK-12","All Races","Both Genders",528,30,"5.6818181800                  ",48,"9.0909090900                  ",11,"2.0833333300                  ",439,"83.1439393900                 "
"2006","00142","07","5271","0410","04","High      ","Y","Sheboygan Area","Riverview Academy Charter","Grades PreK-12","All Races","Both Genders",0,0,"--                            ",0,"--                            ",0,"--                            ",0,"--                            "
"2006","72994","07","5271","9204","4C","High      ","Y","Sheboygan Area","NE WI Online Charter (NEWOCS)","Grades PreK-12","All Races","Both Genders",0,0,"--                            ",0,"--                            ",0,"--                            ",0,"--                            "
"2006","02234","07","5278","","03","Elem      ","N","Sheboygan Falls","","Elementary School Type/ Prek-12","All Races","Both Genders",623,0,"0.0000000000                  ",0,"0.0000000000                  ",6,"0.9630818600                  ",617,"99.0369181300                 "
"2006","02234","07","5278","","03","Mid/Jr Hi ","N","Sheboygan Falls","","Middle/Junior High School Type/ Prek-12","All Races","Both Genders",479,0,"0.0000000000                  ",0,"0.0000000000                  ",6,"1.2526096000                  ",473,"98.7473903900                 "
"2006","02234","07","5278","","03","High      ","N","Sheboygan Falls","","High School Type/ PreK-12","All Races","Both Genders",616,0,"0.0000000000                  ",0,"0.0000000000                  ",4,"0.6493506400                  ",612,"99.3506493500                 "
"2006","02234","07","5278","","03","El/Sec    ","N","Sheboygan Falls","","Combined Elementary/Secondary School Type/ Prek-12","All Races","Both Genders",0,0,"--                            ",0,"--                            ",0,"--                            ",0,"--                            "
"2006","02234","07","5278","","03","Summary   ","N","Sheboygan Falls","","Grades PreK-12","All Races","Both Genders",1718,0,"0.0000000000                  ",0,"0.0000000000                  ",16,"0.9313154800                  ",1702,"99.0686845100                 "
"2006","02224","07","5278","0020","04","Elem      ","N","Sheboygan Falls","Sheboygan Falls El","Grades PreK-12","All Races","Both Genders",623,0,"0.0000000000                  ",0,"0.0000000000                  ",6,"0.9630818600                  ",617,"99.0369181300                 "
"2006","02226","07","5278","0040","04","High      ","N","Sheboygan Falls","Sheboygan Falls Hi","Grades PreK-12","All Races","Both Genders",616,0,"0.0000000000                  ",0,"0.0000000000                  ",4,"0.6493506400                  ",612,"99.3506493500                 "
"2006","02227","07","5278","0060","04","Mid/Jr Hi ","N","Sheboygan Falls","Sheboygan Falls Mid","Grades PreK-12","All Races","Both Genders",479,0,"0.0000000000                  ",0,"0.0000000000                  ",6,"1.2526096000                  ",473,"98.7473903900                 "
"2006","72996","07","5278","9204","4C","High      ","Y","Sheboygan Falls","NE WI Online Charter (NEWOCS)","Grades PreK-12","All Races","Both Genders",0,0,"--                            ",0,"--                            ",0,"--                            ",0,"--                            "
"2006","11314","07","5457","","03","Elem      ","N","Southern Door County","","Elementary School Type/ Prek-12","All Races","Both Genders",571,4,"0.7005253900                  ",0,"0.0000000000                  ",8,"1.4010507800                  ",559,"97.8984238100                 "
"2006","11314","07","5457","","03","Mid/Jr Hi ","N","Southern Door County","","Middle/Junior High School Type/ Prek-12","All Races","Both Genders",288,4,"1.3888888800                  ",0,"0.0000000000                  ",0,"0.0000000000                  ",284,"98.6111111100                 "
"2006","11314","07","5457","","03","High      ","N","Southern Door County","","High School Type/ PreK-12","All Races","Both Genders",422,3,"0.7109004700                  ",0,"0.0000000000                  ",0,"0.0000000000                  ",419,"99.2890995200                 "
"2006","11314","07","5457","","03","El/Sec    ","N","Southern Door County","","Combined Elementary/Secondary School Type/ Prek-12","All Races","Both Genders",0,0,"--                            ",0,"--                            ",0,"--                            ",0,"--                            "
"2006","11314","07","5457","","03","Summary   ","N","Southern Door County","","Grades PreK-12","All Races","Both Genders",1281,11,"0.8587041300                  ",0,"0.0000000000                  ",8,"0.6245120900                  ",1262,"98.5167837600                 "
"2006","11311","07","5457","0020","04","Elem      ","N","Southern Door County","Southern Door El","Grades PreK-12","All Races","Both Genders",571,4,"0.7005253900                  ",0,"0.0000000000                  ",8,"1.4010507800                  ",559,"97.8984238100                 "
"2006","11312","07","5457","0040","04","Mid/Jr Hi ","N","Southern Door County","Southern Door Mid","Grades PreK-12","All Races","Both Genders",288,4,"1.3888888800                  ",0,"0.0000000000                  ",0,"0.0000000000                  ",284,"98.6111111100                 "
"2006","11313","07","5457","0220","04","High      ","N","Southern Door County","Southern Door Hi","Grades PreK-12","All Races","Both Genders",422,3,"0.7109004700                  ",0,"0.0000000000                  ",0,"0.0000000000                  ",419,"99.2890995200                 "
"2006","72997","07","5457","9204","4C","High      ","Y","Southern Door County","NE WI Online Charter (NEWOCS)","Grades PreK-12","All Races","Both Genders",0,0,"--                            ",0,"--                            ",0,"--                            ",0,"--                            "
"2006","02280","07","5614","","03","Elem      ","N","Stockbridge","","Elementary School Type/ Prek-12","All Races","Both Genders",120,0,"0.0000000000                  ",0,"0.0000000000                  ",0,"0.0000000000                  ",120,"100.0000000000                "
"2006","02280","07","5614","","03","Mid/Jr Hi ","N","Stockbridge","","Middle/Junior High School Type/ Prek-12","All Races","Both Genders",65,0,"0.0000000000                  ",0,"0.0000000000                  ",0,"0.0000000000                  ",65,"100.0000000000                "
"2006","02280","07","5614","","03","High      ","N","Stockbridge","","High School Type/ PreK-12","All Races","Both Genders",82,0,"0.0000000000                  ",0,"0.0000000000                  ",0,"0.0000000000                  ",82,"100.0000000000                "
"2006","02280","07","5614","","03","El/Sec    ","N","Stockbridge","","Combined Elementary/Secondary School Type/ Prek-12","All Races","Both Genders",0,0,"--                            ",0,"--                            ",0,"--                            ",0,"--                            "
"2006","02280","07","5614","","03","Summary   ","N","Stockbridge","","Grades PreK-12","All Races","Both Genders",267,0,"0.0000000000                  ",0,"0.0000000000                  ",0,"0.0000000000                  ",267,"100.0000000000                "
"2006","02277","07","5614","0020","04","Elem      ","N","Stockbridge","Stockbridge El","Grades PreK-12","All Races","Both Genders",120,0,"0.0000000000                  ",0,"0.0000000000                  ",0,"0.0000000000                  ",120,"100.0000000000                "
"2006","02278","07","5614","0040","04","High      ","N","Stockbridge","Stockbridge Hi","Grades PreK-12","All Races","Both Genders",82,0,"0.0000000000                  ",0,"0.0000000000                  ",0,"0.0000000000                  ",82,"100.0000000000                "
"2006","71679","07","5614","0200","04","Mid/Jr Hi ","N","Stockbridge","Stockbridge Mid","Grades PreK-12","All Races","Both Genders",65,0,"0.0000000000                  ",0,"0.0000000000                  ",0,"0.0000000000                  ",65,"100.0000000000                "
"2006","72998","07","5614","9204","4C","High      ","Y","Stockbridge","NE WI Online Charter (NEWOCS)","Grades PreK-12","All Races","Both Genders",0,0,"--                            ",0,"--                            ",0,"--                            ",0,"--                            "
"2006","11615","07","5642","","03","Elem      ","N","Sturgeon Bay","","Elementary School Type/ Prek-12","All Races","Both Genders",505,5,"0.9900990000                  ",0,"0.0000000000                  ",3,"0.5940594000                  ",497,"98.4158415800                 "
"2006","11615","07","5642","","03","Mid/Jr Hi ","N","Sturgeon Bay","","Middle/Junior High School Type/ Prek-12","All Races","Both Genders",260,2,"0.7692307600                  ",0,"0.0000000000                  ",0,"0.0000000000                  ",258,"99.2307692300                 "
"2006","11615","07","5642","","03","High      ","N","Sturgeon Bay","","High School Type/ PreK-12","All Races","Both Genders",527,1,"0.1897533200                  ",0,"0.0000000000                  ",3,"0.5692599600                  ",523,"99.2409867100                 "
"2006","11615","07","5642","","03","El/Sec    ","N","Sturgeon Bay","","Combined Elementary/Secondary School Type/ Prek-12","All Races","Both Genders",0,0,"--                            ",0,"--                            ",0,"--                            ",0,"--                            "
"2006","11615","07","5642","","03","Summary   ","N","Sturgeon Bay","","Grades PreK-12","All Races","Both Genders",1292,8,"0.6191950400                  ",0,"0.0000000000                  ",6,"0.4643962800                  ",1278,"98.9164086600                 "
"2006","11596","07","5642","0010","04","High      ","N","Sturgeon Bay","Sturgeon Bay Hi","Grades PreK-12","All Races","Both Genders",527,1,"0.1897533200                  ",0,"0.0000000000                  ",3,"0.5692599600                  ",523,"99.2409867100                 "
"2006","11597","07","5642","0050","04","Elem      ","N","Sturgeon Bay","Sunrise El","Grades PreK-12","All Races","Both Genders",196,3,"1.5306122400                  ",0,"0.0000000000                  ",2,"1.0204081600                  ",191,"97.4489795900                 "
"2006","11598","07","5642","0070","04","Elem      ","N","Sturgeon Bay","Sunset El","Grades PreK-12","All Races","Both Genders",90,0,"0.0000000000                  ",0,"0.0000000000                  ",0,"0.0000000000                  ",90,"100.0000000000                "
"2006","11599","07","5642","0080","04","Mid/Jr Hi ","N","Sturgeon Bay","Walker Mid","Grades PreK-12","All Races","Both Genders",260,2,"0.7692307600                  ",0,"0.0000000000                  ",0,"0.0000000000                  ",258,"99.2307692300                 "
"2006","31010","07","5642","0120","04","Elem      ","N","Sturgeon Bay","Sawyer El","Grades PreK-12","All Races","Both Genders",219,2,"0.9132420000                  ",0,"0.0000000000                  ",1,"0.4566210000                  ",216,"98.6301369800                 "
"2006","72999","07","5642","9204","4C","High      ","Y","Sturgeon Bay","NE WI Online Charter (NEWOCS)","Grades PreK-12","All Races","Both Genders",0,0,"--                            ",0,"--                            ",0,"--                            ",0,"--                            "
"2006","11678","07","5824","","03","Elem      ","N","Two Rivers","","Elementary School Type/ Prek-12","All Races","Both Genders",719,3,"0.4172461700                  ",24,"3.3379694000                  ",5,"0.6954102900                  ",687,"95.5493741300                 "
"2006","11678","07","5824","","03","Mid/Jr Hi ","N","Two Rivers","","Middle/Junior High School Type/ Prek-12","All Races","Both Genders",585,0,"0.0000000000                  ",22,"3.7606837600                  ",0,"0.0000000000                  ",563,"96.2393162300                 "
"2006","11678","07","5824","","03","High      ","N","Two Rivers","","High School Type/ PreK-12","All Races","Both Genders",719,2,"0.2781641100                  ",9,"1.2517385200                  ",2,"0.2781641100                  ",706,"98.1919332400                 "
"2006","11678","07","5824","","03","El/Sec    ","N","Two Rivers","","Combined Elementary/Secondary School Type/ Prek-12","All Races","Both Genders",0,0,"--                            ",0,"--                            ",0,"--                            ",0,"--                            "
"2006","11678","07","5824","","03","Summary   ","N","Two Rivers","","Grades PreK-12","All Races","Both Genders",2023,5,"0.2471576800                  ",55,"2.7187345500                  ",7,"0.3460207600                  ",1956,"96.6880869900                 "
"2006","11669","07","5824","0040","04","Elem      ","N","Two Rivers","Koenig El","Grades PreK-12","All Races","Both Genders",272,3,"1.1029411700                  ",18,"6.6176470500                  ",3,"1.1029411700                  ",248,"91.1764705800                 "
"2006","11670","07","5824","0050","04","Mid/Jr Hi ","N","Two Rivers","Clarke Mid","Grades PreK-12","All Races","Both Genders",585,0,"0.0000000000                  ",22,"3.7606837600                  ",0,"0.0000000000                  ",563,"96.2393162300                 "
"2006","11672","07","5824","0080","04","High      ","N","Two Rivers","Two Rivers Hi","Grades PreK-12","All Races","Both Genders",719,2,"0.2781641100                  ",9,"1.2517385200                  ",2,"0.2781641100                  ",706,"98.1919332400                 "
"2006","00060","07","5824","0100","04","Elem      ","N","Two Rivers","Two Rivers Early Learning Ctr","Grades PreK-12","All Races","Both Genders",59,0,"0.0000000000                  ",0,"0.0000000000                  ",0,"0.0000000000                  ",59,"100.0000000000                "
"2006","00061","07","5824","0110","04","Elem      ","N","Two Rivers","Magee El-KG-04 Gr","Grades PreK-12","All Races","Both Genders",388,0,"0.0000000000                  ",6,"1.5463917500                  ",2,"0.5154639100                  ",380,"97.9381443200                 "
"2006","73000","07","5824","9204","4C","High      ","Y","Two Rivers","NE WI Online Charter (NEWOCS)","Grades PreK-12","All Races","Both Genders",3,0,"0.0000000000                  ",0,"0.0000000000                  ",0,"0.0000000000                  ",3,"100.0000000000                "
"2006","11708","07","5866","","03","Elem      ","N","Valders Area","","Elementary School Type/ Prek-12","All Races","Both Genders",356,12,"3.3707865100                  ",3,"0.8426966200                  ",4,"1.1235955000                  ",337,"94.6629213400                 "
"2006","11708","07","5866","","03","Mid/Jr Hi ","N","Valders Area","","Middle/Junior High School Type/ Prek-12","All Races","Both Genders",357,2,"0.5602240800                  ",1,"0.2801120400                  ",1,"0.2801120400                  ",353,"98.8795518200                 "
"2006","11708","07","5866","","03","High      ","N","Valders Area","","High School Type/ PreK-12","All Races","Both Genders",408,0,"0.0000000000                  ",0,"0.0000000000                  ",0,"0.0000000000                  ",408,"100.0000000000                "
"2006","11708","07","5866","","03","El/Sec    ","N","Valders Area","","Combined Elementary/Secondary School Type/ Prek-12","All Races","Both Genders",0,0,"--                            ",0,"--                            ",0,"--                            ",0,"--                            "
"2006","11708","07","5866","","03","Summary   ","N","Valders Area","","Grades PreK-12","All Races","Both Genders",1121,14,"1.2488849200                  ",4,"0.3568242600                  ",5,"0.4460303300                  ",1098,"97.9482604800                 "
"2006","11703","07","5866","0040","04","Elem      ","N","Valders Area","Valders El","Grades PreK-12","All Races","Both Genders",356,12,"3.3707865100                  ",3,"0.8426966200                  ",4,"1.1235955000                  ",337,"94.6629213400                 "
"2006","11704","07","5866","0060","04","High      ","N","Valders Area","Valders Hi","Grades PreK-12","All Races","Both Genders",408,0,"0.0000000000                  ",0,"0.0000000000                  ",0,"0.0000000000                  ",408,"100.0000000000                "
"2006","11705","07","5866","0080","04","Mid/Jr Hi ","N","Valders Area","Valders Mid","Grades PreK-12","All Races","Both Genders",357,2,"0.5602240800                  ",1,"0.2801120400                  ",1,"0.2801120400                  ",353,"98.8795518200                 "
"2006","73001","07","5866","9204","4C","High      ","Y","Valders Area","NE WI Online Charter (NEWOCS)","Grades PreK-12","All Races","Both Genders",0,0,"--                            ",0,"--                            ",0,"--                            ",0,"--                            "
"2006","11756","07","6069","","03","Elem      ","N","Washington","","Elementary School Type/ Prek-12","All Races","Both Genders",63,0,"0.0000000000                  ",0,"0.0000000000                  ",0,"0.0000000000                  ",63,"100.0000000000                "
"2006","11756","07","6069","","03","Mid/Jr Hi ","N","Washington","","Middle/Junior High School Type/ Prek-12","All Races","Both Genders",0,0,"--                            ",0,"--                            ",0,"--                            ",0,"--                            "
"2006","11756","07","6069","","03","High      ","N","Washington","","High School Type/ PreK-12","All Races","Both Genders",35,0,"0.0000000000                  ",0,"0.0000000000                  ",0,"0.0000000000                  ",35,"100.0000000000                "
"2006","11756","07","6069","","03","El/Sec    ","N","Washington","","Combined Elementary/Secondary School Type/ Prek-12","All Races","Both Genders",0,0,"--                            ",0,"--                            ",0,"--                            ",0,"--                            "
"2006","11756","07","6069","","03","Summary   ","N","Washington","","Grades PreK-12","All Races","Both Genders",98,0,"0.0000000000                  ",0,"0.0000000000                  ",0,"0.0000000000                  ",98,"100.0000000000                "
"2006","11751","07","6069","0020","04","Elem      ","N","Washington","Washington Island El","Grades PreK-12","All Races","Both Genders",63,0,"0.0000000000                  ",0,"0.0000000000                  ",0,"0.0000000000                  ",63,"100.0000000000                "
"2006","11752","07","6069","0040","04","High      ","N","Washington","Washington Island Hi","Grades PreK-12","All Races","Both Genders",35,0,"0.0000000000                  ",0,"0.0000000000                  ",0,"0.0000000000                  ",35,"100.0000000000                "
"2006","10529","07","6328","","03","Elem      ","N","West De Pere","","Elementary School Type/ Prek-12","All Races","Both Genders",825,3,"0.3636363600                  ",4,"0.4848484800                  ",6,"0.7272727200                  ",812,"98.4242424200                 "
"2006","10529","07","6328","","03","Mid/Jr Hi ","N","West De Pere","","Middle/Junior High School Type/ Prek-12","All Races","Both Genders",648,3,"0.4629629600                  ",2,"0.3086419700                  ",4,"0.6172839500                  ",639,"98.6111111100                 "
"2006","10529","07","6328","","03","High      ","N","West De Pere","","High School Type/ PreK-12","All Races","Both Genders",756,1,"0.1322751300                  ",0,"0.0000000000                  ",0,"0.0000000000                  ",755,"99.8677248600                 "
"2006","10529","07","6328","","03","El/Sec    ","N","West De Pere","","Combined Elementary/Secondary School Type/ Prek-12","All Races","Both Genders",0,0,"--                            ",0,"--                            ",0,"--                            ",0,"--                            "
"2006","10529","07","6328","","03","Summary   ","N","West De Pere","","Grades PreK-12","All Races","Both Genders",2229,7,"0.3140421700                  ",6,"0.2691790000                  ",10,"0.4486316700                  ",2206,"98.9681471500                 "
"2006","10514","07","6328","0110","04","Mid/Jr Hi ","N","West De Pere","West De Pere Mid","Grades PreK-12","All Races","Both Genders",648,3,"0.4629629600                  ",2,"0.3086419700                  ",4,"0.6172839500                  ",639,"98.6111111100                 "
"2006","10515","07","6328","0120","04","High      ","N","West De Pere","West De Pere Hi","Grades PreK-12","All Races","Both Genders",756,1,"0.1322751300                  ",0,"0.0000000000                  ",0,"0.0000000000                  ",755,"99.8677248600                 "
"2006","10516","07","6328","0140","04","Elem      ","N","West De Pere","Westwood El","Grades PreK-12","All Races","Both Genders",825,3,"0.3636363600                  ",4,"0.4848484800                  ",6,"0.7272727200                  ",812,"98.4242424200                 "
"2006","73002","07","6328","9204","4C","High      ","Y","West De Pere","NE WI Online Charter (NEWOCS)","Grades PreK-12","All Races","Both Genders",0,0,"--                            ",0,"--                            ",0,"--                            ",0,"--                            "
"2006","11267","07","6734","","03","Elem      ","N","Wrightstown Community","","Elementary School Type/ Prek-12","All Races","Both Genders",308,0,"0.0000000000                  ",0,"0.0000000000                  ",13,"4.2207792200                  ",295,"95.7792207700                 "
"2006","11267","07","6734","","03","Mid/Jr Hi ","N","Wrightstown Community","","Middle/Junior High School Type/ Prek-12","All Races","Both Genders",329,0,"0.0000000000                  ",0,"0.0000000000                  ",8,"2.4316109400                  ",321,"97.5683890500                 "
"2006","11267","07","6734","","03","High      ","N","Wrightstown Community","","High School Type/ PreK-12","All Races","Both Genders",419,0,"0.0000000000                  ",0,"0.0000000000                  ",4,"0.9546539300                  ",415,"99.0453460600                 "
"2006","11267","07","6734","","03","El/Sec    ","N","Wrightstown Community","","Combined Elementary/Secondary School Type/ Prek-12","All Races","Both Genders",0,0,"--                            ",0,"--                            ",0,"--                            ",0,"--                            "
"2006","11267","07","6734","","03","Summary   ","N","Wrightstown Community","","Grades PreK-12","All Races","Both Genders",1056,0,"0.0000000000                  ",0,"0.0000000000                  ",25,"2.3674242400                  ",1031,"97.6325757500                 "
"2006","11261","07","6734","0020","04","Elem      ","N","Wrightstown Community","Wrightstown El","Grades PreK-12","All Races","Both Genders",308,0,"0.0000000000                  ",0,"0.0000000000                  ",13,"4.2207792200                  ",295,"95.7792207700                 "
"2006","11262","07","6734","0030","04","Mid/Jr Hi ","N","Wrightstown Community","Wrightstown Mid","Grades PreK-12","All Races","Both Genders",329,0,"0.0000000000                  ",0,"0.0000000000                  ",8,"2.4316109400                  ",321,"97.5683890500                 "
"2006","11263","07","6734","0040","04","High      ","N","Wrightstown Community","Wrightstown Hi","Grades PreK-12","All Races","Both Genders",419,0,"0.0000000000                  ",0,"0.0000000000                  ",4,"0.9546539300                  ",415,"99.0453460600                 "
"2006","73003","07","6734","9204","4C","High      ","Y","Wrightstown Community","NE WI Online Charter (NEWOCS)","Grades PreK-12","All Races","Both Genders",0,0,"--                            ",0,"--                            ",0,"--                            ",0,"--                            "
