"year","agency_key","CESA","district_number","school_number","agency_type","school_type","charter","district_name","school_name","grade_label","total_enrollment_prek-12","number_female","percent_female","number_male","percent_male","number_am_ind","percent_am_ind","number_asian","percent_asian","number_black","percent_black","number_hispanic","percent_hispanic","number_white","percent_white"
"2001","43264","07","0070","","03","Elem      ","N","Algoma","","Elementary School Type/ Prek-12","376",181,"48.138200                     ",195,"51.861700                     ",5,"1.329700                      ",0,"0.000000                      ",2,"0.531900                      ",13,"3.457400                      ",356,"94.680800                     "
"2001","43264","07","0070","","03","Mid/Jr Hi ","N","Algoma","","Middle/Junior High School Type/ Prek-12","0",0,"--                            ",0,"--                            ",0,"--                            ",0,"--                            ",0,"--                            ",0,"--                            ",0,"--                            "
"2001","43264","07","0070","","03","High      ","N","Algoma","","High School Type/ PreK-12","330",160,"48.484800                     ",170,"51.515100                     ",3,"0.909000                      ",1,"0.303000                      ",4,"1.212100                      ",4,"1.212100                      ",318,"96.363600                     "
"2001","43264","07","0070","","03","El/Sec    ","N","Algoma","","Combined Elementary/Secondary School Type/ Prek-12","0",0,"--                            ",0,"--                            ",0,"--                            ",0,"--                            ",0,"--                            ",0,"--                            ",0,"--                            "
"2001","43264","07","0070","","03","Summary   ","N","Algoma","","Grades PreK-12","706",341,"48.300200                     ",365,"51.699700                     ",8,"1.133100                      ",1,"0.141600                      ",6,"0.849800                      ",17,"2.407900                      ",674,"95.467400                     "
"2001","42339","07","0070","0020","04","Elem      ","N","Algoma","Algoma El","Grades PreK-12","376",181,"48.138200                     ",195,"51.861700                     ",5,"1.329700                      ",0,"0.000000                      ",2,"0.531900                      ",13,"3.457400                      ",356,"94.680800                     "
"2001","42340","07","0070","0040","04","High      ","N","Algoma","Algoma Hi","Grades PreK-12","330",160,"48.484800                     ",170,"51.515100                     ",3,"0.909000                      ",1,"0.303000                      ",4,"1.212100                      ",4,"1.212100                      ",318,"96.363600                     "
"2001","43271","07","0182","","03","Elem      ","N","Ashwaubenon","","Elementary School Type/ Prek-12","1403",663,"47.255800                     ",740,"52.744100                     ",13,"0.926500                      ",36,"2.565900                      ",20,"1.425500                      ",24,"1.710600                      ",1310,"93.371300                     "
"2001","43271","07","0182","","03","Mid/Jr Hi ","N","Ashwaubenon","","Middle/Junior High School Type/ Prek-12","720",348,"48.333300                     ",372,"51.666600                     ",14,"1.944400                      ",17,"2.361100                      ",6,"0.833300                      ",4,"0.555500                      ",679,"94.305500                     "
"2001","43271","07","0182","","03","High      ","N","Ashwaubenon","","High School Type/ PreK-12","1077",550,"51.067700                     ",527,"48.932200                     ",7,"0.649900                      ",22,"2.042700                      ",6,"0.557100                      ",6,"0.557100                      ",1036,"96.193100                     "
"2001","43271","07","0182","","03","El/Sec    ","N","Ashwaubenon","","Combined Elementary/Secondary School Type/ Prek-12","0",0,"--                            ",0,"--                            ",0,"--                            ",0,"--                            ",0,"--                            ",0,"--                            ",0,"--                            "
"2001","43271","07","0182","","03","Summary   ","N","Ashwaubenon","","Grades PreK-12","3200",1561,"48.781200                     ",1639,"51.218700                     ",34,"1.062500                      ",75,"2.343700                      ",32,"1.000000                      ",34,"1.062500                      ",3025,"94.531200                     "
"2001","42383","07","0182","0020","04","High      ","N","Ashwaubenon","Ashwaubenon Hi","Grades PreK-12","1077",550,"51.067700                     ",527,"48.932200                     ",7,"0.649900                      ",22,"2.042700                      ",6,"0.557100                      ",6,"0.557100                      ",1036,"96.193100                     "
"2001","42384","07","0182","0045","04","Mid/Jr Hi ","N","Ashwaubenon","Parkview Mid","Grades PreK-12","720",348,"48.333300                     ",372,"51.666600                     ",14,"1.944400                      ",17,"2.361100                      ",6,"0.833300                      ",4,"0.555500                      ",679,"94.305500                     "
"2001","42372","07","0182","0050","04","Elem      ","N","Ashwaubenon","Pioneer El","Grades PreK-12","458",205,"44.759800                     ",253,"55.240100                     ",4,"0.873300                      ",13,"2.838400                      ",6,"1.310000                      ",4,"0.873300                      ",431,"94.104800                     "
"2001","42385","07","0182","0055","04","Elem      ","N","Ashwaubenon","Cormier School and Early Learning","Grades PreK-12","256",120,"46.875000                     ",136,"53.125000                     ",2,"0.781200                      ",4,"1.562500                      ",6,"2.343700                      ",6,"2.343700                      ",238,"92.968700                     "
"2001","42386","07","0182","0060","04","Elem      ","N","Ashwaubenon","Valley View El","Grades PreK-12","689",338,"49.056600                     ",351,"50.943300                     ",7,"1.015900                      ",19,"2.757600                      ",8,"1.161100                      ",14,"2.031900                      ",641,"93.033300                     "
"2001","43242","07","0658","","03","Elem      ","N","Brillion","","Elementary School Type/ Prek-12","354",164,"46.327600                     ",190,"53.672300                     ",0,"0.000000                      ",0,"0.000000                      ",0,"0.000000                      ",0,"0.000000                      ",354,"100.000000                    "
"2001","43242","07","0658","","03","Mid/Jr Hi ","N","Brillion","","Middle/Junior High School Type/ Prek-12","202",109,"53.960300                     ",93,"46.039600                     ",0,"0.000000                      ",1,"0.495000                      ",0,"0.000000                      ",2,"0.990000                      ",199,"98.514800                     "
"2001","43242","07","0658","","03","High      ","N","Brillion","","High School Type/ PreK-12","305",160,"52.459000                     ",145,"47.540900                     ",2,"0.655700                      ",3,"0.983600                      ",0,"0.000000                      ",2,"0.655700                      ",298,"97.704900                     "
"2001","43242","07","0658","","03","El/Sec    ","N","Brillion","","Combined Elementary/Secondary School Type/ Prek-12","0",0,"--                            ",0,"--                            ",0,"--                            ",0,"--                            ",0,"--                            ",0,"--                            ",0,"--                            "
"2001","43242","07","0658","","03","Summary   ","N","Brillion","","Grades PreK-12","861",433,"50.290300                     ",428,"49.709600                     ",2,"0.232200                      ",4,"0.464500                      ",0,"0.000000                      ",4,"0.464500                      ",851,"98.838500                     "
"2001","42274","07","0658","0020","04","Elem      ","N","Brillion","Brillion El","Grades PreK-12","354",164,"46.327600                     ",190,"53.672300                     ",0,"0.000000                      ",0,"0.000000                      ",0,"0.000000                      ",0,"0.000000                      ",354,"100.000000                    "
"2001","42275","07","0658","0021","04","Mid/Jr Hi ","N","Brillion","Brillion Mid","Grades PreK-12","202",109,"53.960300                     ",93,"46.039600                     ",0,"0.000000                      ",1,"0.495000                      ",0,"0.000000                      ",2,"0.990000                      ",199,"98.514800                     "
"2001","42276","07","0658","0040","04","High      ","N","Brillion","Brillion Hi","Grades PreK-12","305",160,"52.459000                     ",145,"47.540900                     ",2,"0.655700                      ",3,"0.983600                      ",0,"0.000000                      ",2,"0.655700                      ",298,"97.704900                     "
"2001","42923","07","1029","","03","Elem      ","N","Cedar Grove-Belgium Area","","Elementary School Type/ Prek-12","383",180,"46.997300                     ",203,"53.002600                     ",4,"1.044300                      ",1,"0.261000                      ",3,"0.783200                      ",31,"8.093900                      ",344,"89.817200                     "
"2001","42923","07","1029","","03","Mid/Jr Hi ","N","Cedar Grove-Belgium Area","","Middle/Junior High School Type/ Prek-12","290",138,"47.586200                     ",152,"52.413700                     ",1,"0.344800                      ",0,"0.000000                      ",2,"0.689600                      ",13,"4.482700                      ",274,"94.482700                     "
"2001","42923","07","1029","","03","High      ","N","Cedar Grove-Belgium Area","","High School Type/ PreK-12","328",161,"49.085300                     ",167,"50.914600                     ",0,"0.000000                      ",2,"0.609700                      ",1,"0.304800                      ",16,"4.878000                      ",309,"94.207300                     "
"2001","42923","07","1029","","03","El/Sec    ","N","Cedar Grove-Belgium Area","","Combined Elementary/Secondary School Type/ Prek-12","0",0,"--                            ",0,"--                            ",0,"--                            ",0,"--                            ",0,"--                            ",0,"--                            ",0,"--                            "
"2001","42923","07","1029","","03","Summary   ","N","Cedar Grove-Belgium Area","","Grades PreK-12","1001",479,"47.852100                     ",522,"52.147800                     ",5,"0.499500                      ",3,"0.299700                      ",6,"0.599400                      ",60,"5.994000                      ",927,"92.607300                     "
"2001","41149","07","1029","0020","04","Elem      ","N","Cedar Grove-Belgium Area","Cedar Grove El","Grades PreK-12","383",180,"46.997300                     ",203,"53.002600                     ",4,"1.044300                      ",1,"0.261000                      ",3,"0.783200                      ",31,"8.093900                      ",344,"89.817200                     "
"2001","41150","07","1029","0040","04","High      ","N","Cedar Grove-Belgium Area","Cedar Grove Hi","Grades PreK-12","328",161,"49.085300                     ",167,"50.914600                     ",0,"0.000000                      ",2,"0.609700                      ",1,"0.304800                      ",16,"4.878000                      ",309,"94.207300                     "
"2001","43882","07","1029","0200","04","Mid/Jr Hi ","N","Cedar Grove-Belgium Area","Cedar Grove Mid","Grades PreK-12","290",138,"47.586200                     ",152,"52.413700                     ",1,"0.344800                      ",0,"0.000000                      ",2,"0.689600                      ",13,"4.482700                      ",274,"94.482700                     "
"2001","42955","07","1085","","03","Elem      ","N","Chilton","","Elementary School Type/ Prek-12","457",200,"43.763600                     ",257,"56.236300                     ",1,"0.218800                      ",4,"0.875200                      ",4,"0.875200                      ",8,"1.750500                      ",440,"96.280000                     "
"2001","42955","07","1085","","03","Mid/Jr Hi ","N","Chilton","","Middle/Junior High School Type/ Prek-12","408",184,"45.098000                     ",224,"54.901900                     ",0,"0.000000                      ",0,"0.000000                      ",4,"0.980300                      ",2,"0.490100                      ",402,"98.529400                     "
"2001","42955","07","1085","","03","High      ","N","Chilton","","High School Type/ PreK-12","490",254,"51.836700                     ",236,"48.163200                     ",1,"0.204000                      ",4,"0.816300                      ",1,"0.204000                      ",0,"0.000000                      ",484,"98.775500                     "
"2001","42955","07","1085","","03","El/Sec    ","N","Chilton","","Combined Elementary/Secondary School Type/ Prek-12","0",0,"--                            ",0,"--                            ",0,"--                            ",0,"--                            ",0,"--                            ",0,"--                            ",0,"--                            "
"2001","42955","07","1085","","03","Summary   ","N","Chilton","","Grades PreK-12","1355",638,"47.084800                     ",717,"52.915100                     ",2,"0.147600                      ",8,"0.590400                      ",9,"0.664200                      ",10,"0.738000                      ",1326,"97.859700                     "
"2001","41073","07","1085","0020","04","Elem      ","N","Chilton","Chilton El","Grades PreK-12","457",200,"43.763600                     ",257,"56.236300                     ",1,"0.218800                      ",4,"0.875200                      ",4,"0.875200                      ",8,"1.750500                      ",440,"96.280000                     "
"2001","41074","07","1085","0030","04","Mid/Jr Hi ","N","Chilton","Chilton Mid","Grades PreK-12","408",184,"45.098000                     ",224,"54.901900                     ",0,"0.000000                      ",0,"0.000000                      ",4,"0.980300                      ",2,"0.490100                      ",402,"98.529400                     "
"2001","41075","07","1085","0040","04","High      ","N","Chilton","Chilton Hi","Grades PreK-12","490",254,"51.836700                     ",236,"48.163200                     ",1,"0.204000                      ",4,"0.816300                      ",1,"0.204000                      ",0,"0.000000                      ",484,"98.775500                     "
"2001","43266","07","1407","","03","Elem      ","N","Denmark","","Elementary School Type/ Prek-12","751",353,"47.003900                     ",398,"52.996000                     ",3,"0.399400                      ",5,"0.665700                      ",4,"0.532600                      ",12,"1.597800                      ",727,"96.804200                     "
"2001","43266","07","1407","","03","Mid/Jr Hi ","N","Denmark","","Middle/Junior High School Type/ Prek-12","363",192,"52.892500                     ",171,"47.107400                     ",0,"0.000000                      ",3,"0.826400                      ",0,"0.000000                      ",3,"0.826400                      ",357,"98.347100                     "
"2001","43266","07","1407","","03","High      ","N","Denmark","","High School Type/ PreK-12","566",276,"48.763200                     ",290,"51.236700                     ",6,"1.060000                      ",7,"1.236700                      ",2,"0.353300                      ",1,"0.176600                      ",550,"97.173100                     "
"2001","43266","07","1407","","03","El/Sec    ","N","Denmark","","Combined Elementary/Secondary School Type/ Prek-12","0",0,"--                            ",0,"--                            ",0,"--                            ",0,"--                            ",0,"--                            ",0,"--                            ",0,"--                            "
"2001","43266","07","1407","","03","Summary   ","N","Denmark","","Grades PreK-12","1680",821,"48.869000                     ",859,"51.130900                     ",9,"0.535700                      ",15,"0.892800                      ",6,"0.357100                      ",16,"0.952300                      ",1634,"97.261900                     "
"2001","42345","07","1407","0040","04","Elem      ","N","Denmark","Denmark Early Childhood Ctr","Grades PreK-12","205",93,"45.365800                     ",112,"54.634100                     ",2,"0.975600                      ",1,"0.487800                      ",0,"0.000000                      ",4,"1.951200                      ",198,"96.585300                     "
"2001","42346","07","1407","0060","04","Elem      ","N","Denmark","Denmark El","Grades PreK-12","546",260,"47.619000                     ",286,"52.380900                     ",1,"0.183100                      ",4,"0.732600                      ",4,"0.732600                      ",8,"1.465200                      ",529,"96.886400                     "
"2001","42347","07","1407","0080","04","High      ","N","Denmark","Denmark Hi","Grades PreK-12","566",276,"48.763200                     ",290,"51.236700                     ",6,"1.060000                      ",7,"1.236700                      ",2,"0.353300                      ",1,"0.176600                      ",550,"97.173100                     "
"2001","42348","07","1407","0100","04","Mid/Jr Hi ","N","Denmark","Denmark Mid","Grades PreK-12","363",192,"52.892500                     ",171,"47.107400                     ",0,"0.000000                      ",3,"0.826400                      ",0,"0.000000                      ",3,"0.826400                      ",357,"98.347100                     "
"2001","43245","07","1414","","03","Elem      ","N","De Pere","","Elementary School Type/ Prek-12","1282",633,"49.375900                     ",649,"50.624000                     ",10,"0.780000                      ",21,"1.638000                      ",19,"1.482000                      ",10,"0.780000                      ",1222,"95.319800                     "
"2001","43245","07","1414","","03","Mid/Jr Hi ","N","De Pere","","Middle/Junior High School Type/ Prek-12","649",329,"50.693300                     ",320,"49.306600                     ",8,"1.232600                      ",4,"0.616300                      ",4,"0.616300                      ",3,"0.462200                      ",630,"97.072400                     "
"2001","43245","07","1414","","03","High      ","N","De Pere","","High School Type/ PreK-12","909",469,"51.595100                     ",440,"48.404800                     ",2,"0.220000                      ",5,"0.550000                      ",3,"0.330000                      ",1,"0.110000                      ",898,"98.789800                     "
"2001","43245","07","1414","","03","El/Sec    ","N","De Pere","","Combined Elementary/Secondary School Type/ Prek-12","0",0,"--                            ",0,"--                            ",0,"--                            ",0,"--                            ",0,"--                            ",0,"--                            ",0,"--                            "
"2001","43245","07","1414","","03","Summary   ","N","De Pere","","Grades PreK-12","2840",1431,"50.387300                     ",1409,"49.612600                     ",20,"0.704200                      ",30,"1.056300                      ",26,"0.915400                      ",14,"0.492900                      ",2750,"96.830900                     "
"2001","42284","07","1414","0020","04","High      ","N","De Pere","De Pere Hi","Grades PreK-12","909",469,"51.595100                     ",440,"48.404800                     ",2,"0.220000                      ",5,"0.550000                      ",3,"0.330000                      ",1,"0.110000                      ",898,"98.789800                     "
"2001","42285","07","1414","0030","04","Mid/Jr Hi ","N","De Pere","De Pere Mid","Grades PreK-12","649",329,"50.693300                     ",320,"49.306600                     ",8,"1.232600                      ",4,"0.616300                      ",4,"0.616300                      ",3,"0.462200                      ",630,"97.072400                     "
"2001","42286","07","1414","0040","04","Elem      ","N","De Pere","Dickinson El","Grades PreK-12","593",276,"46.543000                     ",317,"53.456900                     ",3,"0.505900                      ",11,"1.854900                      ",10,"1.686300                      ",7,"1.180400                      ",562,"94.772300                     "
"2001","42881","07","1414","0050","04","Elem      ","N","De Pere","Heritage El","Grades PreK-12","689",357,"51.814200                     ",332,"48.185700                     ",7,"1.015900                      ",10,"1.451300                      ",9,"1.306200                      ",3,"0.435400                      ",660,"95.791000                     "
"2001","42956","07","1631","","03","Elem      ","N","Elkhart Lake-Glenbeulah","","Elementary School Type/ Prek-12","385",190,"49.350600                     ",195,"50.649300                     ",0,"0.000000                      ",0,"0.000000                      ",0,"0.000000                      ",2,"0.519400                      ",383,"99.480500                     "
"2001","42956","07","1631","","03","Mid/Jr Hi ","N","Elkhart Lake-Glenbeulah","","Middle/Junior High School Type/ Prek-12","0",0,"--                            ",0,"--                            ",0,"--                            ",0,"--                            ",0,"--                            ",0,"--                            ",0,"--                            "
"2001","42956","07","1631","","03","High      ","N","Elkhart Lake-Glenbeulah","","High School Type/ PreK-12","207",101,"48.792200                     ",106,"51.207700                     ",3,"1.449200                      ",0,"0.000000                      ",0,"0.000000                      ",2,"0.966100                      ",202,"97.584500                     "
"2001","42956","07","1631","","03","El/Sec    ","N","Elkhart Lake-Glenbeulah","","Combined Elementary/Secondary School Type/ Prek-12","0",0,"--                            ",0,"--                            ",0,"--                            ",0,"--                            ",0,"--                            ",0,"--                            ",0,"--                            "
"2001","42956","07","1631","","03","Summary   ","N","Elkhart Lake-Glenbeulah","","Grades PreK-12","592",291,"49.155400                     ",301,"50.844500                     ",3,"0.506700                      ",0,"0.000000                      ",0,"0.000000                      ",4,"0.675600                      ",585,"98.817500                     "
"2001","41081","07","1631","0020","04","Elem      ","N","Elkhart Lake-Glenbeulah","Elkhart Lake El/Mid","Grades PreK-12","385",190,"49.350600                     ",195,"50.649300                     ",0,"0.000000                      ",0,"0.000000                      ",0,"0.000000                      ",2,"0.519400                      ",383,"99.480500                     "
"2001","41082","07","1631","0040","04","High      ","N","Elkhart Lake-Glenbeulah","Elkhart Lake Hi","Grades PreK-12","207",101,"48.792200                     ",106,"51.207700                     ",3,"1.449200                      ",0,"0.000000                      ",0,"0.000000                      ",2,"0.966100                      ",202,"97.584500                     "
"2001","43267","07","2114","","03","Elem      ","N","Gibraltar Area","","Elementary School Type/ Prek-12","293",138,"47.098900                     ",155,"52.901000                     ",0,"0.000000                      ",2,"0.682500                      ",0,"0.000000                      ",2,"0.682500                      ",289,"98.634800                     "
"2001","43267","07","2114","","03","Mid/Jr Hi ","N","Gibraltar Area","","Middle/Junior High School Type/ Prek-12","167",76,"45.508900                     ",91,"54.491000                     ",2,"1.197600                      ",0,"0.000000                      ",1,"0.598800                      ",9,"5.389200                      ",155,"92.814300                     "
"2001","43267","07","2114","","03","High      ","N","Gibraltar Area","","High School Type/ PreK-12","233",120,"51.502100                     ",113,"48.497800                     ",0,"0.000000                      ",1,"0.429100                      ",0,"0.000000                      ",6,"2.575100                      ",226,"96.995700                     "
"2001","43267","07","2114","","03","El/Sec    ","N","Gibraltar Area","","Combined Elementary/Secondary School Type/ Prek-12","0",0,"--                            ",0,"--                            ",0,"--                            ",0,"--                            ",0,"--                            ",0,"--                            ",0,"--                            "
"2001","43267","07","2114","","03","Summary   ","N","Gibraltar Area","","Grades PreK-12","693",334,"48.196200                     ",359,"51.803700                     ",2,"0.288600                      ",3,"0.432900                      ",1,"0.144300                      ",17,"2.453100                      ",670,"96.681000                     "
"2001","42349","07","2114","0100","04","Elem      ","N","Gibraltar Area","Gibraltar El","Grades PreK-12","293",138,"47.098900                     ",155,"52.901000                     ",0,"0.000000                      ",2,"0.682500                      ",0,"0.000000                      ",2,"0.682500                      ",289,"98.634800                     "
"2001","42350","07","2114","0120","04","High      ","N","Gibraltar Area","Gibraltar Hi","Grades PreK-12","233",120,"51.502100                     ",113,"48.497800                     ",0,"0.000000                      ",1,"0.429100                      ",0,"0.000000                      ",6,"2.575100                      ",226,"96.995700                     "
"2001","42909","07","2114","0200","04","Mid/Jr Hi ","N","Gibraltar Area","Gibraltar Mid","Grades PreK-12","167",76,"45.508900                     ",91,"54.491000                     ",2,"1.197600                      ",0,"0.000000                      ",1,"0.598800                      ",9,"5.389200                      ",155,"92.814300                     "
"2001","43272","07","2289","","03","Elem      ","N","Green Bay Area","","Elementary School Type/ Prek-12","9902",4820,"48.677000                     ",5082,"51.322900                     ",474,"4.786900                      ",920,"9.291000                      ",380,"3.837600                      ",979,"9.886800                      ",7149,"72.197500                     "
"2001","43272","07","2289","","03","Mid/Jr Hi ","N","Green Bay Area","","Middle/Junior High School Type/ Prek-12","3996",1910,"47.797700                     ",2086,"52.202200                     ",226,"5.655600                      ",414,"10.360300                     ",94,"2.352300                      ",302,"7.557500                      ",2960,"74.074000                     "
"2001","43272","07","2289","","03","High      ","N","Green Bay Area","","High School Type/ PreK-12","6124",3072,"50.163200                     ",3052,"49.836700                     ",253,"4.131200                      ",519,"8.474800                      ",99,"1.616500                      ",336,"5.486600                      ",4917,"80.290600                     "
"2001","43272","07","2289","","03","El/Sec    ","N","Green Bay Area","","Combined Elementary/Secondary School Type/ Prek-12","82",14,"17.073100                     ",68,"82.926800                     ",14,"17.073100                     ",4,"4.878000                      ",3,"3.658500                      ",8,"9.756000                      ",53,"64.634100                     "
"2001","43272","07","2289","","03","Summary   ","N","Green Bay Area","","Grades PreK-12","20104",9816,"48.826100                     ",10288,"51.173800                     ",967,"4.809900                      ",1857,"9.236900                      ",576,"2.865100                      ",1625,"8.082900                      ",15079,"75.004900                     "
"2001","41576","07","2289","0020","04","Elem      ","N","Green Bay Area","Aldo Leopold Community Sch","Grades PreK-12","400",193,"48.250000                     ",207,"51.750000                     ",8,"2.000000                      ",20,"5.000000                      ",10,"2.500000                      ",5,"1.250000                      ",357,"89.250000                     "
"2001","42393","07","2289","0030","04","Elem      ","N","Green Bay Area","Baird El","Grades PreK-12","312",151,"48.397400                     ",161,"51.602500                     ",11,"3.525600                      ",5,"1.602500                      ",11,"3.525600                      ",11,"3.525600                      ",274,"87.820500                     "
"2001","39678","07","2289","0040","04","El/Sec    ","N","Green Bay Area","Bay View","Grades PreK-12","82",14,"17.073100                     ",68,"82.926800                     ",14,"17.073100                     ",4,"4.878000                      ",3,"3.658500                      ",8,"9.756000                      ",53,"64.634100                     "
"2001","42387","07","2289","0060","04","Elem      ","N","Green Bay Area","Beaumont El","Grades PreK-12","310",144,"46.451600                     ",166,"53.548300                     ",11,"3.548300                      ",12,"3.870900                      ",9,"2.903200                      ",16,"5.161200                      ",262,"84.516100                     "
"2001","42373","07","2289","0100","04","Elem      ","N","Green Bay Area","Chappell El","Grades PreK-12","262",122,"46.564800                     ",140,"53.435100                     ",19,"7.251900                      ",12,"4.580100                      ",21,"8.015200                      ",5,"1.908300                      ",205,"78.244200                     "
"2001","42365","07","2289","0140","04","Elem      ","N","Green Bay Area","Danz El","Grades PreK-12","427",208,"48.711900                     ",219,"51.288000                     ",14,"3.278600                      ",9,"2.107700                      ",19,"4.449600                      ",173,"40.515200                     ",212,"49.648700                     "
"2001","44137","07","2289","0160","04","Elem      ","N","Green Bay Area","Red Smith K-8","Grades PreK-12","636",336,"52.830100                     ",300,"47.169800                     ",13,"2.044000                      ",19,"2.987400                      ",10,"1.572300                      ",12,"1.886700                      ",582,"91.509400                     "
"2001","41577","07","2289","0175","04","Elem      ","N","Green Bay Area","Doty El","Grades PreK-12","340",168,"49.411700                     ",172,"50.588200                     ",7,"2.058800                      ",1,"0.294100                      ",4,"1.176400                      ",29,"8.529400                      ",299,"87.941100                     "
"2001","41578","07","2289","0180","04","High      ","N","Green Bay Area","East Hi","Grades PreK-12","1321",665,"50.340600                     ",656,"49.659300                     ",61,"4.617700                      ",174,"13.171800                     ",29,"2.195300                      ",149,"11.279300                     ",908,"68.735800                     "
"2001","42366","07","2289","0190","04","Mid/Jr Hi ","N","Green Bay Area","Edison Mid","Grades PreK-12","1143",539,"47.156600                     ",604,"52.843300                     ",22,"1.924700                      ",80,"6.999100                      ",21,"1.837200                      ",117,"10.236200                     ",903,"79.002600                     "
"2001","42367","07","2289","0200","04","Elem      ","N","Green Bay Area","Eisenhower El","Grades PreK-12","385",190,"49.350600                     ",195,"50.649300                     ",13,"3.376600                      ",60,"15.584400                     ",17,"4.415500                      ",146,"37.922000                     ",149,"38.701200                     "
"2001","42374","07","2289","0220","04","Elem      ","N","Green Bay Area","Elmore El","Grades PreK-12","257",136,"52.918200                     ",121,"47.081700                     ",14,"5.447400                      ",6,"2.334600                      ",4,"1.556400                      ",4,"1.556400                      ",229,"89.105000                     "
"2001","42375","07","2289","0280","04","Elem      ","N","Green Bay Area","Fort Howard El","Grades PreK-12","316",129,"40.822700                     ",187,"59.177200                     ",26,"8.227800                      ",106,"33.544300                     ",15,"4.746800                      ",54,"17.088600                     ",115,"36.392400                     "
"2001","42376","07","2289","0300","04","Mid/Jr Hi ","N","Green Bay Area","Franklin Mid","Grades PreK-12","860",370,"43.023200                     ",490,"56.976700                     ",51,"5.930200                      ",151,"17.558100                     ",28,"3.255800                      ",40,"4.651100                      ",590,"68.604600                     "
"2001","41579","07","2289","0320","04","Elem      ","N","Green Bay Area","Howe El","Grades PreK-12","516",242,"46.899200                     ",274,"53.100700                     ",44,"8.527100                      ",93,"18.023200                     ",50,"9.689900                      ",116,"22.480600                     ",213,"41.279000                     "
"2001","42388","07","2289","0340","04","Elem      ","N","Green Bay Area","Jackson El","Grades PreK-12","374",184,"49.197800                     ",190,"50.802100                     ",15,"4.010600                      ",24,"6.417100                      ",9,"2.406400                      ",12,"3.208500                      ",314,"83.957200                     "
"2001","42377","07","2289","0360","04","Elem      ","N","Green Bay Area","Jefferson El","Grades PreK-12","183",99,"54.098300                     ",84,"45.901600                     ",23,"12.568300                     ",73,"39.890700                     ",8,"4.371500                      ",9,"4.918000                      ",70,"38.251300                     "
"2001","42378","07","2289","0370","04","Elem      ","N","Green Bay Area","Keller El","Grades PreK-12","421",195,"46.318200                     ",226,"53.681700                     ",26,"6.175700                      ",49,"11.638900                     ",34,"8.076000                      ",70,"16.627000                     ",242,"57.482100                     "
"2001","42389","07","2289","0380","04","Elem      ","N","Green Bay Area","Kennedy El","Grades PreK-12","339",164,"48.377500                     ",175,"51.622400                     ",15,"4.424700                      ",19,"5.604700                      ",19,"5.604700                      ",15,"4.424700                      ",271,"79.941000                     "
"2001","42397","07","2289","0390","04","Elem      ","N","Green Bay Area","King El","Grades PreK-12","491",224,"45.621100                     ",267,"54.378800                     ",65,"13.238200                     ",10,"2.036600                      ",12,"2.443900                      ",5,"1.018300                      ",399,"81.262700                     "
"2001","41580","07","2289","0400","04","Elem      ","N","Green Bay Area","Langlade El","Grades PreK-12","347",166,"47.838600                     ",181,"52.161300                     ",1,"0.288100                      ",9,"2.593600                      ",2,"0.576300                      ",1,"0.288100                      ",334,"96.253600                     "
"2001","42379","07","2289","0420","04","Elem      ","N","Green Bay Area","Lincoln El","Grades PreK-12","267",136,"50.936300                     ",131,"49.063600                     ",17,"6.367000                      ",56,"20.973700                     ",9,"3.370700                      ",15,"5.617900                      ",170,"63.670400                     "
"2001","42398","07","2289","0425","04","Mid/Jr Hi ","N","Green Bay Area","Lombardi Mid","Grades PreK-12","1026",503,"49.025300                     ",523,"50.974600                     ",69,"6.725100                      ",50,"4.873200                      ",10,"0.974600                      ",18,"1.754300                      ",879,"85.672500                     "
"2001","42390","07","2289","0430","04","Elem      ","N","Green Bay Area","MacArthur El","Grades PreK-12","285",128,"44.912200                     ",157,"55.087700                     ",20,"7.017500                      ",2,"0.701700                      ",6,"2.105200                      ",5,"1.754300                      ",252,"88.421000                     "
"2001","42368","07","2289","0435","04","Elem      ","N","Green Bay Area","Martin El","Grades PreK-12","332",157,"47.289100                     ",175,"52.710800                     ",4,"1.204800                      ",19,"5.722800                      ",10,"3.012000                      ",6,"1.807200                      ",293,"88.253000                     "
"2001","42394","07","2289","0437","04","Elem      ","N","Green Bay Area","McAuliffe El","Grades PreK-12","478",233,"48.744700                     ",245,"51.255200                     ",4,"0.836800                      ",6,"1.255200                      ",2,"0.418400                      ",3,"0.627600                      ",463,"96.861900                     "
"2001","42369","07","2289","0440","04","Elem      ","N","Green Bay Area","Nicolet El","Grades PreK-12","498",267,"53.614400                     ",231,"46.385500                     ",37,"7.429700                      ",98,"19.678700                     ",47,"9.437700                      ",165,"33.132500                     ",151,"30.321200                     "
"2001","42370","07","2289","0540","04","High      ","N","Green Bay Area","Preble Hi","Grades PreK-12","1989",1000,"50.276500                     ",989,"49.723400                     ",42,"2.111600                      ",88,"4.424300                      ",20,"1.005500                      ",120,"6.033100                      ",1719,"86.425300                     "
"2001","42371","07","2289","0590","04","Elem      ","N","Green Bay Area","Sullivan El","Grades PreK-12","481",245,"50.935500                     ",236,"49.064400                     ",16,"3.326400                      ",76,"15.800400                     ",23,"4.781700                      ",57,"11.850300                     ",309,"64.241100                     "
"2001","42391","07","2289","0600","04","High      ","N","Green Bay Area","Southwest Hi","Grades PreK-12","1576",798,"50.634500                     ",778,"49.365400                     ",84,"5.329900                      ",59,"3.743600                      ",19,"1.205500                      ",29,"1.840100                      ",1385,"87.880700                     "
"2001","42392","07","2289","0640","04","Elem      ","N","Green Bay Area","Tank El","Grades PreK-12","247",123,"49.797500                     ",124,"50.202400                     ",33,"13.360300                     ",92,"37.246900                     ",21,"8.502000                      ",20,"8.097100                      ",81,"32.793500                     "
"2001","41581","07","2289","0660","04","Mid/Jr Hi ","N","Green Bay Area","Washington Mid","Grades PreK-12","967",498,"51.499400                     ",469,"48.500500                     ",84,"8.686600                      ",133,"13.753800                     ",35,"3.619400                      ",127,"13.133400                     ",588,"60.806600                     "
"2001","41582","07","2289","0680","04","Elem      ","N","Green Bay Area","Webster El","Grades PreK-12","381",166,"43.569500                     ",215,"56.430400                     ",11,"2.887100                      ",11,"2.887100                      ",2,"0.524900                      ",18,"4.724400                      ",339,"88.976300                     "
"2001","42395","07","2289","0700","04","Elem      ","N","Green Bay Area","Wequiock El","Grades PreK-12","161",77,"47.826000                     ",84,"52.173900                     ",3,"1.863300                      ",2,"1.242200                      ",0,"0.000000                      ",2,"1.242200                      ",154,"95.652100                     "
"2001","42380","07","2289","0720","04","High      ","N","Green Bay Area","West Hi","Grades PreK-12","1238",609,"49.192200                     ",629,"50.807700                     ",66,"5.331100                      ",198,"15.993500                     ",31,"2.504000                      ",38,"3.069400                      ",905,"73.101700                     "
"2001","42396","07","2289","0730","04","Elem      ","N","Green Bay Area","Wilder El","Grades PreK-12","456",237,"51.973600                     ",219,"48.026300                     ",4,"0.877100                      ",31,"6.798200                      ",6,"1.315700                      ",5,"1.096400                      ",410,"89.912200                     "
"2001","43047","07","2534","","03","Elem      ","N","Hilbert","","Elementary School Type/ Prek-12","208",89,"42.788400                     ",119,"57.211500                     ",0,"0.000000                      ",0,"0.000000                      ",1,"0.480700                      ",3,"1.442300                      ",204,"98.076900                     "
"2001","43047","07","2534","","03","Mid/Jr Hi ","N","Hilbert","","Middle/Junior High School Type/ Prek-12","89",41,"46.067400                     ",48,"53.932500                     ",1,"1.123500                      ",0,"0.000000                      ",0,"0.000000                      ",0,"0.000000                      ",88,"98.876400                     "
"2001","43047","07","2534","","03","High      ","N","Hilbert","","High School Type/ PreK-12","246",129,"52.439000                     ",117,"47.560900                     ",1,"0.406500                      ",2,"0.813000                      ",1,"0.406500                      ",1,"0.406500                      ",241,"97.967400                     "
"2001","43047","07","2534","","03","El/Sec    ","N","Hilbert","","Combined Elementary/Secondary School Type/ Prek-12","0",0,"--                            ",0,"--                            ",0,"--                            ",0,"--                            ",0,"--                            ",0,"--                            ",0,"--                            "
"2001","43047","07","2534","","03","Summary   ","N","Hilbert","","Grades PreK-12","543",259,"47.697900                     ",284,"52.302000                     ",2,"0.368300                      ",2,"0.368300                      ",2,"0.368300                      ",4,"0.736600                      ",533,"98.158300                     "
"2001","41526","07","2534","0020","04","Elem      ","N","Hilbert","Hilbert El","Grades PreK-12","208",89,"42.788400                     ",119,"57.211500                     ",0,"0.000000                      ",0,"0.000000                      ",1,"0.480700                      ",3,"1.442300                      ",204,"98.076900                     "
"2001","41528","07","2534","0040","04","High      ","N","Hilbert","Hilbert Hi","Grades PreK-12","246",129,"52.439000                     ",117,"47.560900                     ",1,"0.406500                      ",2,"0.813000                      ",1,"0.406500                      ",1,"0.406500                      ",241,"97.967400                     "
"2001","42904","07","2534","0200","04","Mid/Jr Hi ","N","Hilbert","Hilbert Mid","Grades PreK-12","89",41,"46.067400                     ",48,"53.932500                     ",1,"1.123500                      ",0,"0.000000                      ",0,"0.000000                      ",0,"0.000000                      ",88,"98.876400                     "
"2001","43273","07","2604","","03","Elem      ","N","Howard-Suamico","","Elementary School Type/ Prek-12","2271",1107,"48.745000                     ",1164,"51.254900                     ",22,"0.968700                      ",28,"1.232900                      ",34,"1.497100                      ",17,"0.748500                      ",2170,"95.552600                     "
"2001","43273","07","2604","","03","Mid/Jr Hi ","N","Howard-Suamico","","Middle/Junior High School Type/ Prek-12","602",289,"48.006600                     ",313,"51.993300                     ",8,"1.328900                      ",10,"1.661100                      ",2,"0.332200                      ",3,"0.498300                      ",579,"96.179400                     "
"2001","43273","07","2604","","03","High      ","N","Howard-Suamico","","High School Type/ PreK-12","1372",667,"48.615100                     ",705,"51.384800                     ",10,"0.728800                      ",10,"0.728800                      ",17,"1.239000                      ",11,"0.801700                      ",1324,"96.501400                     "
"2001","43273","07","2604","","03","El/Sec    ","N","Howard-Suamico","","Combined Elementary/Secondary School Type/ Prek-12","0",0,"--                            ",0,"--                            ",0,"--                            ",0,"--                            ",0,"--                            ",0,"--                            ",0,"--                            "
"2001","43273","07","2604","","03","Summary   ","N","Howard-Suamico","","Grades PreK-12","4245",2063,"48.598300                     ",2182,"51.401600                     ",40,"0.942200                      ",48,"1.130700                      ",53,"1.248500                      ",31,"0.730200                      ",4073,"95.948100                     "
"2001","42399","07","2604","0020","04","High      ","N","Howard-Suamico","Bay Port Hi","Grades PreK-12","1372",667,"48.615100                     ",705,"51.384800                     ",10,"0.728800                      ",10,"0.728800                      ",17,"1.239000                      ",11,"0.801700                      ",1324,"96.501400                     "
"2001","42400","07","2604","0030","04","Mid/Jr Hi ","N","Howard-Suamico","Bay View Mid","Grades PreK-12","602",289,"48.006600                     ",313,"51.993300                     ",8,"1.328900                      ",10,"1.661100                      ",2,"0.332200                      ",3,"0.498300                      ",579,"96.179400                     "
"2001","42401","07","2604","0040","04","Elem      ","N","Howard-Suamico","Forest Glen El","Grades PreK-12","572",263,"45.979000                     ",309,"54.020900                     ",4,"0.699300                      ",2,"0.349600                      ",7,"1.223700                      ",1,"0.174800                      ",558,"97.552400                     "
"2001","42402","07","2604","0050","04","Elem      ","N","Howard-Suamico","Meadowbrook El","Grades PreK-12","358",174,"48.603300                     ",184,"51.396600                     ",6,"1.675900                      ",7,"1.955300                      ",11,"3.072600                      ",6,"1.675900                      ",328,"91.620100                     "
"2001","42381","07","2604","0060","04","Elem      ","N","Howard-Suamico","Howard El","Grades PreK-12","195",101,"51.794800                     ",94,"48.205100                     ",2,"1.025600                      ",9,"4.615300                      ",4,"2.051200                      ",1,"0.512800                      ",179,"91.794800                     "
"2001","42403","07","2604","0100","04","Elem      ","N","Howard-Suamico","Suamico El","Grades PreK-12","443",233,"52.595900                     ",210,"47.404000                     ",4,"0.902900                      ",0,"0.000000                      ",3,"0.677200                      ",2,"0.451400                      ",434,"97.968300                     "
"2001","44685","07","2604","0110","04","Elem      ","N","Howard-Suamico","Lineville Intermediate Sch","Grades PreK-12","703",336,"47.795100                     ",367,"52.204800                     ",6,"0.853400                      ",10,"1.422400                      ",9,"1.280200                      ",7,"0.995700                      ",671,"95.448000                     "
"2001","42953","07","2605","","03","Elem      ","N","Howards Grove","","Elementary School Type/ Prek-12","349",160,"45.845200                     ",189,"54.154700                     ",0,"0.000000                      ",0,"0.000000                      ",0,"0.000000                      ",0,"0.000000                      ",349,"100.000000                    "
"2001","42953","07","2605","","03","Mid/Jr Hi ","N","Howards Grove","","Middle/Junior High School Type/ Prek-12","314",148,"47.133700                     ",166,"52.866200                     ",0,"0.000000                      ",2,"0.636900                      ",3,"0.955400                      ",2,"0.636900                      ",307,"97.770700                     "
"2001","42953","07","2605","","03","High      ","N","Howards Grove","","High School Type/ PreK-12","332",154,"46.385500                     ",178,"53.614400                     ",0,"0.000000                      ",8,"2.409600                      ",1,"0.301200                      ",2,"0.602400                      ",321,"96.686700                     "
"2001","42953","07","2605","","03","El/Sec    ","N","Howards Grove","","Combined Elementary/Secondary School Type/ Prek-12","0",0,"--                            ",0,"--                            ",0,"--                            ",0,"--                            ",0,"--                            ",0,"--                            ",0,"--                            "
"2001","42953","07","2605","","03","Summary   ","N","Howards Grove","","Grades PreK-12","995",462,"46.432100                     ",533,"53.567800                     ",0,"0.000000                      ",10,"1.005000                      ",4,"0.402000                      ",4,"0.402000                      ",977,"98.190900                     "
"2001","41070","07","2605","0060","04","High      ","N","Howards Grove","Howards Grove Hi","Grades PreK-12","332",154,"46.385500                     ",178,"53.614400                     ",0,"0.000000                      ",8,"2.409600                      ",1,"0.301200                      ",2,"0.602400                      ",321,"96.686700                     "
"2001","41071","07","2605","0110","04","Elem      ","N","Howards Grove","Northview El","Grades PreK-12","349",160,"45.845200                     ",189,"54.154700                     ",0,"0.000000                      ",0,"0.000000                      ",0,"0.000000                      ",0,"0.000000                      ",349,"100.000000                    "
"2001","41068","07","2605","0125","04","Mid/Jr Hi ","N","Howards Grove","Howards Grove Mid","Grades PreK-12","314",148,"47.133700                     ",166,"52.866200                     ",0,"0.000000                      ",2,"0.636900                      ",3,"0.955400                      ",2,"0.636900                      ",307,"97.770700                     "
"2001","43054","07","2814","","03","Elem      ","N","Kewaunee","","Elementary School Type/ Prek-12","732",339,"46.311400                     ",393,"53.688500                     ",3,"0.409800                      ",5,"0.683000                      ",5,"0.683000                      ",9,"1.229500                      ",710,"96.994500                     "
"2001","43054","07","2814","","03","Mid/Jr Hi ","N","Kewaunee","","Middle/Junior High School Type/ Prek-12","0",0,"--                            ",0,"--                            ",0,"--                            ",0,"--                            ",0,"--                            ",0,"--                            ",0,"--                            "
"2001","43054","07","2814","","03","High      ","N","Kewaunee","","High School Type/ PreK-12","422",203,"48.104200                     ",219,"51.895700                     ",3,"0.710900                      ",0,"0.000000                      ",1,"0.236900                      ",4,"0.947800                      ",414,"98.104200                     "
"2001","43054","07","2814","","03","El/Sec    ","N","Kewaunee","","Combined Elementary/Secondary School Type/ Prek-12","0",0,"--                            ",0,"--                            ",0,"--                            ",0,"--                            ",0,"--                            ",0,"--                            ",0,"--                            "
"2001","43054","07","2814","","03","Summary   ","N","Kewaunee","","Grades PreK-12","1154",542,"46.967000                     ",612,"53.032900                     ",6,"0.519900                      ",5,"0.433200                      ",6,"0.519900                      ",13,"1.126500                      ",1124,"97.400300                     "
"2001","41552","07","2814","0100","04","High      ","N","Kewaunee","Kewaunee Hi","Grades PreK-12","402",195,"48.507400                     ",207,"51.492500                     ",2,"0.497500                      ",0,"0.000000                      ",1,"0.248700                      ",4,"0.995000                      ",395,"98.258700                     "
"2001","43851","07","2814","0160","04","Elem      ","N","Kewaunee","Kewaunee Grade Sch","Grades PreK-12","732",339,"46.311400                     ",393,"53.688500                     ",3,"0.409800                      ",5,"0.683000                      ",5,"0.683000                      ",9,"1.229500                      ",710,"96.994500                     "
"2001","44739","07","2814","0400","04","High      ","Y","Kewaunee","Lakeshore Alternative School","Grades PreK-12","20",8,"40.000000                     ",12,"60.000000                     ",1,"5.000000                      ",0,"0.000000                      ",0,"0.000000                      ",0,"0.000000                      ",19,"95.000000                     "
"2001","42959","07","2828","","03","Elem      ","N","Kiel Area","","Elementary School Type/ Prek-12","543",255,"46.961300                     ",288,"53.038600                     ",0,"0.000000                      ",5,"0.920800                      ",0,"0.000000                      ",10,"1.841600                      ",528,"97.237500                     "
"2001","42959","07","2828","","03","Mid/Jr Hi ","N","Kiel Area","","Middle/Junior High School Type/ Prek-12","467",230,"49.250500                     ",237,"50.749400                     ",0,"0.000000                      ",1,"0.214100                      ",2,"0.428200                      ",3,"0.642300                      ",461,"98.715200                     "
"2001","42959","07","2828","","03","High      ","N","Kiel Area","","High School Type/ PreK-12","516",260,"50.387500                     ",256,"49.612400                     ",0,"0.000000                      ",4,"0.775100                      ",3,"0.581300                      ",2,"0.387500                      ",507,"98.255800                     "
"2001","42959","07","2828","","03","El/Sec    ","N","Kiel Area","","Combined Elementary/Secondary School Type/ Prek-12","0",0,"--                            ",0,"--                            ",0,"--                            ",0,"--                            ",0,"--                            ",0,"--                            ",0,"--                            "
"2001","42959","07","2828","","03","Summary   ","N","Kiel Area","","Grades PreK-12","1526",745,"48.820400                     ",781,"51.179500                     ",0,"0.000000                      ",10,"0.655300                      ",5,"0.327600                      ",15,"0.982900                      ",1496,"98.034000                     "
"2001","41096","07","2828","0040","04","High      ","N","Kiel Area","Kiel Hi","Grades PreK-12","516",260,"50.387500                     ",256,"49.612400                     ",0,"0.000000                      ",4,"0.775100                      ",3,"0.581300                      ",2,"0.387500                      ",507,"98.255800                     "
"2001","41097","07","2828","0060","04","Mid/Jr Hi ","N","Kiel Area","Kiel Mid","Grades PreK-12","467",230,"49.250500                     ",237,"50.749400                     ",0,"0.000000                      ",1,"0.214100                      ",2,"0.428200                      ",3,"0.642300                      ",461,"98.715200                     "
"2001","41115","07","2828","0080","04","Elem      ","N","Kiel Area","Meeme El","Grades PreK-12","85",38,"44.705800                     ",47,"55.294100                     ",0,"0.000000                      ",0,"0.000000                      ",0,"0.000000                      ",2,"2.352900                      ",83,"97.647000                     "
"2001","41098","07","2828","0100","04","Elem      ","N","Kiel Area","Zielanis El","Grades PreK-12","458",217,"47.379900                     ",241,"52.620000                     ",0,"0.000000                      ",5,"1.091700                      ",0,"0.000000                      ",8,"1.746700                      ",445,"97.161500                     "
"2001","42960","07","2842","","03","Elem      ","N","Kohler","","Elementary School Type/ Prek-12","306",159,"51.960700                     ",147,"48.039200                     ",1,"0.326700                      ",6,"1.960700                      ",4,"1.307100                      ",7,"2.287500                      ",288,"94.117600                     "
"2001","42960","07","2842","","03","Mid/Jr Hi ","N","Kohler","","Middle/Junior High School Type/ Prek-12","0",0,"--                            ",0,"--                            ",0,"--                            ",0,"--                            ",0,"--                            ",0,"--                            ",0,"--                            "
"2001","42960","07","2842","","03","High      ","N","Kohler","","High School Type/ PreK-12","213",105,"49.295700                     ",108,"50.704200                     ",1,"0.469400                      ",6,"2.816900                      ",0,"0.000000                      ",2,"0.938900                      ",204,"95.774600                     "
"2001","42960","07","2842","","03","El/Sec    ","N","Kohler","","Combined Elementary/Secondary School Type/ Prek-12","0",0,"--                            ",0,"--                            ",0,"--                            ",0,"--                            ",0,"--                            ",0,"--                            ",0,"--                            "
"2001","42960","07","2842","","03","Summary   ","N","Kohler","","Grades PreK-12","519",264,"50.867000                     ",255,"49.132900                     ",2,"0.385300                      ",12,"2.312100                      ",4,"0.770700                      ",9,"1.734100                      ",492,"94.797600                     "
"2001","41099","07","2842","0020","04","Elem      ","N","Kohler","Kohler El","Grades PreK-12","306",159,"51.960700                     ",147,"48.039200                     ",1,"0.326700                      ",6,"1.960700                      ",4,"1.307100                      ",7,"2.287500                      ",288,"94.117600                     "
"2001","41100","07","2842","0040","04","High      ","N","Kohler","Kohler Hi","Grades PreK-12","213",105,"49.295700                     ",108,"50.704200                     ",1,"0.469400                      ",6,"2.816900                      ",0,"0.000000                      ",2,"0.938900                      ",204,"95.774600                     "
"2001","43055","07","3220","","03","Elem      ","N","Luxemburg-Casco","","Elementary School Type/ Prek-12","755",352,"46.622500                     ",403,"53.377400                     ",4,"0.529800                      ",0,"0.000000                      ",8,"1.059600                      ",1,"0.132400                      ",742,"98.278100                     "
"2001","43055","07","3220","","03","Mid/Jr Hi ","N","Luxemburg-Casco","","Middle/Junior High School Type/ Prek-12","426",200,"46.948300                     ",226,"53.051600                     ",1,"0.234700                      ",1,"0.234700                      ",1,"0.234700                      ",2,"0.469400                      ",421,"98.826200                     "
"2001","43055","07","3220","","03","High      ","N","Luxemburg-Casco","","High School Type/ PreK-12","672",330,"49.107100                     ",342,"50.892800                     ",2,"0.297600                      ",2,"0.297600                      ",2,"0.297600                      ",0,"0.000000                      ",666,"99.107100                     "
"2001","43055","07","3220","","03","El/Sec    ","N","Luxemburg-Casco","","Combined Elementary/Secondary School Type/ Prek-12","0",0,"--                            ",0,"--                            ",0,"--                            ",0,"--                            ",0,"--                            ",0,"--                            ",0,"--                            "
"2001","43055","07","3220","","03","Summary   ","N","Luxemburg-Casco","","Grades PreK-12","1853",882,"47.598400                     ",971,"52.401500                     ",7,"0.377700                      ",3,"0.161800                      ",11,"0.593600                      ",3,"0.161800                      ",1829,"98.704800                     "
"2001","41553","07","3220","0100","04","Elem      ","N","Luxemburg-Casco","Luxemburg-Casco El","Grades PreK-12","755",352,"46.622500                     ",403,"53.377400                     ",4,"0.529800                      ",0,"0.000000                      ",8,"1.059600                      ",1,"0.132400                      ",742,"98.278100                     "
"2001","42344","07","3220","0120","04","Mid/Jr Hi ","N","Luxemburg-Casco","Luxemburg-Casco Mid","Grades PreK-12","426",200,"46.948300                     ",226,"53.051600                     ",1,"0.234700                      ",1,"0.234700                      ",1,"0.234700                      ",2,"0.469400                      ",421,"98.826200                     "
"2001","41554","07","3220","0140","04","High      ","N","Luxemburg-Casco","Luxemburg-Casco Hi","Grades PreK-12","672",330,"49.107100                     ",342,"50.892800                     ",2,"0.297600                      ",2,"0.297600                      ",2,"0.297600                      ",0,"0.000000                      ",666,"99.107100                     "
"2001","43268","07","3290","","03","Elem      ","N","Manitowoc","","Elementary School Type/ Prek-12","2844",1404,"49.367000                     ",1440,"50.632900                     ",16,"0.562500                      ",324,"11.392400                     ",51,"1.793200                      ",105,"3.691900                      ",2348,"82.559700                     "
"2001","43268","07","3290","","03","Mid/Jr Hi ","N","Manitowoc","","Middle/Junior High School Type/ Prek-12","1331",663,"49.812100                     ",668,"50.187800                     ",13,"0.976700                      ",120,"9.015700                      ",6,"0.450700                      ",30,"2.253900                      ",1162,"87.302700                     "
"2001","43268","07","3290","","03","High      ","N","Manitowoc","","High School Type/ PreK-12","1444",713,"49.376700                     ",731,"50.623200                     ",13,"0.900200                      ",105,"7.271400                      ",10,"0.692500                      ",28,"1.939000                      ",1288,"89.196600                     "
"2001","43268","07","3290","","03","El/Sec    ","N","Manitowoc","","Combined Elementary/Secondary School Type/ Prek-12","0",0,"--                            ",0,"--                            ",0,"--                            ",0,"--                            ",0,"--                            ",0,"--                            ",0,"--                            "
"2001","43268","07","3290","","03","Summary   ","N","Manitowoc","","Grades PreK-12","5619",2780,"49.474900                     ",2839,"50.525000                     ",42,"0.747400                      ",549,"9.770400                      ",67,"1.192300                      ",163,"2.900800                      ",4798,"85.388800                     "
"2001","41555","07","3290","0060","04","Elem      ","N","Manitowoc","Franklin El","Grades PreK-12","416",216,"51.923000                     ",200,"48.076900                     ",3,"0.721100                      ",62,"14.903800                     ",17,"4.086500                      ",16,"3.846100                      ",318,"76.442300                     "
"2001","41556","07","3290","0100","04","Elem      ","N","Manitowoc","Jackson El","Grades PreK-12","471",222,"47.133700                     ",249,"52.866200                     ",1,"0.212300                      ",16,"3.397000                      ",4,"0.849200                      ",3,"0.636900                      ",447,"94.904400                     "
"2001","41557","07","3290","0120","04","Elem      ","N","Manitowoc","Jefferson El","Grades PreK-12","463",228,"49.244000                     ",235,"50.755900                     ",5,"1.079900                      ",101,"21.814200                     ",7,"1.511800                      ",31,"6.695400                      ",319,"68.898400                     "
"2001","41558","07","3290","0140","04","High      ","N","Manitowoc","Lincoln Hi","Grades PreK-12","1444",713,"49.376700                     ",731,"50.623200                     ",13,"0.900200                      ",105,"7.271400                      ",10,"0.692500                      ",28,"1.939000                      ",1288,"89.196600                     "
"2001","41559","07","3290","0160","04","Elem      ","N","Manitowoc","Madison El","Grades PreK-12","287",150,"52.264800                     ",137,"47.735100                     ",2,"0.696800                      ",48,"16.724700                     ",4,"1.393700                      ",14,"4.878000                      ",219,"76.306600                     "
"2001","41560","07","3290","0220","04","Elem      ","N","Manitowoc","Monroe El","Grades PreK-12","388",180,"46.391700                     ",208,"53.608200                     ",1,"0.257700                      ",29,"7.474200                      ",9,"2.319500                      ",15,"3.865900                      ",334,"86.082400                     "
"2001","41563","07","3290","0240","04","Elem      ","N","Manitowoc","Riverview El","Grades PreK-12","449",213,"47.438700                     ",236,"52.561200                     ",3,"0.668100                      ",57,"12.694800                     ",8,"1.781700                      ",20,"4.454300                      ",361,"80.400800                     "
"2001","41564","07","3290","0260","04","Elem      ","N","Manitowoc","Stangel El","Grades PreK-12","370",195,"52.702700                     ",175,"47.297200                     ",1,"0.270200                      ",11,"2.972900                      ",2,"0.540500                      ",6,"1.621600                      ",350,"94.594500                     "
"2001","41565","07","3290","0280","04","Mid/Jr Hi ","N","Manitowoc","Washington Jr","Grades PreK-12","670",336,"50.149200                     ",334,"49.850700                     ",5,"0.746200                      ",93,"13.880500                     ",4,"0.597000                      ",18,"2.686500                      ",550,"82.089500                     "
"2001","41566","07","3290","0300","04","Mid/Jr Hi ","N","Manitowoc","Wilson Jr","Grades PreK-12","661",327,"49.470400                     ",334,"50.529500                     ",8,"1.210200                      ",27,"4.084700                      ",2,"0.302500                      ",12,"1.815400                      ",612,"92.586900                     "
"2001","43269","07","3661","","03","Elem      ","N","Mishicot","","Elementary School Type/ Prek-12","471",234,"49.681500                     ",237,"50.318400                     ",1,"0.212300                      ",3,"0.636900                      ",0,"0.000000                      ",4,"0.849200                      ",463,"98.301400                     "
"2001","43269","07","3661","","03","Mid/Jr Hi ","N","Mishicot","","Middle/Junior High School Type/ Prek-12","262",107,"40.839600                     ",155,"59.160300                     ",1,"0.381600                      ",2,"0.763300                      ",1,"0.381600                      ",0,"0.000000                      ",258,"98.473200                     "
"2001","43269","07","3661","","03","High      ","N","Mishicot","","High School Type/ PreK-12","365",159,"43.561600                     ",206,"56.438300                     ",3,"0.821900                      ",3,"0.821900                      ",0,"0.000000                      ",0,"0.000000                      ",359,"98.356100                     "
"2001","43269","07","3661","","03","El/Sec    ","N","Mishicot","","Combined Elementary/Secondary School Type/ Prek-12","0",0,"--                            ",0,"--                            ",0,"--                            ",0,"--                            ",0,"--                            ",0,"--                            ",0,"--                            "
"2001","43269","07","3661","","03","Summary   ","N","Mishicot","","Grades PreK-12","1098",500,"45.537300                     ",598,"54.462600                     ",5,"0.455300                      ",8,"0.728500                      ",1,"0.091000                      ",4,"0.364200                      ",1080,"98.360600                     "
"2001","42351","07","3661","0040","04","High      ","N","Mishicot","Mishicot Hi","Grades PreK-12","365",159,"43.561600                     ",206,"56.438300                     ",3,"0.821900                      ",3,"0.821900                      ",0,"0.000000                      ",0,"0.000000                      ",359,"98.356100                     "
"2001","42352","07","3661","0060","04","Elem      ","N","Mishicot","Schultz El","Grades PreK-12","471",234,"49.681500                     ",237,"50.318400                     ",1,"0.212300                      ",3,"0.636900                      ",0,"0.000000                      ",4,"0.849200                      ",463,"98.301400                     "
"2001","42886","07","3661","0120","04","Mid/Jr Hi ","N","Mishicot","Mishicot Mid","Grades PreK-12","262",107,"40.839600                     ",155,"59.160300                     ",1,"0.381600                      ",2,"0.763300                      ",1,"0.381600                      ",0,"0.000000                      ",258,"98.473200                     "
"2001","42962","07","3941","","03","Elem      ","N","New Holstein","","Elementary School Type/ Prek-12","728",363,"49.862600                     ",365,"50.137300                     ",0,"0.000000                      ",4,"0.549400                      ",4,"0.549400                      ",5,"0.686800                      ",715,"98.214200                     "
"2001","42962","07","3941","","03","Mid/Jr Hi ","N","New Holstein","","Middle/Junior High School Type/ Prek-12","0",0,"--                            ",0,"--                            ",0,"--                            ",0,"--                            ",0,"--                            ",0,"--                            ",0,"--                            "
"2001","42962","07","3941","","03","High      ","N","New Holstein","","High School Type/ PreK-12","555",283,"50.990900                     ",272,"49.009000                     ",4,"0.720700                      ",1,"0.180100                      ",0,"0.000000                      ",2,"0.360300                      ",548,"98.738700                     "
"2001","42962","07","3941","","03","El/Sec    ","N","New Holstein","","Combined Elementary/Secondary School Type/ Prek-12","0",0,"--                            ",0,"--                            ",0,"--                            ",0,"--                            ",0,"--                            ",0,"--                            ",0,"--                            "
"2001","42962","07","3941","","03","Summary   ","N","New Holstein","","Grades PreK-12","1283",646,"50.350700                     ",637,"49.649200                     ",4,"0.311700                      ",5,"0.389700                      ",4,"0.311700                      ",7,"0.545500                      ",1263,"98.441100                     "
"2001","41109","07","3941","0020","04","Elem      ","N","New Holstein","Calumet Kindergarten","Grades PreK-12","36",15,"41.666600                     ",21,"58.333300                     ",0,"0.000000                      ",0,"0.000000                      ",0,"0.000000                      ",0,"0.000000                      ",36,"100.000000                    "
"2001","41815","07","3941","0060","04","Elem      ","N","New Holstein","New Holstein El/Mid","Grades PreK-12","692",348,"50.289000                     ",344,"49.710900                     ",0,"0.000000                      ",4,"0.578000                      ",4,"0.578000                      ",5,"0.722500                      ",679,"98.121300                     "
"2001","41114","07","3941","0080","04","High      ","N","New Holstein","New Holstein Hi","Grades PreK-12","555",283,"50.990900                     ",272,"49.009000                     ",4,"0.720700                      ",1,"0.180100                      ",0,"0.000000                      ",2,"0.360300                      ",548,"98.738700                     "
"2001","43151","07","4137","","03","Elem      ","N","Oostburg","","Elementary School Type/ Prek-12","432",209,"48.379600                     ",223,"51.620300                     ",2,"0.462900                      ",2,"0.462900                      ",1,"0.231400                      ",8,"1.851800                      ",419,"96.990700                     "
"2001","43151","07","4137","","03","Mid/Jr Hi ","N","Oostburg","","Middle/Junior High School Type/ Prek-12","209",111,"53.110000                     ",98,"46.889900                     ",1,"0.478400                      ",2,"0.956900                      ",0,"0.000000                      ",3,"1.435400                      ",203,"97.129100                     "
"2001","43151","07","4137","","03","High      ","N","Oostburg","","High School Type/ PreK-12","306",142,"46.405200                     ",164,"53.594700                     ",0,"0.000000                      ",3,"0.980300                      ",2,"0.653500                      ",2,"0.653500                      ",299,"97.712400                     "
"2001","43151","07","4137","","03","El/Sec    ","N","Oostburg","","Combined Elementary/Secondary School Type/ Prek-12","0",0,"--                            ",0,"--                            ",0,"--                            ",0,"--                            ",0,"--                            ",0,"--                            ",0,"--                            "
"2001","43151","07","4137","","03","Summary   ","N","Oostburg","","Grades PreK-12","947",462,"48.785600                     ",485,"51.214300                     ",3,"0.316700                      ",7,"0.739100                      ",3,"0.316700                      ",13,"1.372700                      ",921,"97.254400                     "
"2001","41130","07","4137","0040","04","Mid/Jr Hi ","N","Oostburg","Oostburg Mid","Grades PreK-12","209",111,"53.110000                     ",98,"46.889900                     ",1,"0.478400                      ",2,"0.956900                      ",0,"0.000000                      ",3,"1.435400                      ",203,"97.129100                     "
"2001","41131","07","4137","0060","04","Elem      ","N","Oostburg","Oostburg El","Grades PreK-12","432",209,"48.379600                     ",223,"51.620300                     ",2,"0.462900                      ",2,"0.462900                      ",1,"0.231400                      ",8,"1.851800                      ",419,"96.990700                     "
"2001","41132","07","4137","0080","04","High      ","N","Oostburg","Oostburg Hi","Grades PreK-12","306",142,"46.405200                     ",164,"53.594700                     ",0,"0.000000                      ",3,"0.980300                      ",2,"0.653500                      ",2,"0.653500                      ",299,"97.712400                     "
"2001","43153","07","4473","","03","Elem      ","N","Plymouth","","Elementary School Type/ Prek-12","1013",504,"49.753200                     ",509,"50.246700                     ",6,"0.592300                      ",8,"0.789700                      ",6,"0.592300                      ",13,"1.283300                      ",980,"96.742300                     "
"2001","43153","07","4473","","03","Mid/Jr Hi ","N","Plymouth","","Middle/Junior High School Type/ Prek-12","538",252,"46.840100                     ",286,"53.159800                     ",2,"0.371700                      ",6,"1.115200                      ",4,"0.743400                      ",10,"1.858700                      ",516,"95.910700                     "
"2001","43153","07","4473","","03","High      ","N","Plymouth","","High School Type/ PreK-12","952",482,"50.630200                     ",470,"49.369700                     ",5,"0.525200                      ",10,"1.050400                      ",2,"0.210000                      ",4,"0.420100                      ",931,"97.794100                     "
"2001","43153","07","4473","","03","El/Sec    ","N","Plymouth","","Combined Elementary/Secondary School Type/ Prek-12","0",0,"--                            ",0,"--                            ",0,"--                            ",0,"--                            ",0,"--                            ",0,"--                            ",0,"--                            "
"2001","43153","07","4473","","03","Summary   ","N","Plymouth","","Grades PreK-12","2503",1238,"49.460600                     ",1265,"50.539300                     ",13,"0.519300                      ",24,"0.958800                      ",12,"0.479400                      ",27,"1.078700                      ",2427,"96.963600                     "
"2001","41142","07","4473","0020","04","Elem      ","N","Plymouth","Cascade El","Grades PreK-12","117",54,"46.153800                     ",63,"53.846100                     ",0,"0.000000                      ",3,"2.564100                      ",1,"0.854700                      ",1,"0.854700                      ",112,"95.726400                     "
"2001","41821","07","4473","0040","04","Elem      ","N","Plymouth","Fairview El","Grades PreK-12","218",110,"50.458700                     ",108,"49.541200                     ",1,"0.458700                      ",1,"0.458700                      ",2,"0.917400                      ",5,"2.293500                      ",209,"95.871500                     "
"2001","41822","07","4473","0050","04","Elem      ","N","Plymouth","Horizon El","Grades PreK-12","317",148,"46.687600                     ",169,"53.312300                     ",1,"0.315400                      ",0,"0.000000                      ",1,"0.315400                      ",7,"2.208200                      ",308,"97.160800                     "
"2001","41823","07","4473","0060","04","Elem      ","N","Plymouth","Parkview El","Grades PreK-12","306",159,"51.960700                     ",147,"48.039200                     ",3,"0.980300                      ",4,"1.307100                      ",2,"0.653500                      ",0,"0.000000                      ",297,"97.058800                     "
"2001","41143","07","4473","0080","04","Elem      ","N","Plymouth","Parnell El","Grades PreK-12","55",33,"60.000000                     ",22,"40.000000                     ",1,"1.818100                      ",0,"0.000000                      ",0,"0.000000                      ",0,"0.000000                      ",54,"98.181800                     "
"2001","41824","07","4473","0100","04","High      ","N","Plymouth","Plymouth Hi","Grades PreK-12","952",482,"50.630200                     ",470,"49.369700                     ",5,"0.525200                      ",10,"1.050400                      ",2,"0.210000                      ",4,"0.420100                      ",931,"97.794100                     "
"2001","41825","07","4473","0120","04","Mid/Jr Hi ","N","Plymouth","Riverview Mid","Grades PreK-12","538",252,"46.840100                     ",286,"53.159800                     ",2,"0.371700                      ",6,"1.115200                      ",4,"0.743400                      ",10,"1.858700                      ",516,"95.910700                     "
"2001","43049","07","4613","","03","Elem      ","N","Pulaski Community","","Elementary School Type/ Prek-12","1513",727,"48.050200                     ",786,"51.949700                     ",56,"3.701200                      ",5,"0.330400                      ",11,"0.727000                      ",10,"0.660900                      ",1431,"94.580300                     "
"2001","43049","07","4613","","03","Mid/Jr Hi ","N","Pulaski Community","","Middle/Junior High School Type/ Prek-12","814",395,"48.525700                     ",419,"51.474200                     ",21,"2.579800                      ",4,"0.491400                      ",6,"0.737100                      ",4,"0.491400                      ",779,"95.700200                     "
"2001","43049","07","4613","","03","High      ","N","Pulaski Community","","High School Type/ PreK-12","1101",523,"47.502200                     ",578,"52.497700                     ",39,"3.542200                      ",8,"0.726600                      ",4,"0.363300                      ",4,"0.363300                      ",1046,"95.004500                     "
"2001","43049","07","4613","","03","El/Sec    ","N","Pulaski Community","","Combined Elementary/Secondary School Type/ Prek-12","0",0,"--                            ",0,"--                            ",0,"--                            ",0,"--                            ",0,"--                            ",0,"--                            ",0,"--                            "
"2001","43049","07","4613","","03","Summary   ","N","Pulaski Community","","Grades PreK-12","3428",1645,"47.987100                     ",1783,"52.012800                     ",116,"3.383800                      ",17,"0.495900                      ",21,"0.612600                      ",18,"0.525000                      ",3256,"94.982400                     "
"2001","42302","07","4613","0020","04","Elem      ","N","Pulaski Community","Fairview El","Grades PreK-12","121",61,"50.413200                     ",60,"49.586700                     ",0,"0.000000                      ",2,"1.652800                      ",0,"0.000000                      ",0,"0.000000                      ",119,"98.347100                     "
"2001","41536","07","4613","0040","04","Elem      ","N","Pulaski Community","Glenbrook El","Grades PreK-12","483",219,"45.341600                     ",264,"54.658300                     ",7,"1.449200                      ",2,"0.414000                      ",3,"0.621100                      ",4,"0.828100                      ",467,"96.687300                     "
"2001","42328","07","4613","0050","04","Elem      ","N","Pulaski Community","Hillcrest El","Grades PreK-12","179",87,"48.603300                     ",92,"51.396600                     ",42,"23.463600                     ",0,"0.000000                      ",3,"1.675900                      ",3,"1.675900                      ",131,"73.184300                     "
"2001","42382","07","4613","0060","04","Elem      ","N","Pulaski Community","Lannoye El","Grades PreK-12","267",125,"46.816400                     ",142,"53.183500                     ",6,"2.247100                      ",1,"0.374500                      ",3,"1.123500                      ",0,"0.000000                      ",257,"96.254600                     "
"2001","41537","07","4613","0100","04","High      ","N","Pulaski Community","Pulaski Hi","Grades PreK-12","1101",523,"47.502200                     ",578,"52.497700                     ",39,"3.542200                      ",8,"0.726600                      ",4,"0.363300                      ",4,"0.363300                      ",1046,"95.004500                     "
"2001","41547","07","4613","0120","04","Elem      ","N","Pulaski Community","Sunnyside El","Grades PreK-12","463",235,"50.755900                     ",228,"49.244000                     ",1,"0.215900                      ",0,"0.000000                      ",2,"0.431900                      ",3,"0.647900                      ",457,"98.704100                     "
"2001","43881","07","4613","0200","04","Mid/Jr Hi ","N","Pulaski Community","Pulaski Community Mid","Grades PreK-12","814",395,"48.525700                     ",419,"51.474200                     ",21,"2.579800                      ",4,"0.491400                      ",6,"0.737100                      ",4,"0.491400                      ",779,"95.700200                     "
"2001","43155","07","4641","","03","Elem      ","N","Random Lake","","Elementary School Type/ Prek-12","392",213,"54.336700                     ",179,"45.663200                     ",3,"0.765300                      ",3,"0.765300                      ",1,"0.255100                      ",4,"1.020400                      ",381,"97.193800                     "
"2001","43155","07","4641","","03","Mid/Jr Hi ","N","Random Lake","","Middle/Junior High School Type/ Prek-12","251",111,"44.223100                     ",140,"55.776800                     ",1,"0.398400                      ",2,"0.796800                      ",2,"0.796800                      ",2,"0.796800                      ",244,"97.211100                     "
"2001","43155","07","4641","","03","High      ","N","Random Lake","","High School Type/ PreK-12","408",199,"48.774500                     ",209,"51.225400                     ",0,"0.000000                      ",4,"0.980300                      ",4,"0.980300                      ",2,"0.490100                      ",398,"97.549000                     "
"2001","43155","07","4641","","03","El/Sec    ","N","Random Lake","","Combined Elementary/Secondary School Type/ Prek-12","0",0,"--                            ",0,"--                            ",0,"--                            ",0,"--                            ",0,"--                            ",0,"--                            ",0,"--                            "
"2001","43155","07","4641","","03","Summary   ","N","Random Lake","","Grades PreK-12","1051",523,"49.762100                     ",528,"50.237800                     ",4,"0.380500                      ",9,"0.856300                      ",7,"0.666000                      ",8,"0.761100                      ",1023,"97.335800                     "
"2001","41830","07","4641","0020","04","Mid/Jr Hi ","N","Random Lake","Random Lake Mid","Grades PreK-12","251",111,"44.223100                     ",140,"55.776800                     ",1,"0.398400                      ",2,"0.796800                      ",2,"0.796800                      ",2,"0.796800                      ",244,"97.211100                     "
"2001","41133","07","4641","0040","04","Elem      ","N","Random Lake","Batavia El","Grades PreK-12","99",58,"58.585800                     ",41,"41.414100                     ",1,"1.010100                      ",0,"0.000000                      ",0,"0.000000                      ",0,"0.000000                      ",98,"98.989800                     "
"2001","41831","07","4641","0060","04","Elem      ","N","Random Lake","Random Lake El","Grades PreK-12","293",155,"52.901000                     ",138,"47.098900                     ",2,"0.682500                      ",3,"1.023800                      ",1,"0.341200                      ",4,"1.365100                      ",283,"96.587000                     "
"2001","41832","07","4641","0080","04","High      ","N","Random Lake","Random Lake Hi","Grades PreK-12","408",199,"48.774500                     ",209,"51.225400                     ",0,"0.000000                      ",4,"0.980300                      ",4,"0.980300                      ",2,"0.490100                      ",398,"97.549000                     "
"2001","43270","07","4760","","03","Elem      ","N","Reedsville","","Elementary School Type/ Prek-12","349",159,"45.558700                     ",190,"54.441200                     ",3,"0.859500                      ",2,"0.573000                      ",0,"0.000000                      ",1,"0.286500                      ",343,"98.280800                     "
"2001","43270","07","4760","","03","Mid/Jr Hi ","N","Reedsville","","Middle/Junior High School Type/ Prek-12","96",52,"54.166600                     ",44,"45.833300                     ",0,"0.000000                      ",0,"0.000000                      ",0,"0.000000                      ",4,"4.166600                      ",92,"95.833300                     "
"2001","43270","07","4760","","03","High      ","N","Reedsville","","High School Type/ PreK-12","295",148,"50.169400                     ",147,"49.830500                     ",2,"0.677900                      ",0,"0.000000                      ",0,"0.000000                      ",3,"1.016900                      ",290,"98.305000                     "
"2001","43270","07","4760","","03","El/Sec    ","N","Reedsville","","Combined Elementary/Secondary School Type/ Prek-12","0",0,"--                            ",0,"--                            ",0,"--                            ",0,"--                            ",0,"--                            ",0,"--                            ",0,"--                            "
"2001","43270","07","4760","","03","Summary   ","N","Reedsville","","Grades PreK-12","740",359,"48.513500                     ",381,"51.486400                     ",5,"0.675600                      ",2,"0.270200                      ",0,"0.000000                      ",8,"1.081000                      ",725,"97.972900                     "
"2001","42353","07","4760","0020","04","Elem      ","N","Reedsville","Reedsville El","Grades PreK-12","349",159,"45.558700                     ",190,"54.441200                     ",3,"0.859500                      ",2,"0.573000                      ",0,"0.000000                      ",1,"0.286500                      ",343,"98.280800                     "
"2001","42354","07","4760","0040","04","High      ","N","Reedsville","Reedsville Hi","Grades PreK-12","295",148,"50.169400                     ",147,"49.830500                     ",2,"0.677900                      ",0,"0.000000                      ",0,"0.000000                      ",3,"1.016900                      ",290,"98.305000                     "
"2001","42355","07","4760","0060","04","Mid/Jr Hi ","N","Reedsville","Reedsville Mid","Grades PreK-12","96",52,"54.166600                     ",44,"45.833300                     ",0,"0.000000                      ",0,"0.000000                      ",0,"0.000000                      ",4,"4.166600                      ",92,"95.833300                     "
"2001","43056","07","5130","","03","Elem      ","N","Sevastopol","","Elementary School Type/ Prek-12","297",141,"47.474700                     ",156,"52.525200                     ",2,"0.673400                      ",0,"0.000000                      ",3,"1.010100                      ",5,"1.683500                      ",287,"96.632900                     "
"2001","43056","07","5130","","03","Mid/Jr Hi ","N","Sevastopol","","Middle/Junior High School Type/ Prek-12","102",45,"44.117600                     ",57,"55.882300                     ",3,"2.941100                      ",0,"0.000000                      ",0,"0.000000                      ",0,"0.000000                      ",99,"97.058800                     "
"2001","43056","07","5130","","03","High      ","N","Sevastopol","","High School Type/ PreK-12","270",136,"50.370300                     ",134,"49.629600                     ",3,"1.111100                      ",0,"0.000000                      ",1,"0.370300                      ",4,"1.481400                      ",262,"97.037000                     "
"2001","43056","07","5130","","03","El/Sec    ","N","Sevastopol","","Combined Elementary/Secondary School Type/ Prek-12","0",0,"--                            ",0,"--                            ",0,"--                            ",0,"--                            ",0,"--                            ",0,"--                            ",0,"--                            "
"2001","43056","07","5130","","03","Summary   ","N","Sevastopol","","Grades PreK-12","669",322,"48.131500                     ",347,"51.868400                     ",8,"1.195800                      ",0,"0.000000                      ",4,"0.597900                      ",9,"1.345200                      ",648,"96.860900                     "
"2001","42356","07","5130","0010","04","Elem      ","N","Sevastopol","Sevastopol Special Education","Grades PreK-12","13",0,"0.000000                      ",13,"100.000000                    ",0,"0.000000                      ",0,"0.000000                      ",0,"0.000000                      ",1,"7.692300                      ",12,"92.307600                     "
"2001","42357","07","5130","0020","04","Elem      ","N","Sevastopol","Sevastopol El","Grades PreK-12","284",141,"49.647800                     ",143,"50.352100                     ",2,"0.704200                      ",0,"0.000000                      ",3,"1.056300                      ",4,"1.408400                      ",275,"96.830900                     "
"2001","42358","07","5130","0030","04","Mid/Jr Hi ","N","Sevastopol","Sevastopol Jr","Grades PreK-12","102",45,"44.117600                     ",57,"55.882300                     ",3,"2.941100                      ",0,"0.000000                      ",0,"0.000000                      ",0,"0.000000                      ",99,"97.058800                     "
"2001","42359","07","5130","0040","04","High      ","N","Sevastopol","Sevastopol Hi","Grades PreK-12","270",136,"50.370300                     ",134,"49.629600                     ",3,"1.111100                      ",0,"0.000000                      ",1,"0.370300                      ",4,"1.481400                      ",262,"97.037000                     "
"2001","43050","07","5138","","03","Elem      ","N","Seymour Community","","Elementary School Type/ Prek-12","1186",585,"49.325400                     ",601,"50.674500                     ",154,"12.984800                     ",13,"1.096100                      ",2,"0.168600                      ",18,"1.517700                      ",999,"84.232700                     "
"2001","43050","07","5138","","03","Mid/Jr Hi ","N","Seymour Community","","Middle/Junior High School Type/ Prek-12","443",210,"47.404000                     ",233,"52.595900                     ",75,"16.930000                     ",0,"0.000000                      ",2,"0.451400                      ",4,"0.902900                      ",362,"81.715500                     "
"2001","43050","07","5138","","03","High      ","N","Seymour Community","","High School Type/ PreK-12","838",408,"48.687300                     ",430,"51.312600                     ",110,"13.126400                     ",12,"1.431900                      ",2,"0.238600                      ",5,"0.596600                      ",709,"84.606200                     "
"2001","43050","07","5138","","03","El/Sec    ","N","Seymour Community","","Combined Elementary/Secondary School Type/ Prek-12","0",0,"--                            ",0,"--                            ",0,"--                            ",0,"--                            ",0,"--                            ",0,"--                            ",0,"--                            "
"2001","43050","07","5138","","03","Summary   ","N","Seymour Community","","Grades PreK-12","2467",1203,"48.763600                     ",1264,"51.236300                     ",339,"13.741300                     ",25,"1.013300                      ",6,"0.243200                      ",27,"1.094400                      ",2070,"83.907500                     "
"2001","41514","07","5138","0020","04","Elem      ","N","Seymour Community","Black Creek El","Grades PreK-12","432",222,"51.388800                     ",210,"48.611100                     ",9,"2.083300                      ",10,"2.314800                      ",1,"0.231400                      ",4,"0.925900                      ",408,"94.444400                     "
"2001","41538","07","5138","0060","04","Elem      ","N","Seymour Community","Rock Ledge El","Grades PreK-12","754",363,"48.143200                     ",391,"51.856700                     ",145,"19.230700                     ",3,"0.397800                      ",1,"0.132600                      ",14,"1.856700                      ",591,"78.381900                     "
"2001","41539","07","5138","0080","04","Mid/Jr Hi ","N","Seymour Community","Seymour Mid","Grades PreK-12","443",210,"47.404000                     ",233,"52.595900                     ",75,"16.930000                     ",0,"0.000000                      ",2,"0.451400                      ",4,"0.902900                      ",362,"81.715500                     "
"2001","41540","07","5138","0100","04","High      ","N","Seymour Community","Seymour Hi","Grades PreK-12","838",408,"48.687300                     ",430,"51.312600                     ",110,"13.126400                     ",12,"1.431900                      ",2,"0.238600                      ",5,"0.596600                      ",709,"84.606200                     "
"2001","42954","07","5271","","03","Elem      ","N","Sheboygan Area","","Elementary School Type/ Prek-12","4951",2458,"49.646500                     ",2493,"50.353400                     ",31,"0.626100                      ",956,"19.309200                     ",102,"2.060100                      ",469,"9.472800                      ",3393,"68.531600                     "
"2001","42954","07","5271","","03","Mid/Jr Hi ","N","Sheboygan Area","","Middle/Junior High School Type/ Prek-12","2192",1073,"48.950700                     ",1119,"51.049200                     ",18,"0.821100                      ",336,"15.328400                     ",29,"1.322900                      ",158,"7.208000                      ",1651,"75.319300                     "
"2001","42954","07","5271","","03","High      ","N","Sheboygan Area","","High School Type/ PreK-12","3275",1579,"48.213700                     ",1696,"51.786200                     ",21,"0.641200                      ",444,"13.557200                     ",37,"1.129700                      ",196,"5.984700                      ",2577,"78.687000                     "
"2001","42954","07","5271","","03","El/Sec    ","N","Sheboygan Area","","Combined Elementary/Secondary School Type/ Prek-12","0",0,"--                            ",0,"--                            ",0,"--                            ",0,"--                            ",0,"--                            ",0,"--                            ",0,"--                            "
"2001","42954","07","5271","","03","Summary   ","N","Sheboygan Area","","Grades PreK-12","10418",5110,"49.049700                     ",5308,"50.950200                     ",70,"0.671900                      ",1736,"16.663400                     ",168,"1.612500                      ",823,"7.899700                      ",7621,"73.152200                     "
"2001","41076","07","5271","0020","04","Elem      ","N","Sheboygan Area","Cleveland El","Grades PreK-12","114",55,"48.245600                     ",59,"51.754300                     ",1,"0.877100                      ",1,"0.877100                      ",0,"0.000000                      ",2,"1.754300                      ",110,"96.491200                     "
"2001","41836","07","5271","0040","04","Elem      ","N","Sheboygan Area","Cooper El","Grades PreK-12","270",130,"48.148100                     ",140,"51.851800                     ",1,"0.370300                      ",25,"9.259200                      ",6,"2.222200                      ",18,"6.666600                      ",220,"81.481400                     "
"2001","41837","07","5271","0060","04","Mid/Jr Hi ","N","Sheboygan Area","Farnsworth Mid","Grades PreK-12","614",313,"50.977100                     ",301,"49.022800                     ",7,"1.140000                      ",126,"20.521100                     ",7,"1.140000                      ",85,"13.843600                     ",389,"63.355000                     "
"2001","41838","07","5271","0093","04","Elem      ","N","Sheboygan Area","Early Learning Center","Grades PreK-12","611",302,"49.427100                     ",309,"50.572800                     ",2,"0.327300                      ",187,"30.605500                     ",9,"1.472900                      ",80,"13.093200                     ",333,"54.500800                     "
"2001","41839","07","5271","0100","04","Elem      ","N","Sheboygan Area","Grant El","Grades PreK-12","467",238,"50.963500                     ",229,"49.036400                     ",2,"0.428200                      ",141,"30.192700                     ",7,"1.498900                      ",23,"4.925000                      ",294,"62.955000                     "
"2001","41840","07","5271","0110","04","Mid/Jr Hi ","N","Sheboygan Area","Horace Mann Mid","Grades PreK-12","753",360,"47.808700                     ",393,"52.191200                     ",5,"0.664000                      ",66,"8.764900                      ",9,"1.195200                      ",29,"3.851200                      ",644,"85.524500                     "
"2001","41841","07","5271","0120","04","Elem      ","N","Sheboygan Area","Jackson El","Grades PreK-12","338",167,"49.408200                     ",171,"50.591700                     ",3,"0.887500                      ",15,"4.437800                      ",10,"2.958500                      ",22,"6.508800                      ",288,"85.207100                     "
"2001","41842","07","5271","0140","04","Elem      ","N","Sheboygan Area","Jefferson El","Grades PreK-12","297",159,"53.535300                     ",138,"46.464600                     ",3,"1.010100                      ",125,"42.087500                     ",4,"1.346800                      ",34,"11.447800                     ",131,"44.107700                     "
"2001","41843","07","5271","0180","04","Elem      ","N","Sheboygan Area","Lincoln-Erdman El","Grades PreK-12","325",168,"51.692300                     ",157,"48.307600                     ",2,"0.615300                      ",17,"5.230700                      ",1,"0.307600                      ",6,"1.846100                      ",299,"92.000000                     "
"2001","41844","07","5271","0200","04","Elem      ","N","Sheboygan Area","Longfellow El","Grades PreK-12","474",227,"47.890200                     ",247,"52.109700                     ",1,"0.210900                      ",119,"25.105400                     ",21,"4.430300                      ",76,"16.033700                     ",257,"54.219400                     "
"2001","41845","07","5271","0240","04","Elem      ","N","Sheboygan Area","Madison El","Grades PreK-12","376",176,"46.808500                     ",200,"53.191400                     ",6,"1.595700                      ",58,"15.425500                     ",13,"3.457400                      ",32,"8.510600                      ",267,"71.010600                     "
"2001","41069","07","5271","0280","04","High      ","N","Sheboygan Area","North Hi","Grades PreK-12","1688",797,"47.215600                     ",891,"52.784300                     ",13,"0.770100                      ",199,"11.789000                     ",16,"0.947800                      ",67,"3.969100                      ",1393,"82.523600                     "
"2001","41846","07","5271","0300","04","Elem      ","N","Sheboygan Area","Pigeon River El","Grades PreK-12","440",214,"48.636300                     ",226,"51.363600                     ",0,"0.000000                      ",14,"3.181800                      ",7,"1.590900                      ",22,"5.000000                      ",397,"90.227200                     "
"2001","39565","07","5271","0320","04","Elem      ","N","Sheboygan Area","Sheridan El","Grades PreK-12","245",125,"51.020400                     ",120,"48.979500                     ",4,"1.632600                      ",26,"10.612200                     ",7,"2.857100                      ",126,"51.428500                     ",82,"33.469300                     "
"2001","39566","07","5271","0340","04","High      ","N","Sheboygan Area","South Hi","Grades PreK-12","1587",782,"49.275300                     ",805,"50.724600                     ",8,"0.504000                      ",245,"15.437900                     ",21,"1.323200                      ",129,"8.128500                      ",1184,"74.606100                     "
"2001","39568","07","5271","0360","04","Mid/Jr Hi ","N","Sheboygan Area","Urban Mid","Grades PreK-12","825",400,"48.484800                     ",425,"51.515100                     ",6,"0.727200                      ",144,"17.454500                     ",13,"1.575700                      ",44,"5.333300                      ",618,"74.909000                     "
"2001","41847","07","5271","0380","04","Elem      ","N","Sheboygan Area","Washington El","Grades PreK-12","478",239,"50.000000                     ",239,"50.000000                     ",5,"1.046000                      ",176,"36.820000                     ",7,"1.464400                      ",15,"3.138000                      ",275,"57.531300                     "
"2001","41848","07","5271","0400","04","Elem      ","N","Sheboygan Area","Wilson El","Grades PreK-12","516",258,"50.000000                     ",258,"50.000000                     ",1,"0.193700                      ",52,"10.077500                     ",10,"1.937900                      ",13,"2.519300                      ",440,"85.271300                     "
"2001","42924","07","5278","","03","Elem      ","N","Sheboygan Falls","","Elementary School Type/ Prek-12","558",259,"46.415700                     ",299,"53.584200                     ",6,"1.075200                      ",2,"0.358400                      ",4,"0.716800                      ",11,"1.971300                      ",535,"95.878100                     "
"2001","42924","07","5278","","03","Mid/Jr Hi ","N","Sheboygan Falls","","Middle/Junior High School Type/ Prek-12","560",282,"50.357100                     ",278,"49.642800                     ",2,"0.357100                      ",1,"0.178500                      ",4,"0.714200                      ",6,"1.071400                      ",547,"97.678500                     "
"2001","42924","07","5278","","03","High      ","N","Sheboygan Falls","","High School Type/ PreK-12","571",288,"50.437800                     ",283,"49.562100                     ",1,"0.175100                      ",3,"0.525300                      ",4,"0.700500                      ",3,"0.525300                      ",560,"98.073500                     "
"2001","42924","07","5278","","03","El/Sec    ","N","Sheboygan Falls","","Combined Elementary/Secondary School Type/ Prek-12","0",0,"--                            ",0,"--                            ",0,"--                            ",0,"--                            ",0,"--                            ",0,"--                            ",0,"--                            "
"2001","42924","07","5278","","03","Summary   ","N","Sheboygan Falls","","Grades PreK-12","1689",829,"49.082200                     ",860,"50.917700                     ",9,"0.532800                      ",6,"0.355200                      ",12,"0.710400                      ",20,"1.184100                      ",1642,"97.217200                     "
"2001","41072","07","5278","0020","04","Elem      ","N","Sheboygan Falls","Sheboygan Falls El","Grades PreK-12","558",259,"46.415700                     ",299,"53.584200                     ",6,"1.075200                      ",2,"0.358400                      ",4,"0.716800                      ",11,"1.971300                      ",535,"95.878100                     "
"2001","40939","07","5278","0040","04","High      ","N","Sheboygan Falls","Sheboygan Falls Hi","Grades PreK-12","571",288,"50.437800                     ",283,"49.562100                     ",1,"0.175100                      ",3,"0.525300                      ",4,"0.700500                      ",3,"0.525300                      ",560,"98.073500                     "
"2001","40940","07","5278","0060","04","Mid/Jr Hi ","N","Sheboygan Falls","Sheboygan Falls Mid","Grades PreK-12","560",282,"50.357100                     ",278,"49.642800                     ",2,"0.357100                      ",1,"0.178500                      ",4,"0.714200                      ",6,"1.071400                      ",547,"97.678500                     "
"2001","43265","07","5457","","03","Elem      ","N","Southern Door","","Elementary School Type/ Prek-12","576",282,"48.958300                     ",294,"51.041600                     ",7,"1.215200                      ",2,"0.347200                      ",4,"0.694400                      ",4,"0.694400                      ",559,"97.048600                     "
"2001","43265","07","5457","","03","Mid/Jr Hi ","N","Southern Door","","Middle/Junior High School Type/ Prek-12","298",145,"48.657700                     ",153,"51.342200                     ",4,"1.342200                      ",2,"0.671100                      ",1,"0.335500                      ",2,"0.671100                      ",289,"96.979800                     "
"2001","43265","07","5457","","03","High      ","N","Southern Door","","High School Type/ PreK-12","453",208,"45.916100                     ",245,"54.083800                     ",4,"0.883000                      ",8,"1.766000                      ",3,"0.662200                      ",3,"0.662200                      ",435,"96.026400                     "
"2001","43265","07","5457","","03","El/Sec    ","N","Southern Door","","Combined Elementary/Secondary School Type/ Prek-12","0",0,"--                            ",0,"--                            ",0,"--                            ",0,"--                            ",0,"--                            ",0,"--                            ",0,"--                            "
"2001","43265","07","5457","","03","Summary   ","N","Southern Door","","Grades PreK-12","1327",635,"47.852200                     ",692,"52.147700                     ",15,"1.130300                      ",12,"0.904200                      ",8,"0.602800                      ",9,"0.678200                      ",1283,"96.684200                     "
"2001","42341","07","5457","0020","04","Elem      ","N","Southern Door","Southern Door El","Grades PreK-12","576",282,"48.958300                     ",294,"51.041600                     ",7,"1.215200                      ",2,"0.347200                      ",4,"0.694400                      ",4,"0.694400                      ",559,"97.048600                     "
"2001","42342","07","5457","0040","04","Mid/Jr Hi ","N","Southern Door","Southern Door Mid","Grades PreK-12","298",145,"48.657700                     ",153,"51.342200                     ",4,"1.342200                      ",2,"0.671100                      ",1,"0.335500                      ",2,"0.671100                      ",289,"96.979800                     "
"2001","42343","07","5457","0220","04","High      ","N","Southern Door","Southern Door Hi","Grades PreK-12","453",208,"45.916100                     ",245,"54.083800                     ",4,"0.883000                      ",8,"1.766000                      ",3,"0.662200                      ",3,"0.662200                      ",435,"96.026400                     "
"2001","42926","07","5614","","03","Elem      ","N","Stockbridge","","Elementary School Type/ Prek-12","188",92,"48.936100                     ",96,"51.063800                     ",0,"0.000000                      ",0,"0.000000                      ",0,"0.000000                      ",0,"0.000000                      ",188,"100.000000                    "
"2001","42926","07","5614","","03","Mid/Jr Hi ","N","Stockbridge","","Middle/Junior High School Type/ Prek-12","0",0,"--                            ",0,"--                            ",0,"--                            ",0,"--                            ",0,"--                            ",0,"--                            ",0,"--                            "
"2001","42926","07","5614","","03","High      ","N","Stockbridge","","High School Type/ PreK-12","77",41,"53.246700                     ",36,"46.753200                     ",0,"0.000000                      ",0,"0.000000                      ",0,"0.000000                      ",0,"0.000000                      ",77,"100.000000                    "
"2001","42926","07","5614","","03","El/Sec    ","N","Stockbridge","","Combined Elementary/Secondary School Type/ Prek-12","0",0,"--                            ",0,"--                            ",0,"--                            ",0,"--                            ",0,"--                            ",0,"--                            ",0,"--                            "
"2001","42926","07","5614","","03","Summary   ","N","Stockbridge","","Grades PreK-12","265",133,"50.188600                     ",132,"49.811300                     ",0,"0.000000                      ",0,"0.000000                      ",0,"0.000000                      ",0,"0.000000                      ",265,"100.000000                    "
"2001","40944","07","5614","0020","04","Elem      ","N","Stockbridge","Stockbridge El","Grades PreK-12","188",92,"48.936100                     ",96,"51.063800                     ",0,"0.000000                      ",0,"0.000000                      ",0,"0.000000                      ",0,"0.000000                      ",188,"100.000000                    "
"2001","40945","07","5614","0040","04","High      ","N","Stockbridge","Stockbridge Hi","Grades PreK-12","77",41,"53.246700                     ",36,"46.753200                     ",0,"0.000000                      ",0,"0.000000                      ",0,"0.000000                      ",0,"0.000000                      ",77,"100.000000                    "
"2001","43057","07","5642","","03","Elem      ","N","Sturgeon Bay","","Elementary School Type/ Prek-12","575",263,"45.739100                     ",312,"54.260800                     ",7,"1.217300                      ",11,"1.913000                      ",6,"1.043400                      ",11,"1.913000                      ",540,"93.913000                     "
"2001","43057","07","5642","","03","Mid/Jr Hi ","N","Sturgeon Bay","","Middle/Junior High School Type/ Prek-12","350",179,"51.142800                     ",171,"48.857100                     ",10,"2.857100                      ",2,"0.571400                      ",2,"0.571400                      ",7,"2.000000                      ",329,"94.000000                     "
"2001","43057","07","5642","","03","High      ","N","Sturgeon Bay","","High School Type/ PreK-12","515",230,"44.660100                     ",285,"55.339800                     ",4,"0.776600                      ",0,"0.000000                      ",8,"1.553300                      ",6,"1.165000                      ",497,"96.504800                     "
"2001","43057","07","5642","","03","El/Sec    ","N","Sturgeon Bay","","Combined Elementary/Secondary School Type/ Prek-12","0",0,"--                            ",0,"--                            ",0,"--                            ",0,"--                            ",0,"--                            ",0,"--                            ",0,"--                            "
"2001","43057","07","5642","","03","Summary   ","N","Sturgeon Bay","","Grades PreK-12","1440",672,"46.666600                     ",768,"53.333300                     ",21,"1.458300                      ",13,"0.902700                      ",16,"1.111100                      ",24,"1.666600                      ",1366,"94.861100                     "
"2001","42360","07","5642","0010","04","High      ","N","Sturgeon Bay","Sturgeon Bay Hi","Grades PreK-12","515",230,"44.660100                     ",285,"55.339800                     ",4,"0.776600                      ",0,"0.000000                      ",8,"1.553300                      ",6,"1.165000                      ",497,"96.504800                     "
"2001","42361","07","5642","0050","04","Elem      ","N","Sturgeon Bay","Sunrise El","Grades PreK-12","214",100,"46.728900                     ",114,"53.271000                     ",5,"2.336400                      ",2,"0.934500                      ",0,"0.000000                      ",5,"2.336400                      ",202,"94.392500                     "
"2001","42363","07","5642","0070","04","Elem      ","N","Sturgeon Bay","Sunset El","Grades PreK-12","197",98,"49.746100                     ",99,"50.253800                     ",1,"0.507600                      ",9,"4.568500                      ",4,"2.030400                      ",1,"0.507600                      ",182,"92.385700                     "
"2001","42364","07","5642","0080","04","Mid/Jr Hi ","N","Sturgeon Bay","Walker Mid","Grades PreK-12","350",179,"51.142800                     ",171,"48.857100                     ",10,"2.857100                      ",2,"0.571400                      ",2,"0.571400                      ",7,"2.000000                      ",329,"94.000000                     "
"2001","39589","07","5642","0120","04","Elem      ","N","Sturgeon Bay","Sawyer El","Grades PreK-12","164",65,"39.634100                     ",99,"60.365800                     ",1,"0.609700                      ",0,"0.000000                      ",2,"1.219500                      ",5,"3.048700                      ",156,"95.121900                     "
"2001","43058","07","5824","","03","Elem      ","N","Two Rivers","","Elementary School Type/ Prek-12","1004",457,"45.517900                     ",547,"54.482000                     ",7,"0.697200                      ",56,"5.577600                      ",4,"0.398400                      ",11,"1.095600                      ",926,"92.231000                     "
"2001","43058","07","5824","","03","Mid/Jr Hi ","N","Two Rivers","","Middle/Junior High School Type/ Prek-12","492",231,"46.951200                     ",261,"53.048700                     ",1,"0.203200                      ",29,"5.894300                      ",1,"0.203200                      ",5,"1.016200                      ",456,"92.682900                     "
"2001","43058","07","5824","","03","High      ","N","Two Rivers","","High School Type/ PreK-12","731",344,"47.058800                     ",387,"52.941100                     ",3,"0.410300                      ",31,"4.240700                      ",7,"0.957500                      ",8,"1.094300                      ",682,"93.296800                     "
"2001","43058","07","5824","","03","El/Sec    ","N","Two Rivers","","Combined Elementary/Secondary School Type/ Prek-12","0",0,"--                            ",0,"--                            ",0,"--                            ",0,"--                            ",0,"--                            ",0,"--                            ",0,"--                            "
"2001","43058","07","5824","","03","Summary   ","N","Two Rivers","","Grades PreK-12","2227",1032,"46.340300                     ",1195,"53.659600                     ",11,"0.493900                      ",116,"5.208800                      ",12,"0.538800                      ",24,"1.077600                      ",2064,"92.680700                     "
"2001","41567","07","5824","0020","04","Elem      ","N","Two Rivers","Case El","Grades PreK-12","344",159,"46.220900                     ",185,"53.779000                     ",4,"1.162700                      ",21,"6.104600                      ",1,"0.290600                      ",1,"0.290600                      ",317,"92.151100                     "
"2001","41568","07","5824","0040","04","Elem      ","N","Two Rivers","Koenig El","Grades PreK-12","323",152,"47.058800                     ",171,"52.941100                     ",1,"0.309500                      ",24,"7.430300                      ",2,"0.619100                      ",5,"1.547900                      ",291,"90.092800                     "
"2001","41569","07","5824","0050","04","Mid/Jr Hi ","N","Two Rivers","Clarke Mid","Grades PreK-12","492",231,"46.951200                     ",261,"53.048700                     ",1,"0.203200                      ",29,"5.894300                      ",1,"0.203200                      ",5,"1.016200                      ",456,"92.682900                     "
"2001","41570","07","5824","0060","04","Elem      ","N","Two Rivers","Magee El","Grades PreK-12","337",146,"43.323400                     ",191,"56.676500                     ",2,"0.593400                      ",11,"3.264000                      ",1,"0.296700                      ",5,"1.483600                      ",318,"94.362000                     "
"2001","41571","07","5824","0080","04","High      ","N","Two Rivers","Washington Hi","Grades PreK-12","731",344,"47.058800                     ",387,"52.941100                     ",3,"0.410300                      ",31,"4.240700                      ",7,"0.957500                      ",8,"1.094300                      ",682,"93.296800                     "
"2001","43059","07","5866","","03","Elem      ","N","Valders Area","","Elementary School Type/ Prek-12","407",208,"51.105600                     ",199,"48.894300                     ",0,"0.000000                      ",1,"0.245700                      ",0,"0.000000                      ",4,"0.982800                      ",402,"98.771400                     "
"2001","43059","07","5866","","03","Mid/Jr Hi ","N","Valders Area","","Middle/Junior High School Type/ Prek-12","315",157,"49.841200                     ",158,"50.158700                     ",3,"0.952300                      ",0,"0.000000                      ",1,"0.317400                      ",2,"0.634900                      ",309,"98.095200                     "
"2001","43059","07","5866","","03","High      ","N","Valders Area","","High School Type/ PreK-12","429",208,"48.484800                     ",221,"51.515100                     ",0,"0.000000                      ",6,"1.398600                      ",0,"0.000000                      ",3,"0.699300                      ",420,"97.902000                     "
"2001","43059","07","5866","","03","El/Sec    ","N","Valders Area","","Combined Elementary/Secondary School Type/ Prek-12","0",0,"--                            ",0,"--                            ",0,"--                            ",0,"--                            ",0,"--                            ",0,"--                            ",0,"--                            "
"2001","43059","07","5866","","03","Summary   ","N","Valders Area","","Grades PreK-12","1151",573,"49.782700                     ",578,"50.217200                     ",3,"0.260600                      ",7,"0.608100                      ",1,"0.086800                      ",9,"0.781900                      ",1131,"98.262300                     "
"2001","41572","07","5866","0040","04","Elem      ","N","Valders Area","Valders El","Grades PreK-12","407",208,"51.105600                     ",199,"48.894300                     ",0,"0.000000                      ",1,"0.245700                      ",0,"0.000000                      ",4,"0.982800                      ",402,"98.771400                     "
"2001","41573","07","5866","0060","04","High      ","N","Valders Area","Valders Hi","Grades PreK-12","429",208,"48.484800                     ",221,"51.515100                     ",0,"0.000000                      ",6,"1.398600                      ",0,"0.000000                      ",3,"0.699300                      ",420,"97.902000                     "
"2001","39560","07","5866","0080","04","Mid/Jr Hi ","N","Valders Area","Valders Mid","Grades PreK-12","315",157,"49.841200                     ",158,"50.158700                     ",3,"0.952300                      ",0,"0.000000                      ",1,"0.317400                      ",2,"0.634900                      ",309,"98.095200                     "
"2001","43060","07","6069","","03","Elem      ","N","Washington","","Elementary School Type/ Prek-12","87",40,"45.977000                     ",47,"54.022900                     ",0,"0.000000                      ",0,"0.000000                      ",1,"1.149400                      ",0,"0.000000                      ",86,"98.850500                     "
"2001","43060","07","6069","","03","Mid/Jr Hi ","N","Washington","","Middle/Junior High School Type/ Prek-12","0",0,"--                            ",0,"--                            ",0,"--                            ",0,"--                            ",0,"--                            ",0,"--                            ",0,"--                            "
"2001","43060","07","6069","","03","High      ","N","Washington","","High School Type/ PreK-12","37",19,"51.351300                     ",18,"48.648600                     ",0,"0.000000                      ",0,"0.000000                      ",0,"0.000000                      ",0,"0.000000                      ",37,"100.000000                    "
"2001","43060","07","6069","","03","El/Sec    ","N","Washington","","Combined Elementary/Secondary School Type/ Prek-12","0",0,"--                            ",0,"--                            ",0,"--                            ",0,"--                            ",0,"--                            ",0,"--                            ",0,"--                            "
"2001","43060","07","6069","","03","Summary   ","N","Washington","","Grades PreK-12","124",59,"47.580600                     ",65,"52.419300                     ",0,"0.000000                      ",0,"0.000000                      ",1,"0.806400                      ",0,"0.000000                      ",123,"99.193500                     "
"2001","41574","07","6069","0020","04","Elem      ","N","Washington","Washington Island El","Grades PreK-12","87",40,"45.977000                     ",47,"54.022900                     ",0,"0.000000                      ",0,"0.000000                      ",1,"1.149400                      ",0,"0.000000                      ",86,"98.850500                     "
"2001","41575","07","6069","0040","04","High      ","N","Washington","Washington Island Hi","Grades PreK-12","37",19,"51.351300                     ",18,"48.648600                     ",0,"0.000000                      ",0,"0.000000                      ",0,"0.000000                      ",0,"0.000000                      ",37,"100.000000                    "
"2001","43246","07","6328","","03","Elem      ","N","West De Pere","","Elementary School Type/ Prek-12","834",394,"47.242200                     ",440,"52.757700                     ",95,"11.390800                     ",6,"0.719400                      ",9,"1.079100                      ",17,"2.038300                      ",707,"84.772100                     "
"2001","43246","07","6328","","03","Mid/Jr Hi ","N","West De Pere","","Middle/Junior High School Type/ Prek-12","447",207,"46.308700                     ",240,"53.691200                     ",53,"11.856800                     ",5,"1.118500                      ",4,"0.894800                      ",9,"2.013400                      ",376,"84.116300                     "
"2001","43246","07","6328","","03","High      ","N","West De Pere","","High School Type/ PreK-12","600",285,"47.500000                     ",315,"52.500000                     ",56,"9.333300                      ",3,"0.500000                      ",3,"0.500000                      ",4,"0.666600                      ",534,"89.000000                     "
"2001","43246","07","6328","","03","El/Sec    ","N","West De Pere","","Combined Elementary/Secondary School Type/ Prek-12","0",0,"--                            ",0,"--                            ",0,"--                            ",0,"--                            ",0,"--                            ",0,"--                            ",0,"--                            "
"2001","43246","07","6328","","03","Summary   ","N","West De Pere","","Grades PreK-12","1881",886,"47.102600                     ",995,"52.897300                     ",204,"10.845200                     ",14,"0.744200                      ",16,"0.850600                      ",30,"1.594800                      ",1617,"85.964900                     "
"2001","42287","07","6328","0080","04","Elem      ","N","West De Pere","Lincoln El","Grades PreK-12","293",145,"49.488000                     ",148,"50.511900                     ",24,"8.191100                      ",2,"0.682500                      ",6,"2.047700                      ",7,"2.389000                      ",254,"86.689400                     "
"2001","42288","07","6328","0110","04","Mid/Jr Hi ","N","West De Pere","West De Pere Mid","Grades PreK-12","447",207,"46.308700                     ",240,"53.691200                     ",53,"11.856800                     ",5,"1.118500                      ",4,"0.894800                      ",9,"2.013400                      ",376,"84.116300                     "
"2001","42289","07","6328","0120","04","High      ","N","West De Pere","West De Pere Hi","Grades PreK-12","600",285,"47.500000                     ",315,"52.500000                     ",56,"9.333300                      ",3,"0.500000                      ",3,"0.500000                      ",4,"0.666600                      ",534,"89.000000                     "
"2001","42290","07","6328","0140","04","Elem      ","N","West De Pere","Westwood El","Grades PreK-12","541",249,"46.025800                     ",292,"53.974100                     ",71,"13.123800                     ",4,"0.739300                      ",3,"0.554500                      ",10,"1.848400                      ",453,"83.733800                     "
"2001","43262","07","6734","","03","Elem      ","N","Wrightstown Community","","Elementary School Type/ Prek-12","301",153,"50.830500                     ",148,"49.169400                     ",8,"2.657800                      ",5,"1.661100                      ",2,"0.664400                      ",2,"0.664400                      ",284,"94.352100                     "
"2001","43262","07","6734","","03","Mid/Jr Hi ","N","Wrightstown Community","","Middle/Junior High School Type/ Prek-12","289",130,"44.982600                     ",159,"55.017300                     ",0,"0.000000                      ",11,"3.806200                      ",5,"1.730100                      ",2,"0.692000                      ",271,"93.771600                     "
"2001","43262","07","6734","","03","High      ","N","Wrightstown Community","","High School Type/ PreK-12","356",182,"51.123500                     ",174,"48.876400                     ",0,"0.000000                      ",4,"1.123500                      ",0,"0.000000                      ",3,"0.842600                      ",349,"98.033700                     "
"2001","43262","07","6734","","03","El/Sec    ","N","Wrightstown Community","","Combined Elementary/Secondary School Type/ Prek-12","0",0,"--                            ",0,"--                            ",0,"--                            ",0,"--                            ",0,"--                            ",0,"--                            ",0,"--                            "
"2001","43262","07","6734","","03","Summary   ","N","Wrightstown Community","","Grades PreK-12","946",465,"49.154300                     ",481,"50.845600                     ",8,"0.845600                      ",20,"2.114100                      ",7,"0.739900                      ",7,"0.739900                      ",904,"95.560200                     "
"2001","42336","07","6734","0020","04","Elem      ","N","Wrightstown Community","Wrightstown El","Grades PreK-12","301",153,"50.830500                     ",148,"49.169400                     ",8,"2.657800                      ",5,"1.661100                      ",2,"0.664400                      ",2,"0.664400                      ",284,"94.352100                     "
"2001","42337","07","6734","0030","04","Mid/Jr Hi ","N","Wrightstown Community","Wrightstown Mid","Grades PreK-12","289",130,"44.982600                     ",159,"55.017300                     ",0,"0.000000                      ",11,"3.806200                      ",5,"1.730100                      ",2,"0.692000                      ",271,"93.771600                     "
"2001","42338","07","6734","0040","04","High      ","N","Wrightstown Community","Wrightstown Hi","Grades PreK-12","356",182,"51.123500                     ",174,"48.876400                     ",0,"0.000000                      ",4,"1.123500                      ",0,"0.000000                      ",3,"0.842600                      ",349,"98.033700                     "
