"year","agency_key","CESA","district_number","school_number","agency_type","school_type","charter","district_name","school_name","grade_label","race_ethnicity","gender","enrollment_prek-12","number_lep_spanish","percent_lep_spanish","number_lep_hmong","percent_lep_hmong","number_lep_other","percent_lep_other","number_english_proficient","percent_english_proficient"
"2001","43361","06","0147","","03","Elem      ","N","Appleton Area","","Elementary School Type/ Prek-12","All Races","Both Genders",7638,167,"2.1864362300                  ",698,"9.1385179300                  ",52,"0.6808064900                  ",6721,"87.9942393200                 "
"2001","43361","06","0147","","03","Mid/Jr Hi ","N","Appleton Area","","Middle/Junior High School Type/ Prek-12","All Races","Both Genders",2335,17,"0.7280513900                  ",113,"4.8394004200                  ",9,"0.3854389700                  ",2196,"94.0471092000                 "
"2001","43361","06","0147","","03","High      ","N","Appleton Area","","High School Type/ PreK-12","All Races","Both Genders",4820,36,"0.7468879600                  ",146,"3.0290456400                  ",11,"0.2282157600                  ",4627,"95.9958506200                 "
"2001","43361","06","0147","","03","El/Sec    ","N","Appleton Area","","Combined Elementary/Secondary School Type/ Prek-12","All Races","Both Genders",0,0,"--                            ",0,"--                            ",0,"--                            ",,"--                            "
"2001","43361","06","0147","","03","Summary   ","N","Appleton Area","","Grades PreK-12","All Races","Both Genders",14793,220,"1.4871898800                  ",957,"6.4692760000                  ",72,"0.4867166900                  ",13544,"91.5568174100                 "
"2001","42784","06","0147","0020","04","High      ","N","Appleton Area","East Hi","Grades PreK-12","All Races","Both Genders",1455,0,"0.0000000000                  ",13,"0.8934707900                  ",0,"0.0000000000                  ",1442,"99.1065292000                 "
"2001","42848","06","0147","0030","04","High      ","N","Appleton Area","North Hi","Grades PreK-12","All Races","Both Genders",1759,29,"1.6486640100                  ",93,"5.2870949400                  ",11,"0.6253553100                  ",1626,"92.4388857300                 "
"2001","42783","06","0147","0040","04","High      ","N","Appleton Area","West Hi","Grades PreK-12","All Races","Both Genders",1395,7,"0.5017921100                  ",39,"2.7956989200                  ",0,"0.0000000000                  ",1349,"96.7025089600                 "
"2001","39637","06","0147","0060","04","Elem      ","N","Appleton Area","Badger El","Grades PreK-12","All Races","Both Genders",325,51,"15.6923076900                 ",7,"2.1538461500                  ",6,"1.8461538400                  ",261,"80.3076923000                 "
"2001","39638","06","0147","0080","04","Elem      ","N","Appleton Area","Columbus El","Grades PreK-12","All Races","Both Genders",270,5,"1.8518518500                  ",93,"34.4444444400                 ",1,"0.3703703700                  ",171,"63.3333333300                 "
"2001","39639","06","0147","0100","04","Elem      ","N","Appleton Area","Edison El","Grades PreK-12","All Races","Both Genders",319,1,"0.3134796200                  ",29,"9.0909090900                  ",6,"1.8808777400                  ",283,"88.7147335400                 "
"2001","43899","06","0147","0110","04","Elem      ","Y","Appleton Area","Classical Charter Sch","Grades PreK-12","All Races","Both Genders",251,0,"0.0000000000                  ",0,"0.0000000000                  ",0,"0.0000000000                  ",251,"100.0000000000                "
"2001","39640","06","0147","0120","04","Mid/Jr Hi ","N","Appleton Area","Einstein Mid","Grades PreK-12","All Races","Both Genders",494,0,"0.0000000000                  ",4,"0.8097165900                  ",1,"0.2024291400                  ",489,"98.9878542500                 "
"2001","39685","06","0147","0130","04","Elem      ","N","Appleton Area","Edna Ferber El","Grades PreK-12","All Races","Both Genders",714,2,"0.2801120400                  ",34,"4.7619047600                  ",7,"0.9803921500                  ",671,"93.9775910300                 "
"2001","39686","06","0147","0140","04","Elem      ","N","Appleton Area","Foster El","Grades PreK-12","All Races","Both Genders",238,1,"0.4201680600                  ",69,"28.9915966300                 ",1,"0.4201680600                  ",167,"70.1680672200                 "
"2001","39687","06","0147","0160","04","Elem      ","N","Appleton Area","Franklin El","Grades PreK-12","All Races","Both Genders",448,5,"1.1160714200                  ",51,"11.3839285700                 ",2,"0.4464285700                  ",390,"87.0535714200                 "
"2001","39688","06","0147","0180","04","Elem      ","N","Appleton Area","Highlands El","Grades PreK-12","All Races","Both Genders",713,35,"4.9088359000                  ",80,"11.2201963500                 ",10,"1.4025245400                  ",588,"82.4684431900                 "
"2001","42785","06","0147","0190","04","Elem      ","N","Appleton Area","Horizons El","Grades PreK-12","All Races","Both Genders",476,31,"6.5126050400                  ",62,"13.0252100800                 ",2,"0.4201680600                  ",381,"80.0420168000                 "
"2001","42787","06","0147","0195","04","Elem      ","N","Appleton Area","Houdini El","Grades PreK-12","All Races","Both Genders",631,1,"0.1584786000                  ",2,"0.3169572100                  ",5,"0.7923930200                  ",623,"98.7321711500                 "
"2001","39689","06","0147","0200","04","Elem      ","N","Appleton Area","Huntley El","Grades PreK-12","All Races","Both Genders",580,0,"0.0000000000                  ",16,"2.7586206800                  ",1,"0.1724137900                  ",563,"97.0689655100                 "
"2001","44674","06","0147","0210","04","Mid/Jr Hi ","Y","Appleton Area","Magellan","Grades PreK-12","All Races","Both Genders",33,0,"0.0000000000                  ",0,"0.0000000000                  ",0,"0.0000000000                  ",33,"100.0000000000                "
"2001","42788","06","0147","0220","04","Elem      ","N","Appleton Area","Janet Berry El","Grades PreK-12","All Races","Both Genders",508,4,"0.7874015700                  ",4,"0.7874015700                  ",0,"0.0000000000                  ",500,"98.4251968500                 "
"2001","44260","06","0147","0230","04","Mid/Jr Hi ","Y","Appleton Area","Appleton Community Learning Center","Grades PreK-12","All Races","Both Genders",8,0,"0.0000000000                  ",1,"12.5000000000                 ",0,"0.0000000000                  ",7,"87.5000000000                 "
"2001","42774","06","0147","0240","04","Elem      ","N","Appleton Area","Jefferson El","Grades PreK-12","All Races","Both Genders",440,8,"1.8181818100                  ",89,"20.2272727200                 ",0,"0.0000000000                  ",343,"77.9545454500                 "
"2001","42775","06","0147","0260","04","Elem      ","N","Appleton Area","Johnston El","Grades PreK-12","All Races","Both Genders",513,7,"1.3645224100                  ",53,"10.3313840100                 ",7,"1.3645224100                  ",446,"86.9395711500                 "
"2001","42776","06","0147","0280","04","Elem      ","N","Appleton Area","Lincoln El","Grades PreK-12","All Races","Both Genders",428,12,"2.8037383100                  ",83,"19.3925233600                 ",4,"0.9345794300                  ",329,"76.8691588700                 "
"2001","42777","06","0147","0300","04","Mid/Jr Hi ","N","Appleton Area","Madison Mid","Grades PreK-12","All Races","Both Genders",753,2,"0.2656042400                  ",21,"2.7888446200                  ",0,"0.0000000000                  ",730,"96.9455511200                 "
"2001","42778","06","0147","0320","04","Elem      ","N","Appleton Area","McKinley El","Grades PreK-12","All Races","Both Genders",509,2,"0.3929273000                  ",14,"2.7504911500                  ",0,"0.0000000000                  ",493,"96.8565815300                 "
"2001","42779","06","0147","0340","04","Elem      ","N","Appleton Area","Richmond El","Grades PreK-12","All Races","Both Genders",275,2,"0.7272727200                  ",12,"4.3636363600                  ",0,"0.0000000000                  ",261,"94.9090909000                 "
"2001","42780","06","0147","0360","04","Mid/Jr Hi ","N","Appleton Area","Roosevelt Mid","Grades PreK-12","All Races","Both Genders",508,7,"1.3779527500                  ",53,"10.4330708600                 ",6,"1.1811023600                  ",442,"87.0078740100                 "
"2001","42857","06","0147","0400","04","High      ","Y","Appleton Area","Appleton Central Alternative School","Grades PreK-12","All Races","Both Genders",93,0,"0.0000000000                  ",1,"1.0752688100                  ",0,"0.0000000000                  ",92,"98.9247311800                 "
"2001","42782","06","0147","0410","04","Mid/Jr Hi ","N","Appleton Area","Wilson Mid","Grades PreK-12","All Races","Both Genders",539,8,"1.4842300500                  ",34,"6.3079777300                  ",2,"0.3710575100                  ",495,"91.8367346900                 "
"2001","44675","06","0147","0420","04","High      ","Y","Appleton Area","Renaissance Sch","Grades PreK-12","All Races","Both Genders",118,0,"0.0000000000                  ",0,"0.0000000000                  ",0,"0.0000000000                  ",118,"100.0000000000                "
"2001","43222","06","0336","","03","Elem      ","N","Beaver Dam","","Elementary School Type/ Prek-12","All Races","Both Genders",1424,28,"1.9662921300                  ",0,"0.0000000000                  ",3,"0.2106741500                  ",1393,"97.8230337000                 "
"2001","43222","06","0336","","03","Mid/Jr Hi ","N","Beaver Dam","","Middle/Junior High School Type/ Prek-12","All Races","Both Genders",757,7,"0.9247027700                  ",0,"0.0000000000                  ",0,"0.0000000000                  ",750,"99.0752972200                 "
"2001","43222","06","0336","","03","High      ","N","Beaver Dam","","High School Type/ PreK-12","All Races","Both Genders",1123,7,"0.6233303600                  ",0,"0.0000000000                  ",0,"0.0000000000                  ",1116,"99.3766696300                 "
"2001","43222","06","0336","","03","El/Sec    ","N","Beaver Dam","","Combined Elementary/Secondary School Type/ Prek-12","All Races","Both Genders",128,0,"0.0000000000                  ",0,"0.0000000000                  ",0,"0.0000000000                  ",128,"100.0000000000                "
"2001","43222","06","0336","","03","Summary   ","N","Beaver Dam","","Grades PreK-12","All Races","Both Genders",3432,42,"1.2237762200                  ",0,"0.0000000000                  ",3,"0.0874125800                  ",3387,"98.6888111800                 "
"2001","42199","06","0336","0020","04","Mid/Jr Hi ","N","Beaver Dam","Beaver Dam Mid","Grades PreK-12","All Races","Both Genders",757,7,"0.9247027700                  ",0,"0.0000000000                  ",0,"0.0000000000                  ",750,"99.0752972200                 "
"2001","42201","06","0336","0040","04","High      ","N","Beaver Dam","Beaver Dam Hi","Grades PreK-12","All Races","Both Genders",1123,7,"0.6233303600                  ",0,"0.0000000000                  ",0,"0.0000000000                  ",1116,"99.3766696300                 "
"2001","42202","06","0336","0080","04","Elem      ","N","Beaver Dam","Jefferson El","Grades PreK-12","All Races","Both Genders",326,7,"2.1472392600                  ",0,"0.0000000000                  ",0,"0.0000000000                  ",319,"97.8527607300                 "
"2001","42203","06","0336","0100","04","Elem      ","N","Beaver Dam","Lincoln El","Grades PreK-12","All Races","Both Genders",228,1,"0.4385964900                  ",0,"0.0000000000                  ",2,"0.8771929800                  ",225,"98.6842105200                 "
"2001","42908","06","0336","0110","04","Elem      ","N","Beaver Dam","Prairie View El","Grades PreK-12","All Races","Both Genders",237,9,"3.7974683500                  ",0,"0.0000000000                  ",1,"0.4219409200                  ",227,"95.7805907100                 "
"2001","42204","06","0336","0120","04","Elem      ","N","Beaver Dam","South Beaver Dam El","Grades PreK-12","All Races","Both Genders",110,5,"4.5454545400                  ",0,"0.0000000000                  ",0,"0.0000000000                  ",105,"95.4545454500                 "
"2001","42205","06","0336","0140","04","Elem      ","N","Beaver Dam","Trenton El","Grades PreK-12","All Races","Both Genders",105,1,"0.9523809500                  ",0,"0.0000000000                  ",0,"0.0000000000                  ",104,"99.0476190400                 "
"2001","42206","06","0336","0160","04","Elem      ","N","Beaver Dam","Washington El","Grades PreK-12","All Races","Both Genders",273,1,"0.3663003600                  ",0,"0.0000000000                  ",0,"0.0000000000                  ",272,"99.6336996300                 "
"2001","42207","06","0336","0180","04","Elem      ","N","Beaver Dam","Wilson El","Grades PreK-12","All Races","Both Genders",145,4,"2.7586206800                  ",0,"0.0000000000                  ",0,"0.0000000000                  ",141,"97.2413793100                 "
"2001","39649","06","0336","0200","04","El/Sec    ","Y","Beaver Dam","Beaver Dam Charter Sch","Grades PreK-12","All Races","Both Genders",128,0,"0.0000000000                  ",0,"0.0000000000                  ",0,"0.0000000000                  ",128,"100.0000000000                "
"2001","43120","06","0434","","03","Elem      ","N","Berlin Area","","Elementary School Type/ Prek-12","All Races","Both Genders",740,53,"7.1621621600                  ",9,"1.2162162100                  ",0,"0.0000000000                  ",678,"91.6216216200                 "
"2001","43120","06","0434","","03","Mid/Jr Hi ","N","Berlin Area","","Middle/Junior High School Type/ Prek-12","All Races","Both Genders",398,0,"0.0000000000                  ",0,"0.0000000000                  ",0,"0.0000000000                  ",398,"100.0000000000                "
"2001","43120","06","0434","","03","High      ","N","Berlin Area","","High School Type/ PreK-12","All Races","Both Genders",652,1,"0.1533742300                  ",0,"0.0000000000                  ",1,"0.1533742300                  ",650,"99.6932515300                 "
"2001","43120","06","0434","","03","El/Sec    ","N","Berlin Area","","Combined Elementary/Secondary School Type/ Prek-12","All Races","Both Genders",0,0,"--                            ",0,"--                            ",0,"--                            ",,"--                            "
"2001","43120","06","0434","","03","Summary   ","N","Berlin Area","","Grades PreK-12","All Races","Both Genders",1790,54,"3.0167597700                  ",9,"0.5027932900                  ",1,"0.0558659200                  ",1726,"96.4245810000                 "
"2001","39690","06","0434","0040","04","High      ","N","Berlin Area","Berlin Hi","Grades PreK-12","All Races","Both Genders",652,1,"0.1533742300                  ",0,"0.0000000000                  ",1,"0.1533742300                  ",650,"99.6932515300                 "
"2001","39691","06","0434","0060","04","Elem      ","N","Berlin Area","Clay Lamberton El","Grades PreK-12","All Races","Both Genders",662,53,"8.0060422900                  ",9,"1.3595166100                  ",0,"0.0000000000                  ",600,"90.6344410800                 "
"2001","39692","06","0434","0080","04","Mid/Jr Hi ","N","Berlin Area","Berlin Mid","Grades PreK-12","All Races","Both Genders",398,0,"0.0000000000                  ",0,"0.0000000000                  ",0,"0.0000000000                  ",398,"100.0000000000                "
"2001","42818","06","0434","0100","04","Elem      ","N","Berlin Area","Poy Sippi El","Grades PreK-12","All Races","Both Genders",78,0,"0.0000000000                  ",0,"0.0000000000                  ",0,"0.0000000000                  ",78,"100.0000000000                "
"2001","42968","06","0910","","03","Elem      ","N","Campbellsport","","Elementary School Type/ Prek-12","All Races","Both Genders",917,0,"0.0000000000                  ",0,"0.0000000000                  ",0,"0.0000000000                  ",917,"100.0000000000                "
"2001","42968","06","0910","","03","Mid/Jr Hi ","N","Campbellsport","","Middle/Junior High School Type/ Prek-12","All Races","Both Genders",0,0,"--                            ",0,"--                            ",0,"--                            ",,"--                            "
"2001","42968","06","0910","","03","High      ","N","Campbellsport","","High School Type/ PreK-12","All Races","Both Genders",578,0,"0.0000000000                  ",0,"0.0000000000                  ",0,"0.0000000000                  ",578,"100.0000000000                "
"2001","42968","06","0910","","03","El/Sec    ","N","Campbellsport","","Combined Elementary/Secondary School Type/ Prek-12","All Races","Both Genders",0,0,"--                            ",0,"--                            ",0,"--                            ",,"--                            "
"2001","42968","06","0910","","03","Summary   ","N","Campbellsport","","Grades PreK-12","All Races","Both Genders",1495,0,"0.0000000000                  ",0,"0.0000000000                  ",0,"0.0000000000                  ",1495,"100.0000000000                "
"2001","41139","06","0910","0020","04","Elem      ","N","Campbellsport","Campbellsport El","Grades PreK-12","All Races","Both Genders",568,0,"0.0000000000                  ",0,"0.0000000000                  ",0,"0.0000000000                  ",568,"100.0000000000                "
"2001","41140","06","0910","0040","04","High      ","N","Campbellsport","Campbellsport Hi","Grades PreK-12","All Races","Both Genders",578,0,"0.0000000000                  ",0,"0.0000000000                  ",0,"0.0000000000                  ",578,"100.0000000000                "
"2001","41080","06","0910","0080","04","Elem      ","N","Campbellsport","Eden El","Grades PreK-12","All Races","Both Genders",349,0,"0.0000000000                  ",0,"0.0000000000                  ",0,"0.0000000000                  ",349,"100.0000000000                "
"2001","43132","06","1687","","03","Elem      ","N","Erin","","Elementary School Type/ Prek-12","All Races","Both Genders",376,0,"0.0000000000                  ",0,"0.0000000000                  ",0,"0.0000000000                  ",376,"100.0000000000                "
"2001","43132","06","1687","","03","Mid/Jr Hi ","N","Erin","","Middle/Junior High School Type/ Prek-12","All Races","Both Genders",0,0,"--                            ",0,"--                            ",0,"--                            ",,"--                            "
"2001","43132","06","1687","","03","High      ","N","Erin","","High School Type/ PreK-12","All Races","Both Genders",0,0,"--                            ",0,"--                            ",0,"--                            ",,"--                            "
"2001","43132","06","1687","","03","El/Sec    ","N","Erin","","Combined Elementary/Secondary School Type/ Prek-12","All Races","Both Genders",0,0,"--                            ",0,"--                            ",0,"--                            ",,"--                            "
"2001","43132","06","1687","","03","Summary   ","N","Erin","","Grades PreK-12","All Races","Both Genders",376,0,"0.0000000000                  ",0,"0.0000000000                  ",0,"0.0000000000                  ",376,"100.0000000000                "
"2001","39596","06","1687","0020","04","Elem      ","N","Erin","Erin El","Grades PreK-12","All Races","Both Genders",376,0,"0.0000000000                  ",0,"0.0000000000                  ",0,"0.0000000000                  ",376,"100.0000000000                "
"2001","43362","06","1862","","03","Elem      ","N","Fond du Lac","","Elementary School Type/ Prek-12","All Races","Both Genders",3847,37,"0.9617884000                  ",106,"2.7553938100                  ",23,"0.5978684600                  ",3681,"95.6849493100                 "
"2001","43362","06","1862","","03","Mid/Jr Hi ","N","Fond du Lac","","Middle/Junior High School Type/ Prek-12","All Races","Both Genders",1664,11,"0.6610576900                  ",40,"2.4038461500                  ",10,"0.6009615300                  ",1603,"96.3341346100                 "
"2001","43362","06","1862","","03","High      ","N","Fond du Lac","","High School Type/ PreK-12","All Races","Both Genders",1730,11,"0.6358381500                  ",0,"0.0000000000                  ",5,"0.2890173400                  ",1714,"99.0751445000                 "
"2001","43362","06","1862","","03","El/Sec    ","N","Fond du Lac","","Combined Elementary/Secondary School Type/ Prek-12","All Races","Both Genders",0,0,"--                            ",0,"--                            ",0,"--                            ",,"--                            "
"2001","43362","06","1862","","03","Summary   ","N","Fond du Lac","","Grades PreK-12","All Races","Both Genders",7241,59,"0.8148045800                  ",146,"2.0162960900                  ",38,"0.5247893900                  ",6998,"96.6441099200                 "
"2001","39699","06","1862","0030","04","Elem      ","N","Fond du Lac","Chegwin El","Grades PreK-12","All Races","Both Genders",359,4,"1.1142061200                  ",19,"5.2924791000                  ",2,"0.5571030600                  ",334,"93.0362116900                 "
"2001","39700","06","1862","0080","04","Elem      ","N","Fond du Lac","Evans El","Grades PreK-12","All Races","Both Genders",381,7,"1.8372703400                  ",16,"4.1994750600                  ",4,"1.0498687600                  ",354,"92.9133858200                 "
"2001","39701","06","1862","0090","04","Elem      ","N","Fond du Lac","Fahey El","Grades PreK-12","All Races","Both Genders",74,0,"0.0000000000                  ",2,"2.7027027000                  ",1,"1.3513513500                  ",71,"95.9459459400                 "
"2001","44680","06","1862","0110","04","Elem      ","N","Fond du Lac","James Otis Sch","Grades PreK-12","All Races","Both Genders",31,0,"0.0000000000                  ",0,"0.0000000000                  ",0,"0.0000000000                  ",31,"100.0000000000                "
"2001","39702","06","1862","0120","04","Elem      ","N","Fond du Lac","Franklin El","Grades PreK-12","All Races","Both Genders",290,14,"4.8275862000                  ",36,"12.4137931000                 ",13,"4.4827586200                  ",227,"78.2758620600                 "
"2001","39703","06","1862","0140","04","High      ","N","Fond du Lac","Goodrich Hi","Grades PreK-12","All Races","Both Genders",1730,11,"0.6358381500                  ",0,"0.0000000000                  ",5,"0.2890173400                  ",1714,"99.0751445000                 "
"2001","39704","06","1862","0200","04","Elem      ","N","Fond du Lac","Lakeshore El","Grades PreK-12","All Races","Both Genders",525,0,"0.0000000000                  ",1,"0.1904761900                  ",0,"0.0000000000                  ",524,"99.8095238000                 "
"2001","39705","06","1862","0230","04","Elem      ","N","Fond du Lac","Parkside El","Grades PreK-12","All Races","Both Genders",280,5,"1.7857142800                  ",22,"7.8571428500                  ",0,"0.0000000000                  ",253,"90.3571428500                 "
"2001","39706","06","1862","0240","04","Elem      ","N","Fond du Lac","Pier El","Grades PreK-12","All Races","Both Genders",487,2,"0.4106776100                  ",0,"0.0000000000                  ",2,"0.4106776100                  ",483,"99.1786447600                 "
"2001","39707","06","1862","0260","04","Elem      ","N","Fond du Lac","Roberts El","Grades PreK-12","All Races","Both Genders",481,3,"0.6237006200                  ",2,"0.4158004100                  ",1,"0.2079002000                  ",475,"98.7525987500                 "
"2001","39708","06","1862","0280","04","Elem      ","N","Fond du Lac","Rosenow El","Grades PreK-12","All Races","Both Genders",474,0,"0.0000000000                  ",0,"0.0000000000                  ",0,"0.0000000000                  ",474,"100.0000000000                "
"2001","39709","06","1862","0300","04","Mid/Jr Hi ","N","Fond du Lac","Sabish Jr","Grades PreK-12","All Races","Both Genders",570,8,"1.4035087700                  ",26,"4.5614035000                  ",5,"0.8771929800                  ",531,"93.1578947300                 "
"2001","39710","06","1862","0335","04","Mid/Jr Hi ","N","Fond du Lac","Theisen Jr","Grades PreK-12","All Races","Both Genders",615,1,"0.1626016200                  ",8,"1.3008130000                  ",5,"0.8130081300                  ",601,"97.7235772300                 "
"2001","39711","06","1862","0360","04","Elem      ","N","Fond du Lac","Waters El","Grades PreK-12","All Races","Both Genders",465,2,"0.4301075200                  ",8,"1.7204301000                  ",0,"0.0000000000                  ",455,"97.8494623600                 "
"2001","39712","06","1862","0365","04","Mid/Jr Hi ","N","Fond du Lac","Woodworth Jr","Grades PreK-12","All Races","Both Genders",479,2,"0.4175365300                  ",6,"1.2526096000                  ",0,"0.0000000000                  ",471,"98.3298538600                 "
"2001","43249","06","1953","","03","Elem      ","N","Freedom Area","","Elementary School Type/ Prek-12","All Races","Both Genders",693,7,"1.0101010100                  ",0,"0.0000000000                  ",0,"0.0000000000                  ",686,"98.9898989800                 "
"2001","43249","06","1953","","03","Mid/Jr Hi ","N","Freedom Area","","Middle/Junior High School Type/ Prek-12","All Races","Both Genders",327,2,"0.6116207900                  ",0,"0.0000000000                  ",0,"0.0000000000                  ",325,"99.3883792000                 "
"2001","43249","06","1953","","03","High      ","N","Freedom Area","","High School Type/ PreK-12","All Races","Both Genders",505,1,"0.1980198000                  ",0,"0.0000000000                  ",0,"0.0000000000                  ",504,"99.8019801900                 "
"2001","43249","06","1953","","03","El/Sec    ","N","Freedom Area","","Combined Elementary/Secondary School Type/ Prek-12","All Races","Both Genders",0,0,"--                            ",0,"--                            ",0,"--                            ",,"--                            "
"2001","43249","06","1953","","03","Summary   ","N","Freedom Area","","Grades PreK-12","All Races","Both Genders",1525,10,"0.6557377000                  ",0,"0.0000000000                  ",0,"0.0000000000                  ",1515,"99.3442622900                 "
"2001","42294","06","1953","0020","04","Elem      ","N","Freedom Area","Freedom El","Grades PreK-12","All Races","Both Genders",693,7,"1.0101010100                  ",0,"0.0000000000                  ",0,"0.0000000000                  ",686,"98.9898989800                 "
"2001","42295","06","1953","0040","04","Mid/Jr Hi ","N","Freedom Area","Freedom Mid","Grades PreK-12","All Races","Both Genders",327,2,"0.6116207900                  ",0,"0.0000000000                  ",0,"0.0000000000                  ",325,"99.3883792000                 "
"2001","42296","06","1953","0060","04","High      ","N","Freedom Area","Freedom Hi","Grades PreK-12","All Races","Both Genders",505,1,"0.1980198000                  ",0,"0.0000000000                  ",0,"0.0000000000                  ",504,"99.8019801900                 "
"2001","43366","06","2310","","03","Elem      ","N","Green Lake","","Elementary School Type/ Prek-12","All Races","Both Genders",160,0,"0.0000000000                  ",0,"0.0000000000                  ",0,"0.0000000000                  ",160,"100.0000000000                "
"2001","43366","06","2310","","03","Mid/Jr Hi ","N","Green Lake","","Middle/Junior High School Type/ Prek-12","All Races","Both Genders",0,0,"--                            ",0,"--                            ",0,"--                            ",,"--                            "
"2001","43366","06","2310","","03","High      ","N","Green Lake","","High School Type/ PreK-12","All Races","Both Genders",197,0,"0.0000000000                  ",0,"0.0000000000                  ",0,"0.0000000000                  ",197,"100.0000000000                "
"2001","43366","06","2310","","03","El/Sec    ","N","Green Lake","","Combined Elementary/Secondary School Type/ Prek-12","All Races","Both Genders",0,0,"--                            ",0,"--                            ",0,"--                            ",,"--                            "
"2001","43366","06","2310","","03","Summary   ","N","Green Lake","","Grades PreK-12","All Races","Both Genders",357,0,"0.0000000000                  ",0,"0.0000000000                  ",0,"0.0000000000                  ",357,"100.0000000000                "
"2001","42793","06","2310","0020","04","Elem      ","N","Green Lake","Green Lake El","Grades PreK-12","All Races","Both Genders",160,0,"0.0000000000                  ",0,"0.0000000000                  ",0,"0.0000000000                  ",160,"100.0000000000                "
"2001","42794","06","2310","0040","04","High      ","N","Green Lake","Green Lake Hi","Grades PreK-12","All Races","Both Genders",197,0,"0.0000000000                  ",0,"0.0000000000                  ",0,"0.0000000000                  ",197,"100.0000000000                "
"2001","43133","06","2436","","03","Elem      ","N","Hartford UHS","","Elementary School Type/ Prek-12","All Races","Both Genders",0,0,"--                            ",0,"--                            ",0,"--                            ",,"--                            "
"2001","43133","06","2436","","03","Mid/Jr Hi ","N","Hartford UHS","","Middle/Junior High School Type/ Prek-12","All Races","Both Genders",0,0,"--                            ",0,"--                            ",0,"--                            ",,"--                            "
"2001","43133","06","2436","","03","High      ","N","Hartford UHS","","High School Type/ PreK-12","All Races","Both Genders",1702,7,"0.4112808400                  ",6,"0.3525264300                  ",7,"0.4112808400                  ",1682,"98.8249118600                 "
"2001","43133","06","2436","","03","El/Sec    ","N","Hartford UHS","","Combined Elementary/Secondary School Type/ Prek-12","All Races","Both Genders",0,0,"--                            ",0,"--                            ",0,"--                            ",,"--                            "
"2001","43133","06","2436","","03","Summary   ","N","Hartford UHS","","Grades PreK-12","All Races","Both Genders",1702,7,"0.4112808400                  ",6,"0.3525264300                  ",7,"0.4112808400                  ",1682,"98.8249118600                 "
"2001","39597","06","2436","0020","04","High      ","N","Hartford UHS","Hartford Hi","Grades PreK-12","All Races","Both Genders",1702,7,"0.4112808400                  ",6,"0.3525264300                  ",7,"0.4112808400                  ",1682,"98.8249118600                 "
"2001","43135","06","2443","","03","Elem      ","N","Hartford J1","","Elementary School Type/ Prek-12","All Races","Both Genders",961,13,"1.3527575400                  ",0,"0.0000000000                  ",9,"0.9365244500                  ",939,"97.7107180000                 "
"2001","43135","06","2443","","03","Mid/Jr Hi ","N","Hartford J1","","Middle/Junior High School Type/ Prek-12","All Races","Both Genders",572,9,"1.5734265700                  ",0,"0.0000000000                  ",2,"0.3496503400                  ",561,"98.0769230700                 "
"2001","43135","06","2443","","03","High      ","N","Hartford J1","","High School Type/ PreK-12","All Races","Both Genders",0,0,"--                            ",0,"--                            ",0,"--                            ",,"--                            "
"2001","43135","06","2443","","03","El/Sec    ","N","Hartford J1","","Combined Elementary/Secondary School Type/ Prek-12","All Races","Both Genders",0,0,"--                            ",0,"--                            ",0,"--                            ",,"--                            "
"2001","43135","06","2443","","03","Summary   ","N","Hartford J1","","Grades PreK-12","All Races","Both Genders",1533,22,"1.4350945800                  ",0,"0.0000000000                  ",11,"0.7175472900                  ",1500,"97.8473581200                 "
"2001","39598","06","2443","0020","04","Mid/Jr Hi ","N","Hartford J1","Central Mid","Grades PreK-12","All Races","Both Genders",572,9,"1.5734265700                  ",0,"0.0000000000                  ",2,"0.3496503400                  ",561,"98.0769230700                 "
"2001","39599","06","2443","0040","04","Elem      ","N","Hartford J1","Lincoln El","Grades PreK-12","All Races","Both Genders",504,3,"0.5952380900                  ",0,"0.0000000000                  ",8,"1.5873015800                  ",493,"97.8174603100                 "
"2001","39600","06","2443","0050","04","Elem      ","N","Hartford J1","Rossman El","Grades PreK-12","All Races","Both Genders",457,10,"2.1881838000                  ",0,"0.0000000000                  ",1,"0.2188183800                  ",446,"97.5929978100                 "
"2001","43146","06","2523","","03","Elem      ","N","Herman #22","","Elementary School Type/ Prek-12","All Races","Both Genders",108,0,"0.0000000000                  ",0,"0.0000000000                  ",0,"0.0000000000                  ",108,"100.0000000000                "
"2001","43146","06","2523","","03","Mid/Jr Hi ","N","Herman #22","","Middle/Junior High School Type/ Prek-12","All Races","Both Genders",0,0,"--                            ",0,"--                            ",0,"--                            ",,"--                            "
"2001","43146","06","2523","","03","High      ","N","Herman #22","","High School Type/ PreK-12","All Races","Both Genders",0,0,"--                            ",0,"--                            ",0,"--                            ",,"--                            "
"2001","43146","06","2523","","03","El/Sec    ","N","Herman #22","","Combined Elementary/Secondary School Type/ Prek-12","All Races","Both Genders",0,0,"--                            ",0,"--                            ",0,"--                            ",,"--                            "
"2001","43146","06","2523","","03","Summary   ","N","Herman #22","","Grades PreK-12","All Races","Both Genders",108,0,"0.0000000000                  ",0,"0.0000000000                  ",0,"0.0000000000                  ",108,"100.0000000000                "
"2001","41110","06","2523","0020","04","Elem      ","N","Herman #22","Herman El","Grades PreK-12","All Races","Both Genders",108,0,"0.0000000000                  ",0,"0.0000000000                  ",0,"0.0000000000                  ",108,"100.0000000000                "
"2001","43140","06","2576","","03","Elem      ","N","Horicon","","Elementary School Type/ Prek-12","All Races","Both Genders",414,0,"0.0000000000                  ",0,"0.0000000000                  ",0,"0.0000000000                  ",414,"100.0000000000                "
"2001","43140","06","2576","","03","Mid/Jr Hi ","N","Horicon","","Middle/Junior High School Type/ Prek-12","All Races","Both Genders",245,0,"0.0000000000                  ",0,"0.0000000000                  ",0,"0.0000000000                  ",245,"100.0000000000                "
"2001","43140","06","2576","","03","High      ","N","Horicon","","High School Type/ PreK-12","All Races","Both Genders",408,0,"0.0000000000                  ",0,"0.0000000000                  ",0,"0.0000000000                  ",408,"100.0000000000                "
"2001","43140","06","2576","","03","El/Sec    ","N","Horicon","","Combined Elementary/Secondary School Type/ Prek-12","All Races","Both Genders",0,0,"--                            ",0,"--                            ",0,"--                            ",,"--                            "
"2001","43140","06","2576","","03","Summary   ","N","Horicon","","Grades PreK-12","All Races","Both Genders",1067,0,"0.0000000000                  ",0,"0.0000000000                  ",0,"0.0000000000                  ",1067,"100.0000000000                "
"2001","39606","06","2576","0040","04","Elem      ","N","Horicon","Van Brunt El","Grades PreK-12","All Races","Both Genders",414,0,"0.0000000000                  ",0,"0.0000000000                  ",0,"0.0000000000                  ",414,"100.0000000000                "
"2001","39607","06","2576","0060","04","High      ","N","Horicon","Horicon Hi","Grades PreK-12","All Races","Both Genders",408,0,"0.0000000000                  ",0,"0.0000000000                  ",0,"0.0000000000                  ",408,"100.0000000000                "
"2001","39608","06","2576","0080","04","Mid/Jr Hi ","N","Horicon","Van Brunt Mid","Grades PreK-12","All Races","Both Genders",245,0,"0.0000000000                  ",0,"0.0000000000                  ",0,"0.0000000000                  ",245,"100.0000000000                "
"2001","43367","06","2583","","03","Elem      ","N","Hortonville","","Elementary School Type/ Prek-12","All Races","Both Genders",1233,18,"1.4598540100                  ",13,"1.0543390100                  ",0,"0.0000000000                  ",1202,"97.4858069700                 "
"2001","43367","06","2583","","03","Mid/Jr Hi ","N","Hortonville","","Middle/Junior High School Type/ Prek-12","All Races","Both Genders",560,9,"1.6071428500                  ",6,"1.0714285700                  ",0,"0.0000000000                  ",545,"97.3214285700                 "
"2001","43367","06","2583","","03","High      ","N","Hortonville","","High School Type/ PreK-12","All Races","Both Genders",843,4,"0.4744958400                  ",2,"0.2372479200                  ",0,"0.0000000000                  ",837,"99.2882562200                 "
"2001","43367","06","2583","","03","El/Sec    ","N","Hortonville","","Combined Elementary/Secondary School Type/ Prek-12","All Races","Both Genders",0,0,"--                            ",0,"--                            ",0,"--                            ",,"--                            "
"2001","43367","06","2583","","03","Summary   ","N","Hortonville","","Grades PreK-12","All Races","Both Genders",2636,31,"1.1760242700                  ",21,"0.7966616000                  ",0,"0.0000000000                  ",2584,"98.0273141100                 "
"2001","42795","06","2583","0010","04","Elem      ","N","Hortonville","Greenville El","Grades PreK-12","All Races","Both Genders",714,18,"2.5210084000                  ",0,"0.0000000000                  ",0,"0.0000000000                  ",696,"97.4789915900                 "
"2001","42796","06","2583","0020","04","Elem      ","N","Hortonville","Hortonville El","Grades PreK-12","All Races","Both Genders",519,0,"0.0000000000                  ",13,"2.5048169500                  ",0,"0.0000000000                  ",506,"97.4951830400                 "
"2001","42797","06","2583","0030","04","Mid/Jr Hi ","N","Hortonville","Hortonville Mid","Grades PreK-12","All Races","Both Genders",560,9,"1.6071428500                  ",6,"1.0714285700                  ",0,"0.0000000000                  ",545,"97.3214285700                 "
"2001","42798","06","2583","0040","04","High      ","N","Hortonville","Hortonville Hi","Grades PreK-12","All Races","Both Genders",843,4,"0.4744958400                  ",2,"0.2372479200                  ",0,"0.0000000000                  ",837,"99.2882562200                 "
"2001","43142","06","2625","","03","Elem      ","N","Hustisford","","Elementary School Type/ Prek-12","All Races","Both Genders",199,0,"0.0000000000                  ",0,"0.0000000000                  ",0,"0.0000000000                  ",199,"100.0000000000                "
"2001","43142","06","2625","","03","Mid/Jr Hi ","N","Hustisford","","Middle/Junior High School Type/ Prek-12","All Races","Both Genders",0,0,"--                            ",0,"--                            ",0,"--                            ",,"--                            "
"2001","43142","06","2625","","03","High      ","N","Hustisford","","High School Type/ PreK-12","All Races","Both Genders",236,0,"0.0000000000                  ",0,"0.0000000000                  ",0,"0.0000000000                  ",236,"100.0000000000                "
"2001","43142","06","2625","","03","El/Sec    ","N","Hustisford","","Combined Elementary/Secondary School Type/ Prek-12","All Races","Both Genders",0,0,"--                            ",0,"--                            ",0,"--                            ",,"--                            "
"2001","43142","06","2625","","03","Summary   ","N","Hustisford","","Grades PreK-12","All Races","Both Genders",435,0,"0.0000000000                  ",0,"0.0000000000                  ",0,"0.0000000000                  ",435,"100.0000000000                "
"2001","41794","06","2625","0020","04","Elem      ","N","Hustisford","John Hustis El","Grades PreK-12","All Races","Both Genders",199,0,"0.0000000000                  ",0,"0.0000000000                  ",0,"0.0000000000                  ",199,"100.0000000000                "
"2001","41795","06","2625","0040","04","High      ","N","Hustisford","Hustisford Hi","Grades PreK-12","All Races","Both Genders",236,0,"0.0000000000                  ",0,"0.0000000000                  ",0,"0.0000000000                  ",236,"100.0000000000                "
"2001","43144","06","2744","","03","Elem      ","N","Dodgeland","","Elementary School Type/ Prek-12","All Races","Both Genders",269,2,"0.7434944200                  ",0,"0.0000000000                  ",0,"0.0000000000                  ",267,"99.2565055700                 "
"2001","43144","06","2744","","03","Mid/Jr Hi ","N","Dodgeland","","Middle/Junior High School Type/ Prek-12","All Races","Both Genders",207,2,"0.9661835700                  ",0,"0.0000000000                  ",0,"0.0000000000                  ",205,"99.0338164200                 "
"2001","43144","06","2744","","03","High      ","N","Dodgeland","","High School Type/ PreK-12","All Races","Both Genders",304,0,"0.0000000000                  ",0,"0.0000000000                  ",1,"0.3289473600                  ",303,"99.6710526300                 "
"2001","43144","06","2744","","03","El/Sec    ","N","Dodgeland","","Combined Elementary/Secondary School Type/ Prek-12","All Races","Both Genders",0,0,"--                            ",0,"--                            ",0,"--                            ",,"--                            "
"2001","43144","06","2744","","03","Summary   ","N","Dodgeland","","Grades PreK-12","All Races","Both Genders",780,4,"0.5128205100                  ",0,"0.0000000000                  ",1,"0.1282051200                  ",775,"99.3589743500                 "
"2001","41800","06","2744","0022","04","High      ","N","Dodgeland","Dodgeland Hi","Grades PreK-12","All Races","Both Genders",304,0,"0.0000000000                  ",0,"0.0000000000                  ",1,"0.3289473600                  ",303,"99.6710526300                 "
"2001","39571","06","2744","0025","04","Mid/Jr Hi ","N","Dodgeland","Dodgeland Mid","Grades PreK-12","All Races","Both Genders",207,2,"0.9661835700                  ",0,"0.0000000000                  ",0,"0.0000000000                  ",205,"99.0338164200                 "
"2001","41352","06","2744","0030","04","Elem      ","N","Dodgeland","Lowell El","Grades PreK-12","All Races","Both Genders",95,0,"0.0000000000                  ",0,"0.0000000000                  ",0,"0.0000000000                  ",95,"100.0000000000                "
"2001","41801","06","2744","0040","04","Elem      ","N","Dodgeland","Juneau El","Grades PreK-12","All Races","Both Genders",174,2,"1.1494252800                  ",0,"0.0000000000                  ",0,"0.0000000000                  ",172,"98.8505747100                 "
"2001","43248","06","2758","","03","Elem      ","N","Kaukauna Area","","Elementary School Type/ Prek-12","All Races","Both Genders",1570,11,"0.7006369400                  ",42,"2.6751592300                  ",4,"0.2547770700                  ",1513,"96.3694267500                 "
"2001","43248","06","2758","","03","Mid/Jr Hi ","N","Kaukauna Area","","Middle/Junior High School Type/ Prek-12","All Races","Both Genders",744,1,"0.1344086000                  ",25,"3.3602150500                  ",2,"0.2688172000                  ",716,"96.2365591300                 "
"2001","43248","06","2758","","03","High      ","N","Kaukauna Area","","High School Type/ PreK-12","All Races","Both Genders",1301,4,"0.3074558000                  ",35,"2.6902382700                  ",0,"0.0000000000                  ",1262,"97.0023059100                 "
"2001","43248","06","2758","","03","El/Sec    ","N","Kaukauna Area","","Combined Elementary/Secondary School Type/ Prek-12","All Races","Both Genders",0,0,"--                            ",0,"--                            ",0,"--                            ",,"--                            "
"2001","43248","06","2758","","03","Summary   ","N","Kaukauna Area","","Grades PreK-12","All Races","Both Genders",3615,16,"0.4426002700                  ",102,"2.8215767600                  ",6,"0.1659751000                  ",3491,"96.5698478500                 "
"2001","41529","06","2758","0040","04","High      ","N","Kaukauna Area","Kaukauna Hi","Grades PreK-12","All Races","Both Genders",1301,4,"0.3074558000                  ",35,"2.6902382700                  ",0,"0.0000000000                  ",1262,"97.0023059100                 "
"2001","41530","06","2758","0050","04","Elem      ","N","Kaukauna Area","Dr H B Tanner El","Grades PreK-12","All Races","Both Genders",402,0,"0.0000000000                  ",0,"0.0000000000                  ",0,"0.0000000000                  ",402,"100.0000000000                "
"2001","41531","06","2758","0060","04","Elem      ","N","Kaukauna Area","Nicolet El","Grades PreK-12","All Races","Both Genders",128,8,"6.2500000000                  ",19,"14.8437500000                 ",3,"2.3437500000                  ",98,"76.5625000000                 "
"2001","41532","06","2758","0080","04","Elem      ","N","Kaukauna Area","Park El","Grades PreK-12","All Races","Both Genders",192,0,"0.0000000000                  ",0,"0.0000000000                  ",0,"0.0000000000                  ",192,"100.0000000000                "
"2001","41533","06","2758","0100","04","Elem      ","N","Kaukauna Area","Quinney El","Grades PreK-12","All Races","Both Genders",409,3,"0.7334963300                  ",23,"5.6234718800                  ",1,"0.2444987700                  ",382,"93.3985330000                 "
"2001","41534","06","2758","0120","04","Elem      ","N","Kaukauna Area","Haen El","Grades PreK-12","All Races","Both Genders",439,0,"0.0000000000                  ",0,"0.0000000000                  ",0,"0.0000000000                  ",439,"100.0000000000                "
"2001","43886","06","2758","0200","04","Mid/Jr Hi ","N","Kaukauna Area","River View Mid","Grades PreK-12","All Races","Both Genders",744,1,"0.1344086000                  ",25,"3.3602150500                  ",2,"0.2688172000                  ",716,"96.2365591300                 "
"2001","43145","06","2800","","03","Elem      ","N","Kewaskum","","Elementary School Type/ Prek-12","All Races","Both Genders",788,0,"0.0000000000                  ",0,"0.0000000000                  ",0,"0.0000000000                  ",788,"100.0000000000                "
"2001","43145","06","2800","","03","Mid/Jr Hi ","N","Kewaskum","","Middle/Junior High School Type/ Prek-12","All Races","Both Genders",408,0,"0.0000000000                  ",0,"0.0000000000                  ",0,"0.0000000000                  ",408,"100.0000000000                "
"2001","43145","06","2800","","03","High      ","N","Kewaskum","","High School Type/ PreK-12","All Races","Both Genders",714,0,"0.0000000000                  ",0,"0.0000000000                  ",0,"0.0000000000                  ",714,"100.0000000000                "
"2001","43145","06","2800","","03","El/Sec    ","N","Kewaskum","","Combined Elementary/Secondary School Type/ Prek-12","All Races","Both Genders",0,0,"--                            ",0,"--                            ",0,"--                            ",,"--                            "
"2001","43145","06","2800","","03","Summary   ","N","Kewaskum","","Grades PreK-12","All Races","Both Genders",1910,0,"0.0000000000                  ",0,"0.0000000000                  ",0,"0.0000000000                  ",1910,"100.0000000000                "
"2001","41805","06","2800","0040","04","Elem      ","N","Kewaskum","Farmington El","Grades PreK-12","All Races","Both Genders",262,0,"0.0000000000                  ",0,"0.0000000000                  ",0,"0.0000000000                  ",262,"100.0000000000                "
"2001","41802","06","2800","0060","04","Elem      ","N","Kewaskum","Kewaskum El","Grades PreK-12","All Races","Both Genders",408,0,"0.0000000000                  ",0,"0.0000000000                  ",0,"0.0000000000                  ",408,"100.0000000000                "
"2001","41803","06","2800","0080","04","High      ","N","Kewaskum","Kewaskum Hi","Grades PreK-12","All Races","Both Genders",714,0,"0.0000000000                  ",0,"0.0000000000                  ",0,"0.0000000000                  ",714,"100.0000000000                "
"2001","41804","06","2800","0090","04","Mid/Jr Hi ","N","Kewaskum","Kewaskum Mid","Grades PreK-12","All Races","Both Genders",408,0,"0.0000000000                  ",0,"0.0000000000                  ",0,"0.0000000000                  ",408,"100.0000000000                "
"2001","41141","06","2800","0100","04","Elem      ","N","Kewaskum","Wayne El","Grades PreK-12","All Races","Both Genders",118,0,"0.0000000000                  ",0,"0.0000000000                  ",0,"0.0000000000                  ",118,"100.0000000000                "
"2001","43251","06","2835","","03","Elem      ","N","Kimberly Area","","Elementary School Type/ Prek-12","All Races","Both Genders",1583,1,"0.0631711900                  ",17,"1.0739102900                  ",7,"0.4421983500                  ",1558,"98.4207201500                 "
"2001","43251","06","2835","","03","Mid/Jr Hi ","N","Kimberly Area","","Middle/Junior High School Type/ Prek-12","All Races","Both Genders",656,0,"0.0000000000                  ",9,"1.3719512100                  ",0,"0.0000000000                  ",647,"98.6280487800                 "
"2001","43251","06","2835","","03","High      ","N","Kimberly Area","","High School Type/ PreK-12","All Races","Both Genders",878,0,"0.0000000000                  ",7,"0.7972665100                  ",0,"0.0000000000                  ",871,"99.2027334800                 "
"2001","43251","06","2835","","03","El/Sec    ","N","Kimberly Area","","Combined Elementary/Secondary School Type/ Prek-12","All Races","Both Genders",0,0,"--                            ",0,"--                            ",0,"--                            ",,"--                            "
"2001","43251","06","2835","","03","Summary   ","N","Kimberly Area","","Grades PreK-12","All Races","Both Genders",3117,1,"0.0320821300                  ",33,"1.0587102900                  ",7,"0.2245749100                  ",3076,"98.6846326500                 "
"2001","42280","06","2835","0020","04","Elem      ","N","Kimberly Area","Janssen El","Grades PreK-12","All Races","Both Genders",506,1,"0.1976284500                  ",11,"2.1739130400                  ",0,"0.0000000000                  ",494,"97.6284584900                 "
"2001","42299","06","2835","0040","04","Mid/Jr Hi ","N","Kimberly Area","Gerritts Mid","Grades PreK-12","All Races","Both Genders",656,0,"0.0000000000                  ",9,"1.3719512100                  ",0,"0.0000000000                  ",647,"98.6280487800                 "
"2001","42861","06","2835","0060","04","Elem      ","N","Kimberly Area","Sunrise El","Grades PreK-12","All Races","Both Genders",633,0,"0.0000000000                  ",0,"0.0000000000                  ",5,"0.7898894100                  ",628,"99.2101105800                 "
"2001","42300","06","2835","0080","04","High      ","N","Kimberly Area","Kimberly Hi","Grades PreK-12","All Races","Both Genders",878,0,"0.0000000000                  ",7,"0.7972665100                  ",0,"0.0000000000                  ",871,"99.2027334800                 "
"2001","42301","06","2835","0110","04","Elem      ","N","Kimberly Area","Westside El","Grades PreK-12","All Races","Both Genders",444,0,"0.0000000000                  ",6,"1.3513513500                  ",2,"0.4504504500                  ",436,"98.1981981900                 "
"2001","43255","06","3129","","03","Elem      ","N","Little Chute Area","","Elementary School Type/ Prek-12","All Races","Both Genders",596,19,"3.1879194600                  ",27,"4.5302013400                  ",5,"0.8389261700                  ",545,"91.4429530200                 "
"2001","43255","06","3129","","03","Mid/Jr Hi ","N","Little Chute Area","","Middle/Junior High School Type/ Prek-12","All Races","Both Genders",309,11,"3.5598705500                  ",6,"1.9417475700                  ",1,"0.3236245900                  ",291,"94.1747572800                 "
"2001","43255","06","3129","","03","High      ","N","Little Chute Area","","High School Type/ PreK-12","All Races","Both Genders",560,3,"0.5357142800                  ",4,"0.7142857100                  ",0,"0.0000000000                  ",553,"98.7500000000                 "
"2001","43255","06","3129","","03","El/Sec    ","N","Little Chute Area","","Combined Elementary/Secondary School Type/ Prek-12","All Races","Both Genders",0,0,"--                            ",0,"--                            ",0,"--                            ",,"--                            "
"2001","43255","06","3129","","03","Summary   ","N","Little Chute Area","","Grades PreK-12","All Races","Both Genders",1465,33,"2.2525597200                  ",37,"2.5255972600                  ",6,"0.4095563100                  ",1389,"94.8122866800                 "
"2001","42307","06","3129","0020","04","Elem      ","N","Little Chute Area","Little Chute El","Grades PreK-12","All Races","Both Genders",596,19,"3.1879194600                  ",27,"4.5302013400                  ",5,"0.8389261700                  ",545,"91.4429530200                 "
"2001","42309","06","3129","0040","04","High      ","N","Little Chute Area","Little Chute Hi","Grades PreK-12","All Races","Both Genders",560,3,"0.5357142800                  ",4,"0.7142857100                  ",0,"0.0000000000                  ",553,"98.7500000000                 "
"2001","42310","06","3129","0060","04","Mid/Jr Hi ","N","Little Chute Area","Little Chute Mid","Grades PreK-12","All Races","Both Genders",309,11,"3.5598705500                  ",6,"1.9417475700                  ",1,"0.3236245900                  ",291,"94.1747572800                 "
"2001","42961","06","3171","","03","Elem      ","N","Lomira","","Elementary School Type/ Prek-12","All Races","Both Genders",510,2,"0.3921568600                  ",0,"0.0000000000                  ",0,"0.0000000000                  ",508,"99.6078431300                 "
"2001","42961","06","3171","","03","Mid/Jr Hi ","N","Lomira","","Middle/Junior High School Type/ Prek-12","All Races","Both Genders",185,1,"0.5405405400                  ",0,"0.0000000000                  ",0,"0.0000000000                  ",184,"99.4594594500                 "
"2001","42961","06","3171","","03","High      ","N","Lomira","","High School Type/ PreK-12","All Races","Both Genders",404,0,"0.0000000000                  ",0,"0.0000000000                  ",0,"0.0000000000                  ",404,"100.0000000000                "
"2001","42961","06","3171","","03","El/Sec    ","N","Lomira","","Combined Elementary/Secondary School Type/ Prek-12","All Races","Both Genders",0,0,"--                            ",0,"--                            ",0,"--                            ",,"--                            "
"2001","42961","06","3171","","03","Summary   ","N","Lomira","","Grades PreK-12","All Races","Both Genders",1099,3,"0.2729754300                  ",0,"0.0000000000                  ",0,"0.0000000000                  ",1096,"99.7270245600                 "
"2001","41106","06","3171","0040","04","Elem      ","N","Lomira","Lomira El","Grades PreK-12","All Races","Both Genders",302,2,"0.6622516500                  ",0,"0.0000000000                  ",0,"0.0000000000                  ",300,"99.3377483400                 "
"2001","41107","06","3171","0060","04","High      ","N","Lomira","Lomira Hi","Grades PreK-12","All Races","Both Genders",404,0,"0.0000000000                  ",0,"0.0000000000                  ",0,"0.0000000000                  ",404,"100.0000000000                "
"2001","41108","06","3171","0070","04","Mid/Jr Hi ","N","Lomira","Lomira Jr","Grades PreK-12","All Races","Both Genders",185,1,"0.5405405400                  ",0,"0.0000000000                  ",0,"0.0000000000                  ",184,"99.4594594500                 "
"2001","40950","06","3171","0080","04","Elem      ","N","Lomira","Theresa El","Grades PreK-12","All Races","Both Genders",208,0,"0.0000000000                  ",0,"0.0000000000                  ",0,"0.0000000000                  ",208,"100.0000000000                "
"2001","43123","06","3276","","03","Elem      ","N","Manawa","","Elementary School Type/ Prek-12","All Races","Both Genders",317,2,"0.6309148200                  ",0,"0.0000000000                  ",0,"0.0000000000                  ",315,"99.3690851700                 "
"2001","43123","06","3276","","03","Mid/Jr Hi ","N","Manawa","","Middle/Junior High School Type/ Prek-12","All Races","Both Genders",261,1,"0.3831417600                  ",0,"0.0000000000                  ",0,"0.0000000000                  ",260,"99.6168582300                 "
"2001","43123","06","3276","","03","High      ","N","Manawa","","High School Type/ PreK-12","All Races","Both Genders",358,1,"0.2793296000                  ",0,"0.0000000000                  ",0,"0.0000000000                  ",357,"99.7206703900                 "
"2001","43123","06","3276","","03","El/Sec    ","N","Manawa","","Combined Elementary/Secondary School Type/ Prek-12","All Races","Both Genders",0,0,"--                            ",0,"--                            ",0,"--                            ",,"--                            "
"2001","43123","06","3276","","03","Summary   ","N","Manawa","","Grades PreK-12","All Races","Both Genders",936,4,"0.4273504200                  ",0,"0.0000000000                  ",0,"0.0000000000                  ",932,"99.5726495700                 "
"2001","39715","06","3276","0040","04","High      ","N","Manawa","Little Wolf Hi","Grades PreK-12","All Races","Both Genders",358,1,"0.2793296000                  ",0,"0.0000000000                  ",0,"0.0000000000                  ",357,"99.7206703900                 "
"2001","39716","06","3276","0060","04","Elem      ","N","Manawa","Manawa El","Grades PreK-12","All Races","Both Genders",317,2,"0.6309148200                  ",0,"0.0000000000                  ",0,"0.0000000000                  ",315,"99.3690851700                 "
"2001","39717","06","3276","0080","04","Mid/Jr Hi ","N","Manawa","Manawa Mid","Grades PreK-12","All Races","Both Genders",261,1,"0.3831417600                  ",0,"0.0000000000                  ",0,"0.0000000000                  ",260,"99.6168582300                 "
"2001","43025","06","3325","","03","Elem      ","N","Markesan","","Elementary School Type/ Prek-12","All Races","Both Genders",369,0,"0.0000000000                  ",0,"0.0000000000                  ",0,"0.0000000000                  ",369,"100.0000000000                "
"2001","43025","06","3325","","03","Mid/Jr Hi ","N","Markesan","","Middle/Junior High School Type/ Prek-12","All Races","Both Genders",226,0,"0.0000000000                  ",0,"0.0000000000                  ",0,"0.0000000000                  ",226,"100.0000000000                "
"2001","43025","06","3325","","03","High      ","N","Markesan","","High School Type/ PreK-12","All Races","Both Genders",395,0,"0.0000000000                  ",0,"0.0000000000                  ",0,"0.0000000000                  ",395,"100.0000000000                "
"2001","43025","06","3325","","03","El/Sec    ","N","Markesan","","Combined Elementary/Secondary School Type/ Prek-12","All Races","Both Genders",0,0,"--                            ",0,"--                            ",0,"--                            ",,"--                            "
"2001","43025","06","3325","","03","Summary   ","N","Markesan","","Grades PreK-12","All Races","Both Genders",990,0,"0.0000000000                  ",0,"0.0000000000                  ",0,"0.0000000000                  ",990,"100.0000000000                "
"2001","42233","06","3325","0025","04","Mid/Jr Hi ","N","Markesan","Markesan Mid","Grades PreK-12","All Races","Both Genders",226,0,"0.0000000000                  ",0,"0.0000000000                  ",0,"0.0000000000                  ",226,"100.0000000000                "
"2001","42234","06","3325","0100","04","Elem      ","N","Markesan","Markesan El","Grades PreK-12","All Races","Both Genders",369,0,"0.0000000000                  ",0,"0.0000000000                  ",0,"0.0000000000                  ",369,"100.0000000000                "
"2001","42235","06","3325","0120","04","High      ","N","Markesan","Markesan Hi","Grades PreK-12","All Races","Both Genders",395,0,"0.0000000000                  ",0,"0.0000000000                  ",0,"0.0000000000                  ",395,"100.0000000000                "
"2001","43147","06","3367","","03","Elem      ","N","Mayville","","Elementary School Type/ Prek-12","All Races","Both Genders",221,0,"0.0000000000                  ",0,"0.0000000000                  ",0,"0.0000000000                  ",221,"100.0000000000                "
"2001","43147","06","3367","","03","Mid/Jr Hi ","N","Mayville","","Middle/Junior High School Type/ Prek-12","All Races","Both Genders",501,0,"0.0000000000                  ",0,"0.0000000000                  ",0,"0.0000000000                  ",501,"100.0000000000                "
"2001","43147","06","3367","","03","High      ","N","Mayville","","High School Type/ PreK-12","All Races","Both Genders",525,0,"0.0000000000                  ",0,"0.0000000000                  ",0,"0.0000000000                  ",525,"100.0000000000                "
"2001","43147","06","3367","","03","El/Sec    ","N","Mayville","","Combined Elementary/Secondary School Type/ Prek-12","All Races","Both Genders",0,0,"--                            ",0,"--                            ",0,"--                            ",,"--                            "
"2001","43147","06","3367","","03","Summary   ","N","Mayville","","Grades PreK-12","All Races","Both Genders",1247,0,"0.0000000000                  ",0,"0.0000000000                  ",0,"0.0000000000                  ",1247,"100.0000000000                "
"2001","41111","06","3367","0060","04","Mid/Jr Hi ","N","Mayville","Mayville Mid","Grades PreK-12","All Races","Both Genders",501,0,"0.0000000000                  ",0,"0.0000000000                  ",0,"0.0000000000                  ",501,"100.0000000000                "
"2001","41112","06","3367","0080","04","High      ","N","Mayville","Mayville Hi","Grades PreK-12","All Races","Both Genders",525,0,"0.0000000000                  ",0,"0.0000000000                  ",0,"0.0000000000                  ",525,"100.0000000000                "
"2001","41113","06","3367","0090","04","Elem      ","N","Mayville","Parkview El","Grades PreK-12","All Races","Both Genders",221,0,"0.0000000000                  ",0,"0.0000000000                  ",0,"0.0000000000                  ",221,"100.0000000000                "
"2001","43125","06","3430","","03","Elem      ","N","Menasha","","Elementary School Type/ Prek-12","All Races","Both Genders",1690,143,"8.4615384600                  ",81,"4.7928994000                  ",14,"0.8284023600                  ",1452,"85.9171597600                 "
"2001","43125","06","3430","","03","Mid/Jr Hi ","N","Menasha","","Middle/Junior High School Type/ Prek-12","All Races","Both Genders",831,31,"3.7304452400                  ",21,"2.5270758100                  ",7,"0.8423586000                  ",772,"92.9001203300                 "
"2001","43125","06","3430","","03","High      ","N","Menasha","","High School Type/ PreK-12","All Races","Both Genders",1113,39,"3.5040431200                  ",4,"0.3593890300                  ",0,"0.0000000000                  ",1070,"96.1365678300                 "
"2001","43125","06","3430","","03","El/Sec    ","N","Menasha","","Combined Elementary/Secondary School Type/ Prek-12","All Races","Both Genders",0,0,"--                            ",0,"--                            ",0,"--                            ",,"--                            "
"2001","43125","06","3430","","03","Summary   ","N","Menasha","","Grades PreK-12","All Races","Both Genders",3634,213,"5.8613098500                  ",106,"2.9168959800                  ",21,"0.5778756100                  ",3294,"90.6439185400                 "
"2001","39718","06","3430","0020","04","Mid/Jr Hi ","N","Menasha","Maplewood Mid","Grades PreK-12","All Races","Both Genders",787,31,"3.9390088900                  ",21,"2.6683608600                  ",7,"0.8894536200                  ",728,"92.5031766200                 "
"2001","39719","06","3430","0040","04","Elem      ","N","Menasha","Butte des Morts El","Grades PreK-12","All Races","Both Genders",473,38,"8.0338266300                  ",20,"4.2283298000                  ",3,"0.6342494700                  ",412,"87.1035940800                 "
"2001","39720","06","3430","0060","04","Elem      ","N","Menasha","Clovis Grove El","Grades PreK-12","All Races","Both Genders",356,8,"2.2471910100                  ",19,"5.3370786500                  ",0,"0.0000000000                  ",329,"92.4157303300                 "
"2001","39721","06","3430","0080","04","Elem      ","N","Menasha","Jefferson El","Grades PreK-12","All Races","Both Genders",193,17,"8.8082901500                  ",6,"3.1088082900                  ",0,"0.0000000000                  ",170,"88.0829015500                 "
"2001","39722","06","3430","0100","04","High      ","N","Menasha","Menasha Hi","Grades PreK-12","All Races","Both Genders",1113,39,"3.5040431200                  ",4,"0.3593890300                  ",0,"0.0000000000                  ",1070,"96.1365678300                 "
"2001","39723","06","3430","0120","04","Elem      ","N","Menasha","Gegan El","Grades PreK-12","All Races","Both Genders",484,68,"14.0495867700                 ",30,"6.1983471000                  ",11,"2.2727272700                  ",375,"77.4793388400                 "
"2001","39724","06","3430","0140","04","Elem      ","N","Menasha","Nicolet El","Grades PreK-12","All Races","Both Genders",133,1,"0.7518796900                  ",0,"0.0000000000                  ",0,"0.0000000000                  ",132,"99.2481203000                 "
"2001","39656","06","3430","0160","04","Elem      ","N","Menasha","Banta Sch","Grades PreK-12","All Races","Both Genders",51,11,"21.5686274500                 ",6,"11.7647058800                 ",0,"0.0000000000                  ",34,"66.6666666600                 "
"2001","44809","06","3430","0200","04","Mid/Jr Hi ","Y","Menasha","School on the Lake","Grades PreK-12","All Races","Both Genders",44,0,"0.0000000000                  ",0,"0.0000000000                  ",0,"0.0000000000                  ",44,"100.0000000000                "
"2001","43368","06","3892","","03","Elem      ","N","Neenah","","Elementary School Type/ Prek-12","All Races","Both Genders",2897,34,"1.1736278900                  ",29,"1.0010355500                  ",5,"0.1725923300                  ",2829,"97.6527442100                 "
"2001","43368","06","3892","","03","Mid/Jr Hi ","N","Neenah","","Middle/Junior High School Type/ Prek-12","All Races","Both Genders",1529,13,"0.8502289000                  ",10,"0.6540222300                  ",1,"0.0654022200                  ",1505,"98.4303466300                 "
"2001","43368","06","3892","","03","High      ","N","Neenah","","High School Type/ PreK-12","All Races","Both Genders",2182,5,"0.2291475700                  ",5,"0.2291475700                  ",3,"0.1374885400                  ",2169,"99.4042163100                 "
"2001","43368","06","3892","","03","El/Sec    ","N","Neenah","","Combined Elementary/Secondary School Type/ Prek-12","All Races","Both Genders",0,0,"--                            ",0,"--                            ",0,"--                            ",,"--                            "
"2001","43368","06","3892","","03","Summary   ","N","Neenah","","Grades PreK-12","All Races","Both Genders",6608,52,"0.7869249300                  ",44,"0.6658595600                  ",9,"0.1361985400                  ",6503,"98.4110169400                 "
"2001","39725","06","3892","0040","04","Elem      ","N","Neenah","Clayton El","Grades PreK-12","All Races","Both Genders",288,0,"0.0000000000                  ",3,"1.0416666600                  ",0,"0.0000000000                  ",285,"98.9583333300                 "
"2001","39726","06","3892","0060","04","Elem      ","N","Neenah","Coolidge El","Grades PreK-12","All Races","Both Genders",402,7,"1.7412935300                  ",1,"0.2487562100                  ",0,"0.0000000000                  ",394,"98.0099502400                 "
"2001","39727","06","3892","0080","04","Elem      ","N","Neenah","Hoover El","Grades PreK-12","All Races","Both Genders",238,8,"3.3613445300                  ",6,"2.5210084000                  ",1,"0.4201680600                  ",223,"93.6974789900                 "
"2001","39728","06","3892","0100","04","Elem      ","N","Neenah","Lakeview El","Grades PreK-12","All Races","Both Genders",410,2,"0.4878048700                  ",6,"1.4634146300                  ",3,"0.7317073100                  ",399,"97.3170731700                 "
"2001","39730","06","3892","0180","04","High      ","N","Neenah","Neenah Hi","Grades PreK-12","All Races","Both Genders",2182,5,"0.2291475700                  ",5,"0.2291475700                  ",3,"0.1374885400                  ",2169,"99.4042163100                 "
"2001","39731","06","3892","0200","04","Elem      ","N","Neenah","Roosevelt El","Grades PreK-12","All Races","Both Genders",151,1,"0.6622516500                  ",2,"1.3245033100                  ",0,"0.0000000000                  ",148,"98.0132450300                 "
"2001","39732","06","3892","0210","04","Mid/Jr Hi ","N","Neenah","Shattuck Mid","Grades PreK-12","All Races","Both Genders",952,7,"0.7352941100                  ",8,"0.8403361300                  ",0,"0.0000000000                  ",937,"98.4243697400                 "
"2001","39733","06","3892","0215","04","Mid/Jr Hi ","N","Neenah","Horace Mann Mid","Grades PreK-12","All Races","Both Genders",577,6,"1.0398613500                  ",2,"0.3466204500                  ",1,"0.1733102200                  ",568,"98.4402079700                 "
"2001","42799","06","3892","0220","04","Elem      ","N","Neenah","Spring Road El","Grades PreK-12","All Races","Both Genders",392,1,"0.2551020400                  ",5,"1.2755102000                  ",1,"0.2551020400                  ",385,"98.2142857100                 "
"2001","42800","06","3892","0240","04","Elem      ","N","Neenah","Taft El","Grades PreK-12","All Races","Both Genders",213,3,"1.4084507000                  ",0,"0.0000000000                  ",0,"0.0000000000                  ",210,"98.5915492900                 "
"2001","42801","06","3892","0260","04","Elem      ","N","Neenah","Tullar El","Grades PreK-12","All Races","Both Genders",356,0,"0.0000000000                  ",6,"1.6853932500                  ",0,"0.0000000000                  ",350,"98.3146067400                 "
"2001","42802","06","3892","0280","04","Elem      ","N","Neenah","Washington El","Grades PreK-12","All Races","Both Genders",200,7,"3.5000000000                  ",0,"0.0000000000                  ",0,"0.0000000000                  ",193,"96.5000000000                 "
"2001","42803","06","3892","0300","04","Elem      ","N","Neenah","Wilson El","Grades PreK-12","All Races","Both Genders",247,5,"2.0242914900                  ",0,"0.0000000000                  ",0,"0.0000000000                  ",242,"97.9757085000                 "
"2001","43150","06","3913","","03","Elem      ","N","Neosho J3","","Elementary School Type/ Prek-12","All Races","Both Genders",186,0,"0.0000000000                  ",0,"0.0000000000                  ",0,"0.0000000000                  ",186,"100.0000000000                "
"2001","43150","06","3913","","03","Mid/Jr Hi ","N","Neosho J3","","Middle/Junior High School Type/ Prek-12","All Races","Both Genders",0,0,"--                            ",0,"--                            ",0,"--                            ",,"--                            "
"2001","43150","06","3913","","03","High      ","N","Neosho J3","","High School Type/ PreK-12","All Races","Both Genders",0,0,"--                            ",0,"--                            ",0,"--                            ",,"--                            "
"2001","43150","06","3913","","03","El/Sec    ","N","Neosho J3","","Combined Elementary/Secondary School Type/ Prek-12","All Races","Both Genders",0,0,"--                            ",0,"--                            ",0,"--                            ",,"--                            "
"2001","43150","06","3913","","03","Summary   ","N","Neosho J3","","Grades PreK-12","All Races","Both Genders",186,0,"0.0000000000                  ",0,"0.0000000000                  ",0,"0.0000000000                  ",186,"100.0000000000                "
"2001","41814","06","3913","0020","04","Elem      ","N","Neosho J3","Neosho El","Grades PreK-12","All Races","Both Genders",186,0,"0.0000000000                  ",0,"0.0000000000                  ",0,"0.0000000000                  ",186,"100.0000000000                "
"2001","43369","06","3955","","03","Elem      ","N","New London","","Elementary School Type/ Prek-12","All Races","Both Genders",1024,27,"2.6367187500                  ",2,"0.1953125000                  ",0,"0.0000000000                  ",995,"97.1679687500                 "
"2001","43369","06","3955","","03","Mid/Jr Hi ","N","New London","","Middle/Junior High School Type/ Prek-12","All Races","Both Genders",586,6,"1.0238907800                  ",0,"0.0000000000                  ",0,"0.0000000000                  ",580,"98.9761092100                 "
"2001","43369","06","3955","","03","High      ","N","New London","","High School Type/ PreK-12","All Races","Both Genders",902,0,"0.0000000000                  ",0,"0.0000000000                  ",2,"0.2217294900                  ",900,"99.7782705000                 "
"2001","43369","06","3955","","03","El/Sec    ","N","New London","","Combined Elementary/Secondary School Type/ Prek-12","All Races","Both Genders",0,0,"--                            ",0,"--                            ",0,"--                            ",,"--                            "
"2001","43369","06","3955","","03","Summary   ","N","New London","","Grades PreK-12","All Races","Both Genders",2512,33,"1.3136942600                  ",2,"0.0796178300                  ",2,"0.0796178300                  ",2475,"98.5270700600                 "
"2001","42805","06","3955","0040","04","Elem      ","N","New London","Lincoln El","Grades PreK-12","All Races","Both Genders",347,14,"4.0345821300                  ",0,"0.0000000000                  ",0,"0.0000000000                  ",333,"95.9654178600                 "
"2001","42806","06","3955","0080","04","High      ","N","New London","New London Hi","Grades PreK-12","All Races","Both Genders",902,0,"0.0000000000                  ",0,"0.0000000000                  ",2,"0.2217294900                  ",900,"99.7782705000                 "
"2001","42807","06","3955","0090","04","Elem      ","N","New London","Parkview El","Grades PreK-12","All Races","Both Genders",290,4,"1.3793103400                  ",2,"0.6896551700                  ",0,"0.0000000000                  ",284,"97.9310344800                 "
"2001","42820","06","3955","0100","04","Elem      ","N","New London","Readfield El","Grades PreK-12","All Races","Both Genders",220,0,"0.0000000000                  ",0,"0.0000000000                  ",0,"0.0000000000                  ",220,"100.0000000000                "
"2001","42808","06","3955","0120","04","Elem      ","N","New London","Sugar Bush El","Grades PreK-12","All Races","Both Genders",167,9,"5.3892215500                  ",0,"0.0000000000                  ",0,"0.0000000000                  ",158,"94.6107784400                 "
"2001","42809","06","3955","0140","04","Mid/Jr Hi ","N","New London","New London Mid","Grades PreK-12","All Races","Both Genders",586,6,"1.0238907800                  ",0,"0.0000000000                  ",0,"0.0000000000                  ",580,"98.9761092100                 "
"2001","43363","06","3983","","03","Elem      ","N","North Fond du Lac","","Elementary School Type/ Prek-12","All Races","Both Genders",597,16,"2.6800670000                  ",0,"0.0000000000                  ",0,"0.0000000000                  ",581,"97.3199329900                 "
"2001","43363","06","3983","","03","Mid/Jr Hi ","N","North Fond du Lac","","Middle/Junior High School Type/ Prek-12","All Races","Both Genders",265,0,"0.0000000000                  ",0,"0.0000000000                  ",0,"0.0000000000                  ",265,"100.0000000000                "
"2001","43363","06","3983","","03","High      ","N","North Fond du Lac","","High School Type/ PreK-12","All Races","Both Genders",390,0,"0.0000000000                  ",0,"0.0000000000                  ",0,"0.0000000000                  ",390,"100.0000000000                "
"2001","43363","06","3983","","03","El/Sec    ","N","North Fond du Lac","","Combined Elementary/Secondary School Type/ Prek-12","All Races","Both Genders",0,0,"--                            ",0,"--                            ",0,"--                            ",,"--                            "
"2001","43363","06","3983","","03","Summary   ","N","North Fond du Lac","","Grades PreK-12","All Races","Both Genders",1252,16,"1.2779552700                  ",0,"0.0000000000                  ",0,"0.0000000000                  ",1236,"98.7220447200                 "
"2001","42789","06","3983","0020","04","Mid/Jr Hi ","N","North Fond du Lac","Bessie Allen Mid","Grades PreK-12","All Races","Both Genders",265,0,"0.0000000000                  ",0,"0.0000000000                  ",0,"0.0000000000                  ",265,"100.0000000000                "
"2001","42790","06","3983","0055","04","Elem      ","N","North Fond du Lac","Friendship Learning El","Grades PreK-12","All Races","Both Genders",597,16,"2.6800670000                  ",0,"0.0000000000                  ",0,"0.0000000000                  ",581,"97.3199329900                 "
"2001","42791","06","3983","0060","04","High      ","N","North Fond du Lac","Horace Mann Hi","Grades PreK-12","All Races","Both Genders",390,0,"0.0000000000                  ",0,"0.0000000000                  ",0,"0.0000000000                  ",390,"100.0000000000                "
"2001","42964","06","4025","","03","Elem      ","N","Oakfield","","Elementary School Type/ Prek-12","All Races","Both Genders",276,0,"0.0000000000                  ",0,"0.0000000000                  ",0,"0.0000000000                  ",276,"100.0000000000                "
"2001","42964","06","4025","","03","Mid/Jr Hi ","N","Oakfield","","Middle/Junior High School Type/ Prek-12","All Races","Both Genders",163,0,"0.0000000000                  ",0,"0.0000000000                  ",0,"0.0000000000                  ",163,"100.0000000000                "
"2001","42964","06","4025","","03","High      ","N","Oakfield","","High School Type/ PreK-12","All Races","Both Genders",220,0,"0.0000000000                  ",0,"0.0000000000                  ",0,"0.0000000000                  ",220,"100.0000000000                "
"2001","42964","06","4025","","03","El/Sec    ","N","Oakfield","","Combined Elementary/Secondary School Type/ Prek-12","All Races","Both Genders",0,0,"--                            ",0,"--                            ",0,"--                            ",,"--                            "
"2001","42964","06","4025","","03","Summary   ","N","Oakfield","","Grades PreK-12","All Races","Both Genders",659,0,"0.0000000000                  ",0,"0.0000000000                  ",0,"0.0000000000                  ",659,"100.0000000000                "
"2001","41117","06","4025","0030","04","Elem      ","N","Oakfield","Reynolds El","Grades PreK-12","All Races","Both Genders",276,0,"0.0000000000                  ",0,"0.0000000000                  ",0,"0.0000000000                  ",276,"100.0000000000                "
"2001","41118","06","4025","0060","04","High      ","N","Oakfield","Oakfield Hi","Grades PreK-12","All Races","Both Genders",220,0,"0.0000000000                  ",0,"0.0000000000                  ",0,"0.0000000000                  ",220,"100.0000000000                "
"2001","41119","06","4025","0080","04","Mid/Jr Hi ","N","Oakfield","Oakfield Mid","Grades PreK-12","All Races","Both Genders",163,0,"0.0000000000                  ",0,"0.0000000000                  ",0,"0.0000000000                  ",163,"100.0000000000                "
"2001","43370","06","4088","","03","Elem      ","N","Omro","","Elementary School Type/ Prek-12","All Races","Both Genders",576,17,"2.9513888800                  ",0,"0.0000000000                  ",4,"0.6944444400                  ",555,"96.3541666600                 "
"2001","43370","06","4088","","03","Mid/Jr Hi ","N","Omro","","Middle/Junior High School Type/ Prek-12","All Races","Both Genders",278,5,"1.7985611500                  ",0,"0.0000000000                  ",0,"0.0000000000                  ",273,"98.2014388400                 "
"2001","43370","06","4088","","03","High      ","N","Omro","","High School Type/ PreK-12","All Races","Both Genders",385,4,"1.0389610300                  ",0,"0.0000000000                  ",4,"1.0389610300                  ",377,"97.9220779200                 "
"2001","43370","06","4088","","03","El/Sec    ","N","Omro","","Combined Elementary/Secondary School Type/ Prek-12","All Races","Both Genders",0,0,"--                            ",0,"--                            ",0,"--                            ",,"--                            "
"2001","43370","06","4088","","03","Summary   ","N","Omro","","Grades PreK-12","All Races","Both Genders",1239,26,"2.0984665000                  ",0,"0.0000000000                  ",8,"0.6456820000                  ",1205,"97.2558514900                 "
"2001","42811","06","4088","0040","04","Elem      ","N","Omro","Patch El","Grades PreK-12","All Races","Both Genders",214,13,"6.0747663500                  ",0,"0.0000000000                  ",0,"0.0000000000                  ",201,"93.9252336400                 "
"2001","42812","06","4088","0060","04","High      ","N","Omro","Omro Hi","Grades PreK-12","All Races","Both Genders",385,4,"1.0389610300                  ",0,"0.0000000000                  ",4,"1.0389610300                  ",377,"97.9220779200                 "
"2001","42813","06","4088","0080","04","Mid/Jr Hi ","N","Omro","Omro Mid","Grades PreK-12","All Races","Both Genders",278,5,"1.7985611500                  ",0,"0.0000000000                  ",0,"0.0000000000                  ",273,"98.2014388400                 "
"2001","44670","06","4088","0110","04","Elem      ","N","Omro","Omro El","Grades PreK-12","All Races","Both Genders",356,4,"1.1235955000                  ",0,"0.0000000000                  ",4,"1.1235955000                  ",348,"97.7528089800                 "
"2001","44794","06","4088","0120","04","Elem      ","N","Omro","Enterprise Special Education School","Grades PreK-12","All Races","Both Genders",6,0,"0.0000000000                  ",0,"0.0000000000                  ",0,"0.0000000000                  ",6,"100.0000000000                "
"2001","43118","06","4179","","03","Elem      ","N","Oshkosh Area","","Elementary School Type/ Prek-12","All Races","Both Genders",4958,18,"0.3630496100                  ",355,"7.1601452100                  ",25,"0.5042355700                  ",4560,"91.9725695800                 "
"2001","43118","06","4179","","03","Mid/Jr Hi ","N","Oshkosh Area","","Middle/Junior High School Type/ Prek-12","All Races","Both Genders",2385,5,"0.2096436000                  ",45,"1.8867924500                  ",7,"0.2935010400                  ",2328,"97.6100628900                 "
"2001","43118","06","4179","","03","High      ","N","Oshkosh Area","","High School Type/ PreK-12","All Races","Both Genders",3395,2,"0.0589101600                  ",33,"0.9720176700                  ",5,"0.1472754000                  ",3355,"98.8217967500                 "
"2001","43118","06","4179","","03","El/Sec    ","N","Oshkosh Area","","Combined Elementary/Secondary School Type/ Prek-12","All Races","Both Genders",0,0,"--                            ",0,"--                            ",0,"--                            ",,"--                            "
"2001","43118","06","4179","","03","Summary   ","N","Oshkosh Area","","Grades PreK-12","All Races","Both Genders",10738,25,"0.2328180200                  ",433,"4.0324082600                  ",37,"0.3445706800                  ",10243,"95.3902030100                 "
"2001","42754","06","4179","0060","04","Elem      ","N","Oshkosh Area","E Cook El","Grades PreK-12","All Races","Both Genders",263,0,"0.0000000000                  ",0,"0.0000000000                  ",0,"0.0000000000                  ",263,"100.0000000000                "
"2001","42755","06","4179","0080","04","Elem      ","N","Oshkosh Area","Franklin El","Grades PreK-12","All Races","Both Genders",399,0,"0.0000000000                  ",0,"0.0000000000                  ",0,"0.0000000000                  ",399,"100.0000000000                "
"2001","39631","06","4179","0120","04","Elem      ","N","Oshkosh Area","Green Meadow El","Grades PreK-12","All Races","Both Genders",118,0,"0.0000000000                  ",0,"0.0000000000                  ",0,"0.0000000000                  ",118,"100.0000000000                "
"2001","42756","06","4179","0130","04","Elem      ","N","Oshkosh Area","Shapiro El","Grades PreK-12","All Races","Both Genders",281,1,"0.3558718800                  ",18,"6.4056939500                  ",0,"0.0000000000                  ",262,"93.2384341600                 "
"2001","42757","06","4179","0140","04","Elem      ","N","Oshkosh Area","Jefferson El","Grades PreK-12","All Races","Both Genders",241,4,"1.6597510300                  ",49,"20.3319502000                 ",6,"2.4896265500                  ",182,"75.5186721900                 "
"2001","42884","06","4179","0150","04","Elem      ","N","Oshkosh Area","Traeger El","Grades PreK-12","All Races","Both Genders",522,0,"0.0000000000                  ",0,"0.0000000000                  ",0,"0.0000000000                  ",522,"100.0000000000                "
"2001","42758","06","4179","0160","04","Elem      ","N","Oshkosh Area","Lakeside El","Grades PreK-12","All Races","Both Genders",220,0,"0.0000000000                  ",0,"0.0000000000                  ",0,"0.0000000000                  ",220,"100.0000000000                "
"2001","42759","06","4179","0180","04","Elem      ","N","Oshkosh Area","Lincoln El","Grades PreK-12","All Races","Both Genders",160,1,"0.6250000000                  ",48,"30.0000000000                 ",0,"0.0000000000                  ",111,"69.3750000000                 "
"2001","42760","06","4179","0220","04","Elem      ","N","Oshkosh Area","Merrill El","Grades PreK-12","All Races","Both Genders",284,1,"0.3521126700                  ",76,"26.7605633800                 ",8,"2.8169014000                  ",199,"70.0704225300                 "
"2001","42761","06","4179","0240","04","Mid/Jr Hi ","N","Oshkosh Area","Merrill Mid","Grades PreK-12","All Races","Both Genders",437,0,"0.0000000000                  ",0,"0.0000000000                  ",0,"0.0000000000                  ",437,"100.0000000000                "
"2001","42883","06","4179","0250","04","Mid/Jr Hi ","N","Oshkosh Area","Traeger Mid","Grades PreK-12","All Races","Both Genders",541,0,"0.0000000000                  ",0,"0.0000000000                  ",0,"0.0000000000                  ",541,"100.0000000000                "
"2001","42762","06","4179","0260","04","Elem      ","N","Oshkosh Area","Oaklawn El","Grades PreK-12","All Races","Both Genders",234,0,"0.0000000000                  ",0,"0.0000000000                  ",0,"0.0000000000                  ",234,"100.0000000000                "
"2001","39632","06","4179","0280","04","Elem      ","N","Oshkosh Area","Oakwood El","Grades PreK-12","All Races","Both Genders",506,0,"0.0000000000                  ",0,"0.0000000000                  ",0,"0.0000000000                  ",506,"100.0000000000                "
"2001","42764","06","4179","0290","04","High      ","N","Oshkosh Area","North Hi","Grades PreK-12","All Races","Both Genders",1502,2,"0.1331557900                  ",33,"2.1970705700                  ",5,"0.3328894800                  ",1462,"97.3368841500                 "
"2001","42765","06","4179","0300","04","High      ","N","Oshkosh Area","West Hi","Grades PreK-12","All Races","Both Genders",1893,0,"0.0000000000                  ",0,"0.0000000000                  ",0,"0.0000000000                  ",1893,"100.0000000000                "
"2001","42766","06","4179","0320","04","Mid/Jr Hi ","N","Oshkosh Area","Tipler Mid","Grades PreK-12","All Races","Both Genders",482,5,"1.0373443900                  ",45,"9.3360995800                  ",7,"1.4522821500                  ",425,"88.1742738500                 "
"2001","42767","06","4179","0340","04","Elem      ","N","Oshkosh Area","Read El","Grades PreK-12","All Races","Both Genders",384,0,"0.0000000000                  ",30,"7.8125000000                  ",3,"0.7812500000                  ",351,"91.4062500000                 "
"2001","42768","06","4179","0360","04","Elem      ","N","Oshkosh Area","Roosevelt El","Grades PreK-12","All Races","Both Genders",320,5,"1.5625000000                  ",31,"9.6875000000                  ",2,"0.6250000000                  ",282,"88.1250000000                 "
"2001","42769","06","4179","0400","04","Elem      ","N","Oshkosh Area","Smith El","Grades PreK-12","All Races","Both Genders",265,0,"0.0000000000                  ",0,"0.0000000000                  ",0,"0.0000000000                  ",265,"100.0000000000                "
"2001","42770","06","4179","0440","04","Mid/Jr Hi ","N","Oshkosh Area","South Park Mid","Grades PreK-12","All Races","Both Genders",467,0,"0.0000000000                  ",0,"0.0000000000                  ",0,"0.0000000000                  ",467,"100.0000000000                "
"2001","39633","06","4179","0460","04","Elem      ","N","Oshkosh Area","Sunset El","Grades PreK-12","All Races","Both Genders",153,0,"0.0000000000                  ",0,"0.0000000000                  ",0,"0.0000000000                  ",153,"100.0000000000                "
"2001","42771","06","4179","0480","04","Elem      ","N","Oshkosh Area","Washington El","Grades PreK-12","All Races","Both Genders",283,6,"2.1201413400                  ",31,"10.9540636000                 ",1,"0.3533568900                  ",245,"86.5724381600                 "
"2001","42772","06","4179","0500","04","Mid/Jr Hi ","N","Oshkosh Area","Webster Stanley Mid","Grades PreK-12","All Races","Both Genders",458,0,"0.0000000000                  ",0,"0.0000000000                  ",0,"0.0000000000                  ",458,"100.0000000000                "
"2001","42773","06","4179","0520","04","Elem      ","N","Oshkosh Area","Webster Stanley El","Grades PreK-12","All Races","Both Genders",325,0,"0.0000000000                  ",72,"22.1538461500                 ",5,"1.5384615300                  ",248,"76.3076923000                 "
"2001","43156","06","4820","","03","Elem      ","N","Richfield J1","","Elementary School Type/ Prek-12","All Races","Both Genders",449,0,"0.0000000000                  ",0,"0.0000000000                  ",0,"0.0000000000                  ",449,"100.0000000000                "
"2001","43156","06","4820","","03","Mid/Jr Hi ","N","Richfield J1","","Middle/Junior High School Type/ Prek-12","All Races","Both Genders",0,0,"--                            ",0,"--                            ",0,"--                            ",,"--                            "
"2001","43156","06","4820","","03","High      ","N","Richfield J1","","High School Type/ PreK-12","All Races","Both Genders",0,0,"--                            ",0,"--                            ",0,"--                            ",,"--                            "
"2001","43156","06","4820","","03","El/Sec    ","N","Richfield J1","","Combined Elementary/Secondary School Type/ Prek-12","All Races","Both Genders",0,0,"--                            ",0,"--                            ",0,"--                            ",,"--                            "
"2001","43156","06","4820","","03","Summary   ","N","Richfield J1","","Grades PreK-12","All Races","Both Genders",449,0,"0.0000000000                  ",0,"0.0000000000                  ",0,"0.0000000000                  ",449,"100.0000000000                "
"2001","41833","06","4820","0020","04","Elem      ","N","Richfield J1","Richfield El","Grades PreK-12","All Races","Both Genders",328,0,"0.0000000000                  ",0,"0.0000000000                  ",0,"0.0000000000                  ",328,"100.0000000000                "
"2001","41077","06","4820","0040","04","Elem      ","N","Richfield J1","Plat El","Grades PreK-12","All Races","Both Genders",121,0,"0.0000000000                  ",0,"0.0000000000                  ",0,"0.0000000000                  ",121,"100.0000000000                "
"2001","43141","06","4843","","03","Elem      ","N","Friess Lake","","Elementary School Type/ Prek-12","All Races","Both Genders",240,0,"0.0000000000                  ",0,"0.0000000000                  ",0,"0.0000000000                  ",240,"100.0000000000                "
"2001","43141","06","4843","","03","Mid/Jr Hi ","N","Friess Lake","","Middle/Junior High School Type/ Prek-12","All Races","Both Genders",0,0,"--                            ",0,"--                            ",0,"--                            ",,"--                            "
"2001","43141","06","4843","","03","High      ","N","Friess Lake","","High School Type/ PreK-12","All Races","Both Genders",0,0,"--                            ",0,"--                            ",0,"--                            ",,"--                            "
"2001","43141","06","4843","","03","El/Sec    ","N","Friess Lake","","Combined Elementary/Secondary School Type/ Prek-12","All Races","Both Genders",0,0,"--                            ",0,"--                            ",0,"--                            ",,"--                            "
"2001","43141","06","4843","","03","Summary   ","N","Friess Lake","","Grades PreK-12","All Races","Both Genders",240,0,"0.0000000000                  ",0,"0.0000000000                  ",0,"0.0000000000                  ",240,"100.0000000000                "
"2001","39609","06","4843","0020","04","Elem      ","N","Friess Lake","Friess Lake Sch","Grades PreK-12","All Races","Both Genders",240,0,"0.0000000000                  ",0,"0.0000000000                  ",0,"0.0000000000                  ",240,"100.0000000000                "
"2001","43373","06","4872","","03","Elem      ","N","Ripon","","Elementary School Type/ Prek-12","All Races","Both Genders",729,0,"0.0000000000                  ",0,"0.0000000000                  ",0,"0.0000000000                  ",729,"100.0000000000                "
"2001","43373","06","4872","","03","Mid/Jr Hi ","N","Ripon","","Middle/Junior High School Type/ Prek-12","All Races","Both Genders",409,0,"0.0000000000                  ",0,"0.0000000000                  ",0,"0.0000000000                  ",409,"100.0000000000                "
"2001","43373","06","4872","","03","High      ","N","Ripon","","High School Type/ PreK-12","All Races","Both Genders",531,0,"0.0000000000                  ",0,"0.0000000000                  ",0,"0.0000000000                  ",531,"100.0000000000                "
"2001","43373","06","4872","","03","El/Sec    ","N","Ripon","","Combined Elementary/Secondary School Type/ Prek-12","All Races","Both Genders",0,0,"--                            ",0,"--                            ",0,"--                            ",,"--                            "
"2001","43373","06","4872","","03","Summary   ","N","Ripon","","Grades PreK-12","All Races","Both Genders",1669,0,"0.0000000000                  ",0,"0.0000000000                  ",0,"0.0000000000                  ",1669,"100.0000000000                "
"2001","42823","06","4872","0100","04","Elem      ","N","Ripon","Murray Park El","Grades PreK-12","All Races","Both Genders",383,0,"0.0000000000                  ",0,"0.0000000000                  ",0,"0.0000000000                  ",383,"100.0000000000                "
"2001","43892","06","4872","0110","04","Elem      ","N","Ripon","Barlow Park El","Grades PreK-12","All Races","Both Genders",346,0,"0.0000000000                  ",0,"0.0000000000                  ",0,"0.0000000000                  ",346,"100.0000000000                "
"2001","42824","06","4872","0120","04","High      ","N","Ripon","Ripon Hi","Grades PreK-12","All Races","Both Genders",531,0,"0.0000000000                  ",0,"0.0000000000                  ",0,"0.0000000000                  ",531,"100.0000000000                "
"2001","42825","06","4872","0140","04","Mid/Jr Hi ","N","Ripon","Ripon Mid","Grades PreK-12","All Races","Both Genders",409,0,"0.0000000000                  ",0,"0.0000000000                  ",0,"0.0000000000                  ",409,"100.0000000000                "
"2001","43377","06","4956","","03","Elem      ","N","Rosendale-Brandon","","Elementary School Type/ Prek-12","All Races","Both Genders",382,0,"0.0000000000                  ",0,"0.0000000000                  ",0,"0.0000000000                  ",382,"100.0000000000                "
"2001","43377","06","4956","","03","Mid/Jr Hi ","N","Rosendale-Brandon","","Middle/Junior High School Type/ Prek-12","All Races","Both Genders",298,0,"0.0000000000                  ",0,"0.0000000000                  ",0,"0.0000000000                  ",298,"100.0000000000                "
"2001","43377","06","4956","","03","High      ","N","Rosendale-Brandon","","High School Type/ PreK-12","All Races","Both Genders",348,0,"0.0000000000                  ",0,"0.0000000000                  ",0,"0.0000000000                  ",348,"100.0000000000                "
"2001","43377","06","4956","","03","El/Sec    ","N","Rosendale-Brandon","","Combined Elementary/Secondary School Type/ Prek-12","All Races","Both Genders",0,0,"--                            ",0,"--                            ",0,"--                            ",,"--                            "
"2001","43377","06","4956","","03","Summary   ","N","Rosendale-Brandon","","Grades PreK-12","All Races","Both Genders",1028,0,"0.0000000000                  ",0,"0.0000000000                  ",0,"0.0000000000                  ",1028,"100.0000000000                "
"2001","42208","06","4956","0025","04","Elem      ","N","Rosendale-Brandon","Brandon El","Grades PreK-12","All Races","Both Genders",196,0,"0.0000000000                  ",0,"0.0000000000                  ",0,"0.0000000000                  ",196,"100.0000000000                "
"2001","42209","06","4956","0030","04","Mid/Jr Hi ","N","Rosendale-Brandon","Brandon Mid","Grades PreK-12","All Races","Both Genders",90,0,"0.0000000000                  ",0,"0.0000000000                  ",0,"0.0000000000                  ",90,"100.0000000000                "
"2001","42828","06","4956","0050","04","High      ","N","Rosendale-Brandon","Laconia Hi","Grades PreK-12","All Races","Both Genders",348,0,"0.0000000000                  ",0,"0.0000000000                  ",0,"0.0000000000                  ",348,"100.0000000000                "
"2001","42833","06","4956","0060","04","Elem      ","N","Rosendale-Brandon","Rosendale Primary","Grades PreK-12","All Races","Both Genders",186,0,"0.0000000000                  ",0,"0.0000000000                  ",0,"0.0000000000                  ",186,"100.0000000000                "
"2001","42834","06","4956","0080","04","Mid/Jr Hi ","N","Rosendale-Brandon","Rosendale Intermediate","Grades PreK-12","All Races","Both Genders",208,0,"0.0000000000                  ",0,"0.0000000000                  ",0,"0.0000000000                  ",208,"100.0000000000                "
"2001","43157","06","4998","","03","Elem      ","N","Rubicon J6","","Elementary School Type/ Prek-12","All Races","Both Genders",146,0,"0.0000000000                  ",0,"0.0000000000                  ",0,"0.0000000000                  ",146,"100.0000000000                "
"2001","43157","06","4998","","03","Mid/Jr Hi ","N","Rubicon J6","","Middle/Junior High School Type/ Prek-12","All Races","Both Genders",0,0,"--                            ",0,"--                            ",0,"--                            ",,"--                            "
"2001","43157","06","4998","","03","High      ","N","Rubicon J6","","High School Type/ PreK-12","All Races","Both Genders",0,0,"--                            ",0,"--                            ",0,"--                            ",,"--                            "
"2001","43157","06","4998","","03","El/Sec    ","N","Rubicon J6","","Combined Elementary/Secondary School Type/ Prek-12","All Races","Both Genders",0,0,"--                            ",0,"--                            ",0,"--                            ",,"--                            "
"2001","43157","06","4998","","03","Summary   ","N","Rubicon J6","","Grades PreK-12","All Races","Both Genders",146,0,"0.0000000000                  ",0,"0.0000000000                  ",0,"0.0000000000                  ",146,"100.0000000000                "
"2001","41834","06","4998","0020","04","Elem      ","N","Rubicon J6","Saylesville El","Grades PreK-12","All Races","Both Genders",146,0,"0.0000000000                  ",0,"0.0000000000                  ",0,"0.0000000000                  ",146,"100.0000000000                "
"2001","43052","06","5348","","03","Elem      ","N","Shiocton","","Elementary School Type/ Prek-12","All Races","Both Genders",595,3,"0.5042016800                  ",0,"0.0000000000                  ",0,"0.0000000000                  ",592,"99.4957983100                 "
"2001","43052","06","5348","","03","Mid/Jr Hi ","N","Shiocton","","Middle/Junior High School Type/ Prek-12","All Races","Both Genders",0,0,"--                            ",0,"--                            ",0,"--                            ",,"--                            "
"2001","43052","06","5348","","03","High      ","N","Shiocton","","High School Type/ PreK-12","All Races","Both Genders",239,1,"0.4184100400                  ",0,"0.0000000000                  ",0,"0.0000000000                  ",238,"99.5815899500                 "
"2001","43052","06","5348","","03","El/Sec    ","N","Shiocton","","Combined Elementary/Secondary School Type/ Prek-12","All Races","Both Genders",0,0,"--                            ",0,"--                            ",0,"--                            ",,"--                            "
"2001","43052","06","5348","","03","Summary   ","N","Shiocton","","Grades PreK-12","All Races","Both Genders",834,4,"0.4796163000                  ",0,"0.0000000000                  ",0,"0.0000000000                  ",830,"99.5203836900                 "
"2001","41545","06","5348","0020","04","Elem      ","N","Shiocton","Shiocton El","Grades PreK-12","All Races","Both Genders",595,3,"0.5042016800                  ",0,"0.0000000000                  ",0,"0.0000000000                  ",592,"99.4957983100                 "
"2001","41546","06","5348","0040","04","High      ","N","Shiocton","Shiocton Hi","Grades PreK-12","All Races","Both Genders",239,1,"0.4184100400                  ",0,"0.0000000000                  ",0,"0.0000000000                  ",238,"99.5815899500                 "
"2001","42925","06","5390","","03","Elem      ","N","Slinger","","Elementary School Type/ Prek-12","All Races","Both Genders",1216,4,"0.3289473600                  ",0,"0.0000000000                  ",1,"0.0822368400                  ",1211,"99.5888157800                 "
"2001","42925","06","5390","","03","Mid/Jr Hi ","N","Slinger","","Middle/Junior High School Type/ Prek-12","All Races","Both Genders",639,0,"0.0000000000                  ",0,"0.0000000000                  ",0,"0.0000000000                  ",639,"100.0000000000                "
"2001","42925","06","5390","","03","High      ","N","Slinger","","High School Type/ PreK-12","All Races","Both Genders",901,0,"0.0000000000                  ",0,"0.0000000000                  ",0,"0.0000000000                  ",901,"100.0000000000                "
"2001","42925","06","5390","","03","El/Sec    ","N","Slinger","","Combined Elementary/Secondary School Type/ Prek-12","All Races","Both Genders",0,0,"--                            ",0,"--                            ",0,"--                            ",,"--                            "
"2001","42925","06","5390","","03","Summary   ","N","Slinger","","Grades PreK-12","All Races","Both Genders",2756,4,"0.1451378800                  ",0,"0.0000000000                  ",1,"0.0362844700                  ",2751,"99.8185776400                 "
"2001","41134","06","5390","0010","04","Elem      ","N","Slinger","Allenton El","Grades PreK-12","All Races","Both Genders",399,4,"1.0025062600                  ",0,"0.0000000000                  ",1,"0.2506265600                  ",394,"98.7468671600                 "
"2001","40941","06","5390","0020","04","Elem      ","N","Slinger","Slinger El","Grades PreK-12","All Races","Both Genders",817,0,"0.0000000000                  ",0,"0.0000000000                  ",0,"0.0000000000                  ",817,"100.0000000000                "
"2001","40942","06","5390","0060","04","Mid/Jr Hi ","N","Slinger","Slinger Mid","Grades PreK-12","All Races","Both Genders",639,0,"0.0000000000                  ",0,"0.0000000000                  ",0,"0.0000000000                  ",639,"100.0000000000                "
"2001","40943","06","5390","0080","04","High      ","N","Slinger","Slinger Hi","Grades PreK-12","All Races","Both Genders",901,0,"0.0000000000                  ",0,"0.0000000000                  ",0,"0.0000000000                  ",901,"100.0000000000                "
"2001","43231","06","6216","","03","Elem      ","N","Waupun","","Elementary School Type/ Prek-12","All Races","Both Genders",1040,0,"0.0000000000                  ",0,"0.0000000000                  ",0,"0.0000000000                  ",1040,"100.0000000000                "
"2001","43231","06","6216","","03","Mid/Jr Hi ","N","Waupun","","Middle/Junior High School Type/ Prek-12","All Races","Both Genders",571,0,"0.0000000000                  ",0,"0.0000000000                  ",0,"0.0000000000                  ",571,"100.0000000000                "
"2001","43231","06","6216","","03","High      ","N","Waupun","","High School Type/ PreK-12","All Races","Both Genders",778,0,"0.0000000000                  ",0,"0.0000000000                  ",0,"0.0000000000                  ",778,"100.0000000000                "
"2001","43231","06","6216","","03","El/Sec    ","N","Waupun","","Combined Elementary/Secondary School Type/ Prek-12","All Races","Both Genders",0,0,"--                            ",0,"--                            ",0,"--                            ",,"--                            "
"2001","43231","06","6216","","03","Summary   ","N","Waupun","","Grades PreK-12","All Races","Both Genders",2389,0,"0.0000000000                  ",0,"0.0000000000                  ",0,"0.0000000000                  ",2389,"100.0000000000                "
"2001","42243","06","6216","0020","04","Elem      ","N","Waupun","Alto El","Grades PreK-12","All Races","Both Genders",117,0,"0.0000000000                  ",0,"0.0000000000                  ",0,"0.0000000000                  ",117,"100.0000000000                "
"2001","42210","06","6216","0040","04","Elem      ","N","Waupun","Amity El","Grades PreK-12","All Races","Both Genders",119,0,"0.0000000000                  ",0,"0.0000000000                  ",0,"0.0000000000                  ",119,"100.0000000000                "
"2001","42226","06","6216","0080","04","Elem      ","N","Waupun","Fox Lake El","Grades PreK-12","All Races","Both Genders",137,0,"0.0000000000                  ",0,"0.0000000000                  ",0,"0.0000000000                  ",137,"100.0000000000                "
"2001","42244","06","6216","0100","04","Elem      ","N","Waupun","Jefferson El","Grades PreK-12","All Races","Both Genders",283,0,"0.0000000000                  ",0,"0.0000000000                  ",0,"0.0000000000                  ",283,"100.0000000000                "
"2001","42245","06","6216","0160","04","Elem      ","N","Waupun","Washington El","Grades PreK-12","All Races","Both Genders",384,0,"0.0000000000                  ",0,"0.0000000000                  ",0,"0.0000000000                  ",384,"100.0000000000                "
"2001","42246","06","6216","0180","04","Mid/Jr Hi ","N","Waupun","Waupun Mid","Grades PreK-12","All Races","Both Genders",571,0,"0.0000000000                  ",0,"0.0000000000                  ",0,"0.0000000000                  ",571,"100.0000000000                "
"2001","42247","06","6216","0200","04","High      ","N","Waupun","Waupun Hi","Grades PreK-12","All Races","Both Genders",756,0,"0.0000000000                  ",0,"0.0000000000                  ",0,"0.0000000000                  ",756,"100.0000000000                "
"2001","44810","06","6216","0400","04","High      ","Y","Waupun","Waupun Alternative High School","Grades PreK-12","All Races","Both Genders",22,0,"0.0000000000                  ",0,"0.0000000000                  ",0,"0.0000000000                  ",22,"100.0000000000                "
"2001","42933","06","6307","","03","Elem      ","N","West Bend","","Elementary School Type/ Prek-12","All Races","Both Genders",2874,30,"1.0438413300                  ",4,"0.1391788400                  ",8,"0.2783576800                  ",2832,"98.5386221200                 "
"2001","42933","06","6307","","03","Mid/Jr Hi ","N","West Bend","","Middle/Junior High School Type/ Prek-12","All Races","Both Genders",1475,8,"0.5423728800                  ",4,"0.2711864400                  ",7,"0.4745762700                  ",1456,"98.7118644000                 "
"2001","42933","06","6307","","03","High      ","N","West Bend","","High School Type/ PreK-12","All Races","Both Genders",2430,14,"0.5761316800                  ",1,"0.0411522600                  ",13,"0.5349794200                  ",2402,"98.8477366200                 "
"2001","42933","06","6307","","03","El/Sec    ","N","West Bend","","Combined Elementary/Secondary School Type/ Prek-12","All Races","Both Genders",0,0,"--                            ",0,"--                            ",0,"--                            ",,"--                            "
"2001","42933","06","6307","","03","Summary   ","N","West Bend","","Grades PreK-12","All Races","Both Genders",6779,52,"0.7670747800                  ",9,"0.1327629400                  ",28,"0.4130402700                  ",6690,"98.6871219900                 "
"2001","40962","06","6307","0010","04","Mid/Jr Hi ","N","West Bend","Badger Mid","Grades PreK-12","All Races","Both Genders",871,5,"0.5740528100                  ",4,"0.4592422500                  ",5,"0.5740528100                  ",857,"98.3926521200                 "
"2001","40963","06","6307","0020","04","Elem      ","N","West Bend","Barton El","Grades PreK-12","All Races","Both Genders",391,6,"1.5345268500                  ",0,"0.0000000000                  ",2,"0.5115089500                  ",383,"97.9539641900                 "
"2001","40964","06","6307","0040","04","Elem      ","N","West Bend","Decorah El","Grades PreK-12","All Races","Both Genders",408,2,"0.4901960700                  ",0,"0.0000000000                  ",1,"0.2450980300                  ",405,"99.2647058800                 "
"2001","40965","06","6307","0050","04","High      ","N","West Bend","East Hi","Grades PreK-12","All Races","Both Genders",1211,9,"0.7431874400                  ",1,"0.0825763800                  ",4,"0.3303055300                  ",1197,"98.8439306300                 "
"2001","40966","06","6307","0060","04","Elem      ","N","West Bend","Fair Park El","Grades PreK-12","All Races","Both Genders",466,0,"0.0000000000                  ",1,"0.2145922700                  ",2,"0.4291845400                  ",463,"99.3562231700                 "
"2001","40967","06","6307","0070","04","Elem      ","N","West Bend","Green Tree El","Grades PreK-12","All Races","Both Genders",485,19,"3.9175257700                  ",2,"0.4123711300                  ",1,"0.2061855600                  ",463,"95.4639175200                 "
"2001","41797","06","6307","0080","04","Elem      ","N","West Bend","Jackson El","Grades PreK-12","All Races","Both Genders",469,1,"0.2132196100                  ",0,"0.0000000000                  ",0,"0.0000000000                  ",468,"99.7867803800                 "
"2001","40968","06","6307","0100","04","Elem      ","N","West Bend","McLane El","Grades PreK-12","All Races","Both Genders",507,0,"0.0000000000                  ",0,"0.0000000000                  ",1,"0.1972386500                  ",506,"99.8027613400                 "
"2001","40969","06","6307","0160","04","Mid/Jr Hi ","N","West Bend","Silverbrook Mid","Grades PreK-12","All Races","Both Genders",604,3,"0.4966887400                  ",0,"0.0000000000                  ",2,"0.3311258200                  ",599,"99.1721854300                 "
"2001","40970","06","6307","0180","04","Elem      ","N","West Bend","Silver Maple PK","Grades PreK-12","All Races","Both Genders",148,2,"1.3513513500                  ",1,"0.6756756700                  ",1,"0.6756756700                  ",144,"97.2972972900                 "
"2001","40971","06","6307","0200","04","High      ","N","West Bend","West Hi","Grades PreK-12","All Races","Both Genders",1219,5,"0.4101722700                  ",0,"0.0000000000                  ",9,"0.7383100900                  ",1205,"98.8515176300                 "
"2001","43127","06","6384","","03","Elem      ","N","Weyauwega-Fremont","","Elementary School Type/ Prek-12","All Races","Both Genders",473,0,"0.0000000000                  ",0,"0.0000000000                  ",0,"0.0000000000                  ",473,"100.0000000000                "
"2001","43127","06","6384","","03","Mid/Jr Hi ","N","Weyauwega-Fremont","","Middle/Junior High School Type/ Prek-12","All Races","Both Genders",260,0,"0.0000000000                  ",0,"0.0000000000                  ",0,"0.0000000000                  ",260,"100.0000000000                "
"2001","43127","06","6384","","03","High      ","N","Weyauwega-Fremont","","High School Type/ PreK-12","All Races","Both Genders",366,0,"0.0000000000                  ",0,"0.0000000000                  ",0,"0.0000000000                  ",366,"100.0000000000                "
"2001","43127","06","6384","","03","El/Sec    ","N","Weyauwega-Fremont","","Combined Elementary/Secondary School Type/ Prek-12","All Races","Both Genders",0,0,"--                            ",0,"--                            ",0,"--                            ",,"--                            "
"2001","43127","06","6384","","03","Summary   ","N","Weyauwega-Fremont","","Grades PreK-12","All Races","Both Genders",1099,0,"0.0000000000                  ",0,"0.0000000000                  ",0,"0.0000000000                  ",1099,"100.0000000000                "
"2001","42792","06","6384","0040","04","Elem      ","N","Weyauwega-Fremont","Fremont El","Grades PreK-12","All Races","Both Genders",148,0,"0.0000000000                  ",0,"0.0000000000                  ",0,"0.0000000000                  ",148,"100.0000000000                "
"2001","39737","06","6384","0080","04","Elem      ","N","Weyauwega-Fremont","Weyauwega El","Grades PreK-12","All Races","Both Genders",325,0,"0.0000000000                  ",0,"0.0000000000                  ",0,"0.0000000000                  ",325,"100.0000000000                "
"2001","39738","06","6384","0100","04","High      ","N","Weyauwega-Fremont","Weyauwega Hi","Grades PreK-12","All Races","Both Genders",366,0,"0.0000000000                  ",0,"0.0000000000                  ",0,"0.0000000000                  ",366,"100.0000000000                "
"2001","39739","06","6384","0120","04","Mid/Jr Hi ","N","Weyauwega-Fremont","Weyauwega Mid","Grades PreK-12","All Races","Both Genders",260,0,"0.0000000000                  ",0,"0.0000000000                  ",0,"0.0000000000                  ",260,"100.0000000000                "
"2001","43129","06","6608","","03","Elem      ","N","Winneconne Community","","Elementary School Type/ Prek-12","All Races","Both Genders",688,0,"0.0000000000                  ",0,"0.0000000000                  ",0,"0.0000000000                  ",688,"100.0000000000                "
"2001","43129","06","6608","","03","Mid/Jr Hi ","N","Winneconne Community","","Middle/Junior High School Type/ Prek-12","All Races","Both Genders",410,0,"0.0000000000                  ",0,"0.0000000000                  ",0,"0.0000000000                  ",410,"100.0000000000                "
"2001","43129","06","6608","","03","High      ","N","Winneconne Community","","High School Type/ PreK-12","All Races","Both Genders",567,0,"0.0000000000                  ",0,"0.0000000000                  ",0,"0.0000000000                  ",567,"100.0000000000                "
"2001","43129","06","6608","","03","El/Sec    ","N","Winneconne Community","","Combined Elementary/Secondary School Type/ Prek-12","All Races","Both Genders",0,0,"--                            ",0,"--                            ",0,"--                            ",,"--                            "
"2001","43129","06","6608","","03","Summary   ","N","Winneconne Community","","Grades PreK-12","All Races","Both Genders",1665,0,"0.0000000000                  ",0,"0.0000000000                  ",0,"0.0000000000                  ",1665,"100.0000000000                "
"2001","39644","06","6608","0020","04","Elem      ","N","Winneconne Community","Winchester El","Grades PreK-12","All Races","Both Genders",102,0,"0.0000000000                  ",0,"0.0000000000                  ",0,"0.0000000000                  ",102,"100.0000000000                "
"2001","39645","06","6608","0040","04","Elem      ","N","Winneconne Community","Winneconne El","Grades PreK-12","All Races","Both Genders",586,0,"0.0000000000                  ",0,"0.0000000000                  ",0,"0.0000000000                  ",586,"100.0000000000                "
"2001","39646","06","6608","0060","04","High      ","N","Winneconne Community","Winneconne Hi","Grades PreK-12","All Races","Both Genders",567,0,"0.0000000000                  ",0,"0.0000000000                  ",0,"0.0000000000                  ",567,"100.0000000000                "
"2001","39647","06","6608","0080","04","Mid/Jr Hi ","N","Winneconne Community","Winneconne Mid","Grades PreK-12","All Races","Both Genders",410,0,"0.0000000000                  ",0,"0.0000000000                  ",0,"0.0000000000                  ",410,"100.0000000000                "
