"year","agency_key","CESA","district_number","school_number","agency_type","school_type","charter","district_name","school_name","grade_label","race_ethnicity","gender","enrollment_prek-12","number_lep_spanish","percent_lep_spanish","number_lep_hmong","percent_lep_hmong","number_lep_other","percent_lep_other","number_english_proficient","percent_english_proficient"
"1999","22498","02","0063","","03","Elem      ","N","Albany","","Elementary School Type/ Prek-12","All Races","Both Genders",237,0,"0.0000000000                  ",0,"0.0000000000                  ",0,"0.0000000000                  ",237,"100.0000000000                "
"1999","22498","02","0063","","03","Mid/Jr Hi ","N","Albany","","Middle/Junior High School Type/ Prek-12","All Races","Both Genders",112,0,"0.0000000000                  ",0,"0.0000000000                  ",0,"0.0000000000                  ",112,"100.0000000000                "
"1999","22498","02","0063","","03","High      ","N","Albany","","High School Type/ PreK-12","All Races","Both Genders",146,0,"0.0000000000                  ",0,"0.0000000000                  ",0,"0.0000000000                  ",146,"100.0000000000                "
"1999","22498","02","0063","","03","El/Sec    ","N","Albany","","Combined Elementary/Secondary School Type/ Prek-12","All Races","Both Genders",0,0,"--                            ",0,"--                            ",0,"--                            ",,"--                            "
"1999","22498","02","0063","","03","Summary   ","N","Albany","","Grades PreK-12","All Races","Both Genders",495,0,"0.0000000000                  ",0,"0.0000000000                  ",0,"0.0000000000                  ",495,"100.0000000000                "
"1999","22495","02","0063","0020","04","Elem      ","N","Albany","Albany El","Grades PreK-12","All Races","Both Genders",237,0,"0.0000000000                  ",0,"0.0000000000                  ",0,"0.0000000000                  ",237,"100.0000000000                "
"1999","22496","02","0063","0040","04","High      ","N","Albany","Albany Hi","Grades PreK-12","All Races","Both Genders",146,0,"0.0000000000                  ",0,"0.0000000000                  ",0,"0.0000000000                  ",146,"100.0000000000                "
"1999","22497","02","0063","0060","04","Mid/Jr Hi ","N","Albany","Albany Mid","Grades PreK-12","All Races","Both Genders",112,0,"0.0000000000                  ",0,"0.0000000000                  ",0,"0.0000000000                  ",112,"100.0000000000                "
"1999","22510","02","0350","","03","Elem      ","N","Belleville","","Elementary School Type/ Prek-12","All Races","Both Genders",506,0,"0.0000000000                  ",0,"0.0000000000                  ",0,"0.0000000000                  ",506,"100.0000000000                "
"1999","22510","02","0350","","03","Mid/Jr Hi ","N","Belleville","","Middle/Junior High School Type/ Prek-12","All Races","Both Genders",121,0,"0.0000000000                  ",0,"0.0000000000                  ",0,"0.0000000000                  ",121,"100.0000000000                "
"1999","22510","02","0350","","03","High      ","N","Belleville","","High School Type/ PreK-12","All Races","Both Genders",218,0,"0.0000000000                  ",0,"0.0000000000                  ",0,"0.0000000000                  ",218,"100.0000000000                "
"1999","22510","02","0350","","03","El/Sec    ","N","Belleville","","Combined Elementary/Secondary School Type/ Prek-12","All Races","Both Genders",0,0,"--                            ",0,"--                            ",0,"--                            ",,"--                            "
"1999","22510","02","0350","","03","Summary   ","N","Belleville","","Grades PreK-12","All Races","Both Genders",845,0,"0.0000000000                  ",0,"0.0000000000                  ",0,"0.0000000000                  ",845,"100.0000000000                "
"1999","22507","02","0350","0020","04","Elem      ","N","Belleville","Belleville Elementary","Grades PreK-12","All Races","Both Genders",147,0,"0.0000000000                  ",0,"0.0000000000                  ",0,"0.0000000000                  ",147,"100.0000000000                "
"1999","22508","02","0350","0040","04","High      ","N","Belleville","Belleville Hi","Grades PreK-12","All Races","Both Genders",218,0,"0.0000000000                  ",0,"0.0000000000                  ",0,"0.0000000000                  ",218,"100.0000000000                "
"1999","22509","02","0350","0060","04","Mid/Jr Hi ","N","Belleville","Belleville Mid","Grades PreK-12","All Races","Both Genders",121,0,"0.0000000000                  ",0,"0.0000000000                  ",0,"0.0000000000                  ",121,"100.0000000000                "
"1999","24967","02","0350","0100","04","Elem      ","N","Belleville","Belleville Intermediate","Grades PreK-12","All Races","Both Genders",359,0,"0.0000000000                  ",0,"0.0000000000                  ",0,"0.0000000000                  ",359,"100.0000000000                "
"1999","22540","02","0413","","03","Elem      ","N","Beloit","","Elementary School Type/ Prek-12","All Races","Both Genders",3450,154,"4.4637681100                  ",0,"0.0000000000                  ",13,"0.3768115900                  ",3283,"95.1594202800                 "
"1999","22540","02","0413","","03","Mid/Jr Hi ","N","Beloit","","Middle/Junior High School Type/ Prek-12","All Races","Both Genders",1466,25,"1.7053206000                  ",0,"0.0000000000                  ",0,"0.0000000000                  ",1441,"98.2946793900                 "
"1999","22540","02","0413","","03","High      ","N","Beloit","","High School Type/ PreK-12","All Races","Both Genders",1862,27,"1.4500537000                  ",0,"0.0000000000                  ",1,"0.0537056900                  ",1834,"98.4962406000                 "
"1999","22540","02","0413","","03","El/Sec    ","N","Beloit","","Combined Elementary/Secondary School Type/ Prek-12","All Races","Both Genders",0,0,"--                            ",0,"--                            ",0,"--                            ",,"--                            "
"1999","22540","02","0413","","03","Summary   ","N","Beloit","","Grades PreK-12","All Races","Both Genders",6778,206,"3.0392446100                  ",0,"0.0000000000                  ",14,"0.2065506000                  ",6558,"96.7542047800                 "
"1999","22514","02","0413","0020","04","Mid/Jr Hi ","N","Beloit","Aldrich Mid","Grades PreK-12","All Races","Both Genders",688,12,"1.7441860400                  ",0,"0.0000000000                  ",0,"0.0000000000                  ",676,"98.2558139500                 "
"1999","22515","02","0413","0040","04","Elem      ","N","Beloit","Burdge El","Grades PreK-12","All Races","Both Genders",209,4,"1.9138755900                  ",0,"0.0000000000                  ",0,"0.0000000000                  ",205,"98.0861244000                 "
"1999","22516","02","0413","0060","04","Elem      ","N","Beloit","Converse El","Grades PreK-12","All Races","Both Genders",322,3,"0.9316770100                  ",0,"0.0000000000                  ",0,"0.0000000000                  ",319,"99.0683229800                 "
"1999","22517","02","0413","0080","04","Elem      ","N","Beloit","Cunningham El","Grades PreK-12","All Races","Both Genders",284,6,"2.1126760500                  ",0,"0.0000000000                  ",2,"0.7042253500                  ",276,"97.1830985900                 "
"1999","22518","02","0413","0097","04","Elem      ","N","Beloit","Roosevelt P-K","Grades PreK-12","All Races","Both Genders",40,0,"0.0000000000                  ",0,"0.0000000000                  ",0,"0.0000000000                  ",40,"100.0000000000                "
"1999","22519","02","0413","0110","04","Elem      ","N","Beloit","Gaston El","Grades PreK-12","All Races","Both Genders",320,3,"0.9375000000                  ",0,"0.0000000000                  ",1,"0.3125000000                  ",316,"98.7500000000                 "
"1999","22520","02","0413","0120","04","Elem      ","N","Beloit","Hackett El","Grades PreK-12","All Races","Both Genders",356,35,"9.8314606700                  ",0,"0.0000000000                  ",4,"1.1235955000                  ",317,"89.0449438200                 "
"1999","22521","02","0413","0160","04","Elem      ","N","Beloit","McLenegan El","Grades PreK-12","All Races","Both Genders",236,3,"1.2711864400                  ",0,"0.0000000000                  ",1,"0.4237288100                  ",232,"98.3050847400                 "
"1999","22522","02","0413","0180","04","Mid/Jr Hi ","N","Beloit","McNeel Mid","Grades PreK-12","All Races","Both Genders",778,13,"1.6709511500                  ",0,"0.0000000000                  ",0,"0.0000000000                  ",765,"98.3290488400                 "
"1999","22523","02","0413","0200","04","High      ","N","Beloit","Memorial Hi","Grades PreK-12","All Races","Both Genders",1862,27,"1.4500537000                  ",0,"0.0000000000                  ",1,"0.0537056900                  ",1834,"98.4962406000                 "
"1999","22524","02","0413","0210","04","Elem      ","N","Beloit","Merrill El","Grades PreK-12","All Races","Both Genders",336,4,"1.1904761900                  ",0,"0.0000000000                  ",0,"0.0000000000                  ",332,"98.8095238000                 "
"1999","22525","02","0413","0240","04","Elem      ","N","Beloit","Morgan El","Grades PreK-12","All Races","Both Genders",244,3,"1.2295081900                  ",0,"0.0000000000                  ",3,"1.2295081900                  ",238,"97.5409836000                 "
"1999","22526","02","0413","0260","04","Elem      ","N","Beloit","Robinson El","Grades PreK-12","All Races","Both Genders",284,9,"3.1690140800                  ",0,"0.0000000000                  ",0,"0.0000000000                  ",275,"96.8309859100                 "
"1999","22527","02","0413","0300","04","Elem      ","N","Beloit","Royce El","Grades PreK-12","All Races","Both Genders",279,30,"10.7526881700                 ",0,"0.0000000000                  ",2,"0.7168458700                  ",247,"88.5304659400                 "
"1999","22528","02","0413","0320","04","Elem      ","N","Beloit","Todd El","Grades PreK-12","All Races","Both Genders",273,15,"5.4945054900                  ",0,"0.0000000000                  ",0,"0.0000000000                  ",258,"94.5054945000                 "
"1999","22529","02","0413","0360","04","Elem      ","N","Beloit","Wright El","Grades PreK-12","All Races","Both Genders",267,39,"14.6067415700                 ",0,"0.0000000000                  ",0,"0.0000000000                  ",228,"85.3932584200                 "
"1999","22541","02","0422","","03","Elem      ","N","Beloit Turner","","Elementary School Type/ Prek-12","All Races","Both Genders",449,0,"0.0000000000                  ",0,"0.0000000000                  ",0,"0.0000000000                  ",449,"100.0000000000                "
"1999","22541","02","0422","","03","Mid/Jr Hi ","N","Beloit Turner","","Middle/Junior High School Type/ Prek-12","All Races","Both Genders",259,0,"0.0000000000                  ",0,"0.0000000000                  ",1,"0.3861003800                  ",258,"99.6138996100                 "
"1999","22541","02","0422","","03","High      ","N","Beloit Turner","","High School Type/ PreK-12","All Races","Both Genders",365,0,"0.0000000000                  ",0,"0.0000000000                  ",0,"0.0000000000                  ",365,"100.0000000000                "
"1999","22541","02","0422","","03","El/Sec    ","N","Beloit Turner","","Combined Elementary/Secondary School Type/ Prek-12","All Races","Both Genders",0,0,"--                            ",0,"--                            ",0,"--                            ",,"--                            "
"1999","22541","02","0422","","03","Summary   ","N","Beloit Turner","","Grades PreK-12","All Races","Both Genders",1073,0,"0.0000000000                  ",0,"0.0000000000                  ",1,"0.0931966400                  ",1072,"99.9068033500                 "
"1999","22530","02","0422","0020","04","High      ","N","Beloit Turner","Turner Hi","Grades PreK-12","All Races","Both Genders",365,0,"0.0000000000                  ",0,"0.0000000000                  ",0,"0.0000000000                  ",365,"100.0000000000                "
"1999","22531","02","0422","0060","04","Elem      ","N","Beloit Turner","Powers El","Grades PreK-12","All Races","Both Genders",206,0,"0.0000000000                  ",0,"0.0000000000                  ",0,"0.0000000000                  ",206,"100.0000000000                "
"1999","22532","02","0422","0100","04","Elem      ","N","Beloit Turner","Townview El","Grades PreK-12","All Races","Both Genders",243,0,"0.0000000000                  ",0,"0.0000000000                  ",0,"0.0000000000                  ",243,"100.0000000000                "
"1999","22533","02","0422","0120","04","Mid/Jr Hi ","N","Beloit Turner","Turner Mid","Grades PreK-12","All Races","Both Genders",259,0,"0.0000000000                  ",0,"0.0000000000                  ",1,"0.3861003800                  ",258,"99.6138996100                 "
"1999","22682","02","0469","","03","Elem      ","N","Wisconsin Heights","","Elementary School Type/ Prek-12","All Races","Both Genders",578,0,"0.0000000000                  ",0,"0.0000000000                  ",0,"0.0000000000                  ",578,"100.0000000000                "
"1999","22682","02","0469","","03","Mid/Jr Hi ","N","Wisconsin Heights","","Middle/Junior High School Type/ Prek-12","All Races","Both Genders",296,0,"0.0000000000                  ",0,"0.0000000000                  ",0,"0.0000000000                  ",296,"100.0000000000                "
"1999","22682","02","0469","","03","High      ","N","Wisconsin Heights","","High School Type/ PreK-12","All Races","Both Genders",336,0,"0.0000000000                  ",0,"0.0000000000                  ",0,"0.0000000000                  ",336,"100.0000000000                "
"1999","22682","02","0469","","03","El/Sec    ","N","Wisconsin Heights","","Combined Elementary/Secondary School Type/ Prek-12","All Races","Both Genders",0,0,"--                            ",0,"--                            ",0,"--                            ",,"--                            "
"1999","22682","02","0469","","03","Summary   ","N","Wisconsin Heights","","Grades PreK-12","All Races","Both Genders",1210,0,"0.0000000000                  ",0,"0.0000000000                  ",0,"0.0000000000                  ",1210,"100.0000000000                "
"1999","22543","02","0469","0020","04","Elem      ","N","Wisconsin Heights","Black Earth El","Grades PreK-12","All Races","Both Genders",271,0,"0.0000000000                  ",0,"0.0000000000                  ",0,"0.0000000000                  ",271,"100.0000000000                "
"1999","22680","02","0469","0040","04","Elem      ","N","Wisconsin Heights","Mazomanie El","Grades PreK-12","All Races","Both Genders",307,0,"0.0000000000                  ",0,"0.0000000000                  ",0,"0.0000000000                  ",307,"100.0000000000                "
"1999","22681","02","0469","0060","04","High      ","N","Wisconsin Heights","Wisconsin Heights Hi","Grades PreK-12","All Races","Both Genders",336,0,"0.0000000000                  ",0,"0.0000000000                  ",0,"0.0000000000                  ",336,"100.0000000000                "
"1999","24815","02","0469","0080","04","Mid/Jr Hi ","N","Wisconsin Heights","Wisconsin Heights Mid","Grades PreK-12","All Races","Both Genders",296,0,"0.0000000000                  ",0,"0.0000000000                  ",0,"0.0000000000                  ",296,"100.0000000000                "
"1999","21842","02","0657","","03","Elem      ","N","Brighton #1","","Elementary School Type/ Prek-12","All Races","Both Genders",177,0,"0.0000000000                  ",0,"0.0000000000                  ",0,"0.0000000000                  ",177,"100.0000000000                "
"1999","21842","02","0657","","03","Mid/Jr Hi ","N","Brighton #1","","Middle/Junior High School Type/ Prek-12","All Races","Both Genders",0,0,"--                            ",0,"--                            ",0,"--                            ",,"--                            "
"1999","21842","02","0657","","03","High      ","N","Brighton #1","","High School Type/ PreK-12","All Races","Both Genders",0,0,"--                            ",0,"--                            ",0,"--                            ",,"--                            "
"1999","21842","02","0657","","03","El/Sec    ","N","Brighton #1","","Combined Elementary/Secondary School Type/ Prek-12","All Races","Both Genders",0,0,"--                            ",0,"--                            ",0,"--                            ",,"--                            "
"1999","21842","02","0657","","03","Summary   ","N","Brighton #1","","Grades PreK-12","All Races","Both Genders",177,0,"0.0000000000                  ",0,"0.0000000000                  ",0,"0.0000000000                  ",177,"100.0000000000                "
"1999","21839","02","0657","0020","04","Elem      ","N","Brighton #1","Brighton El","Grades PreK-12","All Races","Both Genders",177,0,"0.0000000000                  ",0,"0.0000000000                  ",0,"0.0000000000                  ",177,"100.0000000000                "
"1999","21735","02","0665","","03","Elem      ","N","Bristol #1","","Elementary School Type/ Prek-12","All Races","Both Genders",550,0,"0.0000000000                  ",0,"0.0000000000                  ",0,"0.0000000000                  ",550,"100.0000000000                "
"1999","21735","02","0665","","03","Mid/Jr Hi ","N","Bristol #1","","Middle/Junior High School Type/ Prek-12","All Races","Both Genders",0,0,"--                            ",0,"--                            ",0,"--                            ",,"--                            "
"1999","21735","02","0665","","03","High      ","N","Bristol #1","","High School Type/ PreK-12","All Races","Both Genders",0,0,"--                            ",0,"--                            ",0,"--                            ",,"--                            "
"1999","21735","02","0665","","03","El/Sec    ","N","Bristol #1","","Combined Elementary/Secondary School Type/ Prek-12","All Races","Both Genders",0,0,"--                            ",0,"--                            ",0,"--                            ",,"--                            "
"1999","21735","02","0665","","03","Summary   ","N","Bristol #1","","Grades PreK-12","All Races","Both Genders",550,0,"0.0000000000                  ",0,"0.0000000000                  ",0,"0.0000000000                  ",550,"100.0000000000                "
"1999","21734","02","0665","0020","04","Elem      ","N","Bristol #1","Bristol El","Grades PreK-12","All Races","Both Genders",550,0,"0.0000000000                  ",0,"0.0000000000                  ",0,"0.0000000000                  ",550,"100.0000000000                "
"1999","22551","02","0700","","03","Elem      ","N","Brodhead","","Elementary School Type/ Prek-12","All Races","Both Genders",580,0,"0.0000000000                  ",0,"0.0000000000                  ",0,"0.0000000000                  ",580,"100.0000000000                "
"1999","22551","02","0700","","03","Mid/Jr Hi ","N","Brodhead","","Middle/Junior High School Type/ Prek-12","All Races","Both Genders",285,0,"0.0000000000                  ",0,"0.0000000000                  ",0,"0.0000000000                  ",285,"100.0000000000                "
"1999","22551","02","0700","","03","High      ","N","Brodhead","","High School Type/ PreK-12","All Races","Both Genders",353,0,"0.0000000000                  ",0,"0.0000000000                  ",0,"0.0000000000                  ",353,"100.0000000000                "
"1999","22551","02","0700","","03","El/Sec    ","N","Brodhead","","Combined Elementary/Secondary School Type/ Prek-12","All Races","Both Genders",0,0,"--                            ",0,"--                            ",0,"--                            ",,"--                            "
"1999","22551","02","0700","","03","Summary   ","N","Brodhead","","Grades PreK-12","All Races","Both Genders",1218,0,"0.0000000000                  ",0,"0.0000000000                  ",0,"0.0000000000                  ",1218,"100.0000000000                "
"1999","22547","02","0700","0020","04","Elem      ","N","Brodhead","Ronald R Albrecht El","Grades PreK-12","All Races","Both Genders",580,0,"0.0000000000                  ",0,"0.0000000000                  ",0,"0.0000000000                  ",580,"100.0000000000                "
"1999","22548","02","0700","0040","04","High      ","N","Brodhead","Brodhead Hi","Grades PreK-12","All Races","Both Genders",353,0,"0.0000000000                  ",0,"0.0000000000                  ",0,"0.0000000000                  ",353,"100.0000000000                "
"1999","22549","02","0700","0060","04","Mid/Jr Hi ","N","Brodhead","Brodhead Mid","Grades PreK-12","All Races","Both Genders",285,0,"0.0000000000                  ",0,"0.0000000000                  ",0,"0.0000000000                  ",285,"100.0000000000                "
"1999","21747","02","0777","","03","Elem      ","N","Burlington Area","","Elementary School Type/ Prek-12","All Races","Both Genders",1440,40,"2.7777777700                  ",0,"0.0000000000                  ",0,"0.0000000000                  ",1400,"97.2222222200                 "
"1999","21747","02","0777","","03","Mid/Jr Hi ","N","Burlington Area","","Middle/Junior High School Type/ Prek-12","All Races","Both Genders",829,1,"0.1206272600                  ",0,"0.0000000000                  ",0,"0.0000000000                  ",828,"99.8793727300                 "
"1999","21747","02","0777","","03","High      ","N","Burlington Area","","High School Type/ PreK-12","All Races","Both Genders",1211,5,"0.4128819100                  ",0,"0.0000000000                  ",0,"0.0000000000                  ",1206,"99.5871180800                 "
"1999","21747","02","0777","","03","El/Sec    ","N","Burlington Area","","Combined Elementary/Secondary School Type/ Prek-12","All Races","Both Genders",0,0,"--                            ",0,"--                            ",0,"--                            ",,"--                            "
"1999","21747","02","0777","","03","Summary   ","N","Burlington Area","","Grades PreK-12","All Races","Both Genders",3480,46,"1.3218390800                  ",0,"0.0000000000                  ",0,"0.0000000000                  ",3434,"98.6781609100                 "
"1999","21736","02","0777","0020","04","High      ","N","Burlington Area","Burlington Hi","Grades PreK-12","All Races","Both Genders",1211,5,"0.4128819100                  ",0,"0.0000000000                  ",0,"0.0000000000                  ",1206,"99.5871180800                 "
"1999","21737","02","0777","0040","04","Mid/Jr Hi ","N","Burlington Area","Burlington Mid","Grades PreK-12","All Races","Both Genders",829,1,"0.1206272600                  ",0,"0.0000000000                  ",0,"0.0000000000                  ",828,"99.8793727300                 "
"1999","21738","02","0777","0060","04","Elem      ","N","Burlington Area","Cooper El","Grades PreK-12","All Races","Both Genders",540,23,"4.2592592500                  ",0,"0.0000000000                  ",0,"0.0000000000                  ",517,"95.7407407400                 "
"1999","24790","02","0777","0100","04","Elem      ","N","Burlington Area","Dover Ctr","Grades PreK-12","All Races","Both Genders",88,0,"0.0000000000                  ",0,"0.0000000000                  ",0,"0.0000000000                  ",88,"100.0000000000                "
"1999","24789","02","0777","0120","04","Elem      ","N","Burlington Area","Lyons Ctr","Grades PreK-12","All Races","Both Genders",138,0,"0.0000000000                  ",0,"0.0000000000                  ",0,"0.0000000000                  ",138,"100.0000000000                "
"1999","21739","02","0777","0140","04","Elem      ","N","Burlington Area","Waller El","Grades PreK-12","All Races","Both Genders",547,11,"2.0109689200                  ",0,"0.0000000000                  ",0,"0.0000000000                  ",536,"97.9890310700                 "
"1999","21740","02","0777","0160","04","Elem      ","N","Burlington Area","Winkler El","Grades PreK-12","All Races","Both Genders",127,6,"4.7244094400                  ",0,"0.0000000000                  ",0,"0.0000000000                  ",121,"95.2755905500                 "
"1999","22556","02","0896","","03","Elem      ","N","Cambridge","","Elementary School Type/ Prek-12","All Races","Both Genders",431,0,"0.0000000000                  ",0,"0.0000000000                  ",0,"0.0000000000                  ",431,"100.0000000000                "
"1999","22556","02","0896","","03","Mid/Jr Hi ","N","Cambridge","","Middle/Junior High School Type/ Prek-12","All Races","Both Genders",256,0,"0.0000000000                  ",0,"0.0000000000                  ",0,"0.0000000000                  ",256,"100.0000000000                "
"1999","22556","02","0896","","03","High      ","N","Cambridge","","High School Type/ PreK-12","All Races","Both Genders",350,0,"0.0000000000                  ",0,"0.0000000000                  ",0,"0.0000000000                  ",350,"100.0000000000                "
"1999","22556","02","0896","","03","El/Sec    ","N","Cambridge","","Combined Elementary/Secondary School Type/ Prek-12","All Races","Both Genders",0,0,"--                            ",0,"--                            ",0,"--                            ",,"--                            "
"1999","22556","02","0896","","03","Summary   ","N","Cambridge","","Grades PreK-12","All Races","Both Genders",1037,0,"0.0000000000                  ",0,"0.0000000000                  ",0,"0.0000000000                  ",1037,"100.0000000000                "
"1999","22553","02","0896","0020","04","Elem      ","N","Cambridge","Cambridge El","Grades PreK-12","All Races","Both Genders",431,0,"0.0000000000                  ",0,"0.0000000000                  ",0,"0.0000000000                  ",431,"100.0000000000                "
"1999","22554","02","0896","0040","04","High      ","N","Cambridge","Cambridge Hi","Grades PreK-12","All Races","Both Genders",350,0,"0.0000000000                  ",0,"0.0000000000                  ",0,"0.0000000000                  ",350,"100.0000000000                "
"1999","22555","02","0896","0060","04","Mid/Jr Hi ","N","Cambridge","Nikolay Mid","Grades PreK-12","All Races","Both Genders",256,0,"0.0000000000                  ",0,"0.0000000000                  ",0,"0.0000000000                  ",256,"100.0000000000                "
"1999","22560","02","1134","","03","Elem      ","N","Clinton Community","","Elementary School Type/ Prek-12","All Races","Both Genders",428,0,"0.0000000000                  ",0,"0.0000000000                  ",0,"0.0000000000                  ",428,"100.0000000000                "
"1999","22560","02","1134","","03","Mid/Jr Hi ","N","Clinton Community","","Middle/Junior High School Type/ Prek-12","All Races","Both Genders",387,0,"0.0000000000                  ",0,"0.0000000000                  ",0,"0.0000000000                  ",387,"100.0000000000                "
"1999","22560","02","1134","","03","High      ","N","Clinton Community","","High School Type/ PreK-12","All Races","Both Genders",391,0,"0.0000000000                  ",0,"0.0000000000                  ",0,"0.0000000000                  ",391,"100.0000000000                "
"1999","22560","02","1134","","03","El/Sec    ","N","Clinton Community","","Combined Elementary/Secondary School Type/ Prek-12","All Races","Both Genders",0,0,"--                            ",0,"--                            ",0,"--                            ",,"--                            "
"1999","22560","02","1134","","03","Summary   ","N","Clinton Community","","Grades PreK-12","All Races","Both Genders",1206,0,"0.0000000000                  ",0,"0.0000000000                  ",0,"0.0000000000                  ",1206,"100.0000000000                "
"1999","22557","02","1134","0040","04","Elem      ","N","Clinton Community","Clinton El","Grades PreK-12","All Races","Both Genders",428,0,"0.0000000000                  ",0,"0.0000000000                  ",0,"0.0000000000                  ",428,"100.0000000000                "
"1999","22558","02","1134","0060","04","High      ","N","Clinton Community","Clinton Hi","Grades PreK-12","All Races","Both Genders",391,0,"0.0000000000                  ",0,"0.0000000000                  ",0,"0.0000000000                  ",391,"100.0000000000                "
"1999","22559","02","1134","0080","04","Mid/Jr Hi ","N","Clinton Community","Clinton Mid","Grades PreK-12","All Races","Both Genders",387,0,"0.0000000000                  ",0,"0.0000000000                  ",0,"0.0000000000                  ",387,"100.0000000000                "
"1999","22574","02","1309","","03","Elem      ","N","Deerfield Community","","Elementary School Type/ Prek-12","All Races","Both Genders",340,0,"0.0000000000                  ",0,"0.0000000000                  ",0,"0.0000000000                  ",340,"100.0000000000                "
"1999","22574","02","1309","","03","Mid/Jr Hi ","N","Deerfield Community","","Middle/Junior High School Type/ Prek-12","All Races","Both Genders",199,0,"0.0000000000                  ",0,"0.0000000000                  ",0,"0.0000000000                  ",199,"100.0000000000                "
"1999","22574","02","1309","","03","High      ","N","Deerfield Community","","High School Type/ PreK-12","All Races","Both Genders",211,0,"0.0000000000                  ",0,"0.0000000000                  ",0,"0.0000000000                  ",211,"100.0000000000                "
"1999","22574","02","1309","","03","El/Sec    ","N","Deerfield Community","","Combined Elementary/Secondary School Type/ Prek-12","All Races","Both Genders",0,0,"--                            ",0,"--                            ",0,"--                            ",,"--                            "
"1999","22574","02","1309","","03","Summary   ","N","Deerfield Community","","Grades PreK-12","All Races","Both Genders",750,0,"0.0000000000                  ",0,"0.0000000000                  ",0,"0.0000000000                  ",750,"100.0000000000                "
"1999","22571","02","1309","0020","04","Elem      ","N","Deerfield Community","Deerfield El","Grades PreK-12","All Races","Both Genders",340,0,"0.0000000000                  ",0,"0.0000000000                  ",0,"0.0000000000                  ",340,"100.0000000000                "
"1999","22572","02","1309","0040","04","High      ","N","Deerfield Community","Deerfield Hi","Grades PreK-12","All Races","Both Genders",201,0,"0.0000000000                  ",0,"0.0000000000                  ",0,"0.0000000000                  ",201,"100.0000000000                "
"1999","22573","02","1309","0060","04","Mid/Jr Hi ","N","Deerfield Community","Deerfield Mid","Grades PreK-12","All Races","Both Genders",199,0,"0.0000000000                  ",0,"0.0000000000                  ",0,"0.0000000000                  ",199,"100.0000000000                "
"1999","24930","02","1309","0080","04","High      ","Y","Deerfield Community","Deerfield Alternative Hi","Grades PreK-12","All Races","Both Genders",10,0,"0.0000000000                  ",0,"0.0000000000                  ",0,"0.0000000000                  ",10,"100.0000000000                "
"1999","22580","02","1316","","03","Elem      ","N","De Forest Area","","Elementary School Type/ Prek-12","All Races","Both Genders",1387,3,"0.2162941600                  ",8,"0.5767844200                  ",1,"0.0720980500                  ",1375,"99.1348233500                 "
"1999","22580","02","1316","","03","Mid/Jr Hi ","N","De Forest Area","","Middle/Junior High School Type/ Prek-12","All Races","Both Genders",738,2,"0.2710027100                  ",5,"0.6775067700                  ",3,"0.4065040600                  ",728,"98.6449864400                 "
"1999","22580","02","1316","","03","High      ","N","De Forest Area","","High School Type/ PreK-12","All Races","Both Genders",896,0,"0.0000000000                  ",11,"1.2276785700                  ",2,"0.2232142800                  ",883,"98.5491071400                 "
"1999","22580","02","1316","","03","El/Sec    ","N","De Forest Area","","Combined Elementary/Secondary School Type/ Prek-12","All Races","Both Genders",0,0,"--                            ",0,"--                            ",0,"--                            ",,"--                            "
"1999","22580","02","1316","","03","Summary   ","N","De Forest Area","","Grades PreK-12","All Races","Both Genders",3021,5,"0.1655081000                  ",24,"0.7944389200                  ",6,"0.1986097300                  ",2986,"98.8414432300                 "
"1999","22575","02","1316","0020","04","Elem      ","N","De Forest Area","Eagle Point El","Grades PreK-12","All Races","Both Genders",258,3,"1.1627906900                  ",0,"0.0000000000                  ",0,"0.0000000000                  ",255,"98.8372093000                 "
"1999","22576","02","1316","0040","04","High      ","N","De Forest Area","De Forest Hi","Grades PreK-12","All Races","Both Genders",896,0,"0.0000000000                  ",11,"1.2276785700                  ",2,"0.2232142800                  ",883,"98.5491071400                 "
"1999","22577","02","1316","0050","04","Mid/Jr Hi ","N","De Forest Area","De Forest Mid","Grades PreK-12","All Races","Both Genders",738,2,"0.2710027100                  ",5,"0.6775067700                  ",3,"0.4065040600                  ",728,"98.6449864400                 "
"1999","22988","02","1316","0060","04","Elem      ","N","De Forest Area","Leeds El","Grades PreK-12","All Races","Both Genders",55,0,"0.0000000000                  ",0,"0.0000000000                  ",0,"0.0000000000                  ",55,"100.0000000000                "
"1999","22714","02","1316","0080","04","Elem      ","N","De Forest Area","Morrisonville El","Grades PreK-12","All Races","Both Genders",53,0,"0.0000000000                  ",0,"0.0000000000                  ",0,"0.0000000000                  ",53,"100.0000000000                "
"1999","22578","02","1316","0100","04","Elem      ","N","De Forest Area","Holum Kindergarten Center","Grades PreK-12","All Races","Both Genders",245,0,"0.0000000000                  ",0,"0.0000000000                  ",0,"0.0000000000                  ",245,"100.0000000000                "
"1999","22819","02","1316","0140","04","Elem      ","N","De Forest Area","Windsor El","Grades PreK-12","All Races","Both Genders",394,0,"0.0000000000                  ",4,"1.0152284200                  ",0,"0.0000000000                  ",390,"98.9847715700                 "
"1999","22579","02","1316","0160","04","Elem      ","N","De Forest Area","Yahara El","Grades PreK-12","All Races","Both Genders",382,0,"0.0000000000                  ",4,"1.0471204100                  ",1,"0.2617801000                  ",377,"98.6910994700                 "
"1999","21769","02","1380","","03","Elem      ","N","Delavan-Darien","","Elementary School Type/ Prek-12","All Races","Both Genders",1208,177,"14.6523178800                 ",0,"0.0000000000                  ",2,"0.1655629100                  ",1029,"85.1821192000                 "
"1999","21769","02","1380","","03","Mid/Jr Hi ","N","Delavan-Darien","","Middle/Junior High School Type/ Prek-12","All Races","Both Genders",627,42,"6.6985645900                  ",0,"0.0000000000                  ",0,"0.0000000000                  ",585,"93.3014354000                 "
"1999","21769","02","1380","","03","High      ","N","Delavan-Darien","","High School Type/ PreK-12","All Races","Both Genders",846,58,"6.8557919600                  ",0,"0.0000000000                  ",1,"0.1182033000                  ",787,"93.0260047200                 "
"1999","21769","02","1380","","03","El/Sec    ","N","Delavan-Darien","","Combined Elementary/Secondary School Type/ Prek-12","All Races","Both Genders",0,0,"--                            ",0,"--                            ",0,"--                            ",,"--                            "
"1999","21769","02","1380","","03","Summary   ","N","Delavan-Darien","","Grades PreK-12","All Races","Both Genders",2681,277,"10.3319656800                 ",0,"0.0000000000                  ",3,"0.1118985400                  ",2401,"89.5561357700                 "
"1999","21761","02","1380","0010","04","Elem      ","N","Delavan-Darien","Darien El","Grades PreK-12","All Races","Both Genders",328,0,"0.0000000000                  ",0,"0.0000000000                  ",0,"0.0000000000                  ",328,"100.0000000000                "
"1999","21762","02","1380","0020","04","High      ","N","Delavan-Darien","Delavan-Darien Hi","Grades PreK-12","All Races","Both Genders",846,58,"6.8557919600                  ",0,"0.0000000000                  ",1,"0.1182033000                  ",787,"93.0260047200                 "
"1999","21763","02","1380","0045","04","Elem      ","N","Delavan-Darien","Turtle Creek El","Grades PreK-12","All Races","Both Genders",624,177,"28.3653846100                 ",0,"0.0000000000                  ",2,"0.3205128200                  ",445,"71.3141025600                 "
"1999","21764","02","1380","0060","04","Mid/Jr Hi ","N","Delavan-Darien","Phoenix Mid","Grades PreK-12","All Races","Both Genders",627,42,"6.6985645900                  ",0,"0.0000000000                  ",0,"0.0000000000                  ",585,"93.3014354000                 "
"1999","21765","02","1380","0100","04","Elem      ","N","Delavan-Darien","Wileman El","Grades PreK-12","All Races","Both Genders",256,0,"0.0000000000                  ",0,"0.0000000000                  ",0,"0.0000000000                  ",256,"100.0000000000                "
"1999","21843","02","1449","","03","Elem      ","N","Dover #1","","Elementary School Type/ Prek-12","All Races","Both Genders",90,3,"3.3333333300                  ",0,"0.0000000000                  ",0,"0.0000000000                  ",87,"96.6666666600                 "
"1999","21843","02","1449","","03","Mid/Jr Hi ","N","Dover #1","","Middle/Junior High School Type/ Prek-12","All Races","Both Genders",0,0,"--                            ",0,"--                            ",0,"--                            ",,"--                            "
"1999","21843","02","1449","","03","High      ","N","Dover #1","","High School Type/ PreK-12","All Races","Both Genders",0,0,"--                            ",0,"--                            ",0,"--                            ",,"--                            "
"1999","21843","02","1449","","03","El/Sec    ","N","Dover #1","","Combined Elementary/Secondary School Type/ Prek-12","All Races","Both Genders",0,0,"--                            ",0,"--                            ",0,"--                            ",,"--                            "
"1999","21843","02","1449","","03","Summary   ","N","Dover #1","","Grades PreK-12","All Races","Both Genders",90,3,"3.3333333300                  ",0,"0.0000000000                  ",0,"0.0000000000                  ",87,"96.6666666600                 "
"1999","21840","02","1449","0020","04","Elem      ","N","Dover #1","Kansasville El","Grades PreK-12","All Races","Both Genders",90,3,"3.3333333300                  ",0,"0.0000000000                  ",0,"0.0000000000                  ",87,"96.6666666600                 "
"1999","21784","02","1540","","03","Elem      ","N","East Troy Community","","Elementary School Type/ Prek-12","All Races","Both Genders",689,0,"0.0000000000                  ",0,"0.0000000000                  ",0,"0.0000000000                  ",689,"100.0000000000                "
"1999","21784","02","1540","","03","Mid/Jr Hi ","N","East Troy Community","","Middle/Junior High School Type/ Prek-12","All Races","Both Genders",439,0,"0.0000000000                  ",0,"0.0000000000                  ",0,"0.0000000000                  ",439,"100.0000000000                "
"1999","21784","02","1540","","03","High      ","N","East Troy Community","","High School Type/ PreK-12","All Races","Both Genders",626,0,"0.0000000000                  ",0,"0.0000000000                  ",0,"0.0000000000                  ",626,"100.0000000000                "
"1999","21784","02","1540","","03","El/Sec    ","N","East Troy Community","","Combined Elementary/Secondary School Type/ Prek-12","All Races","Both Genders",0,0,"--                            ",0,"--                            ",0,"--                            ",,"--                            "
"1999","21784","02","1540","","03","Summary   ","N","East Troy Community","","Grades PreK-12","All Races","Both Genders",1754,0,"0.0000000000                  ",0,"0.0000000000                  ",0,"0.0000000000                  ",1754,"100.0000000000                "
"1999","21776","02","1540","0020","04","Elem      ","N","East Troy Community","East Troy El","Grades PreK-12","All Races","Both Genders",383,0,"0.0000000000                  ",0,"0.0000000000                  ",0,"0.0000000000                  ",383,"100.0000000000                "
"1999","21777","02","1540","0035","04","Elem      ","N","East Troy Community","Byrnes El","Grades PreK-12","All Races","Both Genders",282,0,"0.0000000000                  ",0,"0.0000000000                  ",0,"0.0000000000                  ",282,"100.0000000000                "
"1999","21778","02","1540","0040","04","High      ","N","East Troy Community","East Troy Hi","Grades PreK-12","All Races","Both Genders",626,0,"0.0000000000                  ",0,"0.0000000000                  ",0,"0.0000000000                  ",626,"100.0000000000                "
"1999","21779","02","1540","0060","04","Mid/Jr Hi ","N","East Troy Community","East Troy Mid","Grades PreK-12","All Races","Both Genders",439,0,"0.0000000000                  ",0,"0.0000000000                  ",0,"0.0000000000                  ",439,"100.0000000000                "
"1999","21780","02","1540","0120","04","Elem      ","N","East Troy Community","Stone El","Grades PreK-12","All Races","Both Genders",24,0,"0.0000000000                  ",0,"0.0000000000                  ",0,"0.0000000000                  ",24,"100.0000000000                "
"1999","22593","02","1568","","03","Elem      ","N","Edgerton","","Elementary School Type/ Prek-12","All Races","Both Genders",886,4,"0.4514672600                  ",0,"0.0000000000                  ",0,"0.0000000000                  ",882,"99.5485327300                 "
"1999","22593","02","1568","","03","Mid/Jr Hi ","N","Edgerton","","Middle/Junior High School Type/ Prek-12","All Races","Both Genders",443,0,"0.0000000000                  ",0,"0.0000000000                  ",1,"0.2257336300                  ",442,"99.7742663600                 "
"1999","22593","02","1568","","03","High      ","N","Edgerton","","High School Type/ PreK-12","All Races","Both Genders",556,0,"0.0000000000                  ",0,"0.0000000000                  ",0,"0.0000000000                  ",556,"100.0000000000                "
"1999","22593","02","1568","","03","El/Sec    ","N","Edgerton","","Combined Elementary/Secondary School Type/ Prek-12","All Races","Both Genders",0,0,"--                            ",0,"--                            ",0,"--                            ",,"--                            "
"1999","22593","02","1568","","03","Summary   ","N","Edgerton","","Grades PreK-12","All Races","Both Genders",1885,4,"0.2122015900                  ",0,"0.0000000000                  ",1,"0.0530503900                  ",1880,"99.7347480100                 "
"1999","22588","02","1568","0040","04","Elem      ","N","Edgerton","Edgerton Community El","Grades PreK-12","All Races","Both Genders",769,4,"0.5201560400                  ",0,"0.0000000000                  ",0,"0.0000000000                  ",765,"99.4798439500                 "
"1999","22589","02","1568","0060","04","Mid/Jr Hi ","N","Edgerton","Edgerton Mid","Grades PreK-12","All Races","Both Genders",443,0,"0.0000000000                  ",0,"0.0000000000                  ",1,"0.2257336300                  ",442,"99.7742663600                 "
"1999","22590","02","1568","0080","04","High      ","N","Edgerton","Edgerton Hi","Grades PreK-12","All Races","Both Genders",556,0,"0.0000000000                  ",0,"0.0000000000                  ",0,"0.0000000000                  ",556,"100.0000000000                "
"1999","22591","02","1568","0160","04","Elem      ","N","Edgerton","Yahara El","Grades PreK-12","All Races","Both Genders",117,0,"0.0000000000                  ",0,"0.0000000000                  ",0,"0.0000000000                  ",117,"100.0000000000                "
"1999","21791","02","1638","","03","Elem      ","N","Elkhorn Area","","Elementary School Type/ Prek-12","All Races","Both Genders",944,36,"3.8135593200                  ",0,"0.0000000000                  ",5,"0.5296610100                  ",903,"95.6567796600                 "
"1999","21791","02","1638","","03","Mid/Jr Hi ","N","Elkhorn Area","","Middle/Junior High School Type/ Prek-12","All Races","Both Genders",694,14,"2.0172910600                  ",0,"0.0000000000                  ",0,"0.0000000000                  ",680,"97.9827089300                 "
"1999","21791","02","1638","","03","High      ","N","Elkhorn Area","","High School Type/ PreK-12","All Races","Both Genders",709,17,"2.3977433000                  ",0,"0.0000000000                  ",2,"0.2820874400                  ",690,"97.3201692500                 "
"1999","21791","02","1638","","03","El/Sec    ","N","Elkhorn Area","","Combined Elementary/Secondary School Type/ Prek-12","All Races","Both Genders",0,0,"--                            ",0,"--                            ",0,"--                            ",,"--                            "
"1999","21791","02","1638","","03","Summary   ","N","Elkhorn Area","","Grades PreK-12","All Races","Both Genders",2347,67,"2.8547081300                  ",0,"0.0000000000                  ",7,"0.2982530800                  ",2273,"96.8470387700                 "
"1999","21785","02","1638","0040","04","High      ","N","Elkhorn Area","Elkhorn Area Hi","Grades PreK-12","All Races","Both Genders",709,17,"2.3977433000                  ",0,"0.0000000000                  ",2,"0.2820874400                  ",690,"97.3201692500                 "
"1999","21786","02","1638","0060","04","Mid/Jr Hi ","N","Elkhorn Area","Elkhorn Area Mid","Grades PreK-12","All Races","Both Genders",694,14,"2.0172910600                  ",0,"0.0000000000                  ",0,"0.0000000000                  ",680,"97.9827089300                 "
"1999","21787","02","1638","0080","04","Elem      ","N","Elkhorn Area","Tibbets El","Grades PreK-12","All Races","Both Genders",425,14,"3.2941176400                  ",0,"0.0000000000                  ",4,"0.9411764700                  ",407,"95.7647058800                 "
"1999","21788","02","1638","0100","04","Elem      ","N","Elkhorn Area","West Side El","Grades PreK-12","All Races","Both Genders",519,22,"4.2389210000                  ",0,"0.0000000000                  ",1,"0.1926782200                  ",496,"95.5684007700                 "
"1999","22597","02","1694","","03","Elem      ","N","Evansville Community","","Elementary School Type/ Prek-12","All Races","Both Genders",646,0,"0.0000000000                  ",0,"0.0000000000                  ",0,"0.0000000000                  ",646,"100.0000000000                "
"1999","22597","02","1694","","03","Mid/Jr Hi ","N","Evansville Community","","Middle/Junior High School Type/ Prek-12","All Races","Both Genders",458,0,"0.0000000000                  ",0,"0.0000000000                  ",0,"0.0000000000                  ",458,"100.0000000000                "
"1999","22597","02","1694","","03","High      ","N","Evansville Community","","High School Type/ PreK-12","All Races","Both Genders",458,0,"0.0000000000                  ",0,"0.0000000000                  ",0,"0.0000000000                  ",458,"100.0000000000                "
"1999","22597","02","1694","","03","El/Sec    ","N","Evansville Community","","Combined Elementary/Secondary School Type/ Prek-12","All Races","Both Genders",0,0,"--                            ",0,"--                            ",0,"--                            ",,"--                            "
"1999","22597","02","1694","","03","Summary   ","N","Evansville Community","","Grades PreK-12","All Races","Both Genders",1562,0,"0.0000000000                  ",0,"0.0000000000                  ",0,"0.0000000000                  ",1562,"100.0000000000                "
"1999","22594","02","1694","0020","04","Elem      ","N","Evansville Community","Levi Leonard El","Grades PreK-12","All Races","Both Genders",646,0,"0.0000000000                  ",0,"0.0000000000                  ",0,"0.0000000000                  ",646,"100.0000000000                "
"1999","22595","02","1694","0040","04","High      ","N","Evansville Community","Evansville Hi","Grades PreK-12","All Races","Both Genders",458,0,"0.0000000000                  ",0,"0.0000000000                  ",0,"0.0000000000                  ",458,"100.0000000000                "
"1999","22596","02","1694","0060","04","Mid/Jr Hi ","N","Evansville Community","Evansville Mid","Grades PreK-12","All Races","Both Genders",458,0,"0.0000000000                  ",0,"0.0000000000                  ",0,"0.0000000000                  ",458,"100.0000000000                "
"1999","21800","02","1870","","03","Elem      ","N","Fontana J8","","Elementary School Type/ Prek-12","All Races","Both Genders",309,5,"1.6181229700                  ",0,"0.0000000000                  ",1,"0.3236245900                  ",303,"98.0582524200                 "
"1999","21800","02","1870","","03","Mid/Jr Hi ","N","Fontana J8","","Middle/Junior High School Type/ Prek-12","All Races","Both Genders",0,0,"--                            ",0,"--                            ",0,"--                            ",,"--                            "
"1999","21800","02","1870","","03","High      ","N","Fontana J8","","High School Type/ PreK-12","All Races","Both Genders",0,0,"--                            ",0,"--                            ",0,"--                            ",,"--                            "
"1999","21800","02","1870","","03","El/Sec    ","N","Fontana J8","","Combined Elementary/Secondary School Type/ Prek-12","All Races","Both Genders",0,0,"--                            ",0,"--                            ",0,"--                            ",,"--                            "
"1999","21800","02","1870","","03","Summary   ","N","Fontana J8","","Grades PreK-12","All Races","Both Genders",309,5,"1.6181229700                  ",0,"0.0000000000                  ",1,"0.3236245900                  ",303,"98.0582524200                 "
"1999","21799","02","1870","0020","04","Elem      ","N","Fontana J8","Fontana El","Grades PreK-12","All Races","Both Genders",309,5,"1.6181229700                  ",0,"0.0000000000                  ",1,"0.3236245900                  ",303,"98.0582524200                 "
"1999","22607","02","1883","","03","Elem      ","N","Fort Atkinson","","Elementary School Type/ Prek-12","All Races","Both Genders",1074,27,"2.5139664800                  ",1,"0.0931098600                  ",15,"1.3966480400                  ",1031,"95.9962756000                 "
"1999","22607","02","1883","","03","Mid/Jr Hi ","N","Fort Atkinson","","Middle/Junior High School Type/ Prek-12","All Races","Both Genders",600,6,"1.0000000000                  ",1,"0.1666666600                  ",6,"1.0000000000                  ",587,"97.8333333300                 "
"1999","22607","02","1883","","03","High      ","N","Fort Atkinson","","High School Type/ PreK-12","All Races","Both Genders",932,17,"1.8240343300                  ",11,"1.1802575100                  ",13,"1.3948497800                  ",891,"95.6008583600                 "
"1999","22607","02","1883","","03","El/Sec    ","N","Fort Atkinson","","Combined Elementary/Secondary School Type/ Prek-12","All Races","Both Genders",0,0,"--                            ",0,"--                            ",0,"--                            ",,"--                            "
"1999","22607","02","1883","","03","Summary   ","N","Fort Atkinson","","Grades PreK-12","All Races","Both Genders",2606,50,"1.9186492700                  ",13,"0.4988488100                  ",34,"1.3046815000                  ",2509,"96.2778204100                 "
"1999","22599","02","1883","0020","04","Elem      ","N","Fort Atkinson","Barrie El","Grades PreK-12","All Races","Both Genders",261,6,"2.2988505700                  ",0,"0.0000000000                  ",4,"1.5325670400                  ",251,"96.1685823700                 "
"1999","22600","02","1883","0080","04","High      ","N","Fort Atkinson","Fort Atkinson Hi","Grades PreK-12","All Races","Both Genders",932,17,"1.8240343300                  ",11,"1.1802575100                  ",13,"1.3948497800                  ",891,"95.6008583600                 "
"1999","22601","02","1883","0120","04","Mid/Jr Hi ","N","Fort Atkinson","Fort Atkinson Middle School","Grades PreK-12","All Races","Both Genders",600,6,"1.0000000000                  ",1,"0.1666666600                  ",6,"1.0000000000                  ",587,"97.8333333300                 "
"1999","22602","02","1883","0160","04","Elem      ","N","Fort Atkinson","Purdy El","Grades PreK-12","All Races","Both Genders",553,18,"3.2549728700                  ",0,"0.0000000000                  ",9,"1.6274864300                  ",526,"95.1175406800                 "
"1999","22603","02","1883","0180","04","Elem      ","N","Fort Atkinson","Rockwell El","Grades PreK-12","All Races","Both Genders",260,3,"1.1538461500                  ",1,"0.3846153800                  ",2,"0.7692307600                  ",254,"97.6923076900                 "
"1999","21916","02","2044","","03","Elem      ","N","Geneva J4","","Elementary School Type/ Prek-12","All Races","Both Genders",117,2,"1.7094017000                  ",0,"0.0000000000                  ",0,"0.0000000000                  ",115,"98.2905982900                 "
"1999","21916","02","2044","","03","Mid/Jr Hi ","N","Geneva J4","","Middle/Junior High School Type/ Prek-12","All Races","Both Genders",0,0,"--                            ",0,"--                            ",0,"--                            ",,"--                            "
"1999","21916","02","2044","","03","High      ","N","Geneva J4","","High School Type/ PreK-12","All Races","Both Genders",0,0,"--                            ",0,"--                            ",0,"--                            ",,"--                            "
"1999","21916","02","2044","","03","El/Sec    ","N","Geneva J4","","Combined Elementary/Secondary School Type/ Prek-12","All Races","Both Genders",0,0,"--                            ",0,"--                            ",0,"--                            ",,"--                            "
"1999","21916","02","2044","","03","Summary   ","N","Geneva J4","","Grades PreK-12","All Races","Both Genders",117,2,"1.7094017000                  ",0,"0.0000000000                  ",0,"0.0000000000                  ",115,"98.2905982900                 "
"1999","21904","02","2044","0020","04","Elem      ","N","Geneva J4","Woods El","Grades PreK-12","All Races","Both Genders",117,2,"1.7094017000                  ",0,"0.0000000000                  ",0,"0.0000000000                  ",115,"98.2905982900                 "
"1999","21811","02","2051","","03","Elem      ","N","Genoa City J2","","Elementary School Type/ Prek-12","All Races","Both Genders",472,3,"0.6355932200                  ",0,"0.0000000000                  ",1,"0.2118644000                  ",468,"99.1525423700                 "
"1999","21811","02","2051","","03","Mid/Jr Hi ","N","Genoa City J2","","Middle/Junior High School Type/ Prek-12","All Races","Both Genders",0,0,"--                            ",0,"--                            ",0,"--                            ",,"--                            "
"1999","21811","02","2051","","03","High      ","N","Genoa City J2","","High School Type/ PreK-12","All Races","Both Genders",0,0,"--                            ",0,"--                            ",0,"--                            ",,"--                            "
"1999","21811","02","2051","","03","El/Sec    ","N","Genoa City J2","","Combined Elementary/Secondary School Type/ Prek-12","All Races","Both Genders",0,0,"--                            ",0,"--                            ",0,"--                            ",,"--                            "
"1999","21811","02","2051","","03","Summary   ","N","Genoa City J2","","Grades PreK-12","All Races","Both Genders",472,3,"0.6355932200                  ",0,"0.0000000000                  ",1,"0.2118644000                  ",468,"99.1525423700                 "
"1999","21810","02","2051","0020","04","Elem      ","N","Genoa City J2","Brookwood El","Grades PreK-12","All Races","Both Genders",472,3,"0.6355932200                  ",0,"0.0000000000                  ",1,"0.2118644000                  ",468,"99.1525423700                 "
"1999","22631","02","2695","","03","Elem      ","N","Janesville","","Elementary School Type/ Prek-12","All Races","Both Genders",4986,46,"0.9225832300                  ",0,"0.0000000000                  ",49,"0.9827517000                  ",4891,"98.0946650600                 "
"1999","22631","02","2695","","03","Mid/Jr Hi ","N","Janesville","","Middle/Junior High School Type/ Prek-12","All Races","Both Genders",2483,8,"0.3221908900                  ",0,"0.0000000000                  ",19,"0.7652033800                  ",2456,"98.9126057100                 "
"1999","22631","02","2695","","03","High      ","N","Janesville","","High School Type/ PreK-12","All Races","Both Genders",3254,2,"0.0614628100                  ",0,"0.0000000000                  ",25,"0.7682851800                  ",3227,"99.1702519900                 "
"1999","22631","02","2695","","03","El/Sec    ","N","Janesville","","Combined Elementary/Secondary School Type/ Prek-12","All Races","Both Genders",0,0,"--                            ",0,"--                            ",0,"--                            ",,"--                            "
"1999","22631","02","2695","","03","Summary   ","N","Janesville","","Grades PreK-12","All Races","Both Genders",10723,56,"0.5222419000                  ",0,"0.0000000000                  ",93,"0.8672946000                  ",10574,"98.6104634800                 "
"1999","22613","02","2695","0020","04","Elem      ","N","Janesville","Adams El","Grades PreK-12","All Races","Both Genders",567,0,"0.0000000000                  ",0,"0.0000000000                  ",0,"0.0000000000                  ",567,"100.0000000000                "
"1999","22614","02","2695","0060","04","High      ","N","Janesville","Craig Hi","Grades PreK-12","All Races","Both Genders",1677,0,"0.0000000000                  ",0,"0.0000000000                  ",0,"0.0000000000                  ",1677,"100.0000000000                "
"1999","22634","02","2695","0070","04","Mid/Jr Hi ","N","Janesville","Edison Mid","Grades PreK-12","All Races","Both Genders",829,0,"0.0000000000                  ",0,"0.0000000000                  ",0,"0.0000000000                  ",829,"100.0000000000                "
"1999","22615","02","2695","0080","04","Mid/Jr Hi ","N","Janesville","Franklin Mid","Grades PreK-12","All Races","Both Genders",690,8,"1.1594202800                  ",0,"0.0000000000                  ",19,"2.7536231800                  ",663,"96.0869565200                 "
"1999","22635","02","2695","0110","04","Elem      ","N","Janesville","Harrison El","Grades PreK-12","All Races","Both Genders",471,0,"0.0000000000                  ",0,"0.0000000000                  ",0,"0.0000000000                  ",471,"100.0000000000                "
"1999","22636","02","2695","0140","04","Elem      ","N","Janesville","Jackson El","Grades PreK-12","All Races","Both Genders",364,1,"0.2747252700                  ",0,"0.0000000000                  ",0,"0.0000000000                  ",363,"99.7252747200                 "
"1999","22616","02","2695","0160","04","Elem      ","N","Janesville","Jefferson El","Grades PreK-12","All Races","Both Genders",406,0,"0.0000000000                  ",0,"0.0000000000                  ",0,"0.0000000000                  ",406,"100.0000000000                "
"1999","22637","02","2695","0200","04","Elem      ","N","Janesville","Lincoln El","Grades PreK-12","All Races","Both Genders",457,10,"2.1881838000                  ",0,"0.0000000000                  ",1,"0.2188183800                  ",446,"97.5929978100                 "
"1999","22617","02","2695","0220","04","Elem      ","N","Janesville","Madison El","Grades PreK-12","All Races","Both Genders",530,5,"0.9433962200                  ",0,"0.0000000000                  ",1,"0.1886792400                  ",524,"98.8679245200                 "
"1999","22618","02","2695","0240","04","Mid/Jr Hi ","N","Janesville","Marshall Mid","Grades PreK-12","All Races","Both Genders",964,0,"0.0000000000                  ",0,"0.0000000000                  ",0,"0.0000000000                  ",964,"100.0000000000                "
"1999","22619","02","2695","0260","04","Elem      ","N","Janesville","Monroe El","Grades PreK-12","All Races","Both Genders",505,2,"0.3960396000                  ",0,"0.0000000000                  ",0,"0.0000000000                  ",503,"99.6039603900                 "
"1999","22620","02","2695","0280","04","High      ","N","Janesville","Parker Hi","Grades PreK-12","All Races","Both Genders",1577,2,"0.1268230800                  ",0,"0.0000000000                  ",25,"1.5852885200                  ",1550,"98.2878883900                 "
"1999","22621","02","2695","0320","04","Elem      ","N","Janesville","Roosevelt El","Grades PreK-12","All Races","Both Genders",318,0,"0.0000000000                  ",0,"0.0000000000                  ",0,"0.0000000000                  ",318,"100.0000000000                "
"1999","22638","02","2695","0330","04","Elem      ","N","Janesville","Van Buren El","Grades PreK-12","All Races","Both Genders",485,1,"0.2061855600                  ",0,"0.0000000000                  ",1,"0.2061855600                  ",483,"99.5876288600                 "
"1999","22622","02","2695","0340","04","Elem      ","N","Janesville","Washington El","Grades PreK-12","All Races","Both Genders",467,1,"0.2141327600                  ",0,"0.0000000000                  ",0,"0.0000000000                  ",466,"99.7858672300                 "
"1999","22623","02","2695","0360","04","Elem      ","N","Janesville","Wilson El","Grades PreK-12","All Races","Both Genders",416,26,"6.2500000000                  ",0,"0.0000000000                  ",46,"11.0576923000                 ",344,"82.6923076900                 "
"1999","22650","02","2702","","03","Elem      ","N","Jefferson","","Elementary School Type/ Prek-12","All Races","Both Genders",870,16,"1.8390804500                  ",0,"0.0000000000                  ",1,"0.1149425200                  ",853,"98.0459770100                 "
"1999","22650","02","2702","","03","Mid/Jr Hi ","N","Jefferson","","Middle/Junior High School Type/ Prek-12","All Races","Both Genders",249,6,"2.4096385500                  ",0,"0.0000000000                  ",0,"0.0000000000                  ",243,"97.5903614400                 "
"1999","22650","02","2702","","03","High      ","N","Jefferson","","High School Type/ PreK-12","All Races","Both Genders",603,7,"1.1608623500                  ",0,"0.0000000000                  ",0,"0.0000000000                  ",596,"98.8391376400                 "
"1999","22650","02","2702","","03","El/Sec    ","N","Jefferson","","Combined Elementary/Secondary School Type/ Prek-12","All Races","Both Genders",0,0,"--                            ",0,"--                            ",0,"--                            ",,"--                            "
"1999","22650","02","2702","","03","Summary   ","N","Jefferson","","Grades PreK-12","All Races","Both Genders",1722,29,"1.6840882600                  ",0,"0.0000000000                  ",1,"0.0580720000                  ",1692,"98.2578397200                 "
"1999","22643","02","2702","0040","04","Elem      ","N","Jefferson","East El","Grades PreK-12","All Races","Both Genders",316,8,"2.5316455600                  ",0,"0.0000000000                  ",0,"0.0000000000                  ",308,"97.4683544300                 "
"1999","22644","02","2702","0060","04","Mid/Jr Hi ","N","Jefferson","Jefferson Mid","Grades PreK-12","All Races","Both Genders",249,6,"2.4096385500                  ",0,"0.0000000000                  ",0,"0.0000000000                  ",243,"97.5903614400                 "
"1999","22645","02","2702","0080","04","High      ","N","Jefferson","Jefferson Hi","Grades PreK-12","All Races","Both Genders",603,7,"1.1608623500                  ",0,"0.0000000000                  ",0,"0.0000000000                  ",596,"98.8391376400                 "
"1999","22646","02","2702","0085","04","Elem      ","N","Jefferson","West El","Grades PreK-12","All Races","Both Genders",308,8,"2.5974025900                  ",0,"0.0000000000                  ",1,"0.3246753200                  ",299,"97.0779220700                 "
"1999","21989","02","2702","0100","04","Elem      ","N","Jefferson","Sullivan El","Grades PreK-12","All Races","Both Genders",246,0,"0.0000000000                  ",0,"0.0000000000                  ",0,"0.0000000000                  ",246,"100.0000000000                "
"1999","21465","02","2730","","03","Elem      ","N","Johnson Creek","","Elementary School Type/ Prek-12","All Races","Both Genders",308,0,"0.0000000000                  ",0,"0.0000000000                  ",0,"0.0000000000                  ",308,"100.0000000000                "
"1999","21465","02","2730","","03","Mid/Jr Hi ","N","Johnson Creek","","Middle/Junior High School Type/ Prek-12","All Races","Both Genders",0,0,"--                            ",0,"--                            ",0,"--                            ",,"--                            "
"1999","21465","02","2730","","03","High      ","N","Johnson Creek","","High School Type/ PreK-12","All Races","Both Genders",285,0,"0.0000000000                  ",0,"0.0000000000                  ",0,"0.0000000000                  ",285,"100.0000000000                "
"1999","21465","02","2730","","03","El/Sec    ","N","Johnson Creek","","Combined Elementary/Secondary School Type/ Prek-12","All Races","Both Genders",0,0,"--                            ",0,"--                            ",0,"--                            ",,"--                            "
"1999","21465","02","2730","","03","Summary   ","N","Johnson Creek","","Grades PreK-12","All Races","Both Genders",593,0,"0.0000000000                  ",0,"0.0000000000                  ",0,"0.0000000000                  ",593,"100.0000000000                "
"1999","21463","02","2730","0020","04","Elem      ","N","Johnson Creek","Johnson Creek El","Grades PreK-12","All Races","Both Genders",308,0,"0.0000000000                  ",0,"0.0000000000                  ",0,"0.0000000000                  ",308,"100.0000000000                "
"1999","21464","02","2730","0040","04","High      ","N","Johnson Creek","Johnson Creek Hi","Grades PreK-12","All Races","Both Genders",285,0,"0.0000000000                  ",0,"0.0000000000                  ",0,"0.0000000000                  ",285,"100.0000000000                "
"1999","22654","02","2737","","03","Elem      ","N","Juda","","Elementary School Type/ Prek-12","All Races","Both Genders",244,0,"0.0000000000                  ",0,"0.0000000000                  ",0,"0.0000000000                  ",244,"100.0000000000                "
"1999","22654","02","2737","","03","Mid/Jr Hi ","N","Juda","","Middle/Junior High School Type/ Prek-12","All Races","Both Genders",0,0,"--                            ",0,"--                            ",0,"--                            ",,"--                            "
"1999","22654","02","2737","","03","High      ","N","Juda","","High School Type/ PreK-12","All Races","Both Genders",94,0,"0.0000000000                  ",0,"0.0000000000                  ",0,"0.0000000000                  ",94,"100.0000000000                "
"1999","22654","02","2737","","03","El/Sec    ","N","Juda","","Combined Elementary/Secondary School Type/ Prek-12","All Races","Both Genders",0,0,"--                            ",0,"--                            ",0,"--                            ",,"--                            "
"1999","22654","02","2737","","03","Summary   ","N","Juda","","Grades PreK-12","All Races","Both Genders",338,0,"0.0000000000                  ",0,"0.0000000000                  ",0,"0.0000000000                  ",338,"100.0000000000                "
"1999","22652","02","2737","0020","04","Elem      ","N","Juda","Juda El","Grades PreK-12","All Races","Both Genders",244,0,"0.0000000000                  ",0,"0.0000000000                  ",0,"0.0000000000                  ",244,"100.0000000000                "
"1999","22653","02","2737","0040","04","High      ","N","Juda","Juda Hi","Grades PreK-12","All Races","Both Genders",94,0,"0.0000000000                  ",0,"0.0000000000                  ",0,"0.0000000000                  ",94,"100.0000000000                "
"1999","21917","02","2884","","03","Elem      ","N","Lake Geneva-Genoa City UHS","","Elementary School Type/ Prek-12","All Races","Both Genders",0,0,"--                            ",0,"--                            ",0,"--                            ",,"--                            "
"1999","21917","02","2884","","03","Mid/Jr Hi ","N","Lake Geneva-Genoa City UHS","","Middle/Junior High School Type/ Prek-12","All Races","Both Genders",0,0,"--                            ",0,"--                            ",0,"--                            ",,"--                            "
"1999","21917","02","2884","","03","High      ","N","Lake Geneva-Genoa City UHS","","High School Type/ PreK-12","All Races","Both Genders",984,26,"2.6422764200                  ",0,"0.0000000000                  ",0,"0.0000000000                  ",958,"97.3577235700                 "
"1999","21917","02","2884","","03","El/Sec    ","N","Lake Geneva-Genoa City UHS","","Combined Elementary/Secondary School Type/ Prek-12","All Races","Both Genders",0,0,"--                            ",0,"--                            ",0,"--                            ",,"--                            "
"1999","21917","02","2884","","03","Summary   ","N","Lake Geneva-Genoa City UHS","","Grades PreK-12","All Races","Both Genders",984,26,"2.6422764200                  ",0,"0.0000000000                  ",0,"0.0000000000                  ",958,"97.3577235700                 "
"1999","21905","02","2884","0020","04","High      ","N","Lake Geneva-Genoa City UHS","Badger Hi","Grades PreK-12","All Races","Both Genders",984,26,"2.6422764200                  ",0,"0.0000000000                  ",0,"0.0000000000                  ",958,"97.3577235700                 "
"1999","21918","02","2885","","03","Elem      ","N","Lake Geneva J1","","Elementary School Type/ Prek-12","All Races","Both Genders",1010,101,"10.0000000000                 ",0,"0.0000000000                  ",0,"0.0000000000                  ",909,"90.0000000000                 "
"1999","21918","02","2885","","03","Mid/Jr Hi ","N","Lake Geneva J1","","Middle/Junior High School Type/ Prek-12","All Races","Both Genders",550,42,"7.6363636300                  ",0,"0.0000000000                  ",0,"0.0000000000                  ",508,"92.3636363600                 "
"1999","21918","02","2885","","03","High      ","N","Lake Geneva J1","","High School Type/ PreK-12","All Races","Both Genders",0,0,"--                            ",0,"--                            ",0,"--                            ",,"--                            "
"1999","21918","02","2885","","03","El/Sec    ","N","Lake Geneva J1","","Combined Elementary/Secondary School Type/ Prek-12","All Races","Both Genders",0,0,"--                            ",0,"--                            ",0,"--                            ",,"--                            "
"1999","21918","02","2885","","03","Summary   ","N","Lake Geneva J1","","Grades PreK-12","All Races","Both Genders",1560,143,"9.1666666600                  ",0,"0.0000000000                  ",0,"0.0000000000                  ",1417,"90.8333333300                 "
"1999","21906","02","2885","0020","04","Elem      ","N","Lake Geneva J1","Central El","Grades PreK-12","All Races","Both Genders",416,101,"24.2788461500                 ",0,"0.0000000000                  ",0,"0.0000000000                  ",315,"75.7211538400                 "
"1999","21907","02","2885","0060","04","Mid/Jr Hi ","N","Lake Geneva J1","Denison Mid","Grades PreK-12","All Races","Both Genders",550,42,"7.6363636300                  ",0,"0.0000000000                  ",0,"0.0000000000                  ",508,"92.3636363600                 "
"1999","21908","02","2885","0080","04","Elem      ","N","Lake Geneva J1","Eastview El","Grades PreK-12","All Races","Both Genders",407,0,"0.0000000000                  ",0,"0.0000000000                  ",0,"0.0000000000                  ",407,"100.0000000000                "
"1999","21909","02","2885","0120","04","Elem      ","N","Lake Geneva J1","Star Center El","Grades PreK-12","All Races","Both Genders",187,0,"0.0000000000                  ",0,"0.0000000000                  ",0,"0.0000000000                  ",187,"100.0000000000                "
"1999","22660","02","2898","","03","Elem      ","N","Lake Mills Area","","Elementary School Type/ Prek-12","All Races","Both Genders",570,15,"2.6315789400                  ",0,"0.0000000000                  ",8,"1.4035087700                  ",547,"95.9649122800                 "
"1999","22660","02","2898","","03","Mid/Jr Hi ","N","Lake Mills Area","","Middle/Junior High School Type/ Prek-12","All Races","Both Genders",325,0,"0.0000000000                  ",0,"0.0000000000                  ",0,"0.0000000000                  ",325,"100.0000000000                "
"1999","22660","02","2898","","03","High      ","N","Lake Mills Area","","High School Type/ PreK-12","All Races","Both Genders",421,0,"0.0000000000                  ",0,"0.0000000000                  ",0,"0.0000000000                  ",421,"100.0000000000                "
"1999","22660","02","2898","","03","El/Sec    ","N","Lake Mills Area","","Combined Elementary/Secondary School Type/ Prek-12","All Races","Both Genders",0,0,"--                            ",0,"--                            ",0,"--                            ",,"--                            "
"1999","22660","02","2898","","03","Summary   ","N","Lake Mills Area","","Grades PreK-12","All Races","Both Genders",1316,15,"1.1398176200                  ",0,"0.0000000000                  ",8,"0.6079027300                  ",1293,"98.2522796300                 "
"1999","22655","02","2898","0040","04","High      ","N","Lake Mills Area","Lake Mills Hi","Grades PreK-12","All Races","Both Genders",421,0,"0.0000000000                  ",0,"0.0000000000                  ",0,"0.0000000000                  ",421,"100.0000000000                "
"1999","22656","02","2898","0060","04","Mid/Jr Hi ","N","Lake Mills Area","Lake Mills Mid","Grades PreK-12","All Races","Both Genders",325,0,"0.0000000000                  ",0,"0.0000000000                  ",0,"0.0000000000                  ",325,"100.0000000000                "
"1999","22657","02","2898","0100","04","Elem      ","N","Lake Mills Area","Prospect Street El","Grades PreK-12","All Races","Both Genders",570,15,"2.6315789400                  ",0,"0.0000000000                  ",8,"1.4035087700                  ",547,"95.9649122800                 "
"1999","21919","02","3087","","03","Elem      ","N","Linn J4","","Elementary School Type/ Prek-12","All Races","Both Genders",74,0,"0.0000000000                  ",0,"0.0000000000                  ",0,"0.0000000000                  ",74,"100.0000000000                "
"1999","21919","02","3087","","03","Mid/Jr Hi ","N","Linn J4","","Middle/Junior High School Type/ Prek-12","All Races","Both Genders",0,0,"--                            ",0,"--                            ",0,"--                            ",,"--                            "
"1999","21919","02","3087","","03","High      ","N","Linn J4","","High School Type/ PreK-12","All Races","Both Genders",0,0,"--                            ",0,"--                            ",0,"--                            ",,"--                            "
"1999","21919","02","3087","","03","El/Sec    ","N","Linn J4","","Combined Elementary/Secondary School Type/ Prek-12","All Races","Both Genders",0,0,"--                            ",0,"--                            ",0,"--                            ",,"--                            "
"1999","21919","02","3087","","03","Summary   ","N","Linn J4","","Grades PreK-12","All Races","Both Genders",74,0,"0.0000000000                  ",0,"0.0000000000                  ",0,"0.0000000000                  ",74,"100.0000000000                "
"1999","21910","02","3087","0020","04","Elem      ","N","Linn J4","Traver El","Grades PreK-12","All Races","Both Genders",74,0,"0.0000000000                  ",0,"0.0000000000                  ",0,"0.0000000000                  ",74,"100.0000000000                "
"1999","21920","02","3094","","03","Elem      ","N","Linn J6","","Elementary School Type/ Prek-12","All Races","Both Genders",116,2,"1.7241379300                  ",0,"0.0000000000                  ",0,"0.0000000000                  ",114,"98.2758620600                 "
"1999","21920","02","3094","","03","Mid/Jr Hi ","N","Linn J6","","Middle/Junior High School Type/ Prek-12","All Races","Both Genders",0,0,"--                            ",0,"--                            ",0,"--                            ",,"--                            "
"1999","21920","02","3094","","03","High      ","N","Linn J6","","High School Type/ PreK-12","All Races","Both Genders",0,0,"--                            ",0,"--                            ",0,"--                            ",,"--                            "
"1999","21920","02","3094","","03","El/Sec    ","N","Linn J6","","Combined Elementary/Secondary School Type/ Prek-12","All Races","Both Genders",0,0,"--                            ",0,"--                            ",0,"--                            ",,"--                            "
"1999","21920","02","3094","","03","Summary   ","N","Linn J6","","Grades PreK-12","All Races","Both Genders",116,2,"1.7241379300                  ",0,"0.0000000000                  ",0,"0.0000000000                  ",114,"98.2758620600                 "
"1999","21911","02","3094","0020","04","Elem      ","N","Linn J6","Reek El","Grades PreK-12","All Races","Both Genders",116,2,"1.7241379300                  ",0,"0.0000000000                  ",0,"0.0000000000                  ",114,"98.2758620600                 "
"1999","22826","02","3269","","03","Elem      ","N","Madison Metropolitan","","Elementary School Type/ Prek-12","All Races","Both Genders",11765,357,"3.0344241300                  ",392,"3.3319167000                  ",380,"3.2299192500                  ",10636,"90.4037399000                 "
"1999","22826","02","3269","","03","Mid/Jr Hi ","N","Madison Metropolitan","","Middle/Junior High School Type/ Prek-12","All Races","Both Genders",5744,108,"1.8802228400                  ",143,"2.4895543100                  ",177,"3.0814763200                  ",5316,"92.5487465100                 "
"1999","22826","02","3269","","03","High      ","N","Madison Metropolitan","","High School Type/ PreK-12","All Races","Both Genders",7603,104,"1.3678810900                  ",134,"1.7624621800                  ",147,"1.9334473200                  ",7218,"94.9362093900                 "
"1999","22826","02","3269","","03","El/Sec    ","N","Madison Metropolitan","","Combined Elementary/Secondary School Type/ Prek-12","All Races","Both Genders",0,28,"--                            ",58,"--                            ",5,"--                            ",,"--                            "
"1999","22826","02","3269","","03","Summary   ","N","Madison Metropolitan","","Grades PreK-12","All Races","Both Genders",25112,597,"2.3773494700                  ",727,"2.8950302600                  ",709,"2.8233513800                  ",23079,"91.9042688700                 "
"1999","22882","02","3269","0010","04","High      ","Y","Madison Metropolitan","Accelerated Learning Acad Hi","Grades PreK-12","All Races","Both Genders",40,0,"0.0000000000                  ",0,"0.0000000000                  ",0,"0.0000000000                  ",40,"100.0000000000                "
"1999","22845","02","3269","0012","04","High      ","N","Madison Metropolitan","Diploma Completion Hi","Grades PreK-12","All Races","Both Genders",78,0,"0.0000000000                  ",0,"0.0000000000                  ",2,"2.5641025600                  ",76,"97.4358974300                 "
"1999","22875","02","3269","0015","04","Elem      ","N","Madison Metropolitan","Lincoln El","Grades PreK-12","All Races","Both Genders",360,28,"7.7777777700                  ",58,"16.1111111100                 ",5,"1.3888888800                  ",269,"74.7222222200                 "
"1999","22827","02","3269","0040","04","Elem      ","N","Madison Metropolitan","Sandburg El","Grades PreK-12","All Races","Both Genders",403,0,"0.0000000000                  ",0,"0.0000000000                  ",1,"0.2481389500                  ",402,"99.7518610400                 "
"1999","22877","02","3269","0048","04","Elem      ","N","Madison Metropolitan","Hawthorne El","Grades PreK-12","All Races","Both Genders",294,12,"4.0816326500                  ",10,"3.4013605400                  ",18,"6.1224489700                  ",254,"86.3945578200                 "
"1999","22822","02","3269","0053","04","Elem      ","N","Madison Metropolitan","Lapham El","Grades PreK-12","All Races","Both Genders",320,0,"0.0000000000                  ",0,"0.0000000000                  ",0,"0.0000000000                  ",320,"100.0000000000                "
"1999","22828","02","3269","0065","04","Elem      ","N","Madison Metropolitan","Lindbergh El","Grades PreK-12","All Races","Both Genders",238,22,"9.2436974700                  ",47,"19.7478991500                 ",9,"3.7815126000                  ",160,"67.2268907500                 "
"1999","22860","02","3269","0090","04","Mid/Jr Hi ","N","Madison Metropolitan","Cherokee Heights Mid","Grades PreK-12","All Races","Both Genders",560,28,"5.0000000000                  ",48,"8.5714285700                  ",22,"3.9285714200                  ",462,"82.5000000000                 "
"1999","22847","02","3269","0105","04","Elem      ","N","Madison Metropolitan","Crestwood El","Grades PreK-12","All Races","Both Genders",435,7,"1.6091954000                  ",9,"2.0689655100                  ",14,"3.2183908000                  ",405,"93.1034482700                 "
"1999","22829","02","3269","0150","04","High      ","N","Madison Metropolitan","East Hi","Grades PreK-12","All Races","Both Genders",1783,29,"1.6264722300                  ",48,"2.6920919700                  ",26,"1.4582164800                  ",1680,"94.2232192900                 "
"1999","22889","02","3269","0165","04","Elem      ","N","Madison Metropolitan","Elvehjem El","Grades PreK-12","All Races","Both Genders",460,1,"0.2173913000                  ",0,"0.0000000000                  ",0,"0.0000000000                  ",459,"99.7826086900                 "
"1999","22830","02","3269","0180","04","Elem      ","N","Madison Metropolitan","Emerson El","Grades PreK-12","All Races","Both Genders",406,1,"0.2463054100                  ",1,"0.2463054100                  ",2,"0.4926108300                  ",402,"99.0147783200                 "
"1999","22861","02","3269","0210","04","Elem      ","N","Madison Metropolitan","Falk El","Grades PreK-12","All Races","Both Genders",513,24,"4.6783625700                  ",38,"7.4074074000                  ",26,"5.0682261200                  ",425,"82.8460038900                 "
"1999","22890","02","3269","0225","04","Elem      ","N","Madison Metropolitan","Allis El","Grades PreK-12","All Races","Both Genders",528,0,"0.0000000000                  ",2,"0.3787878700                  ",0,"0.0000000000                  ",526,"99.6212121200                 "
"1999","22883","02","3269","0240","04","Elem      ","N","Madison Metropolitan","Franklin El","Grades PreK-12","All Races","Both Genders",404,46,"11.3861386100                 ",27,"6.6831683100                  ",12,"2.9702970200                  ",319,"78.9603960300                 "
"1999","22891","02","3269","0255","04","Elem      ","N","Madison Metropolitan","Glendale El","Grades PreK-12","All Races","Both Genders",334,0,"0.0000000000                  ",0,"0.0000000000                  ",0,"0.0000000000                  ",334,"100.0000000000                "
"1999","22848","02","3269","0270","04","Elem      ","N","Madison Metropolitan","Stephens El","Grades PreK-12","All Races","Both Genders",589,10,"1.6977928600                  ",31,"5.2631578900                  ",14,"2.3769100100                  ",534,"90.6621392100                 "
"1999","22878","02","3269","0300","04","Elem      ","N","Madison Metropolitan","Schenk El","Grades PreK-12","All Races","Both Genders",396,0,"0.0000000000                  ",0,"0.0000000000                  ",0,"0.0000000000                  ",396,"100.0000000000                "
"1999","22879","02","3269","0315","04","Mid/Jr Hi ","N","Madison Metropolitan","Whitehorse Mid","Grades PreK-12","All Races","Both Genders",481,0,"0.0000000000                  ",1,"0.2079002000                  ",0,"0.0000000000                  ",480,"99.7920997900                 "
"1999","22884","02","3269","0340","04","Mid/Jr Hi ","Y","Madison Metropolitan","Accelerated Learning Acad Mid","Grades PreK-12","All Races","Both Genders",8,0,"0.0000000000                  ",0,"0.0000000000                  ",0,"0.0000000000                  ",8,"100.0000000000                "
"1999","22902","02","3269","0360","04","High      ","N","Madison Metropolitan","Memorial Hi","Grades PreK-12","All Races","Both Genders",1957,38,"1.9417475700                  ",57,"2.9126213500                  ",53,"2.7082268700                  ",1809,"92.4374041900                 "
"1999","22903","02","3269","0370","04","Mid/Jr Hi ","N","Madison Metropolitan","Jefferson Mid","Grades PreK-12","All Races","Both Genders",627,15,"2.3923444900                  ",12,"1.9138755900                  ",27,"4.3062200900                  ",573,"91.3875598000                 "
"1999","22880","02","3269","0375","04","Elem      ","N","Madison Metropolitan","Kennedy El","Grades PreK-12","All Races","Both Genders",483,0,"0.0000000000                  ",0,"0.0000000000                  ",0,"0.0000000000                  ",483,"100.0000000000                "
"1999","22849","02","3269","0390","04","Elem      ","N","Madison Metropolitan","Muir El","Grades PreK-12","All Races","Both Genders",427,38,"8.8992974200                  ",5,"1.1709601800                  ",32,"7.4941451900                  ",352,"82.4355971800                 "
"1999","22831","02","3269","0400","04","High      ","N","Madison Metropolitan","Shabazz-City Hi","Grades PreK-12","All Races","Both Genders",131,0,"0.0000000000                  ",0,"0.0000000000                  ",0,"0.0000000000                  ",131,"100.0000000000                "
"1999","22892","02","3269","0420","04","High      ","N","Madison Metropolitan","LaFollette Hi","Grades PreK-12","All Races","Both Genders",1470,3,"0.2040816300                  ",9,"0.6122448900                  ",0,"0.0000000000                  ",1458,"99.1836734600                 "
"1999","22832","02","3269","0435","04","Elem      ","N","Madison Metropolitan","Lake View El","Grades PreK-12","All Races","Both Genders",311,20,"6.4308681600                  ",14,"4.5016077100                  ",13,"4.1800643000                  ",264,"84.8874598000                 "
"1999","22850","02","3269","0440","04","Mid/Jr Hi ","Y","Madison Metropolitan","Wright Mid","Grades PreK-12","All Races","Both Genders",169,2,"1.1834319500                  ",4,"2.3668639000                  ",0,"0.0000000000                  ",163,"96.4497041400                 "
"1999","22876","02","3269","0475","04","Elem      ","N","Madison Metropolitan","Leopold El","Grades PreK-12","All Races","Both Genders",613,28,"4.5676998300                  ",9,"1.4681892300                  ",23,"3.7520391500                  ",553,"90.2120717700                 "
"1999","22885","02","3269","0480","04","High      ","N","Madison Metropolitan","SAPAR Program Hi","Grades PreK-12","All Races","Both Genders",25,0,"0.0000000000                  ",0,"0.0000000000                  ",0,"0.0000000000                  ",25,"100.0000000000                "
"1999","22833","02","3269","0495","04","Elem      ","N","Madison Metropolitan","Lowell El","Grades PreK-12","All Races","Both Genders",420,21,"5.0000000000                  ",30,"7.1428571400                  ",8,"1.9047619000                  ",361,"85.9523809500                 "
"1999","22823","02","3269","0525","04","Elem      ","N","Madison Metropolitan","Marquette El","Grades PreK-12","All Races","Both Genders",236,1,"0.4237288100                  ",1,"0.4237288100                  ",0,"0.0000000000                  ",234,"99.1525423700                 "
"1999","22824","02","3269","0540","04","Mid/Jr Hi ","N","Madison Metropolitan","O'Keeffe Mid","Grades PreK-12","All Races","Both Genders",463,22,"4.7516198700                  ",16,"3.4557235400                  ",8,"1.7278617700                  ",417,"90.0647948100                 "
"1999","22834","02","3269","0555","04","Elem      ","N","Madison Metropolitan","Mendota El","Grades PreK-12","All Races","Both Genders",317,2,"0.6309148200                  ",0,"0.0000000000                  ",2,"0.6309148200                  ",313,"98.7381703400                 "
"1999","22862","02","3269","0570","04","Elem      ","N","Madison Metropolitan","Midvale El","Grades PreK-12","All Races","Both Genders",373,49,"13.1367292200                 ",69,"18.4986595100                 ",8,"2.1447721100                  ",247,"66.2198391400                 "
"1999","22863","02","3269","0615","04","Elem      ","N","Madison Metropolitan","Orchard Ridge El","Grades PreK-12","All Races","Both Genders",416,0,"0.0000000000                  ",1,"0.2403846100                  ",1,"0.2403846100                  ",414,"99.5192307600                 "
"1999","22864","02","3269","0620","04","Mid/Jr Hi ","N","Madison Metropolitan","Toki Mid","Grades PreK-12","All Races","Both Genders",641,6,"0.9360374400                  ",13,"2.0280811200                  ",23,"3.5881435200                  ",599,"93.4477379000                 "
"1999","22851","02","3269","0645","04","Elem      ","N","Madison Metropolitan","Randall El","Grades PreK-12","All Races","Both Genders",402,29,"7.2139303400                  ",25,"6.2189054700                  ",16,"3.9800995000                  ",332,"82.5870646700                 "
"1999","22865","02","3269","0660","04","Elem      ","N","Madison Metropolitan","Huegel El","Grades PreK-12","All Races","Both Genders",569,1,"0.1757469200                  ",0,"0.0000000000                  ",0,"0.0000000000                  ",568,"99.8242530700                 "
"1999","22893","02","3269","0665","04","Mid/Jr Hi ","N","Madison Metropolitan","Sennett Mid","Grades PreK-12","All Races","Both Genders",655,0,"0.0000000000                  ",1,"0.1526717500                  ",0,"0.0000000000                  ",654,"99.8473282400                 "
"1999","22835","02","3269","0675","04","Elem      ","N","Madison Metropolitan","Gompers El","Grades PreK-12","All Races","Both Genders",320,0,"0.0000000000                  ",0,"0.0000000000                  ",0,"0.0000000000                  ",320,"100.0000000000                "
"1999","22836","02","3269","0690","04","Mid/Jr Hi ","N","Madison Metropolitan","Black Hawk Mid","Grades PreK-12","All Races","Both Genders",546,21,"3.8461538400                  ",31,"5.6776556700                  ",30,"5.4945054900                  ",464,"84.9816849800                 "
"1999","22886","02","3269","0700","04","High      ","Y","Madison Metropolitan","Work & Learning Hi","Grades PreK-12","All Races","Both Genders",109,0,"0.0000000000                  ",0,"0.0000000000                  ",0,"0.0000000000                  ",109,"100.0000000000                "
"1999","22837","02","3269","0710","04","Mid/Jr Hi ","N","Madison Metropolitan","Sherman Mid","Grades PreK-12","All Races","Both Genders",548,1,"0.1824817500                  ",1,"0.1824817500                  ",4,"0.7299270000                  ",542,"98.9051094800                 "
"1999","22852","02","3269","0735","04","Elem      ","N","Madison Metropolitan","Shorewood Hills El","Grades PreK-12","All Races","Both Genders",475,10,"2.1052631500                  ",0,"0.0000000000                  ",95,"20.0000000000                 ",370,"77.8947368400                 "
"1999","22866","02","3269","0780","04","Elem      ","N","Madison Metropolitan","Thoreau El","Grades PreK-12","All Races","Both Genders",394,6,"1.5228426300                  ",15,"3.8071065900                  ",28,"7.1065989800                  ",345,"87.5634517700                 "
"1999","22853","02","3269","0795","04","Elem      ","N","Madison Metropolitan","Van Hise El","Grades PreK-12","All Races","Both Genders",329,1,"0.3039513600                  ",0,"0.0000000000                  ",53,"16.1094224900                 ",275,"83.5866261300                 "
"1999","22854","02","3269","0810","04","Mid/Jr Hi ","N","Madison Metropolitan","Hamilton Mid","Grades PreK-12","All Races","Both Genders",806,13,"1.6129032200                  ",15,"1.8610421800                  ",61,"7.5682382100                  ",717,"88.9578163700                 "
"1999","22855","02","3269","0840","04","High      ","N","Madison Metropolitan","West Hi","Grades PreK-12","All Races","Both Genders",2010,34,"1.6915422800                  ",20,"0.9950248700                  ",66,"3.2835820800                  ",1890,"94.0298507400                 "
"1999","22846","02","3269","0850","04","Mid/Jr Hi ","N","Madison Metropolitan","Spring Harbor Mid","Grades PreK-12","All Races","Both Genders",240,0,"0.0000000000                  ",1,"0.4166666600                  ",2,"0.8333333300                  ",237,"98.7500000000                 "
"1999","22679","02","3332","","03","Elem      ","N","Marshall","","Elementary School Type/ Prek-12","All Races","Both Genders",576,39,"6.7708333300                  ",0,"0.0000000000                  ",0,"0.0000000000                  ",537,"93.2291666600                 "
"1999","22679","02","3332","","03","Mid/Jr Hi ","N","Marshall","","Middle/Junior High School Type/ Prek-12","All Races","Both Genders",231,12,"5.1948051900                  ",0,"0.0000000000                  ",0,"0.0000000000                  ",219,"94.8051948000                 "
"1999","22679","02","3332","","03","High      ","N","Marshall","","High School Type/ PreK-12","All Races","Both Genders",291,20,"6.8728522300                  ",0,"0.0000000000                  ",0,"0.0000000000                  ",271,"93.1271477600                 "
"1999","22679","02","3332","","03","El/Sec    ","N","Marshall","","Combined Elementary/Secondary School Type/ Prek-12","All Races","Both Genders",0,0,"--                            ",0,"--                            ",0,"--                            ",,"--                            "
"1999","22679","02","3332","","03","Summary   ","N","Marshall","","Grades PreK-12","All Races","Both Genders",1098,71,"6.4663023600                  ",0,"0.0000000000                  ",0,"0.0000000000                  ",1027,"93.5336976300                 "
"1999","22675","02","3332","0020","04","Elem      ","N","Marshall","Marshall El","Grades PreK-12","All Races","Both Genders",240,20,"8.3333333300                  ",0,"0.0000000000                  ",0,"0.0000000000                  ",220,"91.6666666600                 "
"1999","22676","02","3332","0040","04","High      ","N","Marshall","Marshall Hi","Grades PreK-12","All Races","Both Genders",291,20,"6.8728522300                  ",0,"0.0000000000                  ",0,"0.0000000000                  ",271,"93.1271477600                 "
"1999","22677","02","3332","0060","04","Mid/Jr Hi ","N","Marshall","Marshall Mid","Grades PreK-12","All Races","Both Genders",231,12,"5.1948051900                  ",0,"0.0000000000                  ",0,"0.0000000000                  ",219,"94.8051948000                 "
"1999","22678","02","3332","0080","04","Elem      ","N","Marshall","Marshall Early Learning Ctr","Grades PreK-12","All Races","Both Genders",336,19,"5.6547619000                  ",0,"0.0000000000                  ",0,"0.0000000000                  ",317,"94.3452380900                 "
"1999","22674","02","3381","","03","Elem      ","N","McFarland","","Elementary School Type/ Prek-12","All Races","Both Genders",721,0,"0.0000000000                  ",5,"0.6934812700                  ",3,"0.4160887600                  ",713,"98.8904299500                 "
"1999","22674","02","3381","","03","Mid/Jr Hi ","N","McFarland","","Middle/Junior High School Type/ Prek-12","All Races","Both Genders",612,0,"0.0000000000                  ",4,"0.6535947700                  ",2,"0.3267973800                  ",606,"99.0196078400                 "
"1999","22674","02","3381","","03","High      ","N","McFarland","","High School Type/ PreK-12","All Races","Both Genders",630,0,"0.0000000000                  ",6,"0.9523809500                  ",0,"0.0000000000                  ",624,"99.0476190400                 "
"1999","22674","02","3381","","03","El/Sec    ","N","McFarland","","Combined Elementary/Secondary School Type/ Prek-12","All Races","Both Genders",0,0,"--                            ",0,"--                            ",0,"--                            ",,"--                            "
"1999","22674","02","3381","","03","Summary   ","N","McFarland","","Grades PreK-12","All Races","Both Genders",1963,0,"0.0000000000                  ",15,"0.7641365200                  ",5,"0.2547121700                  ",1943,"98.9811512900                 "
"1999","22670","02","3381","0010","04","Elem      ","N","McFarland","Elvehjem El","Grades PreK-12","All Races","Both Genders",280,0,"0.0000000000                  ",4,"1.4285714200                  ",0,"0.0000000000                  ",276,"98.5714285700                 "
"1999","22671","02","3381","0020","04","Elem      ","N","McFarland","McFarland El","Grades PreK-12","All Races","Both Genders",441,0,"0.0000000000                  ",1,"0.2267573600                  ",3,"0.6802721000                  ",437,"99.0929705200                 "
"1999","22672","02","3381","0060","04","Mid/Jr Hi ","N","McFarland","Indian Mound Mid","Grades PreK-12","All Races","Both Genders",612,0,"0.0000000000                  ",4,"0.6535947700                  ",2,"0.3267973800                  ",606,"99.0196078400                 "
"1999","22673","02","3381","0080","04","High      ","N","McFarland","McFarland Hi","Grades PreK-12","All Races","Both Genders",630,0,"0.0000000000                  ",6,"0.9523809500                  ",0,"0.0000000000                  ",624,"99.0476190400                 "
"1999","22690","02","3549","","03","Elem      ","N","Middleton-Cross Plains","","Elementary School Type/ Prek-12","All Races","Both Genders",2228,13,"0.5834829400                  ",0,"0.0000000000                  ",24,"1.0771992800                  ",2191,"98.3393177700                 "
"1999","22690","02","3549","","03","Mid/Jr Hi ","N","Middleton-Cross Plains","","Middle/Junior High School Type/ Prek-12","All Races","Both Genders",1142,8,"0.7005253900                  ",0,"0.0000000000                  ",14,"1.2259194300                  ",1120,"98.0735551600                 "
"1999","22690","02","3549","","03","High      ","N","Middleton-Cross Plains","","High School Type/ PreK-12","All Races","Both Genders",1529,2,"0.1308044400                  ",0,"0.0000000000                  ",11,"0.7194244600                  ",1516,"99.1497710900                 "
"1999","22690","02","3549","","03","El/Sec    ","N","Middleton-Cross Plains","","Combined Elementary/Secondary School Type/ Prek-12","All Races","Both Genders",0,0,"--                            ",0,"--                            ",0,"--                            ",,"--                            "
"1999","22690","02","3549","","03","Summary   ","N","Middleton-Cross Plains","","Grades PreK-12","All Races","Both Genders",4899,23,"0.4694835600                  ",0,"0.0000000000                  ",49,"1.0002041200                  ",4827,"98.5303123000                 "
"1999","22684","02","3549","0030","04","Mid/Jr Hi ","N","Middleton-Cross Plains","Kromrey Mid","Grades PreK-12","All Races","Both Genders",613,8,"1.3050570900                  ",0,"0.0000000000                  ",14,"2.2838499100                  ",591,"96.4110929800                 "
"1999","22685","02","3549","0040","04","Elem      ","N","Middleton-Cross Plains","Elm Lawn El","Grades PreK-12","All Races","Both Genders",431,0,"0.0000000000                  ",0,"0.0000000000                  ",0,"0.0000000000                  ",431,"100.0000000000                "
"1999","24863","02","3549","0050","04","Mid/Jr Hi ","N","Middleton-Cross Plains","Glacier Creek Mid","Grades PreK-12","All Races","Both Genders",529,0,"0.0000000000                  ",0,"0.0000000000                  ",0,"0.0000000000                  ",529,"100.0000000000                "
"1999","22686","02","3549","0060","04","High      ","N","Middleton-Cross Plains","Middleton Hi","Grades PreK-12","All Races","Both Genders",1438,2,"0.1390820500                  ",0,"0.0000000000                  ",11,"0.7649513200                  ",1425,"99.0959666200                 "
"1999","22687","02","3549","0090","04","Elem      ","N","Middleton-Cross Plains","Northside El","Grades PreK-12","All Races","Both Genders",335,0,"0.0000000000                  ",0,"0.0000000000                  ",0,"0.0000000000                  ",335,"100.0000000000                "
"1999","22563","02","3549","0100","04","Elem      ","N","Middleton-Cross Plains","Park El","Grades PreK-12","All Races","Both Genders",279,0,"0.0000000000                  ",0,"0.0000000000                  ",0,"0.0000000000                  ",279,"100.0000000000                "
"1999","22688","02","3549","0120","04","Elem      ","N","Middleton-Cross Plains","Sauk Trail El","Grades PreK-12","All Races","Both Genders",358,9,"2.5139664800                  ",0,"0.0000000000                  ",20,"5.5865921700                  ",329,"91.8994413400                 "
"1999","22812","02","3549","0150","04","Elem      ","N","Middleton-Cross Plains","Sunset Ridge El","Grades PreK-12","All Races","Both Genders",425,0,"0.0000000000                  ",0,"0.0000000000                  ",0,"0.0000000000                  ",425,"100.0000000000                "
"1999","22801","02","3549","0160","04","Elem      ","N","Middleton-Cross Plains","West Middleton El","Grades PreK-12","All Races","Both Genders",400,4,"1.0000000000                  ",0,"0.0000000000                  ",4,"1.0000000000                  ",392,"98.0000000000                 "
"1999","24849","02","3549","0180","04","High      ","Y","Middleton-Cross Plains","Middleton Alternative Sr Hi","Grades PreK-12","All Races","Both Genders",91,0,"0.0000000000                  ",0,"0.0000000000                  ",0,"0.0000000000                  ",91,"100.0000000000                "
"1999","22696","02","3612","","03","Elem      ","N","Milton","","Elementary School Type/ Prek-12","All Races","Both Genders",791,0,"0.0000000000                  ",0,"0.0000000000                  ",0,"0.0000000000                  ",791,"100.0000000000                "
"1999","22696","02","3612","","03","Mid/Jr Hi ","N","Milton","","Middle/Junior High School Type/ Prek-12","All Races","Both Genders",1128,0,"0.0000000000                  ",0,"0.0000000000                  ",0,"0.0000000000                  ",1128,"100.0000000000                "
"1999","22696","02","3612","","03","High      ","N","Milton","","High School Type/ PreK-12","All Races","Both Genders",952,0,"0.0000000000                  ",0,"0.0000000000                  ",0,"0.0000000000                  ",952,"100.0000000000                "
"1999","22696","02","3612","","03","El/Sec    ","N","Milton","","Combined Elementary/Secondary School Type/ Prek-12","All Races","Both Genders",0,0,"--                            ",0,"--                            ",0,"--                            ",,"--                            "
"1999","22696","02","3612","","03","Summary   ","N","Milton","","Grades PreK-12","All Races","Both Genders",2871,0,"0.0000000000                  ",0,"0.0000000000                  ",0,"0.0000000000                  ",2871,"100.0000000000                "
"1999","22624","02","3612","0040","04","Elem      ","N","Milton","Consolidated El","Grades PreK-12","All Races","Both Genders",76,0,"0.0000000000                  ",0,"0.0000000000                  ",0,"0.0000000000                  ",76,"100.0000000000                "
"1999","22691","02","3612","0080","04","Elem      ","N","Milton","East El","Grades PreK-12","All Races","Both Genders",390,0,"0.0000000000                  ",0,"0.0000000000                  ",0,"0.0000000000                  ",390,"100.0000000000                "
"1999","22692","02","3612","0100","04","High      ","N","Milton","Milton Hi","Grades PreK-12","All Races","Both Genders",952,0,"0.0000000000                  ",0,"0.0000000000                  ",0,"0.0000000000                  ",952,"100.0000000000                "
"1999","22693","02","3612","0120","04","Mid/Jr Hi ","N","Milton","Milton Mid","Grades PreK-12","All Races","Both Genders",470,0,"0.0000000000                  ",0,"0.0000000000                  ",0,"0.0000000000                  ",470,"100.0000000000                "
"1999","22694","02","3612","0130","04","Mid/Jr Hi ","N","Milton","Northside Intermediate","Grades PreK-12","All Races","Both Genders",658,0,"0.0000000000                  ",0,"0.0000000000                  ",0,"0.0000000000                  ",658,"100.0000000000                "
"1999","22695","02","3612","0140","04","Elem      ","N","Milton","West El","Grades PreK-12","All Races","Both Genders",325,0,"0.0000000000                  ",0,"0.0000000000                  ",0,"0.0000000000                  ",325,"100.0000000000                "
"1999","22900","02","3675","","03","Elem      ","N","Monona Grove","","Elementary School Type/ Prek-12","All Races","Both Genders",1305,0,"0.0000000000                  ",4,"0.3065134000                  ",1,"0.0766283500                  ",1300,"99.6168582300                 "
"1999","22900","02","3675","","03","Mid/Jr Hi ","N","Monona Grove","","Middle/Junior High School Type/ Prek-12","All Races","Both Genders",585,6,"1.0256410200                  ",0,"0.0000000000                  ",0,"0.0000000000                  ",579,"98.9743589700                 "
"1999","22900","02","3675","","03","High      ","N","Monona Grove","","High School Type/ PreK-12","All Races","Both Genders",750,0,"0.0000000000                  ",0,"0.0000000000                  ",0,"0.0000000000                  ",750,"100.0000000000                "
"1999","22900","02","3675","","03","El/Sec    ","N","Monona Grove","","Combined Elementary/Secondary School Type/ Prek-12","All Races","Both Genders",0,0,"--                            ",0,"--                            ",0,"--                            ",,"--                            "
"1999","22900","02","3675","","03","Summary   ","N","Monona Grove","","Grades PreK-12","All Races","Both Genders",2640,6,"0.2272727200                  ",4,"0.1515151500                  ",1,"0.0378787800                  ",2629,"99.5833333300                 "
"1999","22561","02","3675","0020","04","Elem      ","N","Monona Grove","Cottage Grove El","Grades PreK-12","All Races","Both Genders",363,0,"0.0000000000                  ",2,"0.5509641800                  ",0,"0.0000000000                  ",361,"99.4490358100                 "
"1999","22894","02","3675","0040","04","Elem      ","N","Monona Grove","Maywood El","Grades PreK-12","All Races","Both Genders",260,0,"0.0000000000                  ",0,"0.0000000000                  ",0,"0.0000000000                  ",260,"100.0000000000                "
"1999","22895","02","3675","0060","04","High      ","N","Monona Grove","Monona Grove Hi","Grades PreK-12","All Races","Both Genders",742,0,"0.0000000000                  ",0,"0.0000000000                  ",0,"0.0000000000                  ",742,"100.0000000000                "
"1999","22896","02","3675","0080","04","Elem      ","N","Monona Grove","Nichols El","Grades PreK-12","All Races","Both Genders",282,0,"0.0000000000                  ",0,"0.0000000000                  ",0,"0.0000000000                  ",282,"100.0000000000                "
"1999","22897","02","3675","0100","04","Mid/Jr Hi ","N","Monona Grove","Winnequah Mid","Grades PreK-12","All Races","Both Genders",585,6,"1.0256410200                  ",0,"0.0000000000                  ",0,"0.0000000000                  ",579,"98.9743589700                 "
"1999","24793","02","3675","0120","04","Elem      ","N","Monona Grove","Taylor Prairie El","Grades PreK-12","All Races","Both Genders",400,0,"0.0000000000                  ",2,"0.5000000000                  ",1,"0.2500000000                  ",397,"99.2500000000                 "
"1999","26089","02","3675","0410","04","High      ","Y","Monona Grove","Monona Grove Alternative Hi","Grades PreK-12","All Races","Both Genders",8,0,"0.0000000000                  ",0,"0.0000000000                  ",0,"0.0000000000                  ",8,"100.0000000000                "
"1999","22708","02","3682","","03","Elem      ","N","Monroe","","Elementary School Type/ Prek-12","All Races","Both Genders",1424,4,"0.2808988700                  ",0,"0.0000000000                  ",7,"0.4915730300                  ",1413,"99.2275280800                 "
"1999","22708","02","3682","","03","Mid/Jr Hi ","N","Monroe","","Middle/Junior High School Type/ Prek-12","All Races","Both Genders",492,1,"0.2032520300                  ",0,"0.0000000000                  ",3,"0.6097560900                  ",488,"99.1869918600                 "
"1999","22708","02","3682","","03","High      ","N","Monroe","","High School Type/ PreK-12","All Races","Both Genders",895,1,"0.1117318400                  ",0,"0.0000000000                  ",2,"0.2234636800                  ",892,"99.6648044600                 "
"1999","22708","02","3682","","03","El/Sec    ","N","Monroe","","Combined Elementary/Secondary School Type/ Prek-12","All Races","Both Genders",0,0,"--                            ",0,"--                            ",0,"--                            ",,"--                            "
"1999","22708","02","3682","","03","Summary   ","N","Monroe","","Grades PreK-12","All Races","Both Genders",2811,6,"0.2134471700                  ",0,"0.0000000000                  ",12,"0.4268943400                  ",2793,"99.3596584800                 "
"1999","22702","02","3682","0010","04","Elem      ","N","Monroe","Lincoln El","Grades PreK-12","All Races","Both Genders",459,0,"0.0000000000                  ",0,"0.0000000000                  ",7,"1.5250544600                  ",452,"98.4749455300                 "
"1999","22703","02","3682","0100","04","Mid/Jr Hi ","N","Monroe","Monroe Jr","Grades PreK-12","All Races","Both Genders",492,1,"0.2032520300                  ",0,"0.0000000000                  ",3,"0.6097560900                  ",488,"99.1869918600                 "
"1999","22704","02","3682","0120","04","High      ","N","Monroe","Monroe Hi","Grades PreK-12","All Races","Both Genders",884,1,"0.1131221700                  ",0,"0.0000000000                  ",2,"0.2262443400                  ",881,"99.6606334800                 "
"1999","22705","02","3682","0140","04","Elem      ","N","Monroe","Northside El","Grades PreK-12","All Races","Both Genders",473,1,"0.2114164900                  ",0,"0.0000000000                  ",0,"0.0000000000                  ",472,"99.7885835000                 "
"1999","22706","02","3682","0150","04","Elem      ","N","Monroe","Parkside El","Grades PreK-12","All Races","Both Genders",492,3,"0.6097560900                  ",0,"0.0000000000                  ",0,"0.0000000000                  ",489,"99.3902439000                 "
"1999","26049","02","3682","0410","04","High      ","Y","Monroe","Monroe Alternative Charter Sch","Grades PreK-12","All Races","Both Genders",11,0,"0.0000000000                  ",0,"0.0000000000                  ",0,"0.0000000000                  ",11,"100.0000000000                "
"1999","22713","02","3696","","03","Elem      ","N","Monticello","","Elementary School Type/ Prek-12","All Races","Both Genders",217,0,"0.0000000000                  ",0,"0.0000000000                  ",0,"0.0000000000                  ",217,"100.0000000000                "
"1999","22713","02","3696","","03","Mid/Jr Hi ","N","Monticello","","Middle/Junior High School Type/ Prek-12","All Races","Both Genders",94,0,"0.0000000000                  ",0,"0.0000000000                  ",0,"0.0000000000                  ",94,"100.0000000000                "
"1999","22713","02","3696","","03","High      ","N","Monticello","","High School Type/ PreK-12","All Races","Both Genders",141,0,"0.0000000000                  ",0,"0.0000000000                  ",0,"0.0000000000                  ",141,"100.0000000000                "
"1999","22713","02","3696","","03","El/Sec    ","N","Monticello","","Combined Elementary/Secondary School Type/ Prek-12","All Races","Both Genders",0,0,"--                            ",0,"--                            ",0,"--                            ",,"--                            "
"1999","22713","02","3696","","03","Summary   ","N","Monticello","","Grades PreK-12","All Races","Both Genders",452,0,"0.0000000000                  ",0,"0.0000000000                  ",0,"0.0000000000                  ",452,"100.0000000000                "
"1999","22710","02","3696","0020","04","Elem      ","N","Monticello","Monticello El","Grades PreK-12","All Races","Both Genders",217,0,"0.0000000000                  ",0,"0.0000000000                  ",0,"0.0000000000                  ",217,"100.0000000000                "
"1999","22711","02","3696","0030","04","Mid/Jr Hi ","N","Monticello","Monticello Mid","Grades PreK-12","All Races","Both Genders",94,0,"0.0000000000                  ",0,"0.0000000000                  ",0,"0.0000000000                  ",94,"100.0000000000                "
"1999","22712","02","3696","0040","04","High      ","N","Monticello","Monticello Hi","Grades PreK-12","All Races","Both Genders",141,0,"0.0000000000                  ",0,"0.0000000000                  ",0,"0.0000000000                  ",141,"100.0000000000                "
"1999","22720","02","3794","","03","Elem      ","N","Mount Horeb Area","","Elementary School Type/ Prek-12","All Races","Both Genders",914,0,"0.0000000000                  ",0,"0.0000000000                  ",0,"0.0000000000                  ",914,"100.0000000000                "
"1999","22720","02","3794","","03","Mid/Jr Hi ","N","Mount Horeb Area","","Middle/Junior High School Type/ Prek-12","All Races","Both Genders",469,0,"0.0000000000                  ",0,"0.0000000000                  ",0,"0.0000000000                  ",469,"100.0000000000                "
"1999","22720","02","3794","","03","High      ","N","Mount Horeb Area","","High School Type/ PreK-12","All Races","Both Genders",529,0,"0.0000000000                  ",0,"0.0000000000                  ",0,"0.0000000000                  ",529,"100.0000000000                "
"1999","22720","02","3794","","03","El/Sec    ","N","Mount Horeb Area","","Combined Elementary/Secondary School Type/ Prek-12","All Races","Both Genders",0,0,"--                            ",0,"--                            ",0,"--                            ",,"--                            "
"1999","22720","02","3794","","03","Summary   ","N","Mount Horeb Area","","Grades PreK-12","All Races","Both Genders",1912,0,"0.0000000000                  ",0,"0.0000000000                  ",0,"0.0000000000                  ",1912,"100.0000000000                "
"1999","22715","02","3794","0100","04","Elem      ","N","Mount Horeb Area","Mount Horeb Intermediate","Grades PreK-12","All Races","Both Genders",440,0,"0.0000000000                  ",0,"0.0000000000                  ",0,"0.0000000000                  ",440,"100.0000000000                "
"1999","22716","02","3794","0110","04","Mid/Jr Hi ","N","Mount Horeb Area","Mount Horeb Mid","Grades PreK-12","All Races","Both Genders",469,0,"0.0000000000                  ",0,"0.0000000000                  ",0,"0.0000000000                  ",469,"100.0000000000                "
"1999","22717","02","3794","0120","04","High      ","N","Mount Horeb Area","Mount Horeb Hi","Grades PreK-12","All Races","Both Genders",529,0,"0.0000000000                  ",0,"0.0000000000                  ",0,"0.0000000000                  ",529,"100.0000000000                "
"1999","22718","02","3794","0130","04","Elem      ","N","Mount Horeb Area","Mount Horeb Primary Ctr","Grades PreK-12","All Races","Both Genders",301,0,"0.0000000000                  ",0,"0.0000000000                  ",0,"0.0000000000                  ",301,"100.0000000000                "
"1999","22719","02","3794","0140","04","Elem      ","N","Mount Horeb Area","Ridgeview Early Learning Ctr","Grades PreK-12","All Races","Both Genders",173,0,"0.0000000000                  ",0,"0.0000000000                  ",0,"0.0000000000                  ",173,"100.0000000000                "
"1999","22726","02","3934","","03","Elem      ","N","New Glarus","","Elementary School Type/ Prek-12","All Races","Both Genders",346,0,"0.0000000000                  ",0,"0.0000000000                  ",0,"0.0000000000                  ",346,"100.0000000000                "
"1999","22726","02","3934","","03","Mid/Jr Hi ","N","New Glarus","","Middle/Junior High School Type/ Prek-12","All Races","Both Genders",0,0,"--                            ",0,"--                            ",0,"--                            ",,"--                            "
"1999","22726","02","3934","","03","High      ","N","New Glarus","","High School Type/ PreK-12","All Races","Both Genders",340,0,"0.0000000000                  ",0,"0.0000000000                  ",0,"0.0000000000                  ",340,"100.0000000000                "
"1999","22726","02","3934","","03","El/Sec    ","N","New Glarus","","Combined Elementary/Secondary School Type/ Prek-12","All Races","Both Genders",0,0,"--                            ",0,"--                            ",0,"--                            ",,"--                            "
"1999","22726","02","3934","","03","Summary   ","N","New Glarus","","Grades PreK-12","All Races","Both Genders",686,0,"0.0000000000                  ",0,"0.0000000000                  ",0,"0.0000000000                  ",686,"100.0000000000                "
"1999","22723","02","3934","0020","04","Elem      ","N","New Glarus","New Glarus El","Grades PreK-12","All Races","Both Genders",346,0,"0.0000000000                  ",0,"0.0000000000                  ",0,"0.0000000000                  ",346,"100.0000000000                "
"1999","22724","02","3934","0040","04","High      ","N","New Glarus","New Glarus Hi & Mid","Grades PreK-12","All Races","Both Genders",340,0,"0.0000000000                  ",0,"0.0000000000                  ",0,"0.0000000000                  ",340,"100.0000000000                "
"1999","21805","02","4011","","03","Elem      ","N","Norway J7","","Elementary School Type/ Prek-12","All Races","Both Genders",133,0,"0.0000000000                  ",0,"0.0000000000                  ",0,"0.0000000000                  ",133,"100.0000000000                "
"1999","21805","02","4011","","03","Mid/Jr Hi ","N","Norway J7","","Middle/Junior High School Type/ Prek-12","All Races","Both Genders",0,0,"--                            ",0,"--                            ",0,"--                            ",,"--                            "
"1999","21805","02","4011","","03","High      ","N","Norway J7","","High School Type/ PreK-12","All Races","Both Genders",0,0,"--                            ",0,"--                            ",0,"--                            ",,"--                            "
"1999","21805","02","4011","","03","El/Sec    ","N","Norway J7","","Combined Elementary/Secondary School Type/ Prek-12","All Races","Both Genders",0,0,"--                            ",0,"--                            ",0,"--                            ",,"--                            "
"1999","21805","02","4011","","03","Summary   ","N","Norway J7","","Grades PreK-12","All Races","Both Genders",133,0,"0.0000000000                  ",0,"0.0000000000                  ",0,"0.0000000000                  ",133,"100.0000000000                "
"1999","21801","02","4011","0020","04","Elem      ","N","Norway J7","Drought El","Grades PreK-12","All Races","Both Genders",133,0,"0.0000000000                  ",0,"0.0000000000                  ",0,"0.0000000000                  ",133,"100.0000000000                "
"1999","22731","02","4144","","03","Elem      ","N","Oregon","","Elementary School Type/ Prek-12","All Races","Both Genders",1571,1,"0.0636537200                  ",0,"0.0000000000                  ",1,"0.0636537200                  ",1569,"99.8726925500                 "
"1999","22731","02","4144","","03","Mid/Jr Hi ","N","Oregon","","Middle/Junior High School Type/ Prek-12","All Races","Both Genders",771,1,"0.1297016800                  ",0,"0.0000000000                  ",2,"0.2594033700                  ",768,"99.6108949400                 "
"1999","22731","02","4144","","03","High      ","N","Oregon","","High School Type/ PreK-12","All Races","Both Genders",978,2,"0.2044989700                  ",0,"0.0000000000                  ",0,"0.0000000000                  ",976,"99.7955010200                 "
"1999","22731","02","4144","","03","El/Sec    ","N","Oregon","","Combined Elementary/Secondary School Type/ Prek-12","All Races","Both Genders",0,0,"--                            ",0,"--                            ",0,"--                            ",,"--                            "
"1999","22731","02","4144","","03","Summary   ","N","Oregon","","Grades PreK-12","All Races","Both Genders",3320,4,"0.1204819200                  ",0,"0.0000000000                  ",3,"0.0903614400                  ",3313,"99.7891566200                 "
"1999","22552","02","4144","0020","04","Elem      ","N","Oregon","Brooklyn El","Grades PreK-12","All Races","Both Genders",415,0,"0.0000000000                  ",0,"0.0000000000                  ",0,"0.0000000000                  ",415,"100.0000000000                "
"1999","22727","02","4144","0040","04","Elem      ","N","Oregon","Netherwood Knoll El","Grades PreK-12","All Races","Both Genders",684,0,"0.0000000000                  ",0,"0.0000000000                  ",1,"0.1461988300                  ",683,"99.8538011600                 "
"1999","22728","02","4144","0050","04","Elem      ","N","Oregon","Prairie View El","Grades PreK-12","All Races","Both Genders",472,1,"0.2118644000                  ",0,"0.0000000000                  ",0,"0.0000000000                  ",471,"99.7881355900                 "
"1999","22729","02","4144","0060","04","High      ","N","Oregon","Oregon Hi","Grades PreK-12","All Races","Both Genders",978,2,"0.2044989700                  ",0,"0.0000000000                  ",0,"0.0000000000                  ",976,"99.7955010200                 "
"1999","22730","02","4144","0080","04","Mid/Jr Hi ","N","Oregon","Oregon Mid","Grades PreK-12","All Races","Both Genders",771,1,"0.1297016800                  ",0,"0.0000000000                  ",2,"0.2594033700                  ",768,"99.6108949400                 "
"1999","22736","02","4151","","03","Elem      ","N","Parkview","","Elementary School Type/ Prek-12","All Races","Both Genders",694,0,"0.0000000000                  ",0,"0.0000000000                  ",0,"0.0000000000                  ",694,"100.0000000000                "
"1999","22736","02","4151","","03","Mid/Jr Hi ","N","Parkview","","Middle/Junior High School Type/ Prek-12","All Races","Both Genders",184,0,"0.0000000000                  ",0,"0.0000000000                  ",0,"0.0000000000                  ",184,"100.0000000000                "
"1999","22736","02","4151","","03","High      ","N","Parkview","","High School Type/ PreK-12","All Races","Both Genders",385,0,"0.0000000000                  ",0,"0.0000000000                  ",0,"0.0000000000                  ",385,"100.0000000000                "
"1999","22736","02","4151","","03","El/Sec    ","N","Parkview","","Combined Elementary/Secondary School Type/ Prek-12","All Races","Both Genders",0,0,"--                            ",0,"--                            ",0,"--                            ",,"--                            "
"1999","22736","02","4151","","03","Summary   ","N","Parkview","","Grades PreK-12","All Races","Both Genders",1263,0,"0.0000000000                  ",0,"0.0000000000                  ",0,"0.0000000000                  ",1263,"100.0000000000                "
"1999","22598","02","4151","0020","04","Elem      ","N","Parkview","Footville El","Grades PreK-12","All Races","Both Genders",257,0,"0.0000000000                  ",0,"0.0000000000                  ",0,"0.0000000000                  ",257,"100.0000000000                "
"1999","22534","02","4151","0040","04","Elem      ","N","Parkview","Newark El","Grades PreK-12","All Races","Both Genders",100,0,"0.0000000000                  ",0,"0.0000000000                  ",0,"0.0000000000                  ",100,"100.0000000000                "
"1999","22733","02","4151","0060","04","Elem      ","N","Parkview","Orfordville El","Grades PreK-12","All Races","Both Genders",337,0,"0.0000000000                  ",0,"0.0000000000                  ",0,"0.0000000000                  ",337,"100.0000000000                "
"1999","22734","02","4151","0100","04","High      ","N","Parkview","Parkview Hi","Grades PreK-12","All Races","Both Genders",385,0,"0.0000000000                  ",0,"0.0000000000                  ",0,"0.0000000000                  ",385,"100.0000000000                "
"1999","22735","02","4151","0120","04","Mid/Jr Hi ","N","Parkview","Parkview Jr","Grades PreK-12","All Races","Both Genders",184,0,"0.0000000000                  ",0,"0.0000000000                  ",0,"0.0000000000                  ",184,"100.0000000000                "
"1999","21968","02","4221","","03","Elem      ","N","Palmyra-Eagle Area","","Elementary School Type/ Prek-12","All Races","Both Genders",624,26,"4.1666666600                  ",0,"0.0000000000                  ",0,"0.0000000000                  ",598,"95.8333333300                 "
"1999","21968","02","4221","","03","Mid/Jr Hi ","N","Palmyra-Eagle Area","","Middle/Junior High School Type/ Prek-12","All Races","Both Genders",243,6,"2.4691358000                  ",0,"0.0000000000                  ",0,"0.0000000000                  ",237,"97.5308641900                 "
"1999","21968","02","4221","","03","High      ","N","Palmyra-Eagle Area","","High School Type/ PreK-12","All Races","Both Genders",391,0,"0.0000000000                  ",0,"0.0000000000                  ",0,"0.0000000000                  ",391,"100.0000000000                "
"1999","21968","02","4221","","03","El/Sec    ","N","Palmyra-Eagle Area","","Combined Elementary/Secondary School Type/ Prek-12","All Races","Both Genders",0,0,"--                            ",0,"--                            ",0,"--                            ",,"--                            "
"1999","21968","02","4221","","03","Summary   ","N","Palmyra-Eagle Area","","Grades PreK-12","All Races","Both Genders",1258,32,"2.5437201900                  ",0,"0.0000000000                  ",0,"0.0000000000                  ",1226,"97.4562798000                 "
"1999","21775","02","4221","0010","04","Elem      ","N","Palmyra-Eagle Area","Eagle El","Grades PreK-12","All Races","Both Genders",341,0,"0.0000000000                  ",0,"0.0000000000                  ",0,"0.0000000000                  ",341,"100.0000000000                "
"1999","21965","02","4221","0015","04","High      ","N","Palmyra-Eagle Area","Palmyra-Eagle Hi","Grades PreK-12","All Races","Both Genders",391,0,"0.0000000000                  ",0,"0.0000000000                  ",0,"0.0000000000                  ",391,"100.0000000000                "
"1999","21966","02","4221","0020","04","Elem      ","N","Palmyra-Eagle Area","Palmyra El","Grades PreK-12","All Races","Both Genders",283,26,"9.1872791500                  ",0,"0.0000000000                  ",0,"0.0000000000                  ",257,"90.8127208400                 "
"1999","21967","02","4221","0030","04","Mid/Jr Hi ","N","Palmyra-Eagle Area","Palmyra-Eagle Mid","Grades PreK-12","All Races","Both Genders",243,6,"2.4691358000                  ",0,"0.0000000000                  ",0,"0.0000000000                  ",237,"97.5308641900                 "
"1999","21879","02","4235","","03","Elem      ","N","Paris J1","","Elementary School Type/ Prek-12","All Races","Both Genders",177,0,"0.0000000000                  ",0,"0.0000000000                  ",0,"0.0000000000                  ",177,"100.0000000000                "
"1999","21879","02","4235","","03","Mid/Jr Hi ","N","Paris J1","","Middle/Junior High School Type/ Prek-12","All Races","Both Genders",0,0,"--                            ",0,"--                            ",0,"--                            ",,"--                            "
"1999","21879","02","4235","","03","High      ","N","Paris J1","","High School Type/ PreK-12","All Races","Both Genders",0,0,"--                            ",0,"--                            ",0,"--                            ",,"--                            "
"1999","21879","02","4235","","03","El/Sec    ","N","Paris J1","","Combined Elementary/Secondary School Type/ Prek-12","All Races","Both Genders",0,0,"--                            ",0,"--                            ",0,"--                            ",,"--                            "
"1999","21879","02","4235","","03","Summary   ","N","Paris J1","","Grades PreK-12","All Races","Both Genders",177,0,"0.0000000000                  ",0,"0.0000000000                  ",0,"0.0000000000                  ",177,"100.0000000000                "
"1999","21873","02","4235","0020","04","Elem      ","N","Paris J1","Paris El","Grades PreK-12","All Races","Both Genders",177,0,"0.0000000000                  ",0,"0.0000000000                  ",0,"0.0000000000                  ",177,"100.0000000000                "
"1999","21730","02","4627","","03","Elem      ","N","Randall J1","","Elementary School Type/ Prek-12","All Races","Both Genders",692,0,"0.0000000000                  ",0,"0.0000000000                  ",0,"0.0000000000                  ",692,"100.0000000000                "
"1999","21730","02","4627","","03","Mid/Jr Hi ","N","Randall J1","","Middle/Junior High School Type/ Prek-12","All Races","Both Genders",0,0,"--                            ",0,"--                            ",0,"--                            ",,"--                            "
"1999","21730","02","4627","","03","High      ","N","Randall J1","","High School Type/ PreK-12","All Races","Both Genders",0,0,"--                            ",0,"--                            ",0,"--                            ",,"--                            "
"1999","21730","02","4627","","03","El/Sec    ","N","Randall J1","","Combined Elementary/Secondary School Type/ Prek-12","All Races","Both Genders",0,0,"--                            ",0,"--                            ",0,"--                            ",,"--                            "
"1999","21730","02","4627","","03","Summary   ","N","Randall J1","","Grades PreK-12","All Races","Both Genders",692,0,"0.0000000000                  ",0,"0.0000000000                  ",0,"0.0000000000                  ",692,"100.0000000000                "
"1999","21729","02","4627","0020","04","Elem      ","N","Randall J1","Randall El","Grades PreK-12","All Races","Both Genders",692,0,"0.0000000000                  ",0,"0.0000000000                  ",0,"0.0000000000                  ",692,"100.0000000000                "
"1999","21806","02","4686","","03","Elem      ","N","Raymond #14","","Elementary School Type/ Prek-12","All Races","Both Genders",396,0,"0.0000000000                  ",0,"0.0000000000                  ",0,"0.0000000000                  ",396,"100.0000000000                "
"1999","21806","02","4686","","03","Mid/Jr Hi ","N","Raymond #14","","Middle/Junior High School Type/ Prek-12","All Races","Both Genders",0,0,"--                            ",0,"--                            ",0,"--                            ",,"--                            "
"1999","21806","02","4686","","03","High      ","N","Raymond #14","","High School Type/ PreK-12","All Races","Both Genders",0,0,"--                            ",0,"--                            ",0,"--                            ",,"--                            "
"1999","21806","02","4686","","03","El/Sec    ","N","Raymond #14","","Combined Elementary/Secondary School Type/ Prek-12","All Races","Both Genders",0,0,"--                            ",0,"--                            ",0,"--                            ",,"--                            "
"1999","21806","02","4686","","03","Summary   ","N","Raymond #14","","Grades PreK-12","All Races","Both Genders",396,0,"0.0000000000                  ",0,"0.0000000000                  ",0,"0.0000000000                  ",396,"100.0000000000                "
"1999","21802","02","4686","0020","04","Elem      ","N","Raymond #14","Raymond El","Grades PreK-12","All Races","Both Genders",396,0,"0.0000000000                  ",0,"0.0000000000                  ",0,"0.0000000000                  ",396,"100.0000000000                "
"1999","21807","02","4690","","03","Elem      ","N","North Cape","","Elementary School Type/ Prek-12","All Races","Both Genders",171,0,"0.0000000000                  ",0,"0.0000000000                  ",0,"0.0000000000                  ",171,"100.0000000000                "
"1999","21807","02","4690","","03","Mid/Jr Hi ","N","North Cape","","Middle/Junior High School Type/ Prek-12","All Races","Both Genders",0,0,"--                            ",0,"--                            ",0,"--                            ",,"--                            "
"1999","21807","02","4690","","03","High      ","N","North Cape","","High School Type/ PreK-12","All Races","Both Genders",0,0,"--                            ",0,"--                            ",0,"--                            ",,"--                            "
"1999","21807","02","4690","","03","El/Sec    ","N","North Cape","","Combined Elementary/Secondary School Type/ Prek-12","All Races","Both Genders",0,0,"--                            ",0,"--                            ",0,"--                            ",,"--                            "
"1999","21807","02","4690","","03","Summary   ","N","North Cape","","Grades PreK-12","All Races","Both Genders",171,0,"0.0000000000                  ",0,"0.0000000000                  ",0,"0.0000000000                  ",171,"100.0000000000                "
"1999","21803","02","4690","0020","04","Elem      ","N","North Cape","North Cape El","Grades PreK-12","All Races","Both Genders",171,0,"0.0000000000                  ",0,"0.0000000000                  ",0,"0.0000000000                  ",171,"100.0000000000                "
"1999","21971","02","5054","","03","Elem      ","N","Central/Westosha UHS","","Elementary School Type/ Prek-12","All Races","Both Genders",0,0,"--                            ",0,"--                            ",0,"--                            ",,"--                            "
"1999","21971","02","5054","","03","Mid/Jr Hi ","N","Central/Westosha UHS","","Middle/Junior High School Type/ Prek-12","All Races","Both Genders",0,0,"--                            ",0,"--                            ",0,"--                            ",,"--                            "
"1999","21971","02","5054","","03","High      ","N","Central/Westosha UHS","","High School Type/ PreK-12","All Races","Both Genders",1060,2,"0.1886792400                  ",0,"0.0000000000                  ",2,"0.1886792400                  ",1056,"99.6226415000                 "
"1999","21971","02","5054","","03","El/Sec    ","N","Central/Westosha UHS","","Combined Elementary/Secondary School Type/ Prek-12","All Races","Both Genders",0,0,"--                            ",0,"--                            ",0,"--                            ",,"--                            "
"1999","21971","02","5054","","03","Summary   ","N","Central/Westosha UHS","","Grades PreK-12","All Races","Both Genders",1060,2,"0.1886792400                  ",0,"0.0000000000                  ",2,"0.1886792400                  ",1056,"99.6226415000                 "
"1999","21969","02","5054","0020","04","High      ","N","Central/Westosha UHS","Central Hi","Grades PreK-12","All Races","Both Genders",1060,2,"0.1886792400                  ",0,"0.0000000000                  ",2,"0.1886792400                  ",1056,"99.6226415000                 "
"1999","21992","02","5061","","03","Elem      ","N","Salem #7","","Elementary School Type/ Prek-12","All Races","Both Genders",319,0,"0.0000000000                  ",0,"0.0000000000                  ",0,"0.0000000000                  ",319,"100.0000000000                "
"1999","21992","02","5061","","03","Mid/Jr Hi ","N","Salem #7","","Middle/Junior High School Type/ Prek-12","All Races","Both Genders",0,0,"--                            ",0,"--                            ",0,"--                            ",,"--                            "
"1999","21992","02","5061","","03","High      ","N","Salem #7","","High School Type/ PreK-12","All Races","Both Genders",0,0,"--                            ",0,"--                            ",0,"--                            ",,"--                            "
"1999","21992","02","5061","","03","El/Sec    ","N","Salem #7","","Combined Elementary/Secondary School Type/ Prek-12","All Races","Both Genders",0,0,"--                            ",0,"--                            ",0,"--                            ",,"--                            "
"1999","21992","02","5061","","03","Summary   ","N","Salem #7","","Grades PreK-12","All Races","Both Genders",319,0,"0.0000000000                  ",0,"0.0000000000                  ",0,"0.0000000000                  ",319,"100.0000000000                "
"1999","21991","02","5061","0020","04","Elem      ","Y","Salem #7","Trevor El","Grades PreK-12","All Races","Both Genders",288,0,"0.0000000000                  ",0,"0.0000000000                  ",0,"0.0000000000                  ",288,"100.0000000000                "
"1999","26090","02","5061","0110","04","Elem      ","Y","Salem #7","Trevor Accelerated Program","Grades PreK-12","All Races","Both Genders",31,0,"0.0000000000                  ",0,"0.0000000000                  ",0,"0.0000000000                  ",31,"100.0000000000                "
"1999","21972","02","5068","","03","Elem      ","N","Salem J2","","Elementary School Type/ Prek-12","All Races","Both Genders",1056,10,"0.9469696900                  ",0,"0.0000000000                  ",3,"0.2840909000                  ",1043,"98.7689393900                 "
"1999","21972","02","5068","","03","Mid/Jr Hi ","N","Salem J2","","Middle/Junior High School Type/ Prek-12","All Races","Both Genders",0,0,"--                            ",0,"--                            ",0,"--                            ",,"--                            "
"1999","21972","02","5068","","03","High      ","N","Salem J2","","High School Type/ PreK-12","All Races","Both Genders",0,0,"--                            ",0,"--                            ",0,"--                            ",,"--                            "
"1999","21972","02","5068","","03","El/Sec    ","N","Salem J2","","Combined Elementary/Secondary School Type/ Prek-12","All Races","Both Genders",0,0,"--                            ",0,"--                            ",0,"--                            ",,"--                            "
"1999","21972","02","5068","","03","Summary   ","N","Salem J2","","Grades PreK-12","All Races","Both Genders",1056,10,"0.9469696900                  ",0,"0.0000000000                  ",3,"0.2840909000                  ",1043,"98.7689393900                 "
"1999","21970","02","5068","0020","04","Elem      ","N","Salem J2","Salem El","Grades PreK-12","All Races","Both Genders",1056,10,"0.9469696900                  ",0,"0.0000000000                  ",3,"0.2840909000                  ",1043,"98.7689393900                 "
"1999","22075","02","5075","","03","Elem      ","N","Wilmot Grade","","Elementary School Type/ Prek-12","All Races","Both Genders",132,0,"0.0000000000                  ",0,"0.0000000000                  ",0,"0.0000000000                  ",132,"100.0000000000                "
"1999","22075","02","5075","","03","Mid/Jr Hi ","N","Wilmot Grade","","Middle/Junior High School Type/ Prek-12","All Races","Both Genders",0,0,"--                            ",0,"--                            ",0,"--                            ",,"--                            "
"1999","22075","02","5075","","03","High      ","N","Wilmot Grade","","High School Type/ PreK-12","All Races","Both Genders",0,0,"--                            ",0,"--                            ",0,"--                            ",,"--                            "
"1999","22075","02","5075","","03","El/Sec    ","N","Wilmot Grade","","Combined Elementary/Secondary School Type/ Prek-12","All Races","Both Genders",0,0,"--                            ",0,"--                            ",0,"--                            ",,"--                            "
"1999","22075","02","5075","","03","Summary   ","N","Wilmot Grade","","Grades PreK-12","All Races","Both Genders",132,0,"0.0000000000                  ",0,"0.0000000000                  ",0,"0.0000000000                  ",132,"100.0000000000                "
"1999","22073","02","5075","0020","04","Elem      ","N","Wilmot Grade","Wilmot El","Grades PreK-12","All Races","Both Genders",132,0,"0.0000000000                  ",0,"0.0000000000                  ",0,"0.0000000000                  ",132,"100.0000000000                "
"1999","22769","02","5258","","03","Elem      ","N","Sharon J11","","Elementary School Type/ Prek-12","All Races","Both Genders",284,6,"2.1126760500                  ",0,"0.0000000000                  ",0,"0.0000000000                  ",278,"97.8873239400                 "
"1999","22769","02","5258","","03","Mid/Jr Hi ","N","Sharon J11","","Middle/Junior High School Type/ Prek-12","All Races","Both Genders",0,0,"--                            ",0,"--                            ",0,"--                            ",,"--                            "
"1999","22769","02","5258","","03","High      ","N","Sharon J11","","High School Type/ PreK-12","All Races","Both Genders",0,0,"--                            ",0,"--                            ",0,"--                            ",,"--                            "
"1999","22769","02","5258","","03","El/Sec    ","N","Sharon J11","","Combined Elementary/Secondary School Type/ Prek-12","All Races","Both Genders",0,0,"--                            ",0,"--                            ",0,"--                            ",,"--                            "
"1999","22769","02","5258","","03","Summary   ","N","Sharon J11","","Grades PreK-12","All Races","Both Genders",284,6,"2.1126760500                  ",0,"0.0000000000                  ",0,"0.0000000000                  ",278,"97.8873239400                 "
"1999","22768","02","5258","0020","04","Elem      ","N","Sharon J11","Sharon El","Grades PreK-12","All Races","Both Genders",284,6,"2.1126760500                  ",0,"0.0000000000                  ",0,"0.0000000000                  ",278,"97.8873239400                 "
"1999","21974","02","5369","","03","Elem      ","N","Silver Lake J1","","Elementary School Type/ Prek-12","All Races","Both Genders",599,0,"0.0000000000                  ",0,"0.0000000000                  ",0,"0.0000000000                  ",599,"100.0000000000                "
"1999","21974","02","5369","","03","Mid/Jr Hi ","N","Silver Lake J1","","Middle/Junior High School Type/ Prek-12","All Races","Both Genders",0,0,"--                            ",0,"--                            ",0,"--                            ",,"--                            "
"1999","21974","02","5369","","03","High      ","N","Silver Lake J1","","High School Type/ PreK-12","All Races","Both Genders",0,0,"--                            ",0,"--                            ",0,"--                            ",,"--                            "
"1999","21974","02","5369","","03","El/Sec    ","N","Silver Lake J1","","Combined Elementary/Secondary School Type/ Prek-12","All Races","Both Genders",0,0,"--                            ",0,"--                            ",0,"--                            ",,"--                            "
"1999","21974","02","5369","","03","Summary   ","N","Silver Lake J1","","Grades PreK-12","All Races","Both Genders",599,0,"0.0000000000                  ",0,"0.0000000000                  ",0,"0.0000000000                  ",599,"100.0000000000                "
"1999","21973","02","5369","0020","04","Elem      ","N","Silver Lake J1","Riverview El","Grades PreK-12","All Races","Both Genders",599,0,"0.0000000000                  ",0,"0.0000000000                  ",0,"0.0000000000                  ",599,"100.0000000000                "
"1999","22790","02","5621","","03","Elem      ","N","Stoughton Area","","Elementary School Type/ Prek-12","All Races","Both Genders",1295,0,"0.0000000000                  ",1,"0.0772200700                  ",1,"0.0772200700                  ",1293,"99.8455598400                 "
"1999","22790","02","5621","","03","Mid/Jr Hi ","N","Stoughton Area","","Middle/Junior High School Type/ Prek-12","All Races","Both Genders",1110,0,"0.0000000000                  ",0,"0.0000000000                  ",0,"0.0000000000                  ",1110,"100.0000000000                "
"1999","22790","02","5621","","03","High      ","N","Stoughton Area","","High School Type/ PreK-12","All Races","Both Genders",1124,0,"0.0000000000                  ",0,"0.0000000000                  ",5,"0.4448398500                  ",1119,"99.5551601400                 "
"1999","22790","02","5621","","03","El/Sec    ","N","Stoughton Area","","Combined Elementary/Secondary School Type/ Prek-12","All Races","Both Genders",0,0,"--                            ",0,"--                            ",0,"--                            ",,"--                            "
"1999","22790","02","5621","","03","Summary   ","N","Stoughton Area","","Grades PreK-12","All Races","Both Genders",3529,0,"0.0000000000                  ",1,"0.0283366300                  ",6,"0.1700198300                  ",3522,"99.8016435200                 "
"1999","22782","02","5621","0060","04","Elem      ","N","Stoughton Area","Kegonsa El","Grades PreK-12","All Races","Both Genders",449,0,"0.0000000000                  ",0,"0.0000000000                  ",0,"0.0000000000                  ",449,"100.0000000000                "
"1999","22783","02","5621","0120","04","Mid/Jr Hi ","N","Stoughton Area","River Bluff Mid","Grades PreK-12","All Races","Both Genders",603,0,"0.0000000000                  ",0,"0.0000000000                  ",0,"0.0000000000                  ",603,"100.0000000000                "
"1999","22784","02","5621","0140","04","High      ","N","Stoughton Area","Stoughton Hi","Grades PreK-12","All Races","Both Genders",1124,0,"0.0000000000                  ",0,"0.0000000000                  ",5,"0.4448398500                  ",1119,"99.5551601400                 "
"1999","22785","02","5621","0160","04","Elem      ","N","Stoughton Area","Fox Prairie El","Grades PreK-12","All Races","Both Genders",430,0,"0.0000000000                  ",0,"0.0000000000                  ",1,"0.2325581300                  ",429,"99.7674418600                 "
"1999","22786","02","5621","0180","04","Elem      ","N","Stoughton Area","Yahara El","Grades PreK-12","All Races","Both Genders",416,0,"0.0000000000                  ",1,"0.2403846100                  ",0,"0.0000000000                  ",415,"99.7596153800                 "
"1999","24956","02","5621","0200","04","Mid/Jr Hi ","N","Stoughton Area","Sandhill School","Grades PreK-12","All Races","Both Genders",507,0,"0.0000000000                  ",0,"0.0000000000                  ",0,"0.0000000000                  ",507,"100.0000000000                "
"1999","22800","02","5656","","03","Elem      ","N","Sun Prairie Area","","Elementary School Type/ Prek-12","All Races","Both Genders",1997,12,"0.6009013500                  ",3,"0.1502253300                  ",8,"0.4006009000                  ",1974,"98.8482724000                 "
"1999","22800","02","5656","","03","Mid/Jr Hi ","N","Sun Prairie Area","","Middle/Junior High School Type/ Prek-12","All Races","Both Genders",1095,8,"0.7305936000                  ",2,"0.1826484000                  ",2,"0.1826484000                  ",1083,"98.9041095800                 "
"1999","22800","02","5656","","03","High      ","N","Sun Prairie Area","","High School Type/ PreK-12","All Races","Both Genders",1500,5,"0.3333333300                  ",2,"0.1333333300                  ",3,"0.2000000000                  ",1490,"99.3333333300                 "
"1999","22800","02","5656","","03","El/Sec    ","N","Sun Prairie Area","","Combined Elementary/Secondary School Type/ Prek-12","All Races","Both Genders",0,0,"--                            ",0,"--                            ",0,"--                            ",,"--                            "
"1999","22800","02","5656","","03","Summary   ","N","Sun Prairie Area","","Grades PreK-12","All Races","Both Genders",4592,25,"0.5444250800                  ",7,"0.1524390200                  ",13,"0.2831010400                  ",4547,"99.0200348400                 "
"1999","22791","02","5656","0020","04","Elem      ","N","Sun Prairie Area","Bird El","Grades PreK-12","All Races","Both Genders",287,0,"0.0000000000                  ",0,"0.0000000000                  ",0,"0.0000000000                  ",287,"100.0000000000                "
"1999","22792","02","5656","0040","04","Elem      ","N","Sun Prairie Area","Eastside El","Grades PreK-12","All Races","Both Genders",375,0,"0.0000000000                  ",0,"0.0000000000                  ",1,"0.2666666600                  ",374,"99.7333333300                 "
"1999","22793","02","5656","0060","04","Elem      ","N","Sun Prairie Area","Northside El","Grades PreK-12","All Races","Both Genders",430,1,"0.2325581300                  ",1,"0.2325581300                  ",2,"0.4651162700                  ",426,"99.0697674400                 "
"1999","22794","02","5656","0070","04","Elem      ","N","Sun Prairie Area","Royal Oaks El","Grades PreK-12","All Races","Both Genders",465,0,"0.0000000000                  ",0,"0.0000000000                  ",0,"0.0000000000                  ",465,"100.0000000000                "
"1999","22795","02","5656","0100","04","High      ","N","Sun Prairie Area","Sun Prairie Hi","Grades PreK-12","All Races","Both Genders",1500,5,"0.3333333300                  ",2,"0.1333333300                  ",3,"0.2000000000                  ",1490,"99.3333333300                 "
"1999","22796","02","5656","0140","04","Elem      ","N","Sun Prairie Area","Westside El","Grades PreK-12","All Races","Both Genders",440,11,"2.5000000000                  ",2,"0.4545454500                  ",5,"1.1363636300                  ",422,"95.9090909000                 "
"1999","25001","02","5656","0200","04","Mid/Jr Hi ","N","Sun Prairie Area","Prairie View Mid","Grades PreK-12","All Races","Both Genders",531,0,"0.0000000000                  ",0,"0.0000000000                  ",0,"0.0000000000                  ",531,"100.0000000000                "
"1999","25002","02","5656","0210","04","Mid/Jr Hi ","N","Sun Prairie Area","Patrick Marsh Mid","Grades PreK-12","All Races","Both Genders",564,8,"1.4184397100                  ",2,"0.3546099200                  ",2,"0.3546099200                  ",552,"97.8723404200                 "
"1999","21994","02","5817","","03","Elem      ","N","Twin Lakes #4","","Elementary School Type/ Prek-12","All Races","Both Genders",372,2,"0.5376344000                  ",0,"0.0000000000                  ",2,"0.5376344000                  ",368,"98.9247311800                 "
"1999","21994","02","5817","","03","Mid/Jr Hi ","N","Twin Lakes #4","","Middle/Junior High School Type/ Prek-12","All Races","Both Genders",0,0,"--                            ",0,"--                            ",0,"--                            ",,"--                            "
"1999","21994","02","5817","","03","High      ","N","Twin Lakes #4","","High School Type/ PreK-12","All Races","Both Genders",0,0,"--                            ",0,"--                            ",0,"--                            ",,"--                            "
"1999","21994","02","5817","","03","El/Sec    ","N","Twin Lakes #4","","Combined Elementary/Secondary School Type/ Prek-12","All Races","Both Genders",0,0,"--                            ",0,"--                            ",0,"--                            ",,"--                            "
"1999","21994","02","5817","","03","Summary   ","N","Twin Lakes #4","","Grades PreK-12","All Races","Both Genders",372,2,"0.5376344000                  ",0,"0.0000000000                  ",2,"0.5376344000                  ",368,"98.9247311800                 "
"1999","21993","02","5817","0020","04","Elem      ","N","Twin Lakes #4","Lakewood El","Grades PreK-12","All Races","Both Genders",372,2,"0.5376344000                  ",0,"0.0000000000                  ",2,"0.5376344000                  ",368,"98.9247311800                 "
"1999","22001","02","5852","","03","Elem      ","N","Union Grove UHS","","Elementary School Type/ Prek-12","All Races","Both Genders",0,0,"--                            ",0,"--                            ",0,"--                            ",,"--                            "
"1999","22001","02","5852","","03","Mid/Jr Hi ","N","Union Grove UHS","","Middle/Junior High School Type/ Prek-12","All Races","Both Genders",0,0,"--                            ",0,"--                            ",0,"--                            ",,"--                            "
"1999","22001","02","5852","","03","High      ","N","Union Grove UHS","","High School Type/ PreK-12","All Races","Both Genders",645,0,"0.0000000000                  ",0,"0.0000000000                  ",0,"0.0000000000                  ",645,"100.0000000000                "
"1999","22001","02","5852","","03","El/Sec    ","N","Union Grove UHS","","Combined Elementary/Secondary School Type/ Prek-12","All Races","Both Genders",0,0,"--                            ",0,"--                            ",0,"--                            ",,"--                            "
"1999","22001","02","5852","","03","Summary   ","N","Union Grove UHS","","Grades PreK-12","All Races","Both Genders",645,0,"0.0000000000                  ",0,"0.0000000000                  ",0,"0.0000000000                  ",645,"100.0000000000                "
"1999","21995","02","5852","0020","04","High      ","N","Union Grove UHS","Union Grove Hi","Grades PreK-12","All Races","Both Genders",645,0,"0.0000000000                  ",0,"0.0000000000                  ",0,"0.0000000000                  ",645,"100.0000000000                "
"1999","22002","02","5859","","03","Elem      ","N","Union Grove J1","","Elementary School Type/ Prek-12","All Races","Both Genders",319,0,"0.0000000000                  ",0,"0.0000000000                  ",0,"0.0000000000                  ",319,"100.0000000000                "
"1999","22002","02","5859","","03","Mid/Jr Hi ","N","Union Grove J1","","Middle/Junior High School Type/ Prek-12","All Races","Both Genders",273,0,"0.0000000000                  ",0,"0.0000000000                  ",0,"0.0000000000                  ",273,"100.0000000000                "
"1999","22002","02","5859","","03","High      ","N","Union Grove J1","","High School Type/ PreK-12","All Races","Both Genders",0,0,"--                            ",0,"--                            ",0,"--                            ",,"--                            "
"1999","22002","02","5859","","03","El/Sec    ","N","Union Grove J1","","Combined Elementary/Secondary School Type/ Prek-12","All Races","Both Genders",0,0,"--                            ",0,"--                            ",0,"--                            ",,"--                            "
"1999","22002","02","5859","","03","Summary   ","N","Union Grove J1","","Grades PreK-12","All Races","Both Genders",592,0,"0.0000000000                  ",0,"0.0000000000                  ",0,"0.0000000000                  ",592,"100.0000000000                "
"1999","21996","02","5859","0020","04","Elem      ","N","Union Grove J1","Union Grove El","Grades PreK-12","All Races","Both Genders",319,0,"0.0000000000                  ",0,"0.0000000000                  ",0,"0.0000000000                  ",319,"100.0000000000                "
"1999","21997","02","5859","0040","04","Mid/Jr Hi ","N","Union Grove J1","Union Grove Mid","Grades PreK-12","All Races","Both Genders",273,0,"0.0000000000                  ",0,"0.0000000000                  ",0,"0.0000000000                  ",273,"100.0000000000                "
"1999","22806","02","5901","","03","Elem      ","N","Verona Area","","Elementary School Type/ Prek-12","All Races","Both Genders",1984,16,"0.8064516100                  ",5,"0.2520161200                  ",5,"0.2520161200                  ",1958,"98.6895161200                 "
"1999","22806","02","5901","","03","Mid/Jr Hi ","N","Verona Area","","Middle/Junior High School Type/ Prek-12","All Races","Both Genders",927,6,"0.6472491900                  ",5,"0.5393743200                  ",0,"0.0000000000                  ",916,"98.8133764800                 "
"1999","22806","02","5901","","03","High      ","N","Verona Area","","High School Type/ PreK-12","All Races","Both Genders",1176,1,"0.0850340100                  ",1,"0.0850340100                  ",0,"0.0000000000                  ",1174,"99.8299319700                 "
"1999","22806","02","5901","","03","El/Sec    ","N","Verona Area","","Combined Elementary/Secondary School Type/ Prek-12","All Races","Both Genders",0,0,"--                            ",0,"--                            ",0,"--                            ",,"--                            "
"1999","22806","02","5901","","03","Summary   ","N","Verona Area","","Grades PreK-12","All Races","Both Genders",4087,23,"0.5627599700                  ",11,"0.2691460700                  ",5,"0.1223391200                  ",4048,"99.0457548300                 "
"1999","24854","02","5901","0050","04","Elem      ","N","Verona Area","Savanna Oaks El","Grades PreK-12","All Races","Both Genders",400,8,"2.0000000000                  ",0,"0.0000000000                  ",2,"0.5000000000                  ",390,"97.5000000000                 "
"1999","22867","02","5901","0060","04","Elem      ","N","Verona Area","Stoner Prairie El","Grades PreK-12","All Races","Both Genders",329,5,"1.5197568300                  ",5,"1.5197568300                  ",3,"0.9118541000                  ",316,"96.0486322100                 "
"1999","24855","02","5901","0070","04","Elem      ","Y","Verona Area","Core Knowledge Charter School","Grades PreK-12","All Races","Both Genders",287,0,"0.0000000000                  ",0,"0.0000000000                  ",0,"0.0000000000                  ",287,"100.0000000000                "
"1999","22802","02","5901","0080","04","Elem      ","N","Verona Area","Sugar Creek El","Grades PreK-12","All Races","Both Genders",486,3,"0.6172839500                  ",0,"0.0000000000                  ",0,"0.0000000000                  ",483,"99.3827160400                 "
"1999","22803","02","5901","0090","04","Elem      ","N","Verona Area","Country View El","Grades PreK-12","All Races","Both Genders",396,0,"0.0000000000                  ",0,"0.0000000000                  ",0,"0.0000000000                  ",396,"100.0000000000                "
"1999","22804","02","5901","0100","04","High      ","N","Verona Area","Verona Area Hi","Grades PreK-12","All Races","Both Genders",1176,1,"0.0850340100                  ",1,"0.0850340100                  ",0,"0.0000000000                  ",1174,"99.8299319700                 "
"1999","22805","02","5901","0120","04","Mid/Jr Hi ","N","Verona Area","Verona Area Mid","Grades PreK-12","All Races","Both Genders",927,6,"0.6472491900                  ",5,"0.5393743200                  ",0,"0.0000000000                  ",916,"98.8133764800                 "
"1999","24848","02","5901","0140","04","Elem      ","Y","Verona Area","New Century Sch","Grades PreK-12","All Races","Both Genders",86,0,"0.0000000000                  ",0,"0.0000000000                  ",0,"0.0000000000                  ",86,"100.0000000000                "
"1999","22014","02","6013","","03","Elem      ","N","Big Foot UHS","","Elementary School Type/ Prek-12","All Races","Both Genders",0,0,"--                            ",0,"--                            ",0,"--                            ",,"--                            "
"1999","22014","02","6013","","03","Mid/Jr Hi ","N","Big Foot UHS","","Middle/Junior High School Type/ Prek-12","All Races","Both Genders",0,0,"--                            ",0,"--                            ",0,"--                            ",,"--                            "
"1999","22014","02","6013","","03","High      ","N","Big Foot UHS","","High School Type/ PreK-12","All Races","Both Genders",487,4,"0.8213552300                  ",0,"0.0000000000                  ",0,"0.0000000000                  ",483,"99.1786447600                 "
"1999","22014","02","6013","","03","El/Sec    ","N","Big Foot UHS","","Combined Elementary/Secondary School Type/ Prek-12","All Races","Both Genders",0,0,"--                            ",0,"--                            ",0,"--                            ",,"--                            "
"1999","22014","02","6013","","03","Summary   ","N","Big Foot UHS","","Grades PreK-12","All Races","Both Genders",487,4,"0.8213552300                  ",0,"0.0000000000                  ",0,"0.0000000000                  ",483,"99.1786447600                 "
"1999","22011","02","6013","0020","04","High      ","N","Big Foot UHS","Big Foot Hi","Grades PreK-12","All Races","Both Genders",487,4,"0.8213552300                  ",0,"0.0000000000                  ",0,"0.0000000000                  ",483,"99.1786447600                 "
"1999","22015","02","6022","","03","Elem      ","N","Walworth J1","","Elementary School Type/ Prek-12","All Races","Both Genders",484,8,"1.6528925600                  ",0,"0.0000000000                  ",0,"0.0000000000                  ",476,"98.3471074300                 "
"1999","22015","02","6022","","03","Mid/Jr Hi ","N","Walworth J1","","Middle/Junior High School Type/ Prek-12","All Races","Both Genders",0,0,"--                            ",0,"--                            ",0,"--                            ",,"--                            "
"1999","22015","02","6022","","03","High      ","N","Walworth J1","","High School Type/ PreK-12","All Races","Both Genders",0,0,"--                            ",0,"--                            ",0,"--                            ",,"--                            "
"1999","22015","02","6022","","03","El/Sec    ","N","Walworth J1","","Combined Elementary/Secondary School Type/ Prek-12","All Races","Both Genders",0,0,"--                            ",0,"--                            ",0,"--                            ",,"--                            "
"1999","22015","02","6022","","03","Summary   ","N","Walworth J1","","Grades PreK-12","All Races","Both Genders",484,8,"1.6528925600                  ",0,"0.0000000000                  ",0,"0.0000000000                  ",476,"98.3471074300                 "
"1999","22012","02","6022","0020","04","Elem      ","N","Walworth J1","Walworth El","Grades PreK-12","All Races","Both Genders",484,8,"1.6528925600                  ",0,"0.0000000000                  ",0,"0.0000000000                  ",476,"98.3471074300                 "
"1999","22023","02","6083","","03","Elem      ","N","Waterford UHS","","Elementary School Type/ Prek-12","All Races","Both Genders",0,0,"--                            ",0,"--                            ",0,"--                            ",,"--                            "
"1999","22023","02","6083","","03","Mid/Jr Hi ","N","Waterford UHS","","Middle/Junior High School Type/ Prek-12","All Races","Both Genders",0,0,"--                            ",0,"--                            ",0,"--                            ",,"--                            "
"1999","22023","02","6083","","03","High      ","N","Waterford UHS","","High School Type/ PreK-12","All Races","Both Genders",907,0,"0.0000000000                  ",0,"0.0000000000                  ",0,"0.0000000000                  ",907,"100.0000000000                "
"1999","22023","02","6083","","03","El/Sec    ","N","Waterford UHS","","Combined Elementary/Secondary School Type/ Prek-12","All Races","Both Genders",0,0,"--                            ",0,"--                            ",0,"--                            ",,"--                            "
"1999","22023","02","6083","","03","Summary   ","N","Waterford UHS","","Grades PreK-12","All Races","Both Genders",907,0,"0.0000000000                  ",0,"0.0000000000                  ",0,"0.0000000000                  ",907,"100.0000000000                "
"1999","22017","02","6083","0020","04","High      ","N","Waterford UHS","Waterford Hi","Grades PreK-12","All Races","Both Genders",907,0,"0.0000000000                  ",0,"0.0000000000                  ",0,"0.0000000000                  ",907,"100.0000000000                "
"1999","22024","02","6104","","03","Elem      ","N","Washington-Caldwell","","Elementary School Type/ Prek-12","All Races","Both Genders",218,0,"0.0000000000                  ",0,"0.0000000000                  ",0,"0.0000000000                  ",218,"100.0000000000                "
"1999","22024","02","6104","","03","Mid/Jr Hi ","N","Washington-Caldwell","","Middle/Junior High School Type/ Prek-12","All Races","Both Genders",0,0,"--                            ",0,"--                            ",0,"--                            ",,"--                            "
"1999","22024","02","6104","","03","High      ","N","Washington-Caldwell","","High School Type/ PreK-12","All Races","Both Genders",0,0,"--                            ",0,"--                            ",0,"--                            ",,"--                            "
"1999","22024","02","6104","","03","El/Sec    ","N","Washington-Caldwell","","Combined Elementary/Secondary School Type/ Prek-12","All Races","Both Genders",0,0,"--                            ",0,"--                            ",0,"--                            ",,"--                            "
"1999","22024","02","6104","","03","Summary   ","N","Washington-Caldwell","","Grades PreK-12","All Races","Both Genders",218,0,"0.0000000000                  ",0,"0.0000000000                  ",0,"0.0000000000                  ",218,"100.0000000000                "
"1999","22018","02","6104","0020","04","Elem      ","N","Washington-Caldwell","Washington El","Grades PreK-12","All Races","Both Genders",218,0,"0.0000000000                  ",0,"0.0000000000                  ",0,"0.0000000000                  ",218,"100.0000000000                "
"1999","22025","02","6113","","03","Elem      ","N","Waterford J1","","Elementary School Type/ Prek-12","All Races","Both Genders",607,0,"0.0000000000                  ",0,"0.0000000000                  ",0,"0.0000000000                  ",607,"100.0000000000                "
"1999","22025","02","6113","","03","Mid/Jr Hi ","N","Waterford J1","","Middle/Junior High School Type/ Prek-12","All Races","Both Genders",801,0,"0.0000000000                  ",0,"0.0000000000                  ",0,"0.0000000000                  ",801,"100.0000000000                "
"1999","22025","02","6113","","03","High      ","N","Waterford J1","","High School Type/ PreK-12","All Races","Both Genders",0,0,"--                            ",0,"--                            ",0,"--                            ",,"--                            "
"1999","22025","02","6113","","03","El/Sec    ","N","Waterford J1","","Combined Elementary/Secondary School Type/ Prek-12","All Races","Both Genders",0,0,"--                            ",0,"--                            ",0,"--                            ",,"--                            "
"1999","22025","02","6113","","03","Summary   ","N","Waterford J1","","Grades PreK-12","All Races","Both Genders",1408,0,"0.0000000000                  ",0,"0.0000000000                  ",0,"0.0000000000                  ",1408,"100.0000000000                "
"1999","22019","02","6113","0010","04","Mid/Jr Hi ","N","Waterford J1","Fox River Mid","Grades PreK-12","All Races","Both Genders",479,0,"0.0000000000                  ",0,"0.0000000000                  ",0,"0.0000000000                  ",479,"100.0000000000                "
"1999","22020","02","6113","0015","04","Elem      ","N","Waterford J1","Evergreen El","Grades PreK-12","All Races","Both Genders",607,0,"0.0000000000                  ",0,"0.0000000000                  ",0,"0.0000000000                  ",607,"100.0000000000                "
"1999","22021","02","6113","0020","04","Mid/Jr Hi ","N","Waterford J1","Maple View","Grades PreK-12","All Races","Both Genders",322,0,"0.0000000000                  ",0,"0.0000000000                  ",0,"0.0000000000                  ",322,"100.0000000000                "
"1999","22811","02","6118","","03","Elem      ","N","Waterloo","","Elementary School Type/ Prek-12","All Races","Both Genders",440,5,"1.1363636300                  ",0,"0.0000000000                  ",0,"0.0000000000                  ",435,"98.8636363600                 "
"1999","22811","02","6118","","03","Mid/Jr Hi ","N","Waterloo","","Middle/Junior High School Type/ Prek-12","All Races","Both Genders",0,0,"--                            ",0,"--                            ",0,"--                            ",,"--                            "
"1999","22811","02","6118","","03","High      ","N","Waterloo","","High School Type/ PreK-12","All Races","Both Genders",439,4,"0.9111617300                  ",0,"0.0000000000                  ",0,"0.0000000000                  ",435,"99.0888382600                 "
"1999","22811","02","6118","","03","El/Sec    ","N","Waterloo","","Combined Elementary/Secondary School Type/ Prek-12","All Races","Both Genders",0,0,"--                            ",0,"--                            ",0,"--                            ",,"--                            "
"1999","22811","02","6118","","03","Summary   ","N","Waterloo","","Grades PreK-12","All Races","Both Genders",879,9,"1.0238907800                  ",0,"0.0000000000                  ",0,"0.0000000000                  ",870,"98.9761092100                 "
"1999","22807","02","6118","0020","04","Elem      ","N","Waterloo","Waterloo El","Grades PreK-12","All Races","Both Genders",440,5,"1.1363636300                  ",0,"0.0000000000                  ",0,"0.0000000000                  ",435,"98.8636363600                 "
"1999","22808","02","6118","0040","04","High      ","N","Waterloo","Waterloo Hi","Grades PreK-12","All Races","Both Genders",439,4,"0.9111617300                  ",0,"0.0000000000                  ",0,"0.0000000000                  ",435,"99.0888382600                 "
"1999","21703","02","6125","","03","Elem      ","N","Watertown","","Elementary School Type/ Prek-12","All Races","Both Genders",1394,28,"2.0086083200                  ",0,"0.0000000000                  ",1,"0.0717360100                  ",1365,"97.9196556600                 "
"1999","21703","02","6125","","03","Mid/Jr Hi ","N","Watertown","","Middle/Junior High School Type/ Prek-12","All Races","Both Genders",885,9,"1.0169491500                  ",0,"0.0000000000                  ",3,"0.3389830500                  ",873,"98.6440677900                 "
"1999","21703","02","6125","","03","High      ","N","Watertown","","High School Type/ PreK-12","All Races","Both Genders",1518,10,"0.6587615200                  ",0,"0.0000000000                  ",2,"0.1317523000                  ",1506,"99.2094861600                 "
"1999","21703","02","6125","","03","El/Sec    ","N","Watertown","","Combined Elementary/Secondary School Type/ Prek-12","All Races","Both Genders",0,0,"--                            ",0,"--                            ",0,"--                            ",,"--                            "
"1999","21703","02","6125","","03","Summary   ","N","Watertown","","Grades PreK-12","All Races","Both Genders",3797,47,"1.2378193300                  ",0,"0.0000000000                  ",6,"0.1580194800                  ",3744,"98.6041611700                 "
"1999","21990","02","6125","0020","04","Elem      ","N","Watertown","Concord El","Grades PreK-12","All Races","Both Genders",51,0,"0.0000000000                  ",0,"0.0000000000                  ",0,"0.0000000000                  ",51,"100.0000000000                "
"1999","21726","02","6125","0040","04","Elem      ","N","Watertown","Douglas El","Grades PreK-12","All Races","Both Genders",342,0,"0.0000000000                  ",0,"0.0000000000                  ",1,"0.2923976600                  ",341,"99.7076023300                 "
"1999","21727","02","6125","0060","04","Elem      ","N","Watertown","Lebanon El","Grades PreK-12","All Races","Both Genders",58,0,"0.0000000000                  ",0,"0.0000000000                  ",0,"0.0000000000                  ",58,"100.0000000000                "
"1999","21687","02","6125","0080","04","Elem      ","N","Watertown","Lincoln El","Grades PreK-12","All Races","Both Genders",183,0,"0.0000000000                  ",0,"0.0000000000                  ",0,"0.0000000000                  ",183,"100.0000000000                "
"1999","21688","02","6125","0090","04","Mid/Jr Hi ","N","Watertown","Riverside Mid","Grades PreK-12","All Races","Both Genders",885,9,"1.0169491500                  ",0,"0.0000000000                  ",3,"0.3389830500                  ",873,"98.6440677900                 "
"1999","21689","02","6125","0100","04","Elem      ","N","Watertown","Schurz El","Grades PreK-12","All Races","Both Genders",305,27,"8.8524590100                  ",0,"0.0000000000                  ",0,"0.0000000000                  ",278,"91.1475409800                 "
"1999","21690","02","6125","0140","04","High      ","N","Watertown","Watertown Hi","Grades PreK-12","All Races","Both Genders",1518,10,"0.6587615200                  ",0,"0.0000000000                  ",2,"0.1317523000                  ",1506,"99.2094861600                 "
"1999","21691","02","6125","0160","04","Elem      ","N","Watertown","Webster El","Grades PreK-12","All Races","Both Genders",455,1,"0.2197802100                  ",0,"0.0000000000                  ",0,"0.0000000000                  ",454,"99.7802197800                 "
"1999","22818","02","6181","","03","Elem      ","N","Waunakee Community","","Elementary School Type/ Prek-12","All Races","Both Genders",1471,3,"0.2039428900                  ",3,"0.2039428900                  ",6,"0.4078857900                  ",1459,"99.1842284100                 "
"1999","22818","02","6181","","03","Mid/Jr Hi ","N","Waunakee Community","","Middle/Junior High School Type/ Prek-12","All Races","Both Genders",441,0,"0.0000000000                  ",0,"0.0000000000                  ",3,"0.6802721000                  ",438,"99.3197278900                 "
"1999","22818","02","6181","","03","High      ","N","Waunakee Community","","High School Type/ PreK-12","All Races","Both Genders",774,0,"0.0000000000                  ",2,"0.2583979300                  ",1,"0.1291989600                  ",771,"99.6124031000                 "
"1999","22818","02","6181","","03","El/Sec    ","N","Waunakee Community","","Combined Elementary/Secondary School Type/ Prek-12","All Races","Both Genders",0,0,"--                            ",0,"--                            ",0,"--                            ",,"--                            "
"1999","22818","02","6181","","03","Summary   ","N","Waunakee Community","","Grades PreK-12","All Races","Both Genders",2686,3,"0.1116902400                  ",5,"0.1861504000                  ",10,"0.3723008100                  ",2668,"99.3298585200                 "
"1999","22813","02","6181","0020","04","Elem      ","N","Waunakee Community","Waunakee Intermediate","Grades PreK-12","All Races","Both Genders",399,0,"0.0000000000                  ",0,"0.0000000000                  ",1,"0.2506265600                  ",398,"99.7493734300                 "
"1999","22814","02","6181","0040","04","High      ","N","Waunakee Community","Waunakee Hi","Grades PreK-12","All Races","Both Genders",774,0,"0.0000000000                  ",2,"0.2583979300                  ",1,"0.1291989600                  ",771,"99.6124031000                 "
"1999","22815","02","6181","0060","04","Mid/Jr Hi ","N","Waunakee Community","Waunakee Mid","Grades PreK-12","All Races","Both Genders",441,0,"0.0000000000                  ",0,"0.0000000000                  ",3,"0.6802721000                  ",438,"99.3197278900                 "
"1999","22816","02","6181","0080","04","Elem      ","N","Waunakee Community","Waunakee Heritage El","Grades PreK-12","All Races","Both Genders",425,2,"0.4705882300                  ",0,"0.0000000000                  ",5,"1.1764705800                  ",418,"98.3529411700                 "
"1999","24856","02","6181","0100","04","Elem      ","N","Waunakee Community","Waunakee Prairie El","Grades PreK-12","All Races","Both Genders",647,1,"0.1545595000                  ",3,"0.4636785100                  ",0,"0.0000000000                  ",643,"99.3817619700                 "
"1999","21748","02","6412","","03","Elem      ","N","Wheatland J1","","Elementary School Type/ Prek-12","All Races","Both Genders",554,0,"0.0000000000                  ",0,"0.0000000000                  ",0,"0.0000000000                  ",554,"100.0000000000                "
"1999","21748","02","6412","","03","Mid/Jr Hi ","N","Wheatland J1","","Middle/Junior High School Type/ Prek-12","All Races","Both Genders",0,0,"--                            ",0,"--                            ",0,"--                            ",,"--                            "
"1999","21748","02","6412","","03","High      ","N","Wheatland J1","","High School Type/ PreK-12","All Races","Both Genders",0,0,"--                            ",0,"--                            ",0,"--                            ",,"--                            "
"1999","21748","02","6412","","03","El/Sec    ","N","Wheatland J1","","Combined Elementary/Secondary School Type/ Prek-12","All Races","Both Genders",0,0,"--                            ",0,"--                            ",0,"--                            ",,"--                            "
"1999","21748","02","6412","","03","Summary   ","N","Wheatland J1","","Grades PreK-12","All Races","Both Genders",554,0,"0.0000000000                  ",0,"0.0000000000                  ",0,"0.0000000000                  ",554,"100.0000000000                "
"1999","21741","02","6412","0020","04","Elem      ","N","Wheatland J1","Wheatland Center El","Grades PreK-12","All Races","Both Genders",554,0,"0.0000000000                  ",0,"0.0000000000                  ",0,"0.0000000000                  ",554,"100.0000000000                "
"1999","22066","02","6461","","03","Elem      ","N","Whitewater","","Elementary School Type/ Prek-12","All Races","Both Genders",906,87,"9.6026490000                  ",0,"0.0000000000                  ",1,"0.1103752700                  ",818,"90.2869757100                 "
"1999","22066","02","6461","","03","Mid/Jr Hi ","N","Whitewater","","Middle/Junior High School Type/ Prek-12","All Races","Both Genders",560,30,"5.3571428500                  ",0,"0.0000000000                  ",0,"0.0000000000                  ",530,"94.6428571400                 "
"1999","22066","02","6461","","03","High      ","N","Whitewater","","High School Type/ PreK-12","All Races","Both Genders",665,12,"1.8045112700                  ",0,"0.0000000000                  ",0,"0.0000000000                  ",653,"98.1954887200                 "
"1999","22066","02","6461","","03","El/Sec    ","N","Whitewater","","Combined Elementary/Secondary School Type/ Prek-12","All Races","Both Genders",0,0,"--                            ",0,"--                            ",0,"--                            ",,"--                            "
"1999","22066","02","6461","","03","Summary   ","N","Whitewater","","Grades PreK-12","All Races","Both Genders",2131,129,"6.0534960100                  ",0,"0.0000000000                  ",1,"0.0469263200                  ",2001,"93.8995776600                 "
"1999","22061","02","6461","0020","04","Mid/Jr Hi ","N","Whitewater","Whitewater Mid","Grades PreK-12","All Races","Both Genders",560,30,"5.3571428500                  ",0,"0.0000000000                  ",0,"0.0000000000                  ",530,"94.6428571400                 "
"1999","22067","02","6461","0040","04","Elem      ","N","Whitewater","Lakeview El","Grades PreK-12","All Races","Both Genders",265,0,"0.0000000000                  ",0,"0.0000000000                  ",0,"0.0000000000                  ",265,"100.0000000000                "
"1999","22062","02","6461","0080","04","Elem      ","N","Whitewater","Lincoln El","Grades PreK-12","All Races","Both Genders",349,21,"6.0171919700                  ",0,"0.0000000000                  ",0,"0.0000000000                  ",328,"93.9828080200                 "
"1999","22063","02","6461","0120","04","Elem      ","N","Whitewater","Washington El","Grades PreK-12","All Races","Both Genders",292,66,"22.6027397200                 ",0,"0.0000000000                  ",1,"0.3424657500                  ",225,"77.0547945200                 "
"1999","22064","02","6461","0140","04","High      ","N","Whitewater","Whitewater Hi","Grades PreK-12","All Races","Both Genders",665,12,"1.8045112700                  ",0,"0.0000000000                  ",0,"0.0000000000                  ",653,"98.1954887200                 "
"1999","22072","02","6482","","03","Elem      ","N","Williams Bay","","Elementary School Type/ Prek-12","All Races","Both Genders",272,6,"2.2058823500                  ",0,"0.0000000000                  ",0,"0.0000000000                  ",266,"97.7941176400                 "
"1999","22072","02","6482","","03","Mid/Jr Hi ","N","Williams Bay","","Middle/Junior High School Type/ Prek-12","All Races","Both Genders",80,0,"0.0000000000                  ",0,"0.0000000000                  ",0,"0.0000000000                  ",80,"100.0000000000                "
"1999","22072","02","6482","","03","High      ","N","Williams Bay","","High School Type/ PreK-12","All Races","Both Genders",159,0,"0.0000000000                  ",0,"0.0000000000                  ",0,"0.0000000000                  ",159,"100.0000000000                "
"1999","22072","02","6482","","03","El/Sec    ","N","Williams Bay","","Combined Elementary/Secondary School Type/ Prek-12","All Races","Both Genders",0,0,"--                            ",0,"--                            ",0,"--                            ",,"--                            "
"1999","22072","02","6482","","03","Summary   ","N","Williams Bay","","Grades PreK-12","All Races","Both Genders",511,6,"1.1741682900                  ",0,"0.0000000000                  ",0,"0.0000000000                  ",505,"98.8258317000                 "
"1999","22068","02","6482","0020","04","Elem      ","N","Williams Bay","Williams Bay El","Grades PreK-12","All Races","Both Genders",272,6,"2.2058823500                  ",0,"0.0000000000                  ",0,"0.0000000000                  ",266,"97.7941176400                 "
"1999","22069","02","6482","0030","04","Mid/Jr Hi ","N","Williams Bay","Williams Bay Jr","Grades PreK-12","All Races","Both Genders",80,0,"0.0000000000                  ",0,"0.0000000000                  ",0,"0.0000000000                  ",80,"100.0000000000                "
"1999","22070","02","6482","0040","04","High      ","N","Williams Bay","Williams Bay Hi","Grades PreK-12","All Races","Both Genders",159,0,"0.0000000000                  ",0,"0.0000000000                  ",0,"0.0000000000                  ",159,"100.0000000000                "
"1999","22076","02","6545","","03","Elem      ","N","Wilmot UHS","","Elementary School Type/ Prek-12","All Races","Both Genders",0,0,"--                            ",0,"--                            ",0,"--                            ",,"--                            "
"1999","22076","02","6545","","03","Mid/Jr Hi ","N","Wilmot UHS","","Middle/Junior High School Type/ Prek-12","All Races","Both Genders",0,0,"--                            ",0,"--                            ",0,"--                            ",,"--                            "
"1999","22076","02","6545","","03","High      ","N","Wilmot UHS","","High School Type/ PreK-12","All Races","Both Genders",952,0,"0.0000000000                  ",0,"0.0000000000                  ",0,"0.0000000000                  ",952,"100.0000000000                "
"1999","22076","02","6545","","03","El/Sec    ","N","Wilmot UHS","","Combined Elementary/Secondary School Type/ Prek-12","All Races","Both Genders",0,0,"--                            ",0,"--                            ",0,"--                            ",,"--                            "
"1999","22076","02","6545","","03","Summary   ","N","Wilmot UHS","","Grades PreK-12","All Races","Both Genders",952,0,"0.0000000000                  ",0,"0.0000000000                  ",0,"0.0000000000                  ",952,"100.0000000000                "
"1999","22074","02","6545","0020","04","High      ","N","Wilmot UHS","Wilmot Hi","Grades PreK-12","All Races","Both Genders",952,0,"0.0000000000                  ",0,"0.0000000000                  ",0,"0.0000000000                  ",952,"100.0000000000                "
"1999","22003","02","6748","","03","Elem      ","N","Yorkville J2","","Elementary School Type/ Prek-12","All Races","Both Genders",369,0,"0.0000000000                  ",0,"0.0000000000                  ",0,"0.0000000000                  ",369,"100.0000000000                "
"1999","22003","02","6748","","03","Mid/Jr Hi ","N","Yorkville J2","","Middle/Junior High School Type/ Prek-12","All Races","Both Genders",0,0,"--                            ",0,"--                            ",0,"--                            ",,"--                            "
"1999","22003","02","6748","","03","High      ","N","Yorkville J2","","High School Type/ PreK-12","All Races","Both Genders",0,0,"--                            ",0,"--                            ",0,"--                            ",,"--                            "
"1999","22003","02","6748","","03","El/Sec    ","N","Yorkville J2","","Combined Elementary/Secondary School Type/ Prek-12","All Races","Both Genders",0,0,"--                            ",0,"--                            ",0,"--                            ",,"--                            "
"1999","22003","02","6748","","03","Summary   ","N","Yorkville J2","","Grades PreK-12","All Races","Both Genders",369,0,"0.0000000000                  ",0,"0.0000000000                  ",0,"0.0000000000                  ",369,"100.0000000000                "
"1999","21998","02","6748","0020","04","Elem      ","N","Yorkville J2","Yorkville El","Grades PreK-12","All Races","Both Genders",369,0,"0.0000000000                  ",0,"0.0000000000                  ",0,"0.0000000000                  ",369,"100.0000000000                "
