"year","agency_key","CESA","district_number","school_number","agency_type","school_type","charter","district_name","school_name","grade_label","total_enrollment_prek-12","number_female","percent_female","number_male","percent_male","number_am_ind","percent_am_ind","number_asian","percent_asian","number_black","percent_black","number_hispanic","percent_hispanic","number_white","percent_white"
"2000","32921","05","0014","","03","Elem      ","N","Adams-Friendship Area","","Elementary School Type/ Prek-12","916",403,"43.995600                     ",513,"56.004300                     ",4,"0.436600                      ",4,"0.436600                      ",4,"0.436600                      ",26,"2.838400                      ",878,"95.851500                     "
"2000","32921","05","0014","","03","Mid/Jr Hi ","N","Adams-Friendship Area","","Middle/Junior High School Type/ Prek-12","477",229,"48.008300                     ",248,"51.991600                     ",9,"1.886700                      ",4,"0.838500                      ",5,"1.048200                      ",25,"5.241000                      ",434,"90.985300                     "
"2000","32921","05","0014","","03","High      ","N","Adams-Friendship Area","","High School Type/ PreK-12","646",282,"43.653200                     ",364,"56.346700                     ",6,"0.928700                      ",5,"0.773900                      ",6,"0.928700                      ",16,"2.476700                      ",613,"94.891600                     "
"2000","32921","05","0014","","03","El/Sec    ","N","Adams-Friendship Area","","Combined Elementary/Secondary School Type/ Prek-12","0",0,"--                            ",0,"--                            ",0,"--                            ",0,"--                            ",0,"--                            ",0,"--                            ",0,"--                            "
"2000","32921","05","0014","","03","Summary   ","N","Adams-Friendship Area","","Grades PreK-12","2039",914,"44.825800                     ",1125,"55.174100                     ",19,"0.931800                      ",13,"0.637500                      ",15,"0.735600                      ",67,"3.285900                      ",1925,"94.409000                     "
"2000","31255","05","0014","0040","04","High      ","N","Adams-Friendship Area","Adams-Friendship Hi","Grades PreK-12","646",282,"43.653200                     ",364,"56.346700                     ",6,"0.928700                      ",5,"0.773900                      ",6,"0.928700                      ",16,"2.476700                      ",613,"94.891600                     "
"2000","31254","05","0014","0080","04","Elem      ","N","Adams-Friendship Area","Castle Rock El","Grades PreK-12","140",52,"37.142800                     ",88,"62.857100                     ",0,"0.000000                      ",0,"0.000000                      ",0,"0.000000                      ",2,"1.428500                      ",138,"98.571400                     "
"2000","32806","05","0014","0130","04","Elem      ","N","Adams-Friendship Area","Adams-Friendship El","Grades PreK-12","495",228,"46.060600                     ",267,"53.939300                     ",0,"0.000000                      ",4,"0.808000                      ",2,"0.404000                      ",15,"3.030300                      ",474,"95.757500                     "
"2000","32171","05","0014","0140","04","Elem      ","N","Adams-Friendship Area","Grand Marsh El","Grades PreK-12","117",50,"42.735000                     ",67,"57.264900                     ",2,"1.709400                      ",0,"0.000000                      ",2,"1.709400                      ",3,"2.564100                      ",110,"94.017000                     "
"2000","32170","05","0014","0180","04","Elem      ","N","Adams-Friendship Area","Pine Land El","Grades PreK-12","78",31,"39.743500                     ",47,"60.256400                     ",2,"2.564100                      ",0,"0.000000                      ",0,"0.000000                      ",5,"6.410200                      ",71,"91.025600                     "
"2000","32492","05","0014","0200","04","Elem      ","N","Adams-Friendship Area","Roche A Cri El","Grades PreK-12","86",42,"48.837200                     ",44,"51.162700                     ",0,"0.000000                      ",0,"0.000000                      ",0,"0.000000                      ",1,"1.162700                      ",85,"98.837200                     "
"2000","32805","05","0014","0210","04","Mid/Jr Hi ","N","Adams-Friendship Area","Adams-Friendship Mid","Grades PreK-12","477",229,"48.008300                     ",248,"51.991600                     ",9,"1.886700                      ",4,"0.838500                      ",5,"1.048200                      ",25,"5.241000                      ",434,"90.985300                     "
"2000","33010","05","0105","","03","Elem      ","N","Almond-Bancroft","","Elementary School Type/ Prek-12","229",89,"38.864600                     ",140,"61.135300                     ",0,"0.000000                      ",0,"0.000000                      ",0,"0.000000                      ",23,"10.043600                     ",206,"89.956300                     "
"2000","33010","05","0105","","03","Mid/Jr Hi ","N","Almond-Bancroft","","Middle/Junior High School Type/ Prek-12","0",0,"--                            ",0,"--                            ",0,"--                            ",0,"--                            ",0,"--                            ",0,"--                            ",0,"--                            "
"2000","33010","05","0105","","03","High      ","N","Almond-Bancroft","","High School Type/ PreK-12","309",152,"49.190900                     ",157,"50.809000                     ",0,"0.000000                      ",0,"0.000000                      ",0,"0.000000                      ",28,"9.061400                      ",281,"90.938500                     "
"2000","33010","05","0105","","03","El/Sec    ","N","Almond-Bancroft","","Combined Elementary/Secondary School Type/ Prek-12","0",0,"--                            ",0,"--                            ",0,"--                            ",0,"--                            ",0,"--                            ",0,"--                            ",0,"--                            "
"2000","33010","05","0105","","03","Summary   ","N","Almond-Bancroft","","Grades PreK-12","538",241,"44.795500                     ",297,"55.204400                     ",0,"0.000000                      ",0,"0.000000                      ",0,"0.000000                      ",51,"9.479500                      ",487,"90.520400                     "
"2000","31589","05","0105","0020","04","Elem      ","N","Almond-Bancroft","Almond El","Grades PreK-12","180",69,"38.333300                     ",111,"61.666600                     ",0,"0.000000                      ",0,"0.000000                      ",0,"0.000000                      ",18,"10.000000                     ",162,"90.000000                     "
"2000","31590","05","0105","0040","04","High      ","N","Almond-Bancroft","Almond Hi","Grades PreK-12","309",152,"49.190900                     ",157,"50.809000                     ",0,"0.000000                      ",0,"0.000000                      ",0,"0.000000                      ",28,"9.061400                      ",281,"90.938500                     "
"2000","31591","05","0105","0060","04","Elem      ","N","Almond-Bancroft","Bancroft El","Grades PreK-12","49",20,"40.816300                     ",29,"59.183600                     ",0,"0.000000                      ",0,"0.000000                      ",0,"0.000000                      ",5,"10.204000                     ",44,"89.795900                     "
"2000","33159","05","0126","","03","Elem      ","N","Tomorrow River","","Elementary School Type/ Prek-12","451",190,"42.128600                     ",261,"57.871300                     ",0,"0.000000                      ",0,"0.000000                      ",1,"0.221700                      ",2,"0.443400                      ",448,"99.334800                     "
"2000","33159","05","0126","","03","Mid/Jr Hi ","N","Tomorrow River","","Middle/Junior High School Type/ Prek-12","139",62,"44.604300                     ",77,"55.395600                     ",1,"0.719400                      ",1,"0.719400                      ",2,"1.438800                      ",1,"0.719400                      ",134,"96.402800                     "
"2000","33159","05","0126","","03","High      ","N","Tomorrow River","","High School Type/ PreK-12","310",138,"44.516100                     ",172,"55.483800                     ",0,"0.000000                      ",2,"0.645100                      ",0,"0.000000                      ",0,"0.000000                      ",308,"99.354800                     "
"2000","33159","05","0126","","03","El/Sec    ","N","Tomorrow River","","Combined Elementary/Secondary School Type/ Prek-12","0",0,"--                            ",0,"--                            ",0,"--                            ",0,"--                            ",0,"--                            ",0,"--                            ",0,"--                            "
"2000","33159","05","0126","","03","Summary   ","N","Tomorrow River","","Grades PreK-12","900",390,"43.333300                     ",510,"56.666600                     ",1,"0.111100                      ",3,"0.333300                      ",3,"0.333300                      ",3,"0.333300                      ",890,"98.888800                     "
"2000","32348","05","0126","0020","04","Elem      ","N","Tomorrow River","Amherst El","Grades PreK-12","451",190,"42.128600                     ",261,"57.871300                     ",0,"0.000000                      ",0,"0.000000                      ",1,"0.221700                      ",2,"0.443400                      ",448,"99.334800                     "
"2000","32349","05","0126","0060","04","High      ","N","Tomorrow River","Amherst Hi","Grades PreK-12","310",138,"44.516100                     ",172,"55.483800                     ",0,"0.000000                      ",2,"0.645100                      ",0,"0.000000                      ",0,"0.000000                      ",308,"99.354800                     "
"2000","32350","05","0126","0080","04","Mid/Jr Hi ","N","Tomorrow River","Amherst Jr","Grades PreK-12","139",62,"44.604300                     ",77,"55.395600                     ",1,"0.719400                      ",1,"0.719400                      ",2,"1.438800                      ",1,"0.719400                      ",134,"96.402800                     "
"2000","32956","05","0203","","03","Elem      ","N","Auburndale","","Elementary School Type/ Prek-12","416",195,"46.875000                     ",221,"53.125000                     ",1,"0.240300                      ",0,"0.000000                      ",0,"0.000000                      ",1,"0.240300                      ",414,"99.519200                     "
"2000","32956","05","0203","","03","Mid/Jr Hi ","N","Auburndale","","Middle/Junior High School Type/ Prek-12","0",0,"--                            ",0,"--                            ",0,"--                            ",0,"--                            ",0,"--                            ",0,"--                            ",0,"--                            "
"2000","32956","05","0203","","03","High      ","N","Auburndale","","High School Type/ PreK-12","482",224,"46.473000                     ",258,"53.526900                     ",0,"0.000000                      ",0,"0.000000                      ",0,"0.000000                      ",8,"1.659700                      ",474,"98.340200                     "
"2000","32956","05","0203","","03","El/Sec    ","N","Auburndale","","Combined Elementary/Secondary School Type/ Prek-12","0",0,"--                            ",0,"--                            ",0,"--                            ",0,"--                            ",0,"--                            ",0,"--                            ",0,"--                            "
"2000","32956","05","0203","","03","Summary   ","N","Auburndale","","Grades PreK-12","898",419,"46.659200                     ",479,"53.340700                     ",1,"0.111300                      ",0,"0.000000                      ",0,"0.000000                      ",9,"1.002200                      ",888,"98.886400                     "
"2000","31397","05","0203","0040","04","Elem      ","N","Auburndale","Auburndale El","Grades PreK-12","416",195,"46.875000                     ",221,"53.125000                     ",1,"0.240300                      ",0,"0.000000                      ",0,"0.000000                      ",1,"0.240300                      ",414,"99.519200                     "
"2000","31398","05","0203","0060","04","High      ","N","Auburndale","Auburndale Hi","Grades PreK-12","482",224,"46.473000                     ",258,"53.526900                     ",0,"0.000000                      ",0,"0.000000                      ",0,"0.000000                      ",8,"1.659700                      ",474,"98.340200                     "
"2000","33110","05","0280","","03","Elem      ","N","Baraboo","","Elementary School Type/ Prek-12","1342",657,"48.956700                     ",685,"51.043200                     ",42,"3.129600                      ",16,"1.192200                      ",30,"2.235400                      ",27,"2.011900                      ",1227,"91.430700                     "
"2000","33110","05","0280","","03","Mid/Jr Hi ","N","Baraboo","","Middle/Junior High School Type/ Prek-12","785",395,"50.318400                     ",390,"49.681500                     ",22,"2.802500                      ",5,"0.636900                      ",5,"0.636900                      ",7,"0.891700                      ",746,"95.031800                     "
"2000","33110","05","0280","","03","High      ","N","Baraboo","","High School Type/ PreK-12","1003",508,"50.648000                     ",495,"49.351900                     ",29,"2.891300                      ",3,"0.299100                      ",3,"0.299100                      ",13,"1.296100                      ",955,"95.214300                     "
"2000","33110","05","0280","","03","El/Sec    ","N","Baraboo","","Combined Elementary/Secondary School Type/ Prek-12","0",0,"--                            ",0,"--                            ",0,"--                            ",0,"--                            ",0,"--                            ",0,"--                            ",0,"--                            "
"2000","33110","05","0280","","03","Summary   ","N","Baraboo","","Grades PreK-12","3130",1560,"49.840200                     ",1570,"50.159700                     ",93,"2.971200                      ",24,"0.766700                      ",38,"1.214000                      ",47,"1.501500                      ",2928,"93.546300                     "
"2000","31258","05","0280","0020","04","Mid/Jr Hi ","N","Baraboo","Baraboo Mid","Grades PreK-12","785",395,"50.318400                     ",390,"49.681500                     ",22,"2.802500                      ",5,"0.636900                      ",5,"0.636900                      ",7,"0.891700                      ",746,"95.031800                     "
"2000","32137","05","0280","0040","04","High      ","N","Baraboo","Baraboo Hi","Grades PreK-12","1003",508,"50.648000                     ",495,"49.351900                     ",29,"2.891300                      ",3,"0.299100                      ",3,"0.299100                      ",13,"1.296100                      ",955,"95.214300                     "
"2000","32138","05","0280","0060","04","Elem      ","N","Baraboo","East El","Grades PreK-12","353",173,"49.008400                     ",180,"50.991500                     ",5,"1.416400                      ",5,"1.416400                      ",15,"4.249200                      ",9,"2.549500                      ",319,"90.368200                     "
"2000","32139","05","0280","0080","04","Elem      ","N","Baraboo","Fairfield Center El","Grades PreK-12","132",60,"45.454500                     ",72,"54.545400                     ",17,"12.878700                     ",0,"0.000000                      ",2,"1.515100                      ",0,"0.000000                      ",113,"85.606000                     "
"2000","32140","05","0280","0110","04","Elem      ","N","Baraboo","Willson El","Grades PreK-12","321",161,"50.155700                     ",160,"49.844200                     ",9,"2.803700                      ",8,"2.492200                      ",3,"0.934500                      ",4,"1.246100                      ",297,"92.523300                     "
"2000","31266","05","0280","0140","04","Elem      ","N","Baraboo","North Freedom El","Grades PreK-12","177",87,"49.152500                     ",90,"50.847400                     ",4,"2.259800                      ",0,"0.000000                      ",0,"0.000000                      ",5,"2.824800                      ",168,"94.915200                     "
"2000","32141","05","0280","0180","04","Elem      ","N","Baraboo","South El","Grades PreK-12","246",115,"46.747900                     ",131,"53.252000                     ",6,"2.439000                      ",3,"1.219500                      ",6,"2.439000                      ",7,"2.845500                      ",224,"91.056900                     "
"2000","32142","05","0280","0220","04","Elem      ","N","Baraboo","West El","Grades PreK-12","113",61,"53.982300                     ",52,"46.017600                     ",1,"0.884900                      ",0,"0.000000                      ",4,"3.539800                      ",2,"1.769900                      ",106,"93.805300                     "
"2000","33112","05","0882","","03","Elem      ","N","Cambria-Friesland","","Elementary School Type/ Prek-12","223",109,"48.878900                     ",114,"51.121000                     ",1,"0.448400                      ",0,"0.000000                      ",0,"0.000000                      ",38,"17.040300                     ",184,"82.511200                     "
"2000","33112","05","0882","","03","Mid/Jr Hi ","N","Cambria-Friesland","","Middle/Junior High School Type/ Prek-12","115",61,"53.043400                     ",54,"46.956500                     ",0,"0.000000                      ",1,"0.869500                      ",0,"0.000000                      ",12,"10.434700                     ",102,"88.695600                     "
"2000","33112","05","0882","","03","High      ","N","Cambria-Friesland","","High School Type/ PreK-12","157",71,"45.222900                     ",86,"54.777000                     ",1,"0.636900                      ",0,"0.000000                      ",0,"0.000000                      ",16,"10.191000                     ",140,"89.171900                     "
"2000","33112","05","0882","","03","El/Sec    ","N","Cambria-Friesland","","Combined Elementary/Secondary School Type/ Prek-12","0",0,"--                            ",0,"--                            ",0,"--                            ",0,"--                            ",0,"--                            ",0,"--                            ",0,"--                            "
"2000","33112","05","0882","","03","Summary   ","N","Cambria-Friesland","","Grades PreK-12","495",241,"48.686800                     ",254,"51.313100                     ",2,"0.404000                      ",1,"0.202000                      ",0,"0.000000                      ",66,"13.333300                     ",426,"86.060600                     "
"2000","32155","05","0882","0040","04","High      ","N","Cambria-Friesland","Cambria Friesland Hi","Grades PreK-12","157",71,"45.222900                     ",86,"54.777000                     ",1,"0.636900                      ",0,"0.000000                      ",0,"0.000000                      ",16,"10.191000                     ",140,"89.171900                     "
"2000","32156","05","0882","0045","04","Mid/Jr Hi ","N","Cambria-Friesland","Cambria Friesland Mid","Grades PreK-12","115",61,"53.043400                     ",54,"46.956500                     ",0,"0.000000                      ",1,"0.869500                      ",0,"0.000000                      ",12,"10.434700                     ",102,"88.695600                     "
"2000","32157","05","0882","0060","04","Elem      ","N","Cambria-Friesland","Cambria Friesland El","Grades PreK-12","223",109,"48.878900                     ",114,"51.121000                     ",1,"0.448400                      ",0,"0.000000                      ",0,"0.000000                      ",38,"17.040300                     ",184,"82.511200                     "
"2000","33114","05","1183","","03","Elem      ","N","Columbus","","Elementary School Type/ Prek-12","320",157,"49.062500                     ",163,"50.937500                     ",1,"0.312500                      ",1,"0.312500                      ",7,"2.187500                      ",4,"1.250000                      ",307,"95.937500                     "
"2000","33114","05","1183","","03","Mid/Jr Hi ","N","Columbus","","Middle/Junior High School Type/ Prek-12","453",231,"50.993300                     ",222,"49.006600                     ",0,"0.000000                      ",8,"1.766000                      ",3,"0.662200                      ",9,"1.986700                      ",433,"95.584900                     "
"2000","33114","05","1183","","03","High      ","N","Columbus","","High School Type/ PreK-12","465",205,"44.086000                     ",260,"55.913900                     ",0,"0.000000                      ",3,"0.645100                      ",0,"0.000000                      ",3,"0.645100                      ",459,"98.709600                     "
"2000","33114","05","1183","","03","El/Sec    ","N","Columbus","","Combined Elementary/Secondary School Type/ Prek-12","0",0,"--                            ",0,"--                            ",0,"--                            ",0,"--                            ",0,"--                            ",0,"--                            ",0,"--                            "
"2000","33114","05","1183","","03","Summary   ","N","Columbus","","Grades PreK-12","1238",593,"47.899800                     ",645,"52.100100                     ",1,"0.080700                      ",12,"0.969300                      ",10,"0.807700                      ",16,"1.292400                      ",1199,"96.849700                     "
"2000","32161","05","1183","0020","04","Mid/Jr Hi ","N","Columbus","Columbus Mid","Grades PreK-12","453",231,"50.993300                     ",222,"49.006600                     ",0,"0.000000                      ",8,"1.766000                      ",3,"0.662200                      ",9,"1.986700                      ",433,"95.584900                     "
"2000","32162","05","1183","0040","04","High      ","N","Columbus","Columbus Hi","Grades PreK-12","465",205,"44.086000                     ",260,"55.913900                     ",0,"0.000000                      ",3,"0.645100                      ",0,"0.000000                      ",3,"0.645100                      ",459,"98.709600                     "
"2000","32163","05","1183","0080","04","Elem      ","N","Columbus","Columbus El","Grades PreK-12","320",157,"49.062500                     ",163,"50.937500                     ",1,"0.312500                      ",1,"0.312500                      ",7,"2.187500                      ",4,"1.250000                      ",307,"95.937500                     "
"2000","33116","05","1736","","03","Elem      ","N","Fall River","","Elementary School Type/ Prek-12","194",90,"46.391700                     ",104,"53.608200                     ",0,"0.000000                      ",1,"0.515400                      ",0,"0.000000                      ",2,"1.030900                      ",191,"98.453600                     "
"2000","33116","05","1736","","03","Mid/Jr Hi ","N","Fall River","","Middle/Junior High School Type/ Prek-12","0",0,"--                            ",0,"--                            ",0,"--                            ",0,"--                            ",0,"--                            ",0,"--                            ",0,"--                            "
"2000","33116","05","1736","","03","High      ","N","Fall River","","High School Type/ PreK-12","250",120,"48.000000                     ",130,"52.000000                     ",0,"0.000000                      ",2,"0.800000                      ",4,"1.600000                      ",3,"1.200000                      ",241,"96.400000                     "
"2000","33116","05","1736","","03","El/Sec    ","N","Fall River","","Combined Elementary/Secondary School Type/ Prek-12","0",0,"--                            ",0,"--                            ",0,"--                            ",0,"--                            ",0,"--                            ",0,"--                            ",0,"--                            "
"2000","33116","05","1736","","03","Summary   ","N","Fall River","","Grades PreK-12","444",210,"47.297200                     ",234,"52.702700                     ",0,"0.000000                      ",3,"0.675600                      ",4,"0.900900                      ",5,"1.126100                      ",432,"97.297200                     "
"2000","32167","05","1736","0020","04","Elem      ","N","Fall River","Fall River El","Grades PreK-12","194",90,"46.391700                     ",104,"53.608200                     ",0,"0.000000                      ",1,"0.515400                      ",0,"0.000000                      ",2,"1.030900                      ",191,"98.453600                     "
"2000","32168","05","1736","0040","04","High      ","N","Fall River","Fall River Hi","Grades PreK-12","250",120,"48.000000                     ",130,"52.000000                     ",0,"0.000000                      ",2,"0.800000                      ",4,"1.600000                      ",3,"1.200000                      ",241,"96.400000                     "
"2000","33013","05","2639","","03","Elem      ","N","Iola-Scandinavia","","Elementary School Type/ Prek-12","380",188,"49.473600                     ",192,"50.526300                     ",0,"0.000000                      ",0,"0.000000                      ",8,"2.105200                      ",1,"0.263100                      ",371,"97.631500                     "
"2000","33013","05","2639","","03","Mid/Jr Hi ","N","Iola-Scandinavia","","Middle/Junior High School Type/ Prek-12","0",0,"--                            ",0,"--                            ",0,"--                            ",0,"--                            ",0,"--                            ",0,"--                            ",0,"--                            "
"2000","33013","05","2639","","03","High      ","N","Iola-Scandinavia","","High School Type/ PreK-12","446",219,"49.103100                     ",227,"50.896800                     ",0,"0.000000                      ",0,"0.000000                      ",4,"0.896800                      ",1,"0.224200                      ",441,"98.878900                     "
"2000","33013","05","2639","","03","El/Sec    ","N","Iola-Scandinavia","","Combined Elementary/Secondary School Type/ Prek-12","0",0,"--                            ",0,"--                            ",0,"--                            ",0,"--                            ",0,"--                            ",0,"--                            ",0,"--                            "
"2000","33013","05","2639","","03","Summary   ","N","Iola-Scandinavia","","Grades PreK-12","826",407,"49.273600                     ",419,"50.726300                     ",0,"0.000000                      ",0,"0.000000                      ",12,"1.452700                      ",2,"0.242100                      ",812,"98.305000                     "
"2000","31624","05","2639","0020","04","Elem      ","N","Iola-Scandinavia","Iola-Scandinavia El","Grades PreK-12","380",188,"49.473600                     ",192,"50.526300                     ",0,"0.000000                      ",0,"0.000000                      ",8,"2.105200                      ",1,"0.263100                      ",371,"97.631500                     "
"2000","31625","05","2639","0040","04","High      ","N","Iola-Scandinavia","Iola-Scandinavia Hi","Grades PreK-12","446",219,"49.103100                     ",227,"50.896800                     ",0,"0.000000                      ",0,"0.000000                      ",4,"0.896800                      ",1,"0.224200                      ",441,"98.878900                     "
"2000","32901","05","3150","","03","Elem      ","N","Lodi","","Elementary School Type/ Prek-12","736",366,"49.728200                     ",370,"50.271700                     ",0,"0.000000                      ",5,"0.679300                      ",2,"0.271700                      ",9,"1.222800                      ",720,"97.826000                     "
"2000","32901","05","3150","","03","Mid/Jr Hi ","N","Lodi","","Middle/Junior High School Type/ Prek-12","380",174,"45.789400                     ",206,"54.210500                     ",0,"0.000000                      ",3,"0.789400                      ",4,"1.052600                      ",4,"1.052600                      ",369,"97.105200                     "
"2000","32901","05","3150","","03","High      ","N","Lodi","","High School Type/ PreK-12","457",250,"54.704500                     ",207,"45.295400                     ",3,"0.656400                      ",5,"1.094000                      ",1,"0.218800                      ",4,"0.875200                      ",444,"97.155300                     "
"2000","32901","05","3150","","03","El/Sec    ","N","Lodi","","Combined Elementary/Secondary School Type/ Prek-12","0",0,"--                            ",0,"--                            ",0,"--                            ",0,"--                            ",0,"--                            ",0,"--                            ",0,"--                            "
"2000","32901","05","3150","","03","Summary   ","N","Lodi","","Grades PreK-12","1573",790,"50.222500                     ",783,"49.777400                     ",3,"0.190700                      ",13,"0.826400                      ",7,"0.445000                      ",17,"1.080700                      ",1533,"97.457000                     "
"2000","31995","05","3150","0020","04","Elem      ","N","Lodi","Lodi Primary","Grades PreK-12","364",177,"48.626300                     ",187,"51.373600                     ",0,"0.000000                      ",2,"0.549400                      ",2,"0.549400                      ",4,"1.098900                      ",356,"97.802100                     "
"2000","32032","05","3150","0040","04","Elem      ","N","Lodi","Lodi El","Grades PreK-12","372",189,"50.806400                     ",183,"49.193500                     ",0,"0.000000                      ",3,"0.806400                      ",0,"0.000000                      ",5,"1.344000                      ",364,"97.849400                     "
"2000","31160","05","3150","0080","04","High      ","N","Lodi","Lodi Hi","Grades PreK-12","457",250,"54.704500                     ",207,"45.295400                     ",3,"0.656400                      ",5,"1.094000                      ",1,"0.218800                      ",4,"0.875200                      ",444,"97.155300                     "
"2000","31161","05","3150","0100","04","Mid/Jr Hi ","N","Lodi","Lodi Mid","Grades PreK-12","380",174,"45.789400                     ",206,"54.210500                     ",0,"0.000000                      ",3,"0.789400                      ",4,"1.052600                      ",4,"1.052600                      ",369,"97.105200                     "
"2000","32961","05","3339","","03","Elem      ","N","Marshfield","","Elementary School Type/ Prek-12","1961",941,"47.985700                     ",1020,"52.014200                     ",4,"0.203900                      ",48,"2.447700                      ",20,"1.019800                      ",10,"0.509900                      ",1879,"95.818400                     "
"2000","32961","05","3339","","03","Mid/Jr Hi ","N","Marshfield","","Middle/Junior High School Type/ Prek-12","704",325,"46.164700                     ",379,"53.835200                     ",3,"0.426100                      ",14,"1.988600                      ",2,"0.284000                      ",4,"0.568100                      ",681,"96.732900                     "
"2000","32961","05","3339","","03","High      ","N","Marshfield","","High School Type/ PreK-12","1487",728,"48.957600                     ",759,"51.042300                     ",3,"0.201700                      ",19,"1.277700                      ",6,"0.403400                      ",12,"0.806900                      ",1447,"97.310000                     "
"2000","32961","05","3339","","03","El/Sec    ","N","Marshfield","","Combined Elementary/Secondary School Type/ Prek-12","0",0,"--                            ",0,"--                            ",0,"--                            ",0,"--                            ",0,"--                            ",0,"--                            ",0,"--                            "
"2000","32961","05","3339","","03","Summary   ","N","Marshfield","","Grades PreK-12","4152",1994,"48.025000                     ",2158,"51.974900                     ",10,"0.240800                      ",81,"1.950800                      ",28,"0.674300                      ",26,"0.626200                      ",4007,"96.507700                     "
"2000","31402","05","3339","0020","04","Elem      ","N","Marshfield","East Fremont El","Grades PreK-12","60",29,"48.333300                     ",31,"51.666600                     ",1,"1.666600                      ",0,"0.000000                      ",1,"1.666600                      ",0,"0.000000                      ",58,"96.666600                     "
"2000","32378","05","3339","0040","04","Elem      ","N","Marshfield","Grant El","Grades PreK-12","679",324,"47.717200                     ",355,"52.282700                     ",0,"0.000000                      ",24,"3.534600                      ",1,"0.147200                      ",2,"0.294500                      ",652,"96.023500                     "
"2000","32379","05","3339","0060","04","Elem      ","N","Marshfield","Jefferson El","Grades PreK-12","153",80,"52.287500                     ",73,"47.712400                     ",3,"1.960700                      ",2,"1.307100                      ",2,"1.307100                      ",0,"0.000000                      ",146,"95.424800                     "
"2000","32380","05","3339","0080","04","Elem      ","N","Marshfield","Lincoln El","Grades PreK-12","321",152,"47.352000                     ",169,"52.647900                     ",0,"0.000000                      ",7,"2.180600                      ",6,"1.869100                      ",5,"1.557600                      ",303,"94.392500                     "
"2000","32381","05","3339","0100","04","Elem      ","N","Marshfield","Madison El","Grades PreK-12","340",152,"44.705800                     ",188,"55.294100                     ",0,"0.000000                      ",7,"2.058800                      ",7,"2.058800                      ",2,"0.588200                      ",324,"95.294100                     "
"2000","32382","05","3339","0110","04","Mid/Jr Hi ","N","Marshfield","Marshfield Jr","Grades PreK-12","704",325,"46.164700                     ",379,"53.835200                     ",3,"0.426100                      ",14,"1.988600                      ",2,"0.284000                      ",4,"0.568100                      ",681,"96.732900                     "
"2000","32383","05","3339","0120","04","High      ","N","Marshfield","Marshfield Hi","Grades PreK-12","1487",728,"48.957600                     ",759,"51.042300                     ",3,"0.201700                      ",19,"1.277700                      ",6,"0.403400                      ",12,"0.806900                      ",1447,"97.310000                     "
"2000","32384","05","3339","0140","04","Elem      ","N","Marshfield","Nasonville El","Grades PreK-12","92",55,"59.782600                     ",37,"40.217300                     ",0,"0.000000                      ",1,"1.086900                      ",0,"0.000000                      ",0,"0.000000                      ",91,"98.913000                     "
"2000","31416","05","3339","0180","04","Elem      ","N","Marshfield","Washington El","Grades PreK-12","316",149,"47.151800                     ",167,"52.848100                     ",0,"0.000000                      ",7,"2.215100                      ",3,"0.949300                      ",1,"0.316400                      ",305,"96.518900                     "
"2000","32923","05","3360","","03","Elem      ","N","Mauston","","Elementary School Type/ Prek-12","542",254,"46.863400                     ",288,"53.136500                     ",14,"2.583000                      ",13,"2.398500                      ",2,"0.369000                      ",2,"0.369000                      ",511,"94.280400                     "
"2000","32923","05","3360","","03","Mid/Jr Hi ","N","Mauston","","Middle/Junior High School Type/ Prek-12","510",242,"47.450900                     ",268,"52.549000                     ",15,"2.941100                      ",9,"1.764700                      ",5,"0.980300                      ",3,"0.588200                      ",478,"93.725400                     "
"2000","32923","05","3360","","03","High      ","N","Mauston","","High School Type/ PreK-12","555",269,"48.468400                     ",286,"51.531500                     ",9,"1.621600                      ",15,"2.702700                      ",4,"0.720700                      ",6,"1.081000                      ",521,"93.873800                     "
"2000","32923","05","3360","","03","El/Sec    ","N","Mauston","","Combined Elementary/Secondary School Type/ Prek-12","0",0,"--                            ",0,"--                            ",0,"--                            ",0,"--                            ",0,"--                            ",0,"--                            ",0,"--                            "
"2000","32923","05","3360","","03","Summary   ","N","Mauston","","Grades PreK-12","1607",765,"47.604200                     ",842,"52.395700                     ",38,"2.364600                      ",37,"2.302400                      ",11,"0.684500                      ",11,"0.684500                      ",1510,"93.963900                     "
"2000","31259","05","3360","0020","04","Mid/Jr Hi ","N","Mauston","Olson Mid","Grades PreK-12","505",237,"46.930600                     ",268,"53.069300                     ",15,"2.970200                      ",9,"1.782100                      ",5,"0.990000                      ",3,"0.594000                      ",473,"93.663300                     "
"2000","32175","05","3360","0040","04","Elem      ","N","Mauston","Lyndon Station El","Grades PreK-12","86",44,"51.162700                     ",42,"48.837200                     ",2,"2.325500                      ",0,"0.000000                      ",0,"0.000000                      ",0,"0.000000                      ",84,"97.674400                     "
"2000","31260","05","3360","0060","04","High      ","N","Mauston","Mauston Hi","Grades PreK-12","555",269,"48.468400                     ",286,"51.531500                     ",9,"1.621600                      ",15,"2.702700                      ",4,"0.720700                      ",6,"1.081000                      ",521,"93.873800                     "
"2000","31261","05","3360","0080","04","Elem      ","N","Mauston","West Side El","Grades PreK-12","456",210,"46.052600                     ",246,"53.947300                     ",12,"2.631500                      ",13,"2.850800                      ",2,"0.438500                      ",2,"0.438500                      ",427,"93.640300                     "
"2000","33832","05","3360","0200","04","Mid/Jr Hi ","Y","Mauston","Mauston Alternative Resource","Grades PreK-12","5",5,"100.000000                    ",0,"0.000000                      ",0,"0.000000                      ",0,"0.000000                      ",0,"0.000000                      ",0,"0.000000                      ",5,"100.000000                    "
"2000","32924","05","3689","","03","Elem      ","N","Montello","","Elementary School Type/ Prek-12","381",188,"49.343800                     ",193,"50.656100                     ",4,"1.049800                      ",4,"1.049800                      ",4,"1.049800                      ",21,"5.511800                      ",348,"91.338500                     "
"2000","32924","05","3689","","03","Mid/Jr Hi ","N","Montello","","Middle/Junior High School Type/ Prek-12","0",0,"--                            ",0,"--                            ",0,"--                            ",0,"--                            ",0,"--                            ",0,"--                            ",0,"--                            "
"2000","32924","05","3689","","03","High      ","N","Montello","","High School Type/ PreK-12","471",239,"50.743000                     ",232,"49.256900                     ",7,"1.486100                      ",1,"0.212300                      ",3,"0.636900                      ",16,"3.397000                      ",444,"94.267500                     "
"2000","32924","05","3689","","03","El/Sec    ","N","Montello","","Combined Elementary/Secondary School Type/ Prek-12","0",0,"--                            ",0,"--                            ",0,"--                            ",0,"--                            ",0,"--                            ",0,"--                            ",0,"--                            "
"2000","32924","05","3689","","03","Summary   ","N","Montello","","Grades PreK-12","852",427,"50.117300                     ",425,"49.882600                     ",11,"1.291000                      ",5,"0.586800                      ",7,"0.821500                      ",37,"4.342700                      ",792,"92.957700                     "
"2000","31262","05","3689","0010","04","Elem      ","N","Montello","Forest Lane El","Grades PreK-12","381",188,"49.343800                     ",193,"50.656100                     ",4,"1.049800                      ",4,"1.049800                      ",4,"1.049800                      ",21,"5.511800                      ",348,"91.338500                     "
"2000","31263","05","3689","0040","04","High      ","N","Montello","Montello Jr/Sr Hi","Grades PreK-12","471",239,"50.743000                     ",232,"49.256900                     ",7,"1.486100                      ",1,"0.212300                      ",3,"0.636900                      ",16,"3.397000                      ",444,"94.267500                     "
"2000","33200","05","3871","","03","Elem      ","N","Necedah Area","","Elementary School Type/ Prek-12","388",188,"48.453600                     ",200,"51.546300                     ",0,"0.000000                      ",0,"0.000000                      ",6,"1.546300                      ",2,"0.515400                      ",380,"97.938100                     "
"2000","33200","05","3871","","03","Mid/Jr Hi ","N","Necedah Area","","Middle/Junior High School Type/ Prek-12","0",0,"--                            ",0,"--                            ",0,"--                            ",0,"--                            ",0,"--                            ",0,"--                            ",0,"--                            "
"2000","33200","05","3871","","03","High      ","N","Necedah Area","","High School Type/ PreK-12","375",169,"45.066600                     ",206,"54.933300                     ",3,"0.800000                      ",0,"0.000000                      ",4,"1.066600                      ",5,"1.333300                      ",363,"96.800000                     "
"2000","33200","05","3871","","03","El/Sec    ","N","Necedah Area","","Combined Elementary/Secondary School Type/ Prek-12","0",0,"--                            ",0,"--                            ",0,"--                            ",0,"--                            ",0,"--                            ",0,"--                            ",0,"--                            "
"2000","33200","05","3871","","03","Summary   ","N","Necedah Area","","Grades PreK-12","763",357,"46.788900                     ",406,"53.211000                     ",3,"0.393100                      ",0,"0.000000                      ",10,"1.310600                      ",7,"0.917400                      ",743,"97.378700                     "
"2000","32511","05","3871","0020","04","Elem      ","N","Necedah Area","Necedah El","Grades PreK-12","388",188,"48.453600                     ",200,"51.546300                     ",0,"0.000000                      ",0,"0.000000                      ",6,"1.546300                      ",2,"0.515400                      ",380,"97.938100                     "
"2000","32512","05","3871","0040","04","High      ","N","Necedah Area","Necedah Hi","Grades PreK-12","375",169,"45.066600                     ",206,"54.933300                     ",3,"0.800000                      ",0,"0.000000                      ",4,"1.066600                      ",5,"1.333300                      ",363,"96.800000                     "
"2000","33169","05","3906","","03","Elem      ","N","Nekoosa","","Elementary School Type/ Prek-12","414",196,"47.342900                     ",218,"52.657000                     ",13,"3.140000                      ",5,"1.207700                      ",5,"1.207700                      ",16,"3.864700                      ",375,"90.579700                     "
"2000","33169","05","3906","","03","Mid/Jr Hi ","N","Nekoosa","","Middle/Junior High School Type/ Prek-12","609",291,"47.783200                     ",318,"52.216700                     ",9,"1.477800                      ",8,"1.313600                      ",3,"0.492600                      ",17,"2.791400                      ",572,"93.924400                     "
"2000","33169","05","3906","","03","High      ","N","Nekoosa","","High School Type/ PreK-12","506",246,"48.616600                     ",260,"51.383300                     ",8,"1.581000                      ",4,"0.790500                      ",1,"0.197600                      ",12,"2.371500                      ",481,"95.059200                     "
"2000","33169","05","3906","","03","El/Sec    ","N","Nekoosa","","Combined Elementary/Secondary School Type/ Prek-12","0",0,"--                            ",0,"--                            ",0,"--                            ",0,"--                            ",0,"--                            ",0,"--                            ",0,"--                            "
"2000","33169","05","3906","","03","Summary   ","N","Nekoosa","","Grades PreK-12","1529",733,"47.939800                     ",796,"52.060100                     ",30,"1.962000                      ",17,"1.111800                      ",9,"0.588600                      ",45,"2.943100                      ",1428,"93.394300                     "
"2000","32392","05","3906","0020","04","Mid/Jr Hi ","N","Nekoosa","Alexander Mid","Grades PreK-12","609",291,"47.783200                     ",318,"52.216700                     ",9,"1.477800                      ",8,"1.313600                      ",3,"0.492600                      ",17,"2.791400                      ",572,"93.924400                     "
"2000","32393","05","3906","0040","04","Elem      ","N","Nekoosa","Humke El","Grades PreK-12","414",196,"47.342900                     ",218,"52.657000                     ",13,"3.140000                      ",5,"1.207700                      ",5,"1.207700                      ",16,"3.864700                      ",375,"90.579700                     "
"2000","32394","05","3906","0060","04","High      ","N","Nekoosa","Nekoosa Hi","Grades PreK-12","506",246,"48.616600                     ",260,"51.383300                     ",8,"1.581000                      ",4,"0.790500                      ",1,"0.197600                      ",12,"2.371500                      ",481,"95.059200                     "
"2000","32925","05","3948","","03","Elem      ","N","New Lisbon","","Elementary School Type/ Prek-12","364",181,"49.725200                     ",183,"50.274700                     ",2,"0.549400                      ",0,"0.000000                      ",1,"0.274700                      ",2,"0.549400                      ",359,"98.626300                     "
"2000","32925","05","3948","","03","Mid/Jr Hi ","N","New Lisbon","","Middle/Junior High School Type/ Prek-12","120",57,"47.500000                     ",63,"52.500000                     ",0,"0.000000                      ",1,"0.833300                      ",1,"0.833300                      ",3,"2.500000                      ",115,"95.833300                     "
"2000","32925","05","3948","","03","High      ","N","New Lisbon","","High School Type/ PreK-12","218",104,"47.706400                     ",114,"52.293500                     ",0,"0.000000                      ",4,"1.834800                      ",0,"0.000000                      ",0,"0.000000                      ",214,"98.165100                     "
"2000","32925","05","3948","","03","El/Sec    ","N","New Lisbon","","Combined Elementary/Secondary School Type/ Prek-12","0",0,"--                            ",0,"--                            ",0,"--                            ",0,"--                            ",0,"--                            ",0,"--                            ",0,"--                            "
"2000","32925","05","3948","","03","Summary   ","N","New Lisbon","","Grades PreK-12","702",342,"48.717900                     ",360,"51.282000                     ",2,"0.284900                      ",5,"0.712200                      ",2,"0.284900                      ",5,"0.712200                      ",688,"98.005600                     "
"2000","31264","05","3948","0040","04","Elem      ","N","New Lisbon","New Lisbon El","Grades PreK-12","364",181,"49.725200                     ",183,"50.274700                     ",2,"0.549400                      ",0,"0.000000                      ",1,"0.274700                      ",2,"0.549400                      ",359,"98.626300                     "
"2000","31265","05","3948","0060","04","High      ","N","New Lisbon","New Lisbon Hi","Grades PreK-12","218",104,"47.706400                     ",114,"52.293500                     ",0,"0.000000                      ",4,"1.834800                      ",0,"0.000000                      ",0,"0.000000                      ",214,"98.165100                     "
"2000","32810","05","3948","0300","04","Mid/Jr Hi ","N","New Lisbon","New Lisbon Jr","Grades PreK-12","120",57,"47.500000                     ",63,"52.500000                     ",0,"0.000000                      ",1,"0.833300                      ",1,"0.833300                      ",3,"2.500000                      ",115,"95.833300                     "
"2000","32926","05","4228","","03","Elem      ","N","Pardeeville Area","","Elementary School Type/ Prek-12","501",224,"44.710500                     ",277,"55.289400                     ",1,"0.199600                      ",4,"0.798400                      ",2,"0.399200                      ",8,"1.596800                      ",486,"97.005900                     "
"2000","32926","05","4228","","03","Mid/Jr Hi ","N","Pardeeville Area","","Middle/Junior High School Type/ Prek-12","168",84,"50.000000                     ",84,"50.000000                     ",0,"0.000000                      ",1,"0.595200                      ",0,"0.000000                      ",2,"1.190400                      ",165,"98.214200                     "
"2000","32926","05","4228","","03","High      ","N","Pardeeville Area","","High School Type/ PreK-12","310",141,"45.483800                     ",169,"54.516100                     ",0,"0.000000                      ",0,"0.000000                      ",1,"0.322500                      ",1,"0.322500                      ",308,"99.354800                     "
"2000","32926","05","4228","","03","El/Sec    ","N","Pardeeville Area","","Combined Elementary/Secondary School Type/ Prek-12","0",0,"--                            ",0,"--                            ",0,"--                            ",0,"--                            ",0,"--                            ",0,"--                            ",0,"--                            "
"2000","32926","05","4228","","03","Summary   ","N","Pardeeville Area","","Grades PreK-12","979",449,"45.863100                     ",530,"54.136800                     ",1,"0.102100                      ",5,"0.510700                      ",3,"0.306400                      ",11,"1.123500                      ",959,"97.957000                     "
"2000","32827","05","4228","0020","04","Elem      ","N","Pardeeville Area","Balliet Early Childhood","Grades PreK-12","37",16,"43.243200                     ",21,"56.756700                     ",0,"0.000000                      ",0,"0.000000                      ",0,"0.000000                      ",0,"0.000000                      ",37,"100.000000                    "
"2000","31268","05","4228","0040","04","Elem      ","N","Pardeeville Area","Marcellon El","Grades PreK-12","69",34,"49.275300                     ",35,"50.724600                     ",0,"0.000000                      ",0,"0.000000                      ",0,"0.000000                      ",0,"0.000000                      ",69,"100.000000                    "
"2000","31269","05","4228","0060","04","Elem      ","N","Pardeeville Area","Pardeeville El","Grades PreK-12","395",174,"44.050600                     ",221,"55.949300                     ",1,"0.253100                      ",4,"1.012600                      ",2,"0.506300                      ",8,"2.025300                      ",380,"96.202500                     "
"2000","31270","05","4228","0080","04","High      ","N","Pardeeville Area","Pardeeville Hi","Grades PreK-12","310",141,"45.483800                     ",169,"54.516100                     ",0,"0.000000                      ",0,"0.000000                      ",1,"0.322500                      ",1,"0.322500                      ",308,"99.354800                     "
"2000","31271","05","4228","0100","04","Mid/Jr Hi ","N","Pardeeville Area","Pardeeville Jr","Grades PreK-12","168",84,"50.000000                     ",84,"50.000000                     ",0,"0.000000                      ",1,"0.595200                      ",0,"0.000000                      ",2,"1.190400                      ",165,"98.214200                     "
"2000","33171","05","4368","","03","Elem      ","N","Pittsville","","Elementary School Type/ Prek-12","557",284,"50.987400                     ",273,"49.012500                     ",12,"2.154300                      ",3,"0.538500                      ",9,"1.615700                      ",3,"0.538500                      ",530,"95.152600                     "
"2000","33171","05","4368","","03","Mid/Jr Hi ","N","Pittsville","","Middle/Junior High School Type/ Prek-12","0",0,"--                            ",0,"--                            ",0,"--                            ",0,"--                            ",0,"--                            ",0,"--                            ",0,"--                            "
"2000","33171","05","4368","","03","High      ","N","Pittsville","","High School Type/ PreK-12","258",118,"45.736400                     ",140,"54.263500                     ",2,"0.775100                      ",2,"0.775100                      ",2,"0.775100                      ",1,"0.387500                      ",251,"97.286800                     "
"2000","33171","05","4368","","03","El/Sec    ","N","Pittsville","","Combined Elementary/Secondary School Type/ Prek-12","0",0,"--                            ",0,"--                            ",0,"--                            ",0,"--                            ",0,"--                            ",0,"--                            ",0,"--                            "
"2000","33171","05","4368","","03","Summary   ","N","Pittsville","","Grades PreK-12","815",402,"49.325100                     ",413,"50.674800                     ",14,"1.717700                      ",5,"0.613400                      ",11,"1.349600                      ",4,"0.490700                      ",781,"95.828200                     "
"2000","32399","05","4368","0020","04","Elem      ","N","Pittsville","Pittsville El","Grades PreK-12","557",284,"50.987400                     ",273,"49.012500                     ",12,"2.154300                      ",3,"0.538500                      ",9,"1.615700                      ",3,"0.538500                      ",530,"95.152600                     "
"2000","32400","05","4368","0040","04","High      ","N","Pittsville","Pittsville Hi","Grades PreK-12","258",118,"45.736400                     ",140,"54.263500                     ",2,"0.775100                      ",2,"0.775100                      ",2,"0.775100                      ",1,"0.387500                      ",251,"97.286800                     "
"2000","33250","05","4375","","03","Elem      ","N","Tri-County Area","","Elementary School Type/ Prek-12","329",146,"44.376800                     ",183,"55.623100                     ",2,"0.607900                      ",1,"0.303900                      ",1,"0.303900                      ",72,"21.884400                     ",253,"76.899600                     "
"2000","33250","05","4375","","03","Mid/Jr Hi ","N","Tri-County Area","","Middle/Junior High School Type/ Prek-12","297",148,"49.831600                     ",149,"50.168300                     ",1,"0.336700                      ",0,"0.000000                      ",0,"0.000000                      ",52,"17.508400                     ",244,"82.154800                     "
"2000","33250","05","4375","","03","High      ","N","Tri-County Area","","High School Type/ PreK-12","272",124,"45.588200                     ",148,"54.411700                     ",0,"0.000000                      ",0,"0.000000                      ",2,"0.735200                      ",36,"13.235200                     ",234,"86.029400                     "
"2000","33250","05","4375","","03","El/Sec    ","N","Tri-County Area","","Combined Elementary/Secondary School Type/ Prek-12","0",0,"--                            ",0,"--                            ",0,"--                            ",0,"--                            ",0,"--                            ",0,"--                            ",0,"--                            "
"2000","33250","05","4375","","03","Summary   ","N","Tri-County Area","","Grades PreK-12","898",418,"46.547800                     ",480,"53.452100                     ",3,"0.334000                      ",1,"0.111300                      ",3,"0.334000                      ",160,"17.817300                     ",731,"81.403100                     "
"2000","32729","05","4375","0060","04","High      ","N","Tri-County Area","Tri-County Hi","Grades PreK-12","272",124,"45.588200                     ",148,"54.411700                     ",0,"0.000000                      ",0,"0.000000                      ",2,"0.735200                      ",36,"13.235200                     ",234,"86.029400                     "
"2000","32730","05","4375","0080","04","Mid/Jr Hi ","N","Tri-County Area","Tri-County Mid","Grades PreK-12","297",148,"49.831600                     ",149,"50.168300                     ",1,"0.336700                      ",0,"0.000000                      ",0,"0.000000                      ",52,"17.508400                     ",244,"82.154800                     "
"2000","32731","05","4375","0100","04","Elem      ","N","Tri-County Area","Tri-County El","Grades PreK-12","329",146,"44.376800                     ",183,"55.623100                     ",2,"0.607900                      ",1,"0.303900                      ",1,"0.303900                      ",72,"21.884400                     ",253,"76.899600                     "
"2000","32920","05","4501","","03","Elem      ","N","Portage Community","","Elementary School Type/ Prek-12","1286",615,"47.822700                     ",671,"52.177200                     ",9,"0.699800                      ",2,"0.155500                      ",10,"0.777600                      ",39,"3.032600                      ",1226,"95.334300                     "
"2000","32920","05","4501","","03","Mid/Jr Hi ","N","Portage Community","","Middle/Junior High School Type/ Prek-12","440",207,"47.045400                     ",233,"52.954500                     ",3,"0.681800                      ",5,"1.136300                      ",2,"0.454500                      ",8,"1.818100                      ",422,"95.909000                     "
"2000","32920","05","4501","","03","High      ","N","Portage Community","","High School Type/ PreK-12","924",483,"52.272700                     ",441,"47.727200                     ",1,"0.108200                      ",1,"0.108200                      ",4,"0.432900                      ",11,"1.190400                      ",907,"98.160100                     "
"2000","32920","05","4501","","03","El/Sec    ","N","Portage Community","","Combined Elementary/Secondary School Type/ Prek-12","0",0,"--                            ",0,"--                            ",0,"--                            ",0,"--                            ",0,"--                            ",0,"--                            ",0,"--                            "
"2000","32920","05","4501","","03","Summary   ","N","Portage Community","","Grades PreK-12","2650",1305,"49.245200                     ",1345,"50.754700                     ",13,"0.490500                      ",8,"0.301800                      ",16,"0.603700                      ",58,"2.188600                      ",2555,"96.415000                     "
"2000","31247","05","4501","0020","04","Elem      ","N","Portage Community","Caledonia El","Grades PreK-12","82",38,"46.341400                     ",44,"53.658500                     ",0,"0.000000                      ",1,"1.219500                      ",1,"1.219500                      ",3,"3.658500                      ",77,"93.902400                     "
"2000","31248","05","4501","0080","04","Elem      ","N","Portage Community","Fort Winnebago El","Grades PreK-12","89",48,"53.932500                     ",41,"46.067400                     ",0,"0.000000                      ",0,"0.000000                      ",0,"0.000000                      ",1,"1.123500                      ",88,"98.876400                     "
"2000","31249","05","4501","0090","04","Elem      ","N","Portage Community","Muir El","Grades PreK-12","453",205,"45.253800                     ",248,"54.746100                     ",5,"1.103700                      ",0,"0.000000                      ",0,"0.000000                      ",10,"2.207500                      ",438,"96.688700                     "
"2000","31250","05","4501","0100","04","Elem      ","N","Portage Community","Lewiston El","Grades PreK-12","85",39,"45.882300                     ",46,"54.117600                     ",0,"0.000000                      ",1,"1.176400                      ",0,"0.000000                      ",3,"3.529400                      ",81,"95.294100                     "
"2000","32166","05","4501","0120","04","Elem      ","N","Portage Community","Endeavor El","Grades PreK-12","110",54,"49.090900                     ",56,"50.909000                     ",2,"1.818100                      ",0,"0.000000                      ",1,"0.909000                      ",8,"7.272700                      ",99,"90.000000                     "
"2000","32811","05","4501","0140","04","Elem      ","N","Portage Community","Rusch El","Grades PreK-12","312",153,"49.038400                     ",159,"50.961500                     ",2,"0.641000                      ",0,"0.000000                      ",8,"2.564100                      ",7,"2.243500                      ",295,"94.551200                     "
"2000","31251","05","4501","0160","04","Mid/Jr Hi ","N","Portage Community","Portage Jr","Grades PreK-12","440",207,"47.045400                     ",233,"52.954500                     ",3,"0.681800                      ",5,"1.136300                      ",2,"0.454500                      ",8,"1.818100                      ",422,"95.909000                     "
"2000","31252","05","4501","0180","04","High      ","N","Portage Community","Portage Hi","Grades PreK-12","924",483,"52.272700                     ",441,"47.727200                     ",1,"0.108200                      ",1,"0.108200                      ",4,"0.432900                      ",11,"1.190400                      ",907,"98.160100                     "
"2000","31253","05","4501","0200","04","Elem      ","N","Portage Community","Woodridge El","Grades PreK-12","155",78,"50.322500                     ",77,"49.677400                     ",0,"0.000000                      ",0,"0.000000                      ",0,"0.000000                      ",7,"4.516100                      ",148,"95.483800                     "
"2000","33172","05","4508","","03","Elem      ","N","Port Edwards","","Elementary School Type/ Prek-12","205",97,"47.317000                     ",108,"52.682900                     ",6,"2.926800                      ",13,"6.341400                      ",6,"2.926800                      ",2,"0.975600                      ",178,"86.829200                     "
"2000","33172","05","4508","","03","Mid/Jr Hi ","N","Port Edwards","","Middle/Junior High School Type/ Prek-12","151",64,"42.384100                     ",87,"57.615800                     ",3,"1.986700                      ",18,"11.920500                     ",2,"1.324500                      ",1,"0.662200                      ",127,"84.105900                     "
"2000","33172","05","4508","","03","High      ","N","Port Edwards","","High School Type/ PreK-12","164",78,"47.560900                     ",86,"52.439000                     ",0,"0.000000                      ",18,"10.975600                     ",1,"0.609700                      ",3,"1.829200                      ",142,"86.585300                     "
"2000","33172","05","4508","","03","El/Sec    ","N","Port Edwards","","Combined Elementary/Secondary School Type/ Prek-12","0",0,"--                            ",0,"--                            ",0,"--                            ",0,"--                            ",0,"--                            ",0,"--                            ",0,"--                            "
"2000","33172","05","4508","","03","Summary   ","N","Port Edwards","","Grades PreK-12","520",239,"45.961500                     ",281,"54.038400                     ",9,"1.730700                      ",49,"9.423000                      ",9,"1.730700                      ",6,"1.153800                      ",447,"85.961500                     "
"2000","32403","05","4508","0040","04","High      ","N","Port Edwards","John Edwards Hi","Grades PreK-12","164",78,"47.560900                     ",86,"52.439000                     ",0,"0.000000                      ",18,"10.975600                     ",1,"0.609700                      ",3,"1.829200                      ",142,"86.585300                     "
"2000","32404","05","4508","0060","04","Elem      ","N","Port Edwards","Port Edwards El","Grades PreK-12","205",97,"47.317000                     ",108,"52.682900                     ",6,"2.926800                      ",13,"6.341400                      ",6,"2.926800                      ",2,"0.975600                      ",178,"86.829200                     "
"2000","32405","05","4508","0080","04","Mid/Jr Hi ","N","Port Edwards","John Edwards Mid","Grades PreK-12","151",64,"42.384100                     ",87,"57.615800                     ",3,"1.986700                      ",18,"11.920500                     ",2,"1.324500                      ",1,"0.662200                      ",127,"84.105900                     "
"2000","32927","05","4536","","03","Elem      ","N","Poynette","","Elementary School Type/ Prek-12","522",251,"48.084200                     ",271,"51.915700                     ",5,"0.957800                      ",4,"0.766200                      ",3,"0.574700                      ",3,"0.574700                      ",507,"97.126400                     "
"2000","32927","05","4536","","03","Mid/Jr Hi ","N","Poynette","","Middle/Junior High School Type/ Prek-12","275",127,"46.181800                     ",148,"53.818100                     ",0,"0.000000                      ",0,"0.000000                      ",0,"0.000000                      ",0,"0.000000                      ",275,"100.000000                    "
"2000","32927","05","4536","","03","High      ","N","Poynette","","High School Type/ PreK-12","342",171,"50.000000                     ",171,"50.000000                     ",3,"0.877100                      ",1,"0.292300                      ",2,"0.584700                      ",2,"0.584700                      ",334,"97.660800                     "
"2000","32927","05","4536","","03","El/Sec    ","N","Poynette","","Combined Elementary/Secondary School Type/ Prek-12","0",0,"--                            ",0,"--                            ",0,"--                            ",0,"--                            ",0,"--                            ",0,"--                            ",0,"--                            "
"2000","32927","05","4536","","03","Summary   ","N","Poynette","","Grades PreK-12","1139",549,"48.200100                     ",590,"51.799800                     ",8,"0.702300                      ",5,"0.438900                      ",5,"0.438900                      ",5,"0.438900                      ",1116,"97.980600                     "
"2000","31257","05","4536","0020","04","Elem      ","N","Poynette","Arlington El","Grades PreK-12","94",55,"58.510600                     ",39,"41.489300                     ",1,"1.063800                      ",0,"0.000000                      ",0,"0.000000                      ",2,"2.127600                      ",91,"96.808500                     "
"2000","31272","05","4536","0040","04","Elem      ","N","Poynette","Dekorra El","Grades PreK-12","108",50,"46.296200                     ",58,"53.703700                     ",2,"1.851800                      ",0,"0.000000                      ",1,"0.925900                      ",1,"0.925900                      ",104,"96.296200                     "
"2000","31273","05","4536","0060","04","Elem      ","N","Poynette","Poynette El","Grades PreK-12","320",146,"45.625000                     ",174,"54.375000                     ",2,"0.625000                      ",4,"1.250000                      ",2,"0.625000                      ",0,"0.000000                      ",312,"97.500000                     "
"2000","31274","05","4536","0080","04","High      ","N","Poynette","Poynette Hi","Grades PreK-12","342",171,"50.000000                     ",171,"50.000000                     ",3,"0.877100                      ",1,"0.292300                      ",2,"0.584700                      ",2,"0.584700                      ",334,"97.660800                     "
"2000","31275","05","4536","0100","04","Mid/Jr Hi ","N","Poynette","Poynette Mid","Grades PreK-12","275",127,"46.181800                     ",148,"53.818100                     ",0,"0.000000                      ",0,"0.000000                      ",0,"0.000000                      ",0,"0.000000                      ",275,"100.000000                    "
"2000","33251","05","4606","","03","Elem      ","N","Princeton","","Elementary School Type/ Prek-12","0",0,"--                            ",0,"--                            ",0,"--                            ",0,"--                            ",0,"--                            ",0,"--                            ",0,"--                            "
"2000","33251","05","4606","","03","Mid/Jr Hi ","N","Princeton","","Middle/Junior High School Type/ Prek-12","0",0,"--                            ",0,"--                            ",0,"--                            ",0,"--                            ",0,"--                            ",0,"--                            ",0,"--                            "
"2000","33251","05","4606","","03","High      ","N","Princeton","","High School Type/ PreK-12","0",0,"--                            ",0,"--                            ",0,"--                            ",0,"--                            ",0,"--                            ",0,"--                            ",0,"--                            "
"2000","33251","05","4606","","03","El/Sec    ","N","Princeton","","Combined Elementary/Secondary School Type/ Prek-12","484",243,"50.206600                     ",241,"49.793300                     ",1,"0.206600                      ",2,"0.413200                      ",5,"1.033000                      ",4,"0.826400                      ",472,"97.520600                     "
"2000","33251","05","4606","","03","Summary   ","N","Princeton","","Grades PreK-12","484",243,"50.206600                     ",241,"49.793300                     ",1,"0.206600                      ",2,"0.413200                      ",5,"1.033000                      ",4,"0.826400                      ",472,"97.520600                     "
"2000","32733","05","4606","0040","04","El/Sec    ","N","Princeton","Princeton Sch","Grades PreK-12","484",243,"50.206600                     ",241,"49.793300                     ",1,"0.206600                      ",2,"0.413200                      ",5,"1.033000                      ",4,"0.826400                      ",472,"97.520600                     "
"2000","33117","05","4634","","03","Elem      ","N","Randolph","","Elementary School Type/ Prek-12","345",163,"47.246300                     ",182,"52.753600                     ",0,"0.000000                      ",0,"0.000000                      ",0,"0.000000                      ",40,"11.594200                     ",305,"88.405700                     "
"2000","33117","05","4634","","03","Mid/Jr Hi ","N","Randolph","","Middle/Junior High School Type/ Prek-12","0",0,"--                            ",0,"--                            ",0,"--                            ",0,"--                            ",0,"--                            ",0,"--                            ",0,"--                            "
"2000","33117","05","4634","","03","High      ","N","Randolph","","High School Type/ PreK-12","158",73,"46.202500                     ",85,"53.797400                     ",0,"0.000000                      ",0,"0.000000                      ",0,"0.000000                      ",7,"4.430300                      ",151,"95.569600                     "
"2000","33117","05","4634","","03","El/Sec    ","N","Randolph","","Combined Elementary/Secondary School Type/ Prek-12","0",0,"--                            ",0,"--                            ",0,"--                            ",0,"--                            ",0,"--                            ",0,"--                            ",0,"--                            "
"2000","33117","05","4634","","03","Summary   ","N","Randolph","","Grades PreK-12","503",236,"46.918400                     ",267,"53.081500                     ",0,"0.000000                      ",0,"0.000000                      ",0,"0.000000                      ",47,"9.343900                      ",456,"90.656000                     "
"2000","31276","05","4634","0020","04","Elem      ","N","Randolph","Randolph El","Grades PreK-12","345",163,"47.246300                     ",182,"52.753600                     ",0,"0.000000                      ",0,"0.000000                      ",0,"0.000000                      ",40,"11.594200                     ",305,"88.405700                     "
"2000","31277","05","4634","0040","04","High      ","N","Randolph","Randolph Hi","Grades PreK-12","158",73,"46.202500                     ",85,"53.797400                     ",0,"0.000000                      ",0,"0.000000                      ",0,"0.000000                      ",7,"4.430300                      ",151,"95.569600                     "
"2000","33118","05","4753","","03","Elem      ","N","Reedsburg","","Elementary School Type/ Prek-12","1054",513,"48.671700                     ",541,"51.328200                     ",11,"1.043600                      ",6,"0.569200                      ",7,"0.664100                      ",14,"1.328200                      ",1016,"96.394600                     "
"2000","33118","05","4753","","03","Mid/Jr Hi ","N","Reedsburg","","Middle/Junior High School Type/ Prek-12","568",281,"49.471800                     ",287,"50.528100                     ",3,"0.528100                      ",0,"0.000000                      ",3,"0.528100                      ",9,"1.584500                      ",553,"97.359100                     "
"2000","33118","05","4753","","03","High      ","N","Reedsburg","","High School Type/ PreK-12","855",410,"47.953200                     ",445,"52.046700                     ",8,"0.935600                      ",2,"0.233900                      ",4,"0.467800                      ",4,"0.467800                      ",837,"97.894700                     "
"2000","33118","05","4753","","03","El/Sec    ","N","Reedsburg","","Combined Elementary/Secondary School Type/ Prek-12","0",0,"--                            ",0,"--                            ",0,"--                            ",0,"--                            ",0,"--                            ",0,"--                            ",0,"--                            "
"2000","33118","05","4753","","03","Summary   ","N","Reedsburg","","Grades PreK-12","2477",1204,"48.607100                     ",1273,"51.392800                     ",22,"0.888100                      ",8,"0.322900                      ",14,"0.565100                      ",27,"1.090000                      ",2406,"97.133600                     "
"2000","32173","05","4753","0020","04","Elem      ","N","Reedsburg","Ironton-La Valle El","Grades PreK-12","92",45,"48.913000                     ",47,"51.086900                     ",0,"0.000000                      ",1,"1.086900                      ",0,"0.000000                      ",0,"0.000000                      ",91,"98.913000                     "
"2000","32174","05","4753","0040","04","Elem      ","N","Reedsburg","Loganville El","Grades PreK-12","120",70,"58.333300                     ",50,"41.666600                     ",0,"0.000000                      ",0,"0.000000                      ",0,"0.000000                      ",0,"0.000000                      ",120,"100.000000                    "
"2000","32179","05","4753","0080","04","High      ","N","Reedsburg","Reedsburg Area Hi","Grades PreK-12","855",410,"47.953200                     ",445,"52.046700                     ",8,"0.935600                      ",2,"0.233900                      ",4,"0.467800                      ",4,"0.467800                      ",837,"97.894700                     "
"2000","32180","05","4753","0100","04","Mid/Jr Hi ","N","Reedsburg","Webb Mid","Grades PreK-12","568",281,"49.471800                     ",287,"50.528100                     ",3,"0.528100                      ",0,"0.000000                      ",3,"0.528100                      ",9,"1.584500                      ",553,"97.359100                     "
"2000","32185","05","4753","0120","04","Elem      ","N","Reedsburg","Rock Springs El","Grades PreK-12","101",55,"54.455400                     ",46,"45.544500                     ",2,"1.980100                      ",4,"3.960300                      ",0,"0.000000                      ",0,"0.000000                      ",95,"94.059400                     "
"2000","32182","05","4753","0140","04","Elem      ","N","Reedsburg","South El","Grades PreK-12","117",60,"51.282000                     ",57,"48.717900                     ",0,"0.000000                      ",0,"0.000000                      ",1,"0.854700                      ",0,"0.000000                      ",116,"99.145200                     "
"2000","32181","05","4753","0160","04","Elem      ","N","Reedsburg","West Side El","Grades PreK-12","241",119,"49.377500                     ",122,"50.622400                     ",2,"0.829800                      ",1,"0.414900                      ",5,"2.074600                      ",7,"2.904500                      ",226,"93.775900                     "
"2000","32803","05","4753","0180","04","Elem      ","N","Reedsburg","Pineview El","Grades PreK-12","383",164,"42.819800                     ",219,"57.180100                     ",7,"1.827600                      ",0,"0.000000                      ",1,"0.261000                      ",7,"1.827600                      ",368,"96.083500                     "
"2000","33119","05","4865","","03","Elem      ","N","Rio Community","","Elementary School Type/ Prek-12","275",144,"52.363600                     ",131,"47.636300                     ",0,"0.000000                      ",0,"0.000000                      ",0,"0.000000                      ",9,"3.272700                      ",266,"96.727200                     "
"2000","33119","05","4865","","03","Mid/Jr Hi ","N","Rio Community","","Middle/Junior High School Type/ Prek-12","0",0,"--                            ",0,"--                            ",0,"--                            ",0,"--                            ",0,"--                            ",0,"--                            ",0,"--                            "
"2000","33119","05","4865","","03","High      ","N","Rio Community","","High School Type/ PreK-12","313",155,"49.520700                     ",158,"50.479200                     ",1,"0.319400                      ",3,"0.958400                      ",2,"0.638900                      ",9,"2.875300                      ",298,"95.207600                     "
"2000","33119","05","4865","","03","El/Sec    ","N","Rio Community","","Combined Elementary/Secondary School Type/ Prek-12","0",0,"--                            ",0,"--                            ",0,"--                            ",0,"--                            ",0,"--                            ",0,"--                            ",0,"--                            "
"2000","33119","05","4865","","03","Summary   ","N","Rio Community","","Grades PreK-12","588",299,"50.850300                     ",289,"49.149600                     ",1,"0.170000                      ",3,"0.510200                      ",2,"0.340100                      ",18,"3.061200                      ",564,"95.918300                     "
"2000","32183","05","4865","0020","04","Elem      ","N","Rio Community","Rio El","Grades PreK-12","275",144,"52.363600                     ",131,"47.636300                     ",0,"0.000000                      ",0,"0.000000                      ",0,"0.000000                      ",9,"3.272700                      ",266,"96.727200                     "
"2000","32184","05","4865","0040","04","High      ","N","Rio Community","Rio Hi","Grades PreK-12","313",155,"49.520700                     ",158,"50.479200                     ",1,"0.319400                      ",3,"0.958400                      ",2,"0.638900                      ",9,"2.875300                      ",298,"95.207600                     "
"2000","33174","05","4963","","03","Elem      ","N","Rosholt","","Elementary School Type/ Prek-12","329",151,"45.896600                     ",178,"54.103300                     ",2,"0.607900                      ",1,"0.303900                      ",2,"0.607900                      ",9,"2.735500                      ",315,"95.744600                     "
"2000","33174","05","4963","","03","Mid/Jr Hi ","N","Rosholt","","Middle/Junior High School Type/ Prek-12","186",92,"49.462300                     ",94,"50.537600                     ",0,"0.000000                      ",0,"0.000000                      ",1,"0.537600                      ",1,"0.537600                      ",184,"98.924700                     "
"2000","33174","05","4963","","03","High      ","N","Rosholt","","High School Type/ PreK-12","260",130,"50.000000                     ",130,"50.000000                     ",0,"0.000000                      ",2,"0.769200                      ",0,"0.000000                      ",5,"1.923000                      ",253,"97.307600                     "
"2000","33174","05","4963","","03","El/Sec    ","N","Rosholt","","Combined Elementary/Secondary School Type/ Prek-12","0",0,"--                            ",0,"--                            ",0,"--                            ",0,"--                            ",0,"--                            ",0,"--                            ",0,"--                            "
"2000","33174","05","4963","","03","Summary   ","N","Rosholt","","Grades PreK-12","775",373,"48.129000                     ",402,"51.870900                     ",2,"0.258000                      ",3,"0.387000                      ",3,"0.387000                      ",15,"1.935400                      ",752,"97.032200                     "
"2000","32411","05","4963","0020","04","Elem      ","N","Rosholt","Rosholt El","Grades PreK-12","329",151,"45.896600                     ",178,"54.103300                     ",2,"0.607900                      ",1,"0.303900                      ",2,"0.607900                      ",9,"2.735500                      ",315,"95.744600                     "
"2000","32412","05","4963","0040","04","High      ","N","Rosholt","Rosholt Hi","Grades PreK-12","260",130,"50.000000                     ",130,"50.000000                     ",0,"0.000000                      ",2,"0.769200                      ",0,"0.000000                      ",5,"1.923000                      ",253,"97.307600                     "
"2000","32413","05","4963","0060","04","Mid/Jr Hi ","N","Rosholt","Rosholt Mid","Grades PreK-12","186",92,"49.462300                     ",94,"50.537600                     ",0,"0.000000                      ",0,"0.000000                      ",1,"0.537600                      ",1,"0.537600                      ",184,"98.924700                     "
"2000","32907","05","5100","","03","Elem      ","N","Sauk Prairie","","Elementary School Type/ Prek-12","1072",540,"50.373100                     ",532,"49.626800                     ",4,"0.373100                      ",6,"0.559700                      ",11,"1.026100                      ",46,"4.291000                      ",1005,"93.750000                     "
"2000","32907","05","5100","","03","Mid/Jr Hi ","N","Sauk Prairie","","Middle/Junior High School Type/ Prek-12","679",310,"45.655300                     ",369,"54.344600                     ",2,"0.294500                      ",4,"0.589100                      ",2,"0.294500                      ",22,"3.240000                      ",649,"95.581700                     "
"2000","32907","05","5100","","03","High      ","N","Sauk Prairie","","High School Type/ PreK-12","806",377,"46.774100                     ",429,"53.225800                     ",4,"0.496200                      ",8,"0.992500                      ",4,"0.496200                      ",15,"1.861000                      ",775,"96.153800                     "
"2000","32907","05","5100","","03","El/Sec    ","N","Sauk Prairie","","Combined Elementary/Secondary School Type/ Prek-12","0",0,"--                            ",0,"--                            ",0,"--                            ",0,"--                            ",0,"--                            ",0,"--                            ",0,"--                            "
"2000","32907","05","5100","","03","Summary   ","N","Sauk Prairie","","Grades PreK-12","2557",1227,"47.985900                     ",1330,"52.014000                     ",10,"0.391000                      ",18,"0.703900                      ",17,"0.664800                      ",83,"3.245900                      ",2429,"94.994100                     "
"2000","32074","05","5100","0020","04","Elem      ","N","Sauk Prairie","Black Hawk El","Grades PreK-12","99",60,"60.606000                     ",39,"39.393900                     ",0,"0.000000                      ",0,"0.000000                      ",0,"0.000000                      ",13,"13.131300                     ",86,"86.868600                     "
"2000","32059","05","5100","0030","04","Elem      ","N","Sauk Prairie","Grand Avenue El","Grades PreK-12","401",195,"48.628400                     ",206,"51.371500                     ",2,"0.498700                      ",2,"0.498700                      ",3,"0.748100                      ",12,"2.992500                      ",382,"95.261800                     "
"2000","31174","05","5100","0040","04","Elem      ","N","Sauk Prairie","Merrimac El","Grades PreK-12","80",35,"43.750000                     ",45,"56.250000                     ",0,"0.000000                      ",0,"0.000000                      ",6,"7.500000                      ",0,"0.000000                      ",74,"92.500000                     "
"2000","32060","05","5100","0120","04","High      ","N","Sauk Prairie","Sauk Prairie Hi","Grades PreK-12","806",377,"46.774100                     ",429,"53.225800                     ",4,"0.496200                      ",8,"0.992500                      ",4,"0.496200                      ",15,"1.861000                      ",775,"96.153800                     "
"2000","32075","05","5100","0140","04","Mid/Jr Hi ","N","Sauk Prairie","Sauk Prairie Mid","Grades PreK-12","679",310,"45.655300                     ",369,"54.344600                     ",2,"0.294500                      ",4,"0.589100                      ",2,"0.294500                      ",22,"3.240000                      ",649,"95.581700                     "
"2000","32076","05","5100","0150","04","Elem      ","N","Sauk Prairie","Spruce Street El","Grades PreK-12","376",193,"51.329700                     ",183,"48.670200                     ",2,"0.531900                      ",4,"1.063800                      ",2,"0.531900                      ",15,"3.989300                      ",353,"93.882900                     "
"2000","32061","05","5100","0160","04","Elem      ","N","Sauk Prairie","Tower Rock El","Grades PreK-12","116",57,"49.137900                     ",59,"50.862000                     ",0,"0.000000                      ",0,"0.000000                      ",0,"0.000000                      ",6,"5.172400                      ",110,"94.827500                     "
"2000","32963","05","5607","","03","Elem      ","N","Stevens Point Area","","Elementary School Type/ Prek-12","4035",1968,"48.773200                     ",2067,"51.226700                     ",18,"0.446000                      ",382,"9.467100                      ",31,"0.768200                      ",96,"2.379100                      ",3508,"86.939200                     "
"2000","32963","05","5607","","03","Mid/Jr Hi ","N","Stevens Point Area","","Middle/Junior High School Type/ Prek-12","2015",996,"49.429200                     ",1019,"50.570700                     ",8,"0.397000                      ",151,"7.493700                      ",16,"0.794000                      ",36,"1.786600                      ",1804,"89.528500                     "
"2000","32963","05","5607","","03","High      ","N","Stevens Point Area","","High School Type/ PreK-12","2095",1038,"49.546500                     ",1057,"50.453400                     ",18,"0.859100                      ",131,"6.252900                      ",21,"1.002300                      ",32,"1.527400                      ",1893,"90.357900                     "
"2000","32963","05","5607","","03","El/Sec    ","N","Stevens Point Area","","Combined Elementary/Secondary School Type/ Prek-12","6",1,"16.666600                     ",5,"83.333300                     ",0,"0.000000                      ",0,"0.000000                      ",0,"0.000000                      ",0,"0.000000                      ",6,"100.000000                    "
"2000","32963","05","5607","","03","Summary   ","N","Stevens Point Area","","Grades PreK-12","8151",4003,"49.110500                     ",4148,"50.889400                     ",44,"0.539800                      ",664,"8.146200                      ",68,"0.834200                      ",164,"2.012000                      ",7211,"88.467600                     "
"2000","32423","05","5607","0010","04","Mid/Jr Hi ","N","Stevens Point Area","Benjamin Franklin Jr","Grades PreK-12","998",494,"49.498900                     ",504,"50.501000                     ",6,"0.601200                      ",67,"6.713400                      ",6,"0.601200                      ",20,"2.004000                      ",899,"90.080100                     "
"2000","32424","05","5607","0050","04","Elem      ","N","Stevens Point Area","Bannach El","Grades PreK-12","499",226,"45.290500                     ",273,"54.709400                     ",2,"0.400800                      ",9,"1.803600                      ",2,"0.400800                      ",3,"0.601200                      ",483,"96.793500                     "
"2000","33839","05","5607","0100","04","Elem      ","Y","Stevens Point Area","McKinley Center","Grades PreK-12","424",193,"45.518800                     ",231,"54.481100                     ",6,"1.415000                      ",71,"16.745200                     ",7,"1.650900                      ",12,"2.830100                      ",328,"77.358400                     "
"2000","32425","05","5607","0120","04","Elem      ","N","Stevens Point Area","Jackson El","Grades PreK-12","382",191,"50.000000                     ",191,"50.000000                     ",0,"0.000000                      ",53,"13.874300                     ",0,"0.000000                      ",7,"1.832400                      ",322,"84.293100                     "
"2000","32426","05","5607","0140","04","Elem      ","N","Stevens Point Area","Jefferson El","Grades PreK-12","312",158,"50.641000                     ",154,"49.358900                     ",5,"1.602500                      ",80,"25.641000                     ",0,"0.000000                      ",8,"2.564100                      ",219,"70.192300                     "
"2000","32371","05","5607","0160","04","Elem      ","N","Stevens Point Area","Kennedy El","Grades PreK-12","246",124,"50.406500                     ",122,"49.593400                     ",0,"0.000000                      ",4,"1.626000                      ",0,"0.000000                      ",11,"4.471500                      ",231,"93.902400                     "
"2000","32427","05","5607","0190","04","Elem      ","N","Stevens Point Area","Madison El","Grades PreK-12","398",203,"51.005000                     ",195,"48.994900                     ",2,"0.502500                      ",65,"16.331600                     ",2,"0.502500                      ",15,"3.768800                      ",314,"78.894400                     "
"2000","32428","05","5607","0200","04","Elem      ","N","Stevens Point Area","McDill El","Grades PreK-12","414",198,"47.826000                     ",216,"52.173900                     ",1,"0.241500                      ",27,"6.521700                      ",3,"0.724600                      ",13,"3.140000                      ",370,"89.371900                     "
"2000","31427","05","5607","0240","04","Mid/Jr Hi ","N","Stevens Point Area","P J Jacobs Jr","Grades PreK-12","1017",502,"49.360800                     ",515,"50.639100                     ",2,"0.196600                      ",84,"8.259500                      ",10,"0.983200                      ",16,"1.573200                      ",905,"88.987200                     "
"2000","32401","05","5607","0250","04","Elem      ","N","Stevens Point Area","Plover-Whiting El","Grades PreK-12","424",206,"48.584900                     ",218,"51.415000                     ",0,"0.000000                      ",2,"0.471600                      ",0,"0.000000                      ",4,"0.943300                      ",418,"98.584900                     "
"2000","32402","05","5607","0260","04","Elem      ","N","Stevens Point Area","Roosevelt El","Grades PreK-12","437",227,"51.945000                     ",210,"48.054900                     ",2,"0.457600                      ",13,"2.974800                      ",4,"0.915300                      ",11,"2.517100                      ",407,"93.135000                     "
"2000","31428","05","5607","0270","04","High      ","N","Stevens Point Area","Stevens Point Area Hi","Grades PreK-12","1840",884,"48.043400                     ",956,"51.956500                     ",13,"0.706500                      ",119,"6.467300                      ",18,"0.978200                      ",23,"1.250000                      ",1667,"90.597800                     "
"2000","31429","05","5607","0280","04","Elem      ","N","Stevens Point Area","Washington El","Grades PreK-12","436",212,"48.623800                     ",224,"51.376100                     ",0,"0.000000                      ",22,"5.045800                      ",13,"2.981600                      ",11,"2.522900                      ",390,"89.449500                     "
"2000","31670","05","5607","0300","04","High      ","Y","Stevens Point Area","TEAMS","Grades PreK-12","105",72,"68.571400                     ",33,"31.428500                     ",1,"0.952300                      ",9,"8.571400                      ",0,"0.000000                      ",1,"0.952300                      ",94,"89.523800                     "
"2000","31682","05","5607","0310","04","High      ","N","Stevens Point Area","Alternative Hi","Grades PreK-12","150",82,"54.666600                     ",68,"45.333300                     ",4,"2.666600                      ",3,"2.000000                      ",3,"2.000000                      ",8,"5.333300                      ",132,"88.000000                     "
"2000","31683","05","5607","0320","04","El/Sec    ","N","Stevens Point Area","Juvenile Detention","Grades PreK-12","6",1,"16.666600                     ",5,"83.333300                     ",0,"0.000000                      ",0,"0.000000                      ",0,"0.000000                      ",0,"0.000000                      ",6,"100.000000                    "
"2000","31688","05","5607","0330","04","Elem      ","N","Stevens Point Area","Grant ESL Preschool","Grades PreK-12","35",18,"51.428500                     ",17,"48.571400                     ",0,"0.000000                      ",35,"100.000000                    ",0,"0.000000                      ",0,"0.000000                      ",0,"0.000000                      "
"2000","31684","05","5607","0340","04","Elem      ","N","Stevens Point Area","Headstart Preschool","Grades PreK-12","4",1,"25.000000                     ",3,"75.000000                     ",0,"0.000000                      ",1,"25.000000                     ",0,"0.000000                      ",1,"25.000000                     ",2,"50.000000                     "
"2000","31685","05","5607","0350","04","Elem      ","N","Stevens Point Area","UW-Stevens Point Speech & Language","Grades PreK-12","24",11,"45.833300                     ",13,"54.166600                     ",0,"0.000000                      ",0,"0.000000                      ",0,"0.000000                      ",0,"0.000000                      ",24,"100.000000                    "
"2000","33254","05","6195","","03","Elem      ","N","Waupaca","","Elementary School Type/ Prek-12","1270",583,"45.905500                     ",687,"54.094400                     ",26,"2.047200                      ",3,"0.236200                      ",6,"0.472400                      ",41,"3.228300                      ",1194,"94.015700                     "
"2000","33254","05","6195","","03","Mid/Jr Hi ","N","Waupaca","","Middle/Junior High School Type/ Prek-12","614",293,"47.719800                     ",321,"52.280100                     ",3,"0.488500                      ",2,"0.325700                      ",2,"0.325700                      ",15,"2.442900                      ",592,"96.416900                     "
"2000","33254","05","6195","","03","High      ","N","Waupaca","","High School Type/ PreK-12","878",423,"48.177600                     ",455,"51.822300                     ",0,"0.000000                      ",4,"0.455500                      ",1,"0.113800                      ",20,"2.277900                      ",853,"97.152600                     "
"2000","33254","05","6195","","03","El/Sec    ","N","Waupaca","","Combined Elementary/Secondary School Type/ Prek-12","0",0,"--                            ",0,"--                            ",0,"--                            ",0,"--                            ",0,"--                            ",0,"--                            ",0,"--                            "
"2000","33254","05","6195","","03","Summary   ","N","Waupaca","","Grades PreK-12","2762",1299,"47.031100                     ",1463,"52.968800                     ",29,"1.049900                      ",9,"0.325800                      ",9,"0.325800                      ",76,"2.751600                      ",2639,"95.546700                     "
"2000","32773","05","6195","0040","04","High      ","N","Waupaca","Waupaca Accelerated Learning Center","Grades PreK-12","10",3,"30.000000                     ",7,"70.000000                     ",0,"0.000000                      ",1,"10.000000                     ",0,"0.000000                      ",0,"0.000000                      ",9,"90.000000                     "
"2000","32746","05","6195","0050","04","Elem      ","N","Waupaca","Central El","Grades PreK-12","98",48,"48.979500                     ",50,"51.020400                     ",1,"1.020400                      ",0,"0.000000                      ",2,"2.040800                      ",4,"4.081600                      ",91,"92.857100                     "
"2000","32747","05","6195","0060","04","Elem      ","N","Waupaca","Chain O Lakes El","Grades PreK-12","326",138,"42.331200                     ",188,"57.668700                     ",8,"2.453900                      ",2,"0.613400                      ",1,"0.306700                      ",6,"1.840400                      ",309,"94.785200                     "
"2000","32745","05","6195","0070","04","Elem      ","N","Waupaca","Waupaca Learning Center El","Grades PreK-12","629",287,"45.627900                     ",342,"54.372000                     ",10,"1.589800                      ",1,"0.158900                      ",2,"0.317900                      ",24,"3.815500                      ",592,"94.117600                     "
"2000","32748","05","6195","0120","04","Elem      ","N","Waupaca","Riverside El","Grades PreK-12","110",60,"54.545400                     ",50,"45.454500                     ",2,"1.818100                      ",0,"0.000000                      ",0,"0.000000                      ",2,"1.818100                      ",106,"96.363600                     "
"2000","32749","05","6195","0140","04","High      ","N","Waupaca","Waupaca Hi","Grades PreK-12","868",420,"48.387000                     ",448,"51.612900                     ",0,"0.000000                      ",3,"0.345600                      ",1,"0.115200                      ",20,"2.304100                      ",844,"97.235000                     "
"2000","32750","05","6195","0150","04","Mid/Jr Hi ","N","Waupaca","Waupaca Mid","Grades PreK-12","614",293,"47.719800                     ",321,"52.280100                     ",3,"0.488500                      ",2,"0.325700                      ",2,"0.325700                      ",15,"2.442900                      ",592,"96.416900                     "
"2000","32751","05","6195","0160","04","Elem      ","N","Waupaca","Westwood El","Grades PreK-12","107",50,"46.728900                     ",57,"53.271000                     ",5,"4.672800                      ",0,"0.000000                      ",1,"0.934500                      ",5,"4.672800                      ",96,"89.719600                     "
"2000","33017","05","6237","","03","Elem      ","N","Wautoma Area","","Elementary School Type/ Prek-12","532",240,"45.112700                     ",292,"54.887200                     ",2,"0.375900                      ",4,"0.751800                      ",1,"0.187900                      ",59,"11.090200                     ",466,"87.593900                     "
"2000","33017","05","6237","","03","Mid/Jr Hi ","N","Wautoma Area","","Middle/Junior High School Type/ Prek-12","635",297,"46.771600                     ",338,"53.228300                     ",7,"1.102300                      ",10,"1.574800                      ",5,"0.787400                      ",57,"8.976300                      ",556,"87.559000                     "
"2000","33017","05","6237","","03","High      ","N","Wautoma Area","","High School Type/ PreK-12","529",251,"47.448000                     ",278,"52.551900                     ",2,"0.378000                      ",5,"0.945100                      ",2,"0.378000                      ",39,"7.372400                      ",481,"90.926200                     "
"2000","33017","05","6237","","03","El/Sec    ","N","Wautoma Area","","Combined Elementary/Secondary School Type/ Prek-12","0",0,"--                            ",0,"--                            ",0,"--                            ",0,"--                            ",0,"--                            ",0,"--                            ",0,"--                            "
"2000","33017","05","6237","","03","Summary   ","N","Wautoma Area","","Grades PreK-12","1696",788,"46.462200                     ",908,"53.537700                     ",11,"0.648500                      ",19,"1.120200                      ",8,"0.471600                      ",155,"9.139100                      ",1503,"88.620200                     "
"2000","31646","05","6237","0030","04","Mid/Jr Hi ","N","Wautoma Area","Parkside Sch","Grades PreK-12","635",297,"46.771600                     ",338,"53.228300                     ",7,"1.102300                      ",10,"1.574800                      ",5,"0.787400                      ",57,"8.976300                      ",556,"87.559000                     "
"2000","32735","05","6237","0060","04","Elem      ","N","Wautoma Area","Redgranite El","Grades PreK-12","165",85,"51.515100                     ",80,"48.484800                     ",1,"0.606000                      ",0,"0.000000                      ",1,"0.606000                      ",3,"1.818100                      ",160,"96.969600                     "
"2000","31647","05","6237","0080","04","Elem      ","N","Wautoma Area","Riverview El","Grades PreK-12","367",155,"42.234300                     ",212,"57.765600                     ",1,"0.272400                      ",4,"1.089900                      ",0,"0.000000                      ",56,"15.258800                     ",306,"83.378700                     "
"2000","31648","05","6237","0140","04","High      ","N","Wautoma Area","Wautoma Hi","Grades PreK-12","529",251,"47.448000                     ",278,"52.551900                     ",2,"0.378000                      ",5,"0.945100                      ",2,"0.378000                      ",39,"7.372400                      ",481,"90.926200                     "
"2000","33121","05","6335","","03","Elem      ","N","Westfield","","Elementary School Type/ Prek-12","938",476,"50.746200                     ",462,"49.253700                     ",4,"0.426400                      ",4,"0.426400                      ",2,"0.213200                      ",38,"4.051100                      ",890,"94.882700                     "
"2000","33121","05","6335","","03","Mid/Jr Hi ","N","Westfield","","Middle/Junior High School Type/ Prek-12","0",0,"--                            ",0,"--                            ",0,"--                            ",0,"--                            ",0,"--                            ",0,"--                            ",0,"--                            "
"2000","33121","05","6335","","03","High      ","N","Westfield","","High School Type/ PreK-12","452",221,"48.893800                     ",231,"51.106100                     ",1,"0.221200                      ",2,"0.442400                      ",1,"0.221200                      ",10,"2.212300                      ",438,"96.902600                     "
"2000","33121","05","6335","","03","El/Sec    ","N","Westfield","","Combined Elementary/Secondary School Type/ Prek-12","0",0,"--                            ",0,"--                            ",0,"--                            ",0,"--                            ",0,"--                            ",0,"--                            ",0,"--                            "
"2000","33121","05","6335","","03","Summary   ","N","Westfield","","Grades PreK-12","1390",697,"50.143800                     ",693,"49.856100                     ",5,"0.359700                      ",6,"0.431600                      ",3,"0.215800                      ",48,"3.453200                      ",1328,"95.539500                     "
"2000","31609","05","6335","0020","04","Elem      ","N","Westfield","Coloma El","Grades PreK-12","199",93,"46.733600                     ",106,"53.266300                     ",0,"0.000000                      ",0,"0.000000                      ",0,"0.000000                      ",12,"6.030100                      ",187,"93.969800                     "
"2000","32718","05","6335","0040","04","Elem      ","N","Westfield","Neshkoro El","Grades PreK-12","156",72,"46.153800                     ",84,"53.846100                     ",0,"0.000000                      ",2,"1.282000                      ",0,"0.000000                      ",4,"2.564100                      ",150,"96.153800                     "
"2000","31267","05","6335","0060","04","Elem      ","N","Westfield","Oxford El","Grades PreK-12","221",117,"52.941100                     ",104,"47.058800                     ",3,"1.357400                      ",2,"0.904900                      ",1,"0.452400                      ",10,"4.524800                      ",205,"92.760100                     "
"2000","32191","05","6335","0080","04","Elem      ","N","Westfield","Westfield El","Grades PreK-12","362",194,"53.591100                     ",168,"46.408800                     ",1,"0.276200                      ",0,"0.000000                      ",1,"0.276200                      ",12,"3.314900                      ",348,"96.132500                     "
"2000","32192","05","6335","0100","04","High      ","N","Westfield","Pioneer Westfield Hi","Grades PreK-12","452",221,"48.893800                     ",231,"51.106100                     ",1,"0.221200                      ",2,"0.442400                      ",1,"0.221200                      ",10,"2.212300                      ",438,"96.902600                     "
"2000","33019","05","6475","","03","Elem      ","N","Wild Rose","","Elementary School Type/ Prek-12","335",162,"48.358200                     ",173,"51.641700                     ",0,"0.000000                      ",0,"0.000000                      ",0,"0.000000                      ",29,"8.656700                      ",306,"91.343200                     "
"2000","33019","05","6475","","03","Mid/Jr Hi ","N","Wild Rose","","Middle/Junior High School Type/ Prek-12","0",0,"--                            ",0,"--                            ",0,"--                            ",0,"--                            ",0,"--                            ",0,"--                            ",0,"--                            "
"2000","33019","05","6475","","03","High      ","N","Wild Rose","","High School Type/ PreK-12","433",201,"46.420300                     ",232,"53.579600                     ",0,"0.000000                      ",0,"0.000000                      ",4,"0.923700                      ",14,"3.233200                      ",415,"95.842900                     "
"2000","33019","05","6475","","03","El/Sec    ","N","Wild Rose","","Combined Elementary/Secondary School Type/ Prek-12","0",0,"--                            ",0,"--                            ",0,"--                            ",0,"--                            ",0,"--                            ",0,"--                            ",0,"--                            "
"2000","33019","05","6475","","03","Summary   ","N","Wild Rose","","Grades PreK-12","768",363,"47.265600                     ",405,"52.734300                     ",0,"0.000000                      ",0,"0.000000                      ",4,"0.520800                      ",43,"5.598900                      ",721,"93.880200                     "
"2000","32728","05","6475","0020","04","Elem      ","N","Wild Rose","Pleasant View El","Grades PreK-12","100",49,"49.000000                     ",51,"51.000000                     ",0,"0.000000                      ",0,"0.000000                      ",0,"0.000000                      ",2,"2.000000                      ",98,"98.000000                     "
"2000","31652","05","6475","0040","04","Elem      ","N","Wild Rose","Wild Rose El","Grades PreK-12","235",113,"48.085100                     ",122,"51.914800                     ",0,"0.000000                      ",0,"0.000000                      ",0,"0.000000                      ",27,"11.489300                     ",208,"88.510600                     "
"2000","31653","05","6475","0060","04","High      ","N","Wild Rose","Wild Rose Hi","Grades PreK-12","433",201,"46.420300                     ",232,"53.579600                     ",0,"0.000000                      ",0,"0.000000                      ",4,"0.923700                      ",14,"3.233200                      ",415,"95.842900                     "
"2000","32928","05","6678","","03","Elem      ","N","Wisconsin Dells","","Elementary School Type/ Prek-12","1186",587,"49.494000                     ",599,"50.505900                     ",103,"8.684600                      ",4,"0.337200                      ",14,"1.180400                      ",9,"0.758800                      ",1056,"89.038700                     "
"2000","32928","05","6678","","03","Mid/Jr Hi ","N","Wisconsin Dells","","Middle/Junior High School Type/ Prek-12","0",0,"--                            ",0,"--                            ",0,"--                            ",0,"--                            ",0,"--                            ",0,"--                            ",0,"--                            "
"2000","32928","05","6678","","03","High      ","N","Wisconsin Dells","","High School Type/ PreK-12","565",269,"47.610600                     ",296,"52.389300                     ",32,"5.663700                      ",6,"1.061900                      ",3,"0.530900                      ",6,"1.061900                      ",518,"91.681400                     "
"2000","32928","05","6678","","03","El/Sec    ","N","Wisconsin Dells","","Combined Elementary/Secondary School Type/ Prek-12","0",0,"--                            ",0,"--                            ",0,"--                            ",0,"--                            ",0,"--                            ",0,"--                            ",0,"--                            "
"2000","32928","05","6678","","03","Summary   ","N","Wisconsin Dells","","Grades PreK-12","1751",856,"48.886300                     ",895,"51.113600                     ",135,"7.709800                      ",10,"0.571100                      ",17,"0.970800                      ",15,"0.856600                      ",1574,"89.891400                     "
"2000","32154","05","6678","0050","04","Elem      ","N","Wisconsin Dells","Neenah Creek El","Grades PreK-12","109",63,"57.798100                     ",46,"42.201800                     ",0,"0.000000                      ",0,"0.000000                      ",0,"0.000000                      ",0,"0.000000                      ",109,"100.000000                    "
"2000","32172","05","6678","0060","04","Elem      ","N","Wisconsin Dells","Lake Delton El","Grades PreK-12","184",82,"44.565200                     ",102,"55.434700                     ",21,"11.413000                     ",0,"0.000000                      ",4,"2.173900                      ",1,"0.543400                      ",158,"85.869500                     "
"2000","32193","05","6678","0100","04","High      ","N","Wisconsin Dells","Wisconsin Dells Hi","Grades PreK-12","565",269,"47.610600                     ",296,"52.389300                     ",32,"5.663700                      ",6,"1.061900                      ",3,"0.530900                      ",6,"1.061900                      ",518,"91.681400                     "
"2000","32194","05","6678","0120","04","Elem      ","N","Wisconsin Dells","Spring Hill Sch","Grades PreK-12","893",442,"49.496000                     ",451,"50.503900                     ",82,"9.182500                      ",4,"0.447900                      ",10,"1.119800                      ",8,"0.895800                      ",789,"88.353800                     "
"2000","33177","05","6685","","03","Elem      ","N","Wisconsin Rapids","","Elementary School Type/ Prek-12","2972",1442,"48.519500                     ",1530,"51.480400                     ",47,"1.581400                      ",207,"6.965000                      ",20,"0.672900                      ",53,"1.783300                      ",2645,"88.997300                     "
"2000","33177","05","6685","","03","Mid/Jr Hi ","N","Wisconsin Rapids","","Middle/Junior High School Type/ Prek-12","1537",734,"47.755300                     ",803,"52.244600                     ",16,"1.040900                      ",87,"5.660300                      ",9,"0.585500                      ",15,"0.975900                      ",1410,"91.737100                     "
"2000","33177","05","6685","","03","High      ","N","Wisconsin Rapids","","High School Type/ PreK-12","1635",799,"48.868500                     ",836,"51.131400                     ",19,"1.162000                      ",77,"4.709400                      ",6,"0.366900                      ",13,"0.795100                      ",1520,"92.966300                     "
"2000","33177","05","6685","","03","El/Sec    ","N","Wisconsin Rapids","","Combined Elementary/Secondary School Type/ Prek-12","0",0,"--                            ",0,"--                            ",0,"--                            ",0,"--                            ",0,"--                            ",0,"--                            ",0,"--                            "
"2000","33177","05","6685","","03","Summary   ","N","Wisconsin Rapids","","Grades PreK-12","6144",2975,"48.421200                     ",3169,"51.578700                     ",82,"1.334600                      ",371,"6.038400                      ",35,"0.569600                      ",81,"1.318300                      ",5575,"90.738900                     "
"2000","32429","05","6685","0040","04","Elem      ","N","Wisconsin Rapids","Childrens Choice El","Grades PreK-12","159",70,"44.025100                     ",89,"55.974800                     ",0,"0.000000                      ",0,"0.000000                      ",0,"0.000000                      ",1,"0.628900                      ",158,"99.371000                     "
"2000","32430","05","6685","0050","04","Mid/Jr Hi ","N","Wisconsin Rapids","East Jr","Grades PreK-12","889",441,"49.606200                     ",448,"50.393700                     ",5,"0.562400                      ",58,"6.524100                      ",2,"0.224900                      ",6,"0.674900                      ",818,"92.013400                     "
"2000","32431","05","6685","0060","04","Elem      ","N","Wisconsin Rapids","Grant El","Grades PreK-12","321",143,"44.548200                     ",178,"55.451700                     ",7,"2.180600                      ",0,"0.000000                      ",1,"0.311500                      ",0,"0.000000                      ",313,"97.507700                     "
"2000","32432","05","6685","0080","04","Elem      ","N","Wisconsin Rapids","Grove El","Grades PreK-12","354",179,"50.564900                     ",175,"49.435000                     ",4,"1.129900                      ",49,"13.841800                     ",3,"0.847400                      ",4,"1.129900                      ",294,"83.050800                     "
"2000","32433","05","6685","0100","04","Elem      ","N","Wisconsin Rapids","Mead El","Grades PreK-12","463",213,"46.004300                     ",250,"53.995600                     ",21,"4.535600                      ",70,"15.118700                     ",7,"1.511800                      ",23,"4.967600                      ",342,"73.866000                     "
"2000","32434","05","6685","0120","04","Elem      ","N","Wisconsin Rapids","Howe El","Grades PreK-12","401",201,"50.124600                     ",200,"49.875300                     ",4,"0.997500                      ",57,"14.214400                     ",4,"0.997500                      ",10,"2.493700                      ",326,"81.296700                     "
"2000","32435","05","6685","0160","04","High      ","N","Wisconsin Rapids","Lincoln Hi","Grades PreK-12","1635",799,"48.868500                     ",836,"51.131400                     ",19,"1.162000                      ",77,"4.709400                      ",6,"0.366900                      ",13,"0.795100                      ",1520,"92.966300                     "
"2000","32436","05","6685","0200","04","Elem      ","N","Wisconsin Rapids","Pitsch El","Grades PreK-12","165",76,"46.060600                     ",89,"53.939300                     ",1,"0.606000                      ",16,"9.696900                      ",0,"0.000000                      ",0,"0.000000                      ",148,"89.696900                     "
"2000","32415","05","6685","0220","04","Elem      ","N","Wisconsin Rapids","Rudolph El","Grades PreK-12","167",88,"52.694600                     ",79,"47.305300                     ",1,"0.598800                      ",4,"2.395200                      ",1,"0.598800                      ",4,"2.395200                      ",157,"94.011900                     "
"2000","31438","05","6685","0260","04","Elem      ","N","Wisconsin Rapids","Vesper El","Grades PreK-12","140",67,"47.857100                     ",73,"52.142800                     ",3,"2.142800                      ",0,"0.000000                      ",0,"0.000000                      ",0,"0.000000                      ",137,"97.857100                     "
"2000","32437","05","6685","0280","04","Elem      ","N","Wisconsin Rapids","Washington El","Grades PreK-12","338",166,"49.112400                     ",172,"50.887500                     ",3,"0.887500                      ",6,"1.775100                      ",1,"0.295800                      ",6,"1.775100                      ",322,"95.266200                     "
"2000","32438","05","6685","0290","04","Mid/Jr Hi ","N","Wisconsin Rapids","West Jr","Grades PreK-12","648",293,"45.216000                     ",355,"54.783900                     ",11,"1.697500                      ",29,"4.475300                      ",7,"1.080200                      ",9,"1.388800                      ",592,"91.358000                     "
"2000","32439","05","6685","0300","04","Elem      ","N","Wisconsin Rapids","Woodside El","Grades PreK-12","464",239,"51.508600                     ",225,"48.491300                     ",3,"0.646500                      ",5,"1.077500                      ",3,"0.646500                      ",5,"1.077500                      ",448,"96.551700                     "
