"year","agency_key","CESA","district_number","school_number","agency_type","school_type","charter","district_name","school_name","grade_label","race_ethnicity","gender","enrollment_prek-12","number_eligible_for_subsidized_lunch","percent_eligible_for_subsidized_lunch","number_not_eligible_for_subsidized_lunch_or_no_data","percent_not_eligible_for_subsidized_lunch_or_no_data"
"2005","77956","01","0714","","03","Elem      ","N","Elmbrook","","Elementary School Type/ Prek-12","All Races","Both Genders",3050,234,"7.6721311400                  ",2816,"92.3278688500                 "
"2005","77956","01","0714","","03","Mid/Jr Hi ","N","Elmbrook","","Middle/Junior High School Type/ Prek-12","All Races","Both Genders",1796,126,"7.0155902000                  ",1670,"92.9844097900                 "
"2005","77956","01","0714","","03","High      ","N","Elmbrook","","High School Type/ PreK-12","All Races","Both Genders",2735,114,"4.1681901200                  ",2621,"95.8318098700                 "
"2005","77956","01","0714","","03","El/Sec    ","N","Elmbrook","","Combined Elementary/Secondary School Type/ Prek-12","All Races","Both Genders",36,15,"41.6666666600                 ",21,"58.3333333300                 "
"2005","77956","01","0714","","03","Summary   ","N","Elmbrook","","Grades PreK-12","All Races","Both Genders",7617,489,"6.4198503300                  ",7128,"93.5801496600                 "
"2005","77967","01","0714","0020","04","High      ","N","Elmbrook","Central High","Grades PreK-12","All Races","Both Genders",1352,62,"4.5857988100                  ",1290,"95.4142011800                 "
"2005","77854","01","0714","0040","04","Elem      ","N","Elmbrook","Brookfield Elementary","Grades PreK-12","All Races","Both Genders",463,44,"9.5032397400                  ",419,"90.4967602500                 "
"2005","77968","01","0714","0060","04","High      ","N","Elmbrook","East High","Grades PreK-12","All Races","Both Genders",1383,52,"3.7599421500                  ",1331,"96.2400578400                 "
"2005","79638","01","0714","0080","04","Elem      ","N","Elmbrook","Burleigh Elementary","Grades PreK-12","All Races","Both Genders",783,58,"7.4074074000                  ",725,"92.5925925900                 "
"2005","77969","01","0714","0100","04","Elem      ","N","Elmbrook","Dixon Elementary","Grades PreK-12","All Races","Both Genders",426,40,"9.3896713600                  ",386,"90.6103286300                 "
"2005","77631","01","0714","0150","04","Mid/Jr Hi ","N","Elmbrook","Pilgrim Park Middle","Grades PreK-12","All Races","Both Genders",879,72,"8.1911262700                  ",807,"91.8088737200                 "
"2005","79614","01","0714","0160","04","El/Sec    ","N","Elmbrook","Fairview South","Grades PreK-12","All Races","Both Genders",36,15,"41.6666666600                 ",21,"58.3333333300                 "
"2005","77855","01","0714","0170","04","Elem      ","N","Elmbrook","Hillside Elementary","Grades PreK-12","All Races","Both Genders",393,31,"7.8880407100                  ",362,"92.1119592800                 "
"2005","75217","01","0714","0190","04","Elem      ","N","Elmbrook","Swanson Elementary","Grades PreK-12","All Races","Both Genders",608,46,"7.5657894700                  ",562,"92.4342105200                 "
"2005","77632","01","0714","0250","04","Elem      ","N","Elmbrook","Tonawanda Elementary","Grades PreK-12","All Races","Both Genders",377,15,"3.9787798400                  ",362,"96.0212201500                 "
"2005","77856","01","0714","0270","04","Mid/Jr Hi ","N","Elmbrook","Wisconsin Hills Middle","Grades PreK-12","All Races","Both Genders",917,54,"5.8887677200                  ",863,"94.1112322700                 "
"2005","77186","01","0721","","03","Elem      ","N","Brown Deer","","Elementary School Type/ Prek-12","All Races","Both Genders",562,112,"19.9288256200                 ",450,"80.0711743700                 "
"2005","77186","01","0721","","03","Mid/Jr Hi ","N","Brown Deer","","Middle/Junior High School Type/ Prek-12","All Races","Both Genders",577,116,"20.1039861300                 ",461,"79.8960138600                 "
"2005","77186","01","0721","","03","High      ","N","Brown Deer","","High School Type/ PreK-12","All Races","Both Genders",711,135,"18.9873417700                 ",576,"81.0126582200                 "
"2005","77186","01","0721","","03","El/Sec    ","N","Brown Deer","","Combined Elementary/Secondary School Type/ Prek-12","All Races","Both Genders",0,0,"--                            ",0,"--                            "
"2005","77186","01","0721","","03","Summary   ","N","Brown Deer","","Grades PreK-12","All Races","Both Genders",1850,363,"19.6216216200                 ",1487,"80.3783783700                 "
"2005","77193","01","0721","0040","04","High      ","N","Brown Deer","Brown Deer High","Grades PreK-12","All Races","Both Genders",711,135,"18.9873417700                 ",576,"81.0126582200                 "
"2005","77194","01","0721","0060","04","Mid/Jr Hi ","N","Brown Deer","Brown Deer Middle","Grades PreK-12","All Races","Both Genders",577,116,"20.1039861300                 ",461,"79.8960138600                 "
"2005","77195","01","0721","0080","04","Elem      ","N","Brown Deer","Dean Elementary","Grades PreK-12","All Races","Both Genders",330,66,"20.0000000000                 ",264,"80.0000000000                 "
"2005","77196","01","0721","0090","04","Elem      ","N","Brown Deer","Algonquin Elementary","Grades PreK-12","All Races","Both Genders",232,46,"19.8275862000                 ",186,"80.1724137900                 "
"2005","78891","01","0721","9200","4C","Mid/Jr Hi ","Y","Brown Deer","Passage Middle School","Grades PreK-12","All Races","Both Genders",0,0,"--                            ",0,"--                            "
"2005","79635","01","1015","","03","Elem      ","N","Cedarburg","","Elementary School Type/ Prek-12","All Races","Both Genders",1239,46,"3.7126715000                  ",1193,"96.2873284900                 "
"2005","79635","01","1015","","03","Mid/Jr Hi ","N","Cedarburg","","Middle/Junior High School Type/ Prek-12","All Races","Both Genders",747,22,"2.9451137800                  ",725,"97.0548862100                 "
"2005","79635","01","1015","","03","High      ","N","Cedarburg","","High School Type/ PreK-12","All Races","Both Genders",1175,16,"1.3617021200                  ",1159,"98.6382978700                 "
"2005","79635","01","1015","","03","El/Sec    ","N","Cedarburg","","Combined Elementary/Secondary School Type/ Prek-12","All Races","Both Genders",0,0,"--                            ",0,"--                            "
"2005","79635","01","1015","","03","Summary   ","N","Cedarburg","","Grades PreK-12","All Races","Both Genders",3161,84,"2.6573869000                  ",3077,"97.3426130900                 "
"2005","79633","01","1015","0020","04","High      ","N","Cedarburg","Cedarburg High","Grades PreK-12","All Races","Both Genders",1175,16,"1.3617021200                  ",1159,"98.6382978700                 "
"2005","77951","01","1015","0070","04","Elem      ","N","Cedarburg","Parkview Elementary","Grades PreK-12","All Races","Both Genders",445,19,"4.2696629200                  ",426,"95.7303370700                 "
"2005","77952","01","1015","0075","04","Elem      ","N","Cedarburg","Westlawn Elementary","Grades PreK-12","All Races","Both Genders",321,19,"5.9190031100                  ",302,"94.0809968800                 "
"2005","79634","01","1015","0090","04","Elem      ","N","Cedarburg","Thorson Elementary","Grades PreK-12","All Races","Both Genders",473,8,"1.6913319200                  ",465,"98.3086680700                 "
"2005","77953","01","1015","0100","04","Mid/Jr Hi ","N","Cedarburg","Webster Middle","Grades PreK-12","All Races","Both Genders",747,22,"2.9451137800                  ",725,"97.0548862100                 "
"2005","77651","01","1253","","03","Elem      ","N","Cudahy","","Elementary School Type/ Prek-12","All Races","Both Genders",1496,522,"34.8930481200                 ",974,"65.1069518700                 "
"2005","77651","01","1253","","03","Mid/Jr Hi ","N","Cudahy","","Middle/Junior High School Type/ Prek-12","All Races","Both Genders",427,159,"37.2365339500                 ",268,"62.7634660400                 "
"2005","77651","01","1253","","03","High      ","N","Cudahy","","High School Type/ PreK-12","All Races","Both Genders",927,239,"25.7820927700                 ",688,"74.2179072200                 "
"2005","77651","01","1253","","03","El/Sec    ","N","Cudahy","","Combined Elementary/Secondary School Type/ Prek-12","All Races","Both Genders",0,0,"--                            ",0,"--                            "
"2005","77651","01","1253","","03","Summary   ","N","Cudahy","","Grades PreK-12","All Races","Both Genders",2850,920,"32.2807017500                 ",1930,"67.7192982400                 "
"2005","77660","01","1253","0022","04","Mid/Jr Hi ","N","Cudahy","Cudahy Middle","Grades PreK-12","All Races","Both Genders",427,159,"37.2365339500                 ",268,"62.7634660400                 "
"2005","77661","01","1253","0040","04","High      ","N","Cudahy","Cudahy High","Grades PreK-12","All Races","Both Genders",927,239,"25.7820927700                 ",688,"74.2179072200                 "
"2005","77662","01","1253","0050","04","Elem      ","N","Cudahy","Mitchell Elementary","Grades PreK-12","All Races","Both Genders",282,68,"24.1134751700                 ",214,"75.8865248200                 "
"2005","77663","01","1253","0060","04","Elem      ","N","Cudahy","Jones Elementary","Grades PreK-12","All Races","Both Genders",212,44,"20.7547169800                 ",168,"79.2452830100                 "
"2005","79569","01","1253","0080","04","Elem      ","N","Cudahy","Lincoln Elementary","Grades PreK-12","All Races","Both Genders",394,140,"35.5329949200                 ",254,"64.4670050700                 "
"2005","77649","01","1253","0120","04","Elem      ","N","Cudahy","Park View Elementary","Grades PreK-12","All Races","Both Genders",294,138,"46.9387755100                 ",156,"53.0612244800                 "
"2005","75215","01","1253","0140","04","Elem      ","N","Cudahy","Kosciuszko Elementary","Grades PreK-12","All Races","Both Genders",314,132,"42.0382165600                 ",182,"57.9617834300                 "
"2005","78895","01","1253","9200","4C","Mid/Jr Hi ","Y","Cudahy","Passage Middle School","Grades PreK-12","All Races","Both Genders",0,0,"--                            ",0,"--                            "
"2005","79011","01","1253","9801","4C","High      ","Y","Cudahy","Connects Learning Center","Grades PreK-12","All Races","Both Genders",0,0,"--                            ",0,"--                            "
"2005","77461","01","1376","","03","Elem      ","N","Kettle Moraine","","Elementary School Type/ Prek-12","All Races","Both Genders",1911,121,"6.3317634700                  ",1790,"93.6682365200                 "
"2005","77461","01","1376","","03","Mid/Jr Hi ","N","Kettle Moraine","","Middle/Junior High School Type/ Prek-12","All Races","Both Genders",1018,50,"4.9115913500                  ",968,"95.0884086400                 "
"2005","77461","01","1376","","03","High      ","N","Kettle Moraine","","High School Type/ PreK-12","All Races","Both Genders",1488,43,"2.8897849400                  ",1445,"97.1102150500                 "
"2005","77461","01","1376","","03","El/Sec    ","N","Kettle Moraine","","Combined Elementary/Secondary School Type/ Prek-12","All Races","Both Genders",0,0,"--                            ",0,"--                            "
"2005","77461","01","1376","","03","Summary   ","N","Kettle Moraine","","Grades PreK-12","All Races","Both Genders",4417,214,"4.8449173600                  ",4203,"95.1550826300                 "
"2005","77936","01","1376","0040","04","Elem      ","N","Kettle Moraine","Cushing Elementary","Grades PreK-12","All Races","Both Genders",509,27,"5.3045186600                  ",482,"94.6954813300                 "
"2005","79564","01","1376","0060","04","Elem      ","N","Kettle Moraine","Dousman Elementary","Grades PreK-12","All Races","Both Genders",566,58,"10.2473498200                 ",508,"89.7526501700                 "
"2005","77462","01","1376","0120","04","High      ","N","Kettle Moraine","Kettle Moraine High","Grades PreK-12","All Races","Both Genders",1488,43,"2.8897849400                  ",1445,"97.1102150500                 "
"2005","77646","01","1376","0140","04","Mid/Jr Hi ","N","Kettle Moraine","Kettle Moraine Middle","Grades PreK-12","All Races","Both Genders",1018,50,"4.9115913500                  ",968,"95.0884086400                 "
"2005","77610","01","1376","0160","04","Elem      ","N","Kettle Moraine","Magee Elementary","Grades PreK-12","All Races","Both Genders",291,15,"5.1546391700                  ",276,"94.8453608200                 "
"2005","77460","01","1376","0240","04","Elem      ","N","Kettle Moraine","Wales Elementary","Grades PreK-12","All Races","Both Genders",545,21,"3.8532110000                  ",524,"96.1467889900                 "
"2005","79473","01","1890","","03","Elem      ","N","Fox Point J2","","Elementary School Type/ Prek-12","All Races","Both Genders",553,36,"6.5099457500                  ",517,"93.4900542400                 "
"2005","79473","01","1890","","03","Mid/Jr Hi ","N","Fox Point J2","","Middle/Junior High School Type/ Prek-12","All Races","Both Genders",397,30,"7.5566750600                  ",367,"92.4433249300                 "
"2005","79473","01","1890","","03","High      ","N","Fox Point J2","","High School Type/ PreK-12","All Races","Both Genders",0,0,"--                            ",0,"--                            "
"2005","79473","01","1890","","03","El/Sec    ","N","Fox Point J2","","Combined Elementary/Secondary School Type/ Prek-12","All Races","Both Genders",0,0,"--                            ",0,"--                            "
"2005","79473","01","1890","","03","Summary   ","N","Fox Point J2","","Grades PreK-12","All Races","Both Genders",950,66,"6.9473684200                  ",884,"93.0526315700                 "
"2005","77268","01","1890","0020","04","Mid/Jr Hi ","N","Fox Point J2","Bayside Middle","Grades PreK-12","All Races","Both Genders",397,30,"7.5566750600                  ",367,"92.4433249300                 "
"2005","77269","01","1890","0040","04","Elem      ","N","Fox Point J2","Stormonth Elementary","Grades PreK-12","All Races","Both Genders",553,36,"6.5099457500                  ",517,"93.4900542400                 "
"2005","77335","01","1897","","03","Elem      ","N","Maple Dale-Indian Hill","","Elementary School Type/ Prek-12","All Races","Both Genders",284,23,"8.0985915400                  ",261,"91.9014084500                 "
"2005","77335","01","1897","","03","Mid/Jr Hi ","N","Maple Dale-Indian Hill","","Middle/Junior High School Type/ Prek-12","All Races","Both Genders",224,30,"13.3928571400                 ",194,"86.6071428500                 "
"2005","77335","01","1897","","03","High      ","N","Maple Dale-Indian Hill","","High School Type/ PreK-12","All Races","Both Genders",0,0,"--                            ",0,"--                            "
"2005","77335","01","1897","","03","El/Sec    ","N","Maple Dale-Indian Hill","","Combined Elementary/Secondary School Type/ Prek-12","All Races","Both Genders",0,0,"--                            ",0,"--                            "
"2005","77335","01","1897","","03","Summary   ","N","Maple Dale-Indian Hill","","Grades PreK-12","All Races","Both Genders",508,53,"10.4330708600                 ",455,"89.5669291300                 "
"2005","79478","01","1897","0020","04","Elem      ","N","Maple Dale-Indian Hill","Indian Hill Elementary","Grades PreK-12","All Races","Both Genders",284,23,"8.0985915400                  ",261,"91.9014084500                 "
"2005","77255","01","1897","0040","04","Mid/Jr Hi ","N","Maple Dale-Indian Hill","Maple Dale Elementary","Grades PreK-12","All Races","Both Genders",224,30,"13.3928571400                 ",194,"86.6071428500                 "
"2005","77601","01","1900","","03","Elem      ","N","Franklin Public","","Elementary School Type/ Prek-12","All Races","Both Genders",2051,205,"9.9951243200                  ",1846,"90.0048756700                 "
"2005","77601","01","1900","","03","Mid/Jr Hi ","N","Franklin Public","","Middle/Junior High School Type/ Prek-12","All Races","Both Genders",574,60,"10.4529616700                 ",514,"89.5470383200                 "
"2005","77601","01","1900","","03","High      ","N","Franklin Public","","High School Type/ PreK-12","All Races","Both Genders",1363,110,"8.0704328600                  ",1253,"91.9295671300                 "
"2005","77601","01","1900","","03","El/Sec    ","N","Franklin Public","","Combined Elementary/Secondary School Type/ Prek-12","All Races","Both Genders",0,0,"--                            ",0,"--                            "
"2005","77601","01","1900","","03","Summary   ","N","Franklin Public","","Grades PreK-12","All Races","Both Genders",3988,375,"9.4032096200                  ",3613,"90.5967903700                 "
"2005","79644","01","1900","0020","04","Elem      ","N","Franklin Public","Ben Franklin Elementary","Grades PreK-12","All Races","Both Genders",390,34,"8.7179487100                  ",356,"91.2820512800                 "
"2005","77608","01","1900","0040","04","Elem      ","N","Franklin Public","Country Dale Elementary","Grades PreK-12","All Races","Both Genders",401,62,"15.4613466300                 ",339,"84.5386533600                 "
"2005","77594","01","1900","0060","04","High      ","N","Franklin Public","Franklin High","Grades PreK-12","All Races","Both Genders",1363,110,"8.0704328600                  ",1253,"91.9295671300                 "
"2005","77595","01","1900","0070","04","Mid/Jr Hi ","N","Franklin Public","Forest Park Middle","Grades PreK-12","All Races","Both Genders",574,60,"10.4529616700                 ",514,"89.5470383200                 "
"2005","79552","01","1900","0080","04","Elem      ","N","Franklin Public","Pleasant View Elementary","Grades PreK-12","All Races","Both Genders",424,37,"8.7264150900                  ",387,"91.2735849000                 "
"2005","77596","01","1900","0100","04","Elem      ","N","Franklin Public","Robinwood Elementary","Grades PreK-12","All Races","Both Genders",442,29,"6.5610859700                  ",413,"93.4389140200                 "
"2005","77597","01","1900","0120","04","Elem      ","N","Franklin Public","Southwood Glen Elementary","Grades PreK-12","All Races","Both Genders",394,43,"10.9137055800                 ",351,"89.0862944100                 "
"2005","78903","01","1900","9200","4C","Mid/Jr Hi ","Y","Franklin Public","Passage Middle School","Grades PreK-12","All Races","Both Genders",0,0,"--                            ",0,"--                            "
"2005","77929","01","1945","","03","Elem      ","N","Northern Ozaukee","","Elementary School Type/ Prek-12","All Races","Both Genders",1008,39,"3.8690476100                  ",969,"96.1309523800                 "
"2005","77929","01","1945","","03","Mid/Jr Hi ","N","Northern Ozaukee","","Middle/Junior High School Type/ Prek-12","All Races","Both Genders",238,21,"8.8235294100                  ",217,"91.1764705800                 "
"2005","77929","01","1945","","03","High      ","N","Northern Ozaukee","","High School Type/ PreK-12","All Races","Both Genders",277,17,"6.1371841100                  ",260,"93.8628158800                 "
"2005","77929","01","1945","","03","El/Sec    ","N","Northern Ozaukee","","Combined Elementary/Secondary School Type/ Prek-12","All Races","Both Genders",0,0,"--                            ",0,"--                            "
"2005","77929","01","1945","","03","Summary   ","N","Northern Ozaukee","","Grades PreK-12","All Races","Both Genders",1523,77,"5.0558108900                  ",1446,"94.9441891000                 "
"2005","77925","01","1945","0040","04","Elem      ","N","Northern Ozaukee","Ozaukee Elementary","Grades PreK-12","All Races","Both Genders",324,39,"12.0370370300                 ",285,"87.9629629600                 "
"2005","77926","01","1945","0060","04","High      ","N","Northern Ozaukee","Ozaukee High","Grades PreK-12","All Races","Both Genders",277,17,"6.1371841100                  ",260,"93.8628158800                 "
"2005","77927","01","1945","0080","04","Mid/Jr Hi ","N","Northern Ozaukee","Ozaukee Middle","Grades PreK-12","All Races","Both Genders",238,21,"8.8235294100                  ",217,"91.1764705800                 "
"2005","79043","01","1945","0100","04","Elem      ","Y","Northern Ozaukee","Wisconsin Virtual Academy","Grades PreK-12","All Races","Both Genders",684,,"",,""
"2005","77917","01","2058","","03","Elem      ","N","Germantown","","Elementary School Type/ Prek-12","All Races","Both Genders",1532,109,"7.1148825000                  ",1423,"92.8851174900                 "
"2005","77917","01","2058","","03","Mid/Jr Hi ","N","Germantown","","Middle/Junior High School Type/ Prek-12","All Races","Both Genders",876,62,"7.0776255700                  ",814,"92.9223744200                 "
"2005","77917","01","2058","","03","High      ","N","Germantown","","High School Type/ PreK-12","All Races","Both Genders",1323,62,"4.6863189700                  ",1261,"95.3136810200                 "
"2005","77917","01","2058","","03","El/Sec    ","N","Germantown","","Combined Elementary/Secondary School Type/ Prek-12","All Races","Both Genders",0,0,"--                            ",0,"--                            "
"2005","77917","01","2058","","03","Summary   ","N","Germantown","","Grades PreK-12","All Races","Both Genders",3731,233,"6.2449745300                  ",3498,"93.7550254600                 "
"2005","77935","01","2058","0020","04","Elem      ","N","Germantown","Amy Belle Elementary","Grades PreK-12","All Races","Both Genders",392,31,"7.9081632600                  ",361,"92.0918367300                 "
"2005","77918","01","2058","0040","04","Elem      ","N","Germantown","County Line Elementary","Grades PreK-12","All Races","Both Genders",541,25,"4.6210720800                  ",516,"95.3789279100                 "
"2005","77931","01","2058","0110","04","Mid/Jr Hi ","N","Germantown","Kennedy Middle","Grades PreK-12","All Races","Both Genders",876,62,"7.0776255700                  ",814,"92.9223744200                 "
"2005","79625","01","2058","0120","04","Elem      ","N","Germantown","MacArthur Elementary","Grades PreK-12","All Races","Both Genders",399,42,"10.5263157800                 ",357,"89.4736842100                 "
"2005","79628","01","2058","0140","04","Elem      ","N","Germantown","Rockfield Elementary","Grades PreK-12","All Races","Both Genders",200,11,"5.5000000000                  ",189,"94.5000000000                 "
"2005","77932","01","2058","0180","04","High      ","N","Germantown","Germantown High","Grades PreK-12","All Races","Both Genders",1323,62,"4.6863189700                  ",1261,"95.3136810200                 "
"2005","77251","01","2177","","03","Elem      ","N","Nicolet UHS","","Elementary School Type/ Prek-12","All Races","Both Genders",0,0,"--                            ",0,"--                            "
"2005","77251","01","2177","","03","Mid/Jr Hi ","N","Nicolet UHS","","Middle/Junior High School Type/ Prek-12","All Races","Both Genders",0,0,"--                            ",0,"--                            "
"2005","77251","01","2177","","03","High      ","N","Nicolet UHS","","High School Type/ PreK-12","All Races","Both Genders",454,115,"25.3303964700                 ",339,"74.6696035200                 "
"2005","77251","01","2177","","03","El/Sec    ","N","Nicolet UHS","","Combined Elementary/Secondary School Type/ Prek-12","All Races","Both Genders",0,0,"--                            ",0,"--                            "
"2005","77251","01","2177","","03","Summary   ","N","Nicolet UHS","","Grades PreK-12","All Races","Both Genders",454,115,"25.3303964700                 ",339,"74.6696035200                 "
"2005","77256","01","2177","0020","04","High      ","N","Nicolet UHS","Nicolet High","Grades PreK-12","All Races","Both Genders",454,115,"25.3303964700                 ",339,"74.6696035200                 "
"2005","77336","01","2184","","03","Elem      ","N","Glendale-River Hills","","Elementary School Type/ Prek-12","All Races","Both Genders",541,117,"21.6266173700                 ",424,"78.3733826200                 "
"2005","77336","01","2184","","03","Mid/Jr Hi ","N","Glendale-River Hills","","Middle/Junior High School Type/ Prek-12","All Races","Both Genders",478,113,"23.6401673600                 ",365,"76.3598326300                 "
"2005","77336","01","2184","","03","High      ","N","Glendale-River Hills","","High School Type/ PreK-12","All Races","Both Genders",0,0,"--                            ",0,"--                            "
"2005","77336","01","2184","","03","El/Sec    ","N","Glendale-River Hills","","Combined Elementary/Secondary School Type/ Prek-12","All Races","Both Genders",0,0,"--                            ",0,"--                            "
"2005","77336","01","2184","","03","Summary   ","N","Glendale-River Hills","","Grades PreK-12","All Races","Both Genders",1019,230,"22.5711481800                 ",789,"77.4288518100                 "
"2005","79498","01","2184","0010","04","Mid/Jr Hi ","N","Glendale-River Hills","Glen Hills Middle","Grades PreK-12","All Races","Both Genders",478,113,"23.6401673600                 ",365,"76.3598326300                 "
"2005","77351","01","2184","0060","04","Elem      ","N","Glendale-River Hills","Parkway Elementary","Grades PreK-12","All Races","Both Genders",541,117,"21.6266173700                 ",424,"78.3733826200                 "
"2005","79623","01","2217","","03","Elem      ","N","Grafton","","Elementary School Type/ Prek-12","All Races","Both Genders",791,67,"8.4702907700                  ",724,"91.5297092200                 "
"2005","79623","01","2217","","03","Mid/Jr Hi ","N","Grafton","","Middle/Junior High School Type/ Prek-12","All Races","Both Genders",469,38,"8.1023454100                  ",431,"91.8976545800                 "
"2005","79623","01","2217","","03","High      ","N","Grafton","","High School Type/ PreK-12","All Races","Both Genders",769,37,"4.8114434300                  ",732,"95.1885565600                 "
"2005","79623","01","2217","","03","El/Sec    ","N","Grafton","","Combined Elementary/Secondary School Type/ Prek-12","All Races","Both Genders",0,0,"--                            ",0,"--                            "
"2005","79623","01","2217","","03","Summary   ","N","Grafton","","Grades PreK-12","All Races","Both Genders",2029,142,"6.9985214300                  ",1887,"93.0014785600                 "
"2005","77919","01","2217","0020","04","Elem      ","N","Grafton","Grafton Elementary","Grades PreK-12","All Races","Both Genders",295,24,"8.1355932200                  ",271,"91.8644067700                 "
"2005","77920","01","2217","0030","04","Elem      ","N","Grafton","Kennedy Elementary","Grades PreK-12","All Races","Both Genders",246,28,"11.3821138200                 ",218,"88.6178861700                 "
"2005","79626","01","2217","0040","04","High      ","N","Grafton","Grafton High","Grades PreK-12","All Races","Both Genders",769,37,"4.8114434300                  ",732,"95.1885565600                 "
"2005","77921","01","2217","0060","04","Mid/Jr Hi ","N","Grafton","John Long Middle","Grades PreK-12","All Races","Both Genders",469,38,"8.1023454100                  ",431,"91.8976545800                 "
"2005","77922","01","2217","0100","04","Elem      ","N","Grafton","Woodview Elementary","Grades PreK-12","All Races","Both Genders",250,15,"6.0000000000                  ",235,"94.0000000000                 "
"2005","79554","01","2296","","03","Elem      ","N","Greendale","","Elementary School Type/ Prek-12","All Races","Both Genders",1038,155,"14.9325626200                 ",883,"85.0674373700                 "
"2005","79554","01","2296","","03","Mid/Jr Hi ","N","Greendale","","Middle/Junior High School Type/ Prek-12","All Races","Both Genders",571,80,"14.0105078800                 ",491,"85.9894921100                 "
"2005","79554","01","2296","","03","High      ","N","Greendale","","High School Type/ PreK-12","All Races","Both Genders",876,71,"8.1050228300                  ",805,"91.8949771600                 "
"2005","79554","01","2296","","03","El/Sec    ","N","Greendale","","Combined Elementary/Secondary School Type/ Prek-12","All Races","Both Genders",0,0,"--                            ",0,"--                            "
"2005","79554","01","2296","","03","Summary   ","N","Greendale","","Grades PreK-12","All Races","Both Genders",2485,306,"12.3138832900                 ",2179,"87.6861167000                 "
"2005","77612","01","2296","0040","04","Elem      ","N","Greendale","Canterbury Elementary","Grades PreK-12","All Races","Both Genders",335,26,"7.7611940200                  ",309,"92.2388059700                 "
"2005","77613","01","2296","0050","04","Elem      ","N","Greendale","College Park Elementary","Grades PreK-12","All Races","Both Genders",303,69,"22.7722772200                 ",234,"77.2277227700                 "
"2005","77614","01","2296","0060","04","High      ","N","Greendale","Greendale High","Grades PreK-12","All Races","Both Genders",876,71,"8.1050228300                  ",805,"91.8949771600                 "
"2005","77615","01","2296","0080","04","Mid/Jr Hi ","N","Greendale","Greendale Middle","Grades PreK-12","All Races","Both Genders",571,80,"14.0105078800                 ",491,"85.9894921100                 "
"2005","79557","01","2296","0100","04","Elem      ","N","Greendale","Highland View Elementary","Grades PreK-12","All Races","Both Genders",321,60,"18.6915887800                 ",261,"81.3084112100                 "
"2005","79042","01","2296","0110","04","Elem      ","Y","Greendale","Time 4 Learning Charter School","Grades PreK-12","All Races","Both Genders",79,,"",,""
"2005","77155","01","2303","","03","Elem      ","N","Greenfield","","Elementary School Type/ Prek-12","All Races","Both Genders",1411,350,"24.8051027600                 ",1061,"75.1948972300                 "
"2005","77155","01","2303","","03","Mid/Jr Hi ","N","Greenfield","","Middle/Junior High School Type/ Prek-12","All Races","Both Genders",716,151,"21.0893854700                 ",565,"78.9106145200                 "
"2005","77155","01","2303","","03","High      ","N","Greenfield","","High School Type/ PreK-12","All Races","Both Genders",1202,185,"15.3910149700                 ",1017,"84.6089850200                 "
"2005","77155","01","2303","","03","El/Sec    ","N","Greenfield","","Combined Elementary/Secondary School Type/ Prek-12","All Races","Both Genders",0,0,"--                            ",0,"--                            "
"2005","77155","01","2303","","03","Summary   ","N","Greenfield","","Grades PreK-12","All Races","Both Genders",3329,686,"20.6067888200                 ",2643,"79.3932111700                 "
"2005","77239","01","2303","0060","04","Elem      ","N","Greenfield","Edgewood Elementary","Grades PreK-12","All Races","Both Genders",291,55,"18.9003436400                 ",236,"81.0996563500                 "
"2005","79466","01","2303","0080","04","Elem      ","N","Greenfield","Elm Dale Elementary","Grades PreK-12","All Races","Both Genders",432,93,"21.5277777700                 ",339,"78.4722222200                 "
"2005","77225","01","2303","0100","04","Elem      ","N","Greenfield","Glenwood Elementary","Grades PreK-12","All Races","Both Genders",279,80,"28.6738351200                 ",199,"71.3261648700                 "
"2005","77226","01","2303","0120","04","High      ","N","Greenfield","Greenfield High","Grades PreK-12","All Races","Both Genders",1202,185,"15.3910149700                 ",1017,"84.6089850200                 "
"2005","77218","01","2303","0130","04","Mid/Jr Hi ","N","Greenfield","Greenfield Middle","Grades PreK-12","All Races","Both Genders",716,151,"21.0893854700                 ",565,"78.9106145200                 "
"2005","77227","01","2303","0160","04","Elem      ","N","Greenfield","Maple Grove Elementary","Grades PreK-12","All Races","Both Genders",409,122,"29.8288508500                 ",287,"70.1711491400                 "
"2005","78907","01","2303","9200","4C","Mid/Jr Hi ","Y","Greenfield","Passage Middle School","Grades PreK-12","All Races","Both Genders",0,0,"--                            ",0,"--                            "
"2005","78956","01","2420","","03","Elem      ","N","Hamilton","","Elementary School Type/ Prek-12","All Races","Both Genders",2157,162,"7.5104311500                  ",1995,"92.4895688400                 "
"2005","78956","01","2420","","03","Mid/Jr Hi ","N","Hamilton","","Middle/Junior High School Type/ Prek-12","All Races","Both Genders",854,78,"9.1334894600                  ",776,"90.8665105300                 "
"2005","78956","01","2420","","03","High      ","N","Hamilton","","High School Type/ PreK-12","All Races","Both Genders",1198,100,"8.3472454000                  ",1098,"91.6527545900                 "
"2005","78956","01","2420","","03","El/Sec    ","N","Hamilton","","Combined Elementary/Secondary School Type/ Prek-12","All Races","Both Genders",0,0,"--                            ",0,"--                            "
"2005","78956","01","2420","","03","Summary   ","N","Hamilton","","Grades PreK-12","All Races","Both Genders",4209,340,"8.0779282400                  ",3869,"91.9220717500                 "
"2005","77723","01","2420","0040","04","High      ","N","Hamilton","Hamilton High","Grades PreK-12","All Races","Both Genders",1198,100,"8.3472454000                  ",1098,"91.6527545900                 "
"2005","77845","01","2420","0060","04","Elem      ","N","Hamilton","Lannon Elementary","Grades PreK-12","All Races","Both Genders",302,26,"8.6092715200                  ",276,"91.3907284700                 "
"2005","77724","01","2420","0100","04","Elem      ","N","Hamilton","Maple Avenue Elementary","Grades PreK-12","All Races","Both Genders",518,68,"13.1274131200                 ",450,"86.8725868700                 "
"2005","77844","01","2420","0120","04","Elem      ","N","Hamilton","Marcy Elementary","Grades PreK-12","All Races","Both Genders",405,29,"7.1604938200                  ",376,"92.8395061700                 "
"2005","77725","01","2420","0130","04","Mid/Jr Hi ","N","Hamilton","Templeton Middle","Grades PreK-12","All Races","Both Genders",854,78,"9.1334894600                  ",776,"90.8665105300                 "
"2005","77829","01","2420","0140","04","Elem      ","N","Hamilton","Willow Springs Learning Center","Grades PreK-12","All Races","Both Genders",302,,"",,""
"2005","78974","01","2420","0150","04","Elem      ","N","Hamilton","Woodside Elementary","Grades PreK-12","All Races","Both Genders",630,39,"6.1904761900                  ",591,"93.8095238000                 "
"2005","75043","01","2420","9200","04","Mid/Jr Hi ","Y","Hamilton","Passage Middle School","Grades PreK-12","All Races","Both Genders",0,0,"--                            ",0,"--                            "
"2005","77895","01","2450","","03","Elem      ","N","Arrowhead UHS","","Elementary School Type/ Prek-12","All Races","Both Genders",0,0,"--                            ",0,"--                            "
"2005","77895","01","2450","","03","Mid/Jr Hi ","N","Arrowhead UHS","","Middle/Junior High School Type/ Prek-12","All Races","Both Genders",0,0,"--                            ",0,"--                            "
"2005","77895","01","2450","","03","High      ","N","Arrowhead UHS","","High School Type/ PreK-12","All Races","Both Genders",2350,,"",,""
"2005","77895","01","2450","","03","El/Sec    ","N","Arrowhead UHS","","Combined Elementary/Secondary School Type/ Prek-12","All Races","Both Genders",0,0,"--                            ",0,"--                            "
"2005","77895","01","2450","","03","Summary   ","N","Arrowhead UHS","","Grades PreK-12","All Races","Both Genders",2350,,"",,""
"2005","77904","01","2450","0020","04","High      ","N","Arrowhead UHS","Arrowhead High","Grades PreK-12","All Races","Both Genders",2350,,"",,""
"2005","77896","01","2460","","03","Elem      ","N","Hartland-Lakeside J3","","Elementary School Type/ Prek-12","All Races","Both Genders",893,63,"7.0548712200                  ",830,"92.9451287700                 "
"2005","77896","01","2460","","03","Mid/Jr Hi ","N","Hartland-Lakeside J3","","Middle/Junior High School Type/ Prek-12","All Races","Both Genders",449,34,"7.5723830700                  ",415,"92.4276169200                 "
"2005","77896","01","2460","","03","High      ","N","Hartland-Lakeside J3","","High School Type/ PreK-12","All Races","Both Genders",0,0,"--                            ",0,"--                            "
"2005","77896","01","2460","","03","El/Sec    ","N","Hartland-Lakeside J3","","Combined Elementary/Secondary School Type/ Prek-12","All Races","Both Genders",0,0,"--                            ",0,"--                            "
"2005","77896","01","2460","","03","Summary   ","N","Hartland-Lakeside J3","","Grades PreK-12","All Races","Both Genders",1342,97,"7.2280178800                  ",1245,"92.7719821100                 "
"2005","78975","01","2460","0020","04","Elem      ","N","Hartland-Lakeside J3","North Elementary","Grades PreK-12","All Races","Both Genders",404,19,"4.7029702900                  ",385,"95.2970297000                 "
"2005","77905","01","2460","0040","04","Elem      ","N","Hartland-Lakeside J3","South Elementary","Grades PreK-12","All Races","Both Genders",489,44,"8.9979550100                  ",445,"91.0020449800                 "
"2005","75216","01","2460","0100","04","Mid/Jr Hi ","N","Hartland-Lakeside J3","North Shore Middle","Grades PreK-12","All Races","Both Genders",449,34,"7.5723830700                  ",415,"92.4276169200                 "
"2005","77567","01","2793","","03","Elem      ","N","Kenosha","","Elementary School Type/ Prek-12","All Races","Both Genders",10320,4375,"42.3934108500                 ",5945,"57.6065891400                 "
"2005","77567","01","2793","","03","Mid/Jr Hi ","N","Kenosha","","Middle/Junior High School Type/ Prek-12","All Races","Both Genders",4815,22,"0.4569055000                  ",4793,"99.5430944900                 "
"2005","77567","01","2793","","03","Mid/Jr Hi ","N","Kenosha","","Middle/Junior High School Type/ Prek-12","All Races","Both Genders",4815,1831,"38.0269989600                 ",2984,"61.9730010300                 "
"2005","77567","01","2793","","03","High      ","N","Kenosha","","High School Type/ PreK-12","All Races","Both Genders",6605,1844,"27.9182437500                 ",4761,"72.0817562400                 "
"2005","77567","01","2793","","03","El/Sec    ","N","Kenosha","","Combined Elementary/Secondary School Type/ Prek-12","All Races","Both Genders",0,0,"--                            ",0,"--                            "
"2005","77567","01","2793","","03","Summary   ","N","Kenosha","","Grades PreK-12","All Races","Both Genders",21740,8072,"37.1297148100                 ",13668,"62.8702851800                 "
"2005","77592","01","2793","0050","04","Elem      ","N","Kenosha","Bose Elementary","Grades PreK-12","All Races","Both Genders",329,174,"52.8875379900                 ",155,"47.1124620000                 "
"2005","77568","01","2793","0060","04","High      ","N","Kenosha","Bradford High","Grades PreK-12","All Races","Both Genders",2096,697,"33.2538167900                 ",1399,"66.7461832000                 "
"2005","79112","01","2793","0065","04","Elem      ","Y","Kenosha","Brompton School","Grades PreK-12","All Races","Both Genders",92,15,"16.3043478200                 ",77,"83.6956521700                 "
"2005","79551","01","2793","0070","04","Mid/Jr Hi ","N","Kenosha","Bullen Middle","Grades PreK-12","All Races","Both Genders",823,322,"39.1251518800                 ",501,"60.8748481100                 "
"2005","77593","01","2793","0100","04","Elem      ","N","Kenosha","Columbus Elementary","Grades PreK-12","All Races","Both Genders",238,171,"71.8487394900                 ",67,"28.1512605000                 "
"2005","77577","01","2793","0120","04","Elem      ","N","Kenosha","Durkee Elementary","Grades PreK-12","All Races","Both Genders",167,130,"77.8443113700                 ",37,"22.1556886200                 "
"2005","75080","01","2793","0130","04","Elem      ","Y","Kenosha","Dimensions of Learning Academy","Grades PreK-12","All Races","Both Genders",193,28,"14.5077720200                 ",165,"85.4922279700                 "
"2005","79548","01","2793","0140","04","Elem      ","N","Kenosha","Forest Park Elementary","Grades PreK-12","All Races","Both Genders",457,113,"24.7264770200                 ",344,"75.2735229700                 "
"2005","80086","01","2793","0150","04","Elem      ","N","Kenosha","Edward Bain School of Language and Art","Grades PreK-12","All Races","Both Genders",693,482,"69.5526695500                 ",211,"30.4473304400                 "
"2005","77578","01","2793","0160","04","Elem      ","N","Kenosha","Frank Elementary","Grades PreK-12","All Races","Both Genders",484,429,"88.6363636300                 ",55,"11.3636363600                 "
"2005","77579","01","2793","0180","04","Elem      ","N","Kenosha","Grant Elementary","Grades PreK-12","All Races","Both Genders",329,144,"43.7689969600                 ",185,"56.2310030300                 "
"2005","74958","01","2793","0215","04","Mid/Jr Hi ","N","Kenosha","Mahone Middle","Grades PreK-12","All Races","Both Genders",838,233,"27.8042959400                 ",605,"72.1957040500                 "
"2005","77580","01","2793","0220","04","Elem      ","N","Kenosha","Grewenow Elementary","Grades PreK-12","All Races","Both Genders",360,121,"33.6111111100                 ",239,"66.3888888800                 "
"2005","77581","01","2793","0240","04","Elem      ","N","Kenosha","Harvey Elementary","Grades PreK-12","All Races","Both Genders",447,119,"26.6219239300                 ",328,"73.3780760600                 "
"2005","79077","01","2793","0250","04","Elem      ","N","Kenosha","Chavez Learning Station","Grades PreK-12","All Races","Both Genders",375,349,"93.0666666600                 ",26,"6.9333333300                  "
"2005","77552","01","2793","0280","04","High      ","N","Kenosha","Hillcrest High","Grades PreK-12","All Races","Both Genders",61,46,"75.4098360600                 ",15,"24.5901639300                 "
"2005","79549","01","2793","0300","04","Elem      ","N","Kenosha","Jefferson Elementary","Grades PreK-12","All Races","Both Genders",328,224,"68.2926829200                 ",104,"31.7073170700                 "
"2005","77582","01","2793","0310","04","Elem      ","N","Kenosha","Jeffery Elementary","Grades PreK-12","All Races","Both Genders",400,76,"19.0000000000                 ",324,"81.0000000000                 "
"2005","77583","01","2793","0320","04","Mid/Jr Hi ","N","Kenosha","Lance Middle","Grades PreK-12","All Races","Both Genders",956,179,"18.7238493700                 ",777,"81.2761506200                 "
"2005","75223","01","2793","0330","04","Mid/Jr Hi ","Y","Kenosha","Paideia Academy","Grades PreK-12","All Races","Both Genders",67,22,"32.8358208900                 ",45,"67.1641791000                 "
"2005","77584","01","2793","0340","04","Elem      ","N","Kenosha","Lincoln Elementary","Grades PreK-12","All Races","Both Genders",282,224,"79.4326241100                 ",58,"20.5673758800                 "
"2005","77585","01","2793","0360","04","Mid/Jr Hi ","N","Kenosha","Lincoln Middle","Grades PreK-12","All Races","Both Genders",850,409,"48.1176470500                 ",441,"51.8823529400                 "
"2005","77569","01","2793","0380","04","Elem      ","N","Kenosha","McKinley Elementary","Grades PreK-12","All Races","Both Genders",250,140,"56.0000000000                 ",110,"44.0000000000                 "
"2005","77570","01","2793","0400","04","Mid/Jr Hi ","N","Kenosha","McKinley Middle","Grades PreK-12","All Races","Both Genders",640,305,"47.6562500000                 ",335,"52.3437500000                 "
"2005","75051","01","2793","0405","04","High      ","N","Kenosha","Kenosha House of Corrections","Grades PreK-12","All Races","Both Genders",30,,"",,""
"2005","75162","01","2793","0410","04","High      ","N","Kenosha","Indian Trail Academy","Grades PreK-12","All Races","Both Genders",1112,370,"33.2733812900                 ",742,"66.7266187000                 "
"2005","78976","01","2793","0420","04","Elem      ","N","Kenosha","Pleasant Prairie Elementary","Grades PreK-12","All Races","Both Genders",713,116,"16.2692847100                 ",597,"83.7307152800                 "
"2005","79546","01","2793","0440","04","Elem      ","N","Kenosha","Prairie Lane Elementary","Grades PreK-12","All Races","Both Genders",377,71,"18.8328912400                 ",306,"81.1671087500                 "
"2005","77571","01","2793","0450","04","High      ","N","Kenosha","Reuther Central High","Grades PreK-12","All Races","Both Genders",678,272,"40.1179941000                 ",406,"59.8820058900                 "
"2005","77572","01","2793","0460","04","Elem      ","N","Kenosha","Roosevelt Elementary","Grades PreK-12","All Races","Both Genders",404,94,"23.2673267300                 ",310,"76.7326732600                 "
"2005","79099","01","2793","0480","04","High      ","N","Kenosha","Lakeview Technology Academy","Grades PreK-12","All Races","Both Genders",261,51,"19.5402298800                 ",210,"80.4597701100                 "
"2005","77547","01","2793","0500","04","Elem      ","N","Kenosha","Somers Elementary","Grades PreK-12","All Races","Both Genders",598,97,"16.2207357800                 ",501,"83.7792642100                 "
"2005","77573","01","2793","0520","04","Elem      ","N","Kenosha","Southport Elementary","Grades PreK-12","All Races","Both Genders",492,112,"22.7642276400                 ",380,"77.2357723500                 "
"2005","77553","01","2793","0530","04","Elem      ","N","Kenosha","Stocker Elementary","Grades PreK-12","All Races","Both Genders",543,133,"24.4935543200                 ",410,"75.5064456700                 "
"2005","77574","01","2793","0540","04","Elem      ","N","Kenosha","Strange Elementary","Grades PreK-12","All Races","Both Genders",487,282,"57.9055441400                 ",205,"42.0944558500                 "
"2005","79547","01","2793","0580","04","High      ","N","Kenosha","Tremper High","Grades PreK-12","All Races","Both Genders",2367,408,"17.2370088700                 ",1959,"82.7629911200                 "
"2005","77575","01","2793","0600","04","Elem      ","N","Kenosha","Vernon Elementary","Grades PreK-12","All Races","Both Genders",471,238,"50.5307855600                 ",233,"49.4692144300                 "
"2005","77576","01","2793","0640","04","Mid/Jr Hi ","N","Kenosha","Washington Middle","Grades PreK-12","All Races","Both Genders",641,383,"59.7503900100                 ",258,"40.2496099800                 "
"2005","77561","01","2793","0680","04","Elem      ","N","Kenosha","Whittier Elementary","Grades PreK-12","All Races","Both Genders",578,79,"13.6678200600                 ",499,"86.3321799300                 "
"2005","77562","01","2793","0700","04","Elem      ","N","Kenosha","Wilson Elementary","Grades PreK-12","All Races","Both Genders",233,214,"91.8454935600                 ",19,"8.1545064300                  "
"2005","77711","01","3122","","03","Elem      ","N","Richmond","","Elementary School Type/ Prek-12","All Races","Both Genders",439,2,"0.4555808600                  ",437,"99.5444191300                 "
"2005","77711","01","3122","","03","Mid/Jr Hi ","N","Richmond","","Middle/Junior High School Type/ Prek-12","All Races","Both Genders",0,0,"--                            ",0,"--                            "
"2005","77711","01","3122","","03","High      ","N","Richmond","","High School Type/ PreK-12","All Races","Both Genders",0,0,"--                            ",0,"--                            "
"2005","77711","01","3122","","03","El/Sec    ","N","Richmond","","Combined Elementary/Secondary School Type/ Prek-12","All Races","Both Genders",0,0,"--                            ",0,"--                            "
"2005","77711","01","3122","","03","Summary   ","N","Richmond","","Grades PreK-12","All Races","Both Genders",439,2,"0.4555808600                  ",437,"99.5444191300                 "
"2005","79583","01","3122","0020","04","Elem      ","N","Richmond","Richmond Elementary","Grades PreK-12","All Races","Both Genders",439,2,"0.4555808600                  ",437,"99.5444191300                 "
"2005","77824","01","3437","","03","Elem      ","N","Menomonee Falls","","Elementary School Type/ Prek-12","All Races","Both Genders",1984,268,"13.5080645100                 ",1716,"86.4919354800                 "
"2005","77824","01","3437","","03","Mid/Jr Hi ","N","Menomonee Falls","","Middle/Junior High School Type/ Prek-12","All Races","Both Genders",1459,77,"5.2775873800                  ",1382,"94.7224126100                 "
"2005","77824","01","3437","","03","Mid/Jr Hi ","N","Menomonee Falls","","Middle/Junior High School Type/ Prek-12","All Races","Both Genders",1459,45,"3.0843043100                  ",1414,"96.9156956800                 "
"2005","77824","01","3437","","03","High      ","N","Menomonee Falls","","High School Type/ PreK-12","All Races","Both Genders",1159,86,"7.4201898100                  ",1073,"92.5798101800                 "
"2005","77824","01","3437","","03","El/Sec    ","N","Menomonee Falls","","Combined Elementary/Secondary School Type/ Prek-12","All Races","Both Genders",0,0,"--                            ",0,"--                            "
"2005","77824","01","3437","","03","Summary   ","N","Menomonee Falls","","Grades PreK-12","All Races","Both Genders",4602,476,"10.3433289800                 ",4126,"89.6566710100                 "
"2005","77830","01","3437","0040","04","Elem      ","N","Menomonee Falls","Benjamin Franklin Elementary","Grades PreK-12","All Races","Both Genders",868,57,"6.5668202700                  ",811,"93.4331797200                 "
"2005","75333","01","3437","0065","04","Elem      ","N","Menomonee Falls","Riverside Elementary","Grades PreK-12","All Races","Both Genders",347,98,"28.2420749200                 ",249,"71.7579250700                 "
"2005","75334","01","3437","0085","04","Elem      ","N","Menomonee Falls","Valley View Elementary","Grades PreK-12","All Races","Both Genders",359,46,"12.8133704700                 ",313,"87.1866295200                 "
"2005","79608","01","3437","0110","04","High      ","N","Menomonee Falls","Menomonee Falls High","Grades PreK-12","All Races","Both Genders",1159,86,"7.4201898100                  ",1073,"92.5798101800                 "
"2005","77831","01","3437","0120","04","Mid/Jr Hi ","N","Menomonee Falls","North Junior High School Campus","Grades PreK-12","All Races","Both Genders",759,77,"10.1449275300                 ",682,"89.8550724600                 "
"2005","77832","01","3437","0200","04","Elem      ","N","Menomonee Falls","Shady Lane Elementary","Grades PreK-12","All Races","Both Genders",410,67,"16.3414634100                 ",343,"83.6585365800                 "
"2005","77833","01","3437","0220","04","Mid/Jr Hi ","N","Menomonee Falls","Thomas Jefferson Middle","Grades PreK-12","All Races","Both Genders",700,45,"6.4285714200                  ",655,"93.5714285700                 "
"2005","78918","01","3437","9200","4C","Mid/Jr Hi ","Y","Menomonee Falls","Passage Middle School","Grades PreK-12","All Races","Both Genders",0,0,"--                            ",0,"--                            "
"2005","77704","01","3479","","03","Elem      ","N","Mequon-Thiensville","","Elementary School Type/ Prek-12","All Races","Both Genders",1472,63,"4.2798913000                  ",1409,"95.7201086900                 "
"2005","77704","01","3479","","03","Mid/Jr Hi ","N","Mequon-Thiensville","","Middle/Junior High School Type/ Prek-12","All Races","Both Genders",966,47,"4.8654244300                  ",919,"95.1345755600                 "
"2005","77704","01","3479","","03","High      ","N","Mequon-Thiensville","","High School Type/ PreK-12","All Races","Both Genders",1595,50,"3.1347962300                  ",1545,"96.8652037600                 "
"2005","77704","01","3479","","03","El/Sec    ","N","Mequon-Thiensville","","Combined Elementary/Secondary School Type/ Prek-12","All Races","Both Genders",0,0,"--                            ",0,"--                            "
"2005","77704","01","3479","","03","Summary   ","N","Mequon-Thiensville","","Grades PreK-12","All Races","Both Genders",4033,160,"3.9672700200                  ",3873,"96.0327299700                 "
"2005","77714","01","3479","0020","04","Elem      ","N","Mequon-Thiensville","Donges Bay Elementary","Grades PreK-12","All Races","Both Genders",374,12,"3.2085561400                  ",362,"96.7914438500                 "
"2005","77715","01","3479","0060","04","High      ","N","Mequon-Thiensville","Homestead High","Grades PreK-12","All Races","Both Genders",1595,50,"3.1347962300                  ",1545,"96.8652037600                 "
"2005","79581","01","3479","0080","04","Mid/Jr Hi ","N","Mequon-Thiensville","Lake Shore Middle","Grades PreK-12","All Races","Both Genders",447,11,"2.4608501100                  ",436,"97.5391498800                 "
"2005","77687","01","3479","0100","04","Elem      ","N","Mequon-Thiensville","Oriole Lane Elementary","Grades PreK-12","All Races","Both Genders",331,23,"6.9486404800                  ",308,"93.0513595100                 "
"2005","77716","01","3479","0120","04","Elem      ","N","Mequon-Thiensville","Range Line Elementary","Grades PreK-12","All Races","Both Genders",332,9,"2.7108433700                  ",323,"97.2891566200                 "
"2005","77717","01","3479","0140","04","Mid/Jr Hi ","N","Mequon-Thiensville","Steffen Middle","Grades PreK-12","All Races","Both Genders",519,36,"6.9364161800                  ",483,"93.0635838100                 "
"2005","77718","01","3479","0160","04","Elem      ","N","Mequon-Thiensville","Wilson Elementary","Grades PreK-12","All Races","Both Genders",435,19,"4.3678160900                  ",416,"95.6321839000                 "
"2005","77897","01","3510","","03","Elem      ","N","Swallow","","Elementary School Type/ Prek-12","All Races","Both Genders",386,,"",,""
"2005","77897","01","3510","","03","Mid/Jr Hi ","N","Swallow","","Middle/Junior High School Type/ Prek-12","All Races","Both Genders",0,0,"--                            ",0,"--                            "
"2005","77897","01","3510","","03","High      ","N","Swallow","","High School Type/ PreK-12","All Races","Both Genders",0,0,"--                            ",0,"--                            "
"2005","77897","01","3510","","03","El/Sec    ","N","Swallow","","Combined Elementary/Secondary School Type/ Prek-12","All Races","Both Genders",0,0,"--                            ",0,"--                            "
"2005","77897","01","3510","","03","Summary   ","N","Swallow","","Grades PreK-12","All Races","Both Genders",386,,"",,""
"2005","79622","01","3510","0020","04","Elem      ","N","Swallow","Swallow Elementary","Grades PreK-12","All Races","Both Genders",386,,"",,""
"2005","77807","01","3514","","03","Elem      ","N","North Lake","","Elementary School Type/ Prek-12","All Races","Both Genders",348,,"",,""
"2005","77807","01","3514","","03","Mid/Jr Hi ","N","North Lake","","Middle/Junior High School Type/ Prek-12","All Races","Both Genders",0,0,"--                            ",0,"--                            "
"2005","77807","01","3514","","03","High      ","N","North Lake","","High School Type/ PreK-12","All Races","Both Genders",0,0,"--                            ",0,"--                            "
"2005","77807","01","3514","","03","El/Sec    ","N","North Lake","","Combined Elementary/Secondary School Type/ Prek-12","All Races","Both Genders",0,0,"--                            ",0,"--                            "
"2005","77807","01","3514","","03","Summary   ","N","North Lake","","Grades PreK-12","All Races","Both Genders",348,,"",,""
"2005","77806","01","3514","0020","04","Elem      ","N","North Lake","North Lake Elementary","Grades PreK-12","All Races","Both Genders",348,,"",,""
"2005","77826","01","3528","","03","Elem      ","N","Merton Community","","Elementary School Type/ Prek-12","All Races","Both Genders",946,22,"2.3255813900                  ",924,"97.6744186000                 "
"2005","77826","01","3528","","03","Mid/Jr Hi ","N","Merton Community","","Middle/Junior High School Type/ Prek-12","All Races","Both Genders",0,0,"--                            ",0,"--                            "
"2005","77826","01","3528","","03","High      ","N","Merton Community","","High School Type/ PreK-12","All Races","Both Genders",0,0,"--                            ",0,"--                            "
"2005","77826","01","3528","","03","El/Sec    ","N","Merton Community","","Combined Elementary/Secondary School Type/ Prek-12","All Races","Both Genders",0,0,"--                            ",0,"--                            "
"2005","77826","01","3528","","03","Summary   ","N","Merton Community","","Grades PreK-12","All Races","Both Genders",946,22,"2.3255813900                  ",924,"97.6744186000                 "
"2005","77825","01","3528","0020","04","Elem      ","N","Merton Community","Merton Intermediate","Grades PreK-12","All Races","Both Genders",489,13,"2.6584867000                  ",476,"97.3415132900                 "
"2005","75256","01","3528","0040","04","Elem      ","N","Merton Community","Merton Primary","Grades PreK-12","All Races","Both Genders",457,9,"1.9693654200                  ",448,"98.0306345700                 "
"2005","77790","01","3542","","03","Elem      ","N","Stone Bank","","Elementary School Type/ Prek-12","All Races","Both Genders",326,4,"1.2269938600                  ",322,"98.7730061300                 "
"2005","77790","01","3542","","03","Mid/Jr Hi ","N","Stone Bank","","Middle/Junior High School Type/ Prek-12","All Races","Both Genders",0,0,"--                            ",0,"--                            "
"2005","77790","01","3542","","03","High      ","N","Stone Bank","","High School Type/ PreK-12","All Races","Both Genders",0,0,"--                            ",0,"--                            "
"2005","77790","01","3542","","03","El/Sec    ","N","Stone Bank","","Combined Elementary/Secondary School Type/ Prek-12","All Races","Both Genders",0,0,"--                            ",0,"--                            "
"2005","77790","01","3542","","03","Summary   ","N","Stone Bank","","Grades PreK-12","All Races","Both Genders",326,4,"1.2269938600                  ",322,"98.7730061300                 "
"2005","79604","01","3542","0020","04","Elem      ","N","Stone Bank","Stone Bank Elementary","Grades PreK-12","All Races","Both Genders",326,4,"1.2269938600                  ",322,"98.7730061300                 "
"2005","77404","01","3619","","03","Elem      ","N","Milwaukee","","Elementary School Type/ Prek-12","All Races","Both Genders",52809,42200,"79.9106212900                 ",10609,"20.0893787000                 "
"2005","77404","01","3619","","03","Mid/Jr Hi ","N","Milwaukee","","Middle/Junior High School Type/ Prek-12","All Races","Both Genders",12879,10535,"81.7998291700                 ",2344,"18.2001708200                 "
"2005","77404","01","3619","","03","High      ","N","Milwaukee","","High School Type/ PreK-12","All Races","Both Genders",24989,16809,"67.2655968600                 ",8180,"32.7344031300                 "
"2005","77404","01","3619","","03","El/Sec    ","N","Milwaukee","","Combined Elementary/Secondary School Type/ Prek-12","All Races","Both Genders",2976,2010,"67.5403225800                 ",966,"32.4596774100                 "
"2005","77404","01","3619","","03","Summary   ","N","Milwaukee","","Grades PreK-12","All Races","Both Genders",93653,71554,"76.4033186300                 ",22099,"23.5966813600                 "
"2005","77316","01","3619","0003","04","High      ","Y","Milwaukee","Juneau Business High School","Grades PreK-12","All Races","Both Genders",915,624,"68.1967213100                 ",291,"31.8032786800                 "
"2005","75020","01","3619","0006","04","Mid/Jr Hi ","N","Milwaukee","Lincoln Middle School of the Arts","Grades PreK-12","All Races","Both Genders",840,698,"83.0952380900                 ",142,"16.9047619000                 "
"2005","79480","01","3619","0008","04","High      ","N","Milwaukee","Marshall High","Grades PreK-12","All Races","Both Genders",1097,845,"77.0282588800                 ",252,"22.9717411100                 "
"2005","75018","01","3619","0012","04","High      ","N","Milwaukee","Bay View High","Grades PreK-12","All Races","Both Genders",1721,1249,"72.5740848300                 ",472,"27.4259151600                 "
"2005","77407","01","3619","0014","04","High      ","N","Milwaukee","Bradley Technology & Trade High","Grades PreK-12","All Races","Both Genders",1564,960,"61.3810741600                 ",604,"38.6189258300                 "
"2005","77352","01","3619","0016","04","High      ","N","Milwaukee","Custer High","Grades PreK-12","All Races","Both Genders",1165,933,"80.0858369000                 ",232,"19.9141630900                 "
"2005","77228","01","3619","0018","04","High      ","N","Milwaukee","Hamilton High","Grades PreK-12","All Races","Both Genders",2126,1187,"55.8325493800                 ",939,"44.1674506100                 "
"2005","77353","01","3619","0020","04","High      ","N","Milwaukee","King High","Grades PreK-12","All Races","Both Genders",1474,596,"40.4341926700                 ",878,"59.5658073200                 "
"2005","77254","01","3619","0022","04","High      ","N","Milwaukee","Madison High","Grades PreK-12","All Races","Both Genders",1609,1191,"74.0211311300                 ",418,"25.9788688600                 "
"2005","75307","01","3619","0023","04","High      ","Y","Milwaukee","Milwaukee School of Entrepreneurship","Grades PreK-12","All Races","Both Genders",186,123,"66.1290322500                 ",63,"33.8709677400                 "
"2005","77394","01","3619","0024","04","High      ","N","Milwaukee","North Division High","Grades PreK-12","All Races","Both Genders",267,271,"101.4981273400                ",-4,"-1.4981273400                 "
"2005","77279","01","3619","0026","04","High      ","N","Milwaukee","Pulaski High","Grades PreK-12","All Races","Both Genders",1600,1218,"76.1250000000                 ",382,"23.8750000000                 "
"2005","79130","01","3619","0027","04","High      ","N","Milwaukee","New School for Community Services","Grades PreK-12","All Races","Both Genders",127,66,"51.9685039300                 ",61,"48.0314960600                 "
"2005","75019","01","3619","0029","04","High      ","N","Milwaukee","Riverside High","Grades PreK-12","All Races","Both Genders",1565,911,"58.2108626100                 ",654,"41.7891373800                 "
"2005","79513","01","3619","0032","04","High      ","N","Milwaukee","South Division High","Grades PreK-12","All Races","Both Genders",1605,1423,"88.6604361300                 ",182,"11.3395638600                 "
"2005","77187","01","3619","0033","04","High      ","N","Milwaukee","Vincent High","Grades PreK-12","All Races","Both Genders",1630,1117,"68.5276073600                 ",513,"31.4723926300                 "
"2005","77337","01","3619","0035","04","High      ","N","Milwaukee","Washington High","Grades PreK-12","All Races","Both Genders",1005,844,"83.9800995000                 ",161,"16.0199004900                 "
"2005","77157","01","3619","0038","04","High      ","N","Milwaukee","Milwaukee High School of the Arts","Grades PreK-12","All Races","Both Genders",986,433,"43.9148073000                 ",553,"56.0851926900                 "
"2005","77280","01","3619","0041","04","Mid/Jr Hi ","Y","Milwaukee","Audubon Technology & Communication","Grades PreK-12","All Races","Both Genders",937,694,"74.0661686200                 ",243,"25.9338313700                 "
"2005","79467","01","3619","0044","04","Mid/Jr Hi ","N","Milwaukee","Bell Middle","Grades PreK-12","All Races","Both Genders",782,625,"79.9232736500                 ",157,"20.0767263400                 "
"2005","77197","01","3619","0045","04","Mid/Jr Hi ","N","Milwaukee","Burroughs Middle","Grades PreK-12","All Races","Both Genders",823,697,"84.6901579500                 ",126,"15.3098420400                 "
"2005","77354","01","3619","0047","04","Mid/Jr Hi ","N","Milwaukee","Edison Middle","Grades PreK-12","All Races","Both Genders",622,587,"94.3729903500                 ",35,"5.6270096400                  "
"2005","77323","01","3619","0048","04","El/Sec    ","Y","Milwaukee","Malcolm X Academy","Grades PreK-12","All Races","Both Genders",500,448,"89.6000000000                 ",52,"10.4000000000                 "
"2005","77377","01","3619","0049","04","Mid/Jr Hi ","Y","Milwaukee","Fritsche Middle","Grades PreK-12","All Races","Both Genders",1022,728,"71.2328767100                 ",294,"28.7671232800                 "
"2005","77408","01","3619","0050","04","Mid/Jr Hi ","N","Milwaukee","Kosciuszko Middle","Grades PreK-12","All Races","Both Genders",477,491,"102.9350104800                ",-14,"-2.9350104800                 "
"2005","79448","01","3619","0051","04","Mid/Jr Hi ","N","Milwaukee","Grand Ave Middle","Grades PreK-12","All Races","Both Genders",666,641,"96.2462462400                 ",25,"3.7537537500                  "
"2005","77192","01","3619","0052","04","Mid/Jr Hi ","N","Milwaukee","Morse Middle","Grades PreK-12","All Races","Both Genders",1092,716,"65.5677655600                 ",376,"34.4322344300                 "
"2005","79474","01","3619","0053","04","Mid/Jr Hi ","N","Milwaukee","Muir Middle","Grades PreK-12","All Races","Both Genders",640,597,"93.2812500000                 ",43,"6.7187500000                  "
"2005","75308","01","3619","0054","04","Mid/Jr Hi ","N","Milwaukee","Milwaukee Village Sch","Grades PreK-12","All Races","Both Genders",98,94,"95.9183673400                 ",4,"4.0816326500                  "
"2005","77395","01","3619","0055","04","Mid/Jr Hi ","N","Milwaukee","Douglas Community Academy","Grades PreK-12","All Races","Both Genders",365,340,"93.1506849300                 ",25,"6.8493150600                  "
"2005","77277","01","3619","0056","04","Mid/Jr Hi ","N","Milwaukee","Robinson Middle","Grades PreK-12","All Races","Both Genders",224,190,"84.8214285700                 ",34,"15.1785714200                 "
"2005","77402","01","3619","0059","04","Mid/Jr Hi ","N","Milwaukee","Roosevelt Middle","Grades PreK-12","All Races","Both Genders",762,423,"55.5118110200                 ",339,"44.4881889700                 "
"2005","77158","01","3619","0061","04","Mid/Jr Hi ","N","Milwaukee","Sarah Scott Middle","Grades PreK-12","All Races","Both Genders",754,635,"84.2175066300                 ",119,"15.7824933600                 "
"2005","79481","01","3619","0065","04","Mid/Jr Hi ","Y","Milwaukee","Walker International Middle","Grades PreK-12","All Races","Both Genders",733,687,"93.7244201900                 ",46,"6.2755798000                  "
"2005","77198","01","3619","0066","04","Mid/Jr Hi ","N","Milwaukee","Webster Middle","Grades PreK-12","All Races","Both Genders",863,709,"82.1552723000                 ",154,"17.8447276900                 "
"2005","79492","01","3619","0067","04","Mid/Jr Hi ","N","Milwaukee","Milwaukee Education Center","Grades PreK-12","All Races","Both Genders",712,652,"91.5730337000                 ",60,"8.4269662900                  "
"2005","77212","01","3619","0071","04","El/Sec    ","N","Milwaukee","Milwaukee School of Languages","Grades PreK-12","All Races","Both Genders",976,558,"57.1721311400                 ",418,"42.8278688500                 "
"2005","77409","01","3619","0073","04","Elem      ","N","Milwaukee","Allen-Field Elementary","Grades PreK-12","All Races","Both Genders",903,925,"102.4363233600                ",-22,"-2.4363233600                 "
"2005","77166","01","3619","0075","04","Elem      ","N","Milwaukee","Alcott Elementary","Grades PreK-12","All Races","Both Genders",301,163,"54.1528239200                 ",138,"45.8471760700                 "
"2005","77396","01","3619","0077","04","Elem      ","N","Milwaukee","Auer Avenue Elementary","Grades PreK-12","All Races","Both Genders",619,519,"83.8449111400                 ",100,"16.1550888500                 "
"2005","79459","01","3619","0081","04","Elem      ","N","Milwaukee","Barton Elementary","Grades PreK-12","All Races","Both Genders",484,415,"85.7438016500                 ",69,"14.2561983400                 "
"2005","77324","01","3619","0083","04","Elem      ","N","Milwaukee","Dr Martin Luther King Jr Elementary","Grades PreK-12","All Races","Both Genders",407,423,"103.9312039300                ",-16,"-3.9312039300                 "
"2005","79512","01","3619","0089","04","Elem      ","N","Milwaukee","Brown Street Elementary","Grades PreK-12","All Races","Both Genders",593,557,"93.9291736900                 ",36,"6.0708263000                  "
"2005","79470","01","3619","0092","04","Elem      ","N","Milwaukee","Browning Elementary","Grades PreK-12","All Races","Both Genders",474,480,"101.2658227800                ",-6,"-1.2658227800                 "
"2005","79457","01","3619","0093","04","Elem      ","N","Milwaukee","Bruce Elementary","Grades PreK-12","All Races","Both Genders",403,351,"87.0967741900                 ",52,"12.9032258000                 "
"2005","77177","01","3619","0094","04","Elem      ","N","Milwaukee","Bryant Elementary","Grades PreK-12","All Races","Both Genders",324,294,"90.7407407400                 ",30,"9.2592592500                  "
"2005","79485","01","3619","0095","04","Elem      ","N","Milwaukee","Burbank Elementary","Grades PreK-12","All Races","Both Genders",517,404,"78.1431334600                 ",113,"21.8568665300                 "
"2005","79505","01","3619","0098","04","Elem      ","N","Milwaukee","Burdick Elementary","Grades PreK-12","All Races","Both Genders",517,236,"45.6479690500                 ",281,"54.3520309400                 "
"2005","75201","01","3619","0100","04","Elem      ","N","Milwaukee","Starms Monumental","Grades PreK-12","All Races","Both Genders",34,31,"91.1764705800                 ",3,"8.8235294100                  "
"2005","79499","01","3619","0101","04","Elem      ","N","Milwaukee","Carleton Elementary","Grades PreK-12","All Races","Both Genders",345,308,"89.2753623100                 ",37,"10.7246376800                 "
"2005","75005","01","3619","0104","04","Elem      ","N","Milwaukee","Cass Street Elementary","Grades PreK-12","All Races","Both Genders",444,433,"97.5225225200                 ",11,"2.4774774700                  "
"2005","75120","01","3619","0108","04","Elem      ","N","Milwaukee","Benjamin Carson Academy of Science","Grades PreK-12","All Races","Both Genders",482,456,"94.6058091200                 ",26,"5.3941908700                  "
"2005","77339","01","3619","0110","04","Elem      ","N","Milwaukee","Clarke Street Elementary","Grades PreK-12","All Races","Both Genders",463,464,"100.2159827200                ",-1,"-0.2159827200                 "
"2005","77378","01","3619","0113","04","Elem      ","N","Milwaukee","Clement Avenue Elementary","Grades PreK-12","All Races","Both Genders",365,240,"65.7534246500                 ",125,"34.2465753400                 "
"2005","77278","01","3619","0114","04","Elem      ","N","Milwaukee","Clemens Elementary","Grades PreK-12","All Races","Both Genders",331,331,"100.0000000000                ",0,"0.0000000000                  "
"2005","77240","01","3619","0116","04","Elem      ","N","Milwaukee","Congress Elementary","Grades PreK-12","All Races","Both Genders",728,600,"82.4175824100                 ",128,"17.5824175800                 "
"2005","77220","01","3619","0117","04","Elem      ","N","Milwaukee","Cooper Elementary","Grades PreK-12","All Races","Both Genders",321,160,"49.8442367600                 ",161,"50.1557632300                 "
"2005","77281","01","3619","0122","04","Elem      ","N","Milwaukee","Curtin Elementary","Grades PreK-12","All Races","Both Genders",281,226,"80.4270462600                 ",55,"19.5729537300                 "
"2005","77282","01","3619","0125","04","Elem      ","N","Milwaukee","Doerfler Elementary","Grades PreK-12","All Races","Both Genders",614,556,"90.5537459200                 ",58,"9.4462540700                  "
"2005","77262","01","3619","0127","04","Elem      ","N","Milwaukee","Douglass Elementary","Grades PreK-12","All Races","Both Genders",157,161,"102.5477707000                ",-4,"-2.5477707000                 "
"2005","80198","01","3619","0130","04","Elem      ","Y","Milwaukee","Westside II El","Grades PreK-12","All Races","Both Genders",350,336,"96.0000000000                 ",14,"4.0000000000                  "
"2005","77379","01","3619","0131","04","Elem      ","N","Milwaukee","Dover Street Elementary","Grades PreK-12","All Races","Both Genders",346,306,"88.4393063500                 ",40,"11.5606936400                 "
"2005","79059","01","3619","0133","04","Elem      ","N","Milwaukee","AGAPE Center for Academic Excellence Par","Grades PreK-12","All Races","Both Genders",181,11,"6.0773480600                  ",170,"93.9226519300                 "
"2005","74950","01","3619","0135","04","Elem      ","N","Milwaukee","Windlake Seeds of Health Elementary Part","Grades PreK-12","All Races","Both Genders",200,153,"76.5000000000                 ",47,"23.5000000000                 "
"2005","75006","01","3619","0140","04","Elem      ","N","Milwaukee","Milwaukee French Immersion","Grades PreK-12","All Races","Both Genders",338,178,"52.6627218900                 ",160,"47.3372781000                 "
"2005","77213","01","3619","0143","04","Elem      ","N","Milwaukee","Eighty-First Street Elementary","Grades PreK-12","All Races","Both Genders",384,303,"78.9062500000                 ",81,"21.0937500000                 "
"2005","79463","01","3619","0146","04","Elem      ","N","Milwaukee","Milwaukee German Immersion","Grades PreK-12","All Races","Both Genders",560,170,"30.3571428500                 ",390,"69.6428571400                 "
"2005","77403","01","3619","0148","04","Elem      ","N","Milwaukee","Elm Creative Arts Elementary","Grades PreK-12","All Races","Both Genders",564,271,"48.0496453900                 ",293,"51.9503546000                 "
"2005","77390","01","3619","0149","04","Elem      ","N","Milwaukee","Starms Early Childhood","Grades PreK-12","All Races","Both Genders",166,182,"109.6385542100                ",-16,"-9.6385542100                 "
"2005","77178","01","3619","0150","04","Elem      ","N","Milwaukee","Emerson Elementary","Grades PreK-12","All Races","Both Genders",224,184,"82.1428571400                 ",40,"17.8571428500                 "
"2005","77179","01","3619","0152","04","Elem      ","N","Milwaukee","Engleburg Elementary","Grades PreK-12","All Races","Both Genders",464,409,"88.1465517200                 ",55,"11.8534482700                 "
"2005","77355","01","3619","0154","04","Elem      ","N","Milwaukee","Thurston Woods Elementary","Grades PreK-12","All Races","Both Genders",472,385,"81.5677966100                 ",87,"18.4322033800                 "
"2005","79468","01","3619","0155","04","Elem      ","Y","Milwaukee","Fairview Elementary","Grades PreK-12","All Races","Both Genders",611,245,"40.0981996700                 ",366,"59.9018003200                 "
"2005","79072","01","3619","0158","04","Elem      ","N","Milwaukee","Fernwood Montessori","Grades PreK-12","All Races","Both Genders",440,154,"35.0000000000                 ",286,"65.0000000000                 "
"2005","79848","01","3619","0162","04","Elem      ","Y","Milwaukee","Academia de Leguage y Bellas - ALBA","Grades PreK-12","All Races","Both Genders",117,118,"100.8547008500                ",-1,"-0.8547008500                 "
"2005","74991","01","3619","0165","04","Elem      ","Y","Milwaukee","IDEAL","Grades PreK-12","All Races","Both Genders",168,124,"73.8095238000                 ",44,"26.1904761900                 "
"2005","77232","01","3619","0167","04","Elem      ","N","Milwaukee","Milwaukee Spanish Immersion","Grades PreK-12","All Races","Both Genders",539,292,"54.1743970300                 ",247,"45.8256029600                 "
"2005","77263","01","3619","0170","04","Elem      ","N","Milwaukee","Fifty-Third Street Elementary","Grades PreK-12","All Races","Both Genders",359,272,"75.7660167100                 ",87,"24.2339832800                 "
"2005","74923","01","3619","0172","04","Elem      ","N","Milwaukee","Garden Homes Montessori","Grades PreK-12","All Races","Both Genders",105,88,"83.8095238000                 ",17,"16.1904761900                 "
"2005","77410","01","3619","0173","04","Elem      ","N","Milwaukee","Forest Home Avenue Elementary","Grades PreK-12","All Races","Both Genders",905,882,"97.4585635300                 ",23,"2.5414364600                  "
"2005","79850","01","3619","0175","04","Elem      ","Y","Milwaukee","Hmong American Peace Academy (HAPA)","Grades PreK-12","All Races","Both Genders",228,192,"84.2105263100                 ",36,"15.7894736800                 "
"2005","77325","01","3619","0176","04","Elem      ","N","Milwaukee","Meir Elementary","Grades PreK-12","All Races","Both Genders",303,117,"38.6138613800                 ",186,"61.3861386100                 "
"2005","79510","01","3619","0179","04","Elem      ","N","Milwaukee","Franklin Elementary","Grades PreK-12","All Races","Both Genders",393,420,"106.8702290000                ",-27,"-6.8702290000                 "
"2005","79488","01","3619","0182","04","Elem      ","N","Milwaukee","Fratney Elementary","Grades PreK-12","All Races","Both Genders",393,301,"76.5903307800                 ",92,"23.4096692100                 "
"2005","77311","01","3619","0185","04","Elem      ","N","Milwaukee","Gaenslen Elementary","Grades PreK-12","All Races","Both Genders",636,553,"86.9496855300                 ",83,"13.0503144600                 "
"2005","79660","01","3619","0186","04","Elem      ","N","Milwaukee","La Causa Inc Early Childhood","Grades PreK-12","All Races","Both Genders",90,12,"13.3333333300                 ",78,"86.6666666600                 "
"2005","77356","01","3619","0188","04","Elem      ","N","Milwaukee","Garden Homes Elementary","Grades PreK-12","All Races","Both Genders",303,285,"94.0594059400                 ",18,"5.9405940500                  "
"2005","79041","01","3619","0189","04","Elem      ","Y","Milwaukee","Carter School of Excellence","Grades PreK-12","All Races","Both Genders",189,,"",,""
"2005","77312","01","3619","0190","04","Elem      ","N","Milwaukee","Garfield Avenue Elementary","Grades PreK-12","All Races","Both Genders",369,348,"94.3089430800                 ",21,"5.6910569100                  "
"2005","77221","01","3619","0191","04","Elem      ","N","Milwaukee","Garland Elementary","Grades PreK-12","All Races","Both Genders",315,214,"67.9365079300                 ",101,"32.0634920600                 "
"2005","77188","01","3619","0192","04","Elem      ","N","Milwaukee","Goodrich Elementary","Grades PreK-12","All Races","Both Genders",377,287,"76.1273209500                 ",90,"23.8726790400                 "
"2005","77283","01","3619","0193","04","Elem      ","N","Milwaukee","Grant Elementary","Grades PreK-12","All Races","Both Genders",650,564,"86.7692307600                 ",86,"13.2307692300                 "
"2005","77180","01","3619","0194","04","Elem      ","N","Milwaukee","River Trail Elementary","Grades PreK-12","All Races","Both Genders",328,259,"78.9634146300                 ",69,"21.0365853600                 "
"2005","74936","01","3619","0195","04","Elem      ","N","Milwaukee","Hilltop Seeds of Health","Grades PreK-12","All Races","Both Genders",21,15,"71.4285714200                 ",6,"28.5714285700                 "
"2005","77241","01","3619","0196","04","Elem      ","N","Milwaukee","Grantosa Drive Elementary","Grades PreK-12","All Races","Both Genders",626,531,"84.8242811500                 ",95,"15.1757188400                 "
"2005","77189","01","3619","0197","04","Elem      ","N","Milwaukee","Granville Elementary","Grades PreK-12","All Races","Both Genders",189,185,"97.8835978800                 ",4,"2.1164021100                  "
"2005","74937","01","3619","0198","04","Elem      ","N","Milwaukee","Parkside Seeds of Health","Grades PreK-12","All Races","Both Genders",13,9,"69.2307692300                 ",4,"30.7692307600                 "
"2005","77382","01","3619","0199","04","Elem      ","N","Milwaukee","Green Bay Avenue Elementary","Grades PreK-12","All Races","Both Genders",404,371,"91.8316831600                 ",33,"8.1683168300                  "
"2005","79056","01","3619","0201","04","Mid/Jr Hi ","Y","Milwaukee","Northern Star School","Grades PreK-12","All Races","Both Genders",37,28,"75.6756756700                 ",9,"24.3243243200                 "
"2005","77284","01","3619","0202","04","Elem      ","N","Milwaukee","Greenfield Bilingual","Grades PreK-12","All Races","Both Genders",613,581,"94.7797716100                 ",32,"5.2202283800                  "
"2005","77242","01","3619","0205","04","Elem      ","N","Milwaukee","Hampton Elementary","Grades PreK-12","All Races","Both Genders",412,407,"98.7864077600                 ",5,"1.2135922300                  "
"2005","75001","01","3619","0206","04","Elem      ","N","Milwaukee","Happy Hill Elementary","Grades PreK-12","All Races","Both Genders",274,252,"91.9708029100                 ",22,"8.0291970800                  "
"2005","77330","01","3619","0208","04","Elem      ","N","Milwaukee","Hartford Avenue Elementary","Grades PreK-12","All Races","Both Genders",649,411,"63.3281972200                 ",238,"36.6718027700                 "
"2005","77317","01","3619","0211","04","Elem      ","N","Milwaukee","Hawley Road Elementary","Grades PreK-12","All Races","Both Genders",304,205,"67.4342105200                 ",99,"32.5657894700                 "
"2005","77357","01","3619","0212","04","Elem      ","N","Milwaukee","Hawthorne Elementary","Grades PreK-12","All Races","Both Genders",324,337,"104.0123456700                ",-13,"-4.0123456700                 "
"2005","75309","01","3619","0214","04","Elem      ","N","Milwaukee","Hayes City-Wide Bilingual Sch","Grades PreK-12","All Races","Both Genders",382,365,"95.5497382100                 ",17,"4.4502617800                  "
"2005","77371","01","3619","0217","04","Elem      ","N","Milwaukee","Hi-Mount Boulevard Elementary","Grades PreK-12","All Races","Both Genders",448,406,"90.6250000000                 ",42,"9.3750000000                  "
"2005","77313","01","3619","0218","04","Elem      ","N","Milwaukee","Holmes Elementary","Grades PreK-12","All Races","Both Genders",428,428,"100.0000000000                ",0,"0.0000000000                  "
"2005","77383","01","3619","0220","04","Elem      ","N","Milwaukee","Hopkins Street Elementary","Grades PreK-12","All Races","Both Genders",460,434,"94.3478260800                 ",26,"5.6521739100                  "
"2005","77380","01","3619","0223","04","Elem      ","Y","Milwaukee","Humboldt Park Elementary","Grades PreK-12","All Races","Both Genders",568,400,"70.4225352100                 ",168,"29.5774647800                 "
"2005","77199","01","3619","0226","04","Elem      ","N","Milwaukee","Milwaukee Sign Language Elementary","Grades PreK-12","All Races","Both Genders",576,444,"77.0833333300                 ",132,"22.9166666600                 "
"2005","77411","01","3619","0232","04","Elem      ","N","Milwaukee","Kagel Elementary","Grades PreK-12","All Races","Both Genders",315,317,"100.6349206300                ",-2,"-0.6349206300                 "
"2005","79507","01","3619","0235","04","Elem      ","N","Milwaukee","Keefe Avenue Elementary","Grades PreK-12","All Races","Both Genders",393,376,"95.6743002500                 ",17,"4.3256997400                  "
"2005","79117","01","3619","0236","04","High      ","N","Milwaukee","Kilmer South Alternative High","Grades PreK-12","All Races","Both Genders",399,197,"49.3734335800                 ",202,"50.6265664100                 "
"2005","77243","01","3619","0237","04","Elem      ","N","Milwaukee","Kilbourn Elementary","Grades PreK-12","All Races","Both Genders",321,264,"82.2429906500                 ",57,"17.7570093400                 "
"2005","77384","01","3619","0238","04","Elem      ","N","Milwaukee","LaFollette Elementary","Grades PreK-12","All Races","Both Genders",403,376,"93.3002481300                 ",27,"6.6997518600                  "
"2005","75244","01","3619","0240","04","High      ","N","Milwaukee","Project STAY","Grades PreK-12","All Races","Both Genders",94,57,"60.6382978700                 ",37,"39.3617021200                 "
"2005","79471","01","3619","0241","04","Elem      ","N","Milwaukee","Lancaster Elementary","Grades PreK-12","All Races","Both Genders",473,476,"100.6342494700                ",-3,"-0.6342494700                 "
"2005","77385","01","3619","0244","04","Elem      ","N","Milwaukee","Lee Elementary","Grades PreK-12","All Races","Both Genders",395,379,"95.9493670800                 ",16,"4.0506329100                  "
"2005","79482","01","3619","0250","04","Elem      ","N","Milwaukee","Lincoln Avenue Elementary","Grades PreK-12","All Races","Both Genders",660,622,"94.2424242400                 ",38,"5.7575757500                  "
"2005","77391","01","3619","0253","04","Elem      ","N","Milwaukee","Lloyd Street Elementary","Grades PreK-12","All Races","Both Genders",585,498,"85.1282051200                 ",87,"14.8717948700                 "
"2005","79514","01","3619","0256","04","Elem      ","N","Milwaukee","Longfellow Elementary","Grades PreK-12","All Races","Both Genders",558,583,"104.4802867300                ",-25,"-4.4802867300                 "
"2005","79465","01","3619","0257","04","Elem      ","N","Milwaukee","Lowell Elementary","Grades PreK-12","All Races","Both Genders",269,205,"76.2081784300                 ",64,"23.7918215600                 "
"2005","77159","01","3619","0261","04","Elem      ","N","Milwaukee","MacDowell Montessori Elementary","Grades PreK-12","All Races","Both Genders",524,312,"59.5419847300                 ",212,"40.4580152600                 "
"2005","77285","01","3619","0265","04","Elem      ","N","Milwaukee","Manitoba Elementary","Grades PreK-12","All Races","Both Genders",484,301,"62.1900826400                 ",183,"37.8099173500                 "
"2005","77190","01","3619","0267","04","Elem      ","N","Milwaukee","Maple Tree Elementary","Grades PreK-12","All Races","Both Genders",372,332,"89.2473118200                 ",40,"10.7526881700                 "
"2005","79494","01","3619","0268","04","Elem      ","N","Milwaukee","Maryland Avenue Elementary","Grades PreK-12","All Races","Both Genders",316,175,"55.3797468300                 ",141,"44.6202531600                 "
"2005","77397","01","3619","0274","04","Elem      ","N","Milwaukee","Mitchell Elementary","Grades PreK-12","All Races","Both Genders",758,723,"95.3825857500                 ",35,"4.6174142400                  "
"2005","77222","01","3619","0277","04","Elem      ","N","Milwaukee","Morgandale Elementary","Grades PreK-12","All Races","Both Genders",430,307,"71.3953488300                 ",123,"28.6046511600                 "
"2005","79132","01","3619","0282","04","High      ","N","Milwaukee","Career Youth Development School of Excel","Grades PreK-12","All Races","Both Genders",41,42,"102.4390243900                ",-1,"-2.4390243900                 "
"2005","77372","01","3619","0283","04","Elem      ","N","Milwaukee","Neeskara Elementary","Grades PreK-12","All Races","Both Genders",419,298,"71.1217183700                 ",121,"28.8782816200                 "
"2005","77214","01","3619","0289","04","Elem      ","N","Milwaukee","Ninety-Fifth Street Elementary","Grades PreK-12","All Races","Both Genders",302,128,"42.3841059600                 ",174,"57.6158940300                 "
"2005","77286","01","3619","0295","04","Elem      ","N","Milwaukee","Zablocki Elementary","Grades PreK-12","All Races","Both Genders",593,467,"78.7521079200                 ",126,"21.2478920700                 "
"2005","74908","01","3619","0296","04","Mid/Jr Hi ","N","Milwaukee","Lad Lake Synergy South Middle Sch","Grades PreK-12","All Races","Both Genders",10,15,"150.0000000000                ",-5,"-50.0000000000                "
"2005","74907","01","3619","0297","04","Mid/Jr Hi ","N","Milwaukee","HR Academy of Business Middle School","Grades PreK-12","All Races","Both Genders",1,4,"400.0000000000                ",-3,"-300.0000000000               "
"2005","79489","01","3619","0298","04","Elem      ","N","Milwaukee","Palmer Elementary","Grades PreK-12","All Races","Both Genders",188,222,"118.0851063800                ",-34,"-18.0851063800                "
"2005","79052","01","3619","0299","04","Mid/Jr Hi ","N","Milwaukee","NOVA Middle","Grades PreK-12","All Races","Both Genders",44,38,"86.3636363600                 ",6,"13.6363636300                 "
"2005","79455","01","3619","0301","04","Elem      ","N","Milwaukee","Parkview Elementary","Grades PreK-12","All Races","Both Genders",412,326,"79.1262135900                 ",86,"20.8737864000                 "
"2005","77343","01","3619","0304","04","Elem      ","N","Milwaukee","Philipp Elementary","Grades PreK-12","All Races","Both Genders",200,171,"85.5000000000                 ",29,"14.5000000000                 "
"2005","77314","01","3619","0307","04","Elem      ","N","Milwaukee","Pierce Elementary","Grades PreK-12","All Races","Both Genders",555,534,"96.2162162100                 ",21,"3.7837837800                  "
"2005","77392","01","3619","0311","04","Elem      ","N","Milwaukee","Urban Waldorf Elementary","Grades PreK-12","All Races","Both Genders",502,485,"96.6135458100                 ",17,"3.3864541800                  "
"2005","75311","01","3619","0312","04","Elem      ","N","Milwaukee","Starms Discovery Learning Center","Grades PreK-12","All Races","Both Genders",442,372,"84.1628959200                 ",70,"15.8371040700                 "
"2005","79506","01","3619","0313","04","Elem      ","N","Milwaukee","Riley Elementary","Grades PreK-12","All Races","Both Genders",650,639,"98.3076923000                 ",11,"1.6923076900                  "
"2005","75008","01","3619","0315","04","El/Sec    ","N","Milwaukee","Milwaukee County Youth Education Center","Grades PreK-12","All Races","Both Genders",67,4,"5.9701492500                  ",63,"94.0298507400                 "
"2005","77229","01","3619","0316","04","Elem      ","N","Milwaukee","Academy of Accelerated Learning","Grades PreK-12","All Races","Both Genders",540,346,"64.0740740700                 ",194,"35.9259259200                 "
"2005","77340","01","3619","0319","04","Elem      ","N","Milwaukee","Sherman Elementary","Grades PreK-12","All Races","Both Genders",708,596,"84.1807909600                 ",112,"15.8192090300                 "
"2005","79509","01","3619","0322","04","Elem      ","Y","Milwaukee","Siefert Elementary","Grades PreK-12","All Races","Both Genders",429,408,"95.1048951000                 ",21,"4.8951048900                  "
"2005","79496","01","3619","0325","04","Elem      ","N","Milwaukee","Silver Spring Elementary","Grades PreK-12","All Races","Both Genders",283,245,"86.5724381600                 ",38,"13.4275618300                 "
"2005","75245","01","3619","0328","04","Elem      ","N","Milwaukee","Sixty-Eight Street Early Childhood","Grades PreK-12","All Races","Both Genders",119,94,"78.9915966300                 ",25,"21.0084033600                 "
"2005","77264","01","3619","0331","04","Elem      ","N","Milwaukee","Sixty-Fifth Street Elementary","Grades PreK-12","All Races","Both Genders",371,318,"85.7142857100                 ",53,"14.2857142800                 "
"2005","77230","01","3619","0334","04","Elem      ","N","Milwaukee","Honey Creek Elementary","Grades PreK-12","All Races","Both Genders",368,159,"43.2065217300                 ",209,"56.7934782600                 "
"2005","77244","01","3619","0337","04","Elem      ","N","Milwaukee","Kluge Elementary","Grades PreK-12","All Races","Both Genders",390,385,"98.7179487100                 ",5,"1.2820512800                  "
"2005","79855","01","3619","0341","04","Mid/Jr Hi ","Y","Milwaukee","Preparatory School for Global Leadership","Grades PreK-12","All Races","Both Genders",38,35,"92.1052631500                 ",3,"7.8947368400                  "
"2005","79504","01","3619","0343","04","Elem      ","N","Milwaukee","Story Elementary","Grades PreK-12","All Races","Both Genders",484,468,"96.6942148700                 ",16,"3.3057851200                  "
"2005","79458","01","3619","0344","04","Elem      ","N","Milwaukee","Stuart Elementary","Grades PreK-12","All Races","Both Genders",331,270,"81.5709969700                 ",61,"18.4290030200                 "
"2005","77341","01","3619","0347","04","Elem      ","N","Milwaukee","Thirty-Eighth Street Elementary","Grades PreK-12","All Races","Both Genders",301,289,"96.0132890300                 ",12,"3.9867109600                  "
"2005","77344","01","3619","0350","04","Elem      ","N","Milwaukee","Thirty-Fifth Street Elementary","Grades PreK-12","All Races","Both Genders",229,199,"86.8995633100                 ",30,"13.1004366800                 "
"2005","77373","01","3619","0353","04","Elem      ","Y","Milwaukee","Westside I Elementary","Grades PreK-12","All Races","Both Genders",338,301,"89.0532544300                 ",37,"10.9467455600                 "
"2005","79500","01","3619","0356","04","Elem      ","N","Milwaukee","Thirty-Seventh Street Elementary","Grades PreK-12","All Races","Both Genders",228,278,"121.9298245600                ",-50,"-21.9298245600                "
"2005","77200","01","3619","0360","04","Elem      ","N","Milwaukee","Thoreau Elementary","Grades PreK-12","All Races","Both Genders",569,457,"80.3163444600                 ",112,"19.6836555300                 "
"2005","77381","01","3619","0362","04","Elem      ","N","Milwaukee","Tippecanoe Elementary","Grades PreK-12","All Races","Both Genders",287,105,"36.5853658500                 ",182,"63.4146341400                 "
"2005","79477","01","3619","0365","04","Elem      ","N","Milwaukee","Townsend Street Elementary","Grades PreK-12","All Races","Both Genders",475,445,"93.6842105200                 ",30,"6.3157894700                  "
"2005","77366","01","3619","0368","04","Elem      ","N","Milwaukee","Trowbridge Street Elementary","Grades PreK-12","All Races","Both Genders",256,193,"75.3906250000                 ",63,"24.6093750000                 "
"2005","77386","01","3619","0374","04","Elem      ","N","Milwaukee","Wheatley Elementary","Grades PreK-12","All Races","Both Genders",333,305,"91.5915915900                 ",28,"8.4084084000                  "
"2005","77387","01","3619","0377","04","Elem      ","N","Milwaukee","Twenty-First Street Elementary","Grades PreK-12","All Races","Both Genders",371,361,"97.3045822100                 ",10,"2.6954177800                  "
"2005","77345","01","3619","0380","04","Elem      ","N","Milwaukee","McNair Elementary","Grades PreK-12","All Races","Both Genders",313,275,"87.8594249200                 ",38,"12.1405750700                 "
"2005","78985","01","3619","0387","04","Elem      ","N","Milwaukee","Victory Elementary","Grades PreK-12","All Races","Both Genders",478,326,"68.2008368200                 ",152,"31.7991631700                 "
"2005","77398","01","3619","0390","04","Elem      ","N","Milwaukee","Vieau Elementary","Grades PreK-12","All Races","Both Genders",668,633,"94.7604790400                 ",35,"5.2395209500                  "
"2005","77231","01","3619","0397","04","Elem      ","N","Milwaukee","Whitman Elementary","Grades PreK-12","All Races","Both Genders",377,243,"64.4562334200                 ",134,"35.5437665700                 "
"2005","77367","01","3619","0398","04","Elem      ","Y","Milwaukee","Whittier Elementary","Grades PreK-12","All Races","Both Genders",211,43,"20.3791469100                 ",168,"79.6208530800                 "
"2005","75310","01","3619","0399","04","El/Sec    ","N","Milwaukee","WI Conservatory of Lifelong Learning","Grades PreK-12","All Races","Both Genders",694,536,"77.2334293900                 ",158,"22.7665706000                 "
"2005","77358","01","3619","0401","04","Elem      ","N","Milwaukee","Wisconsin Avenue Elementary","Grades PreK-12","All Races","Both Genders",531,493,"92.8436911400                 ",38,"7.1563088500                  "
"2005","75224","01","3619","0404","04","High      ","N","Milwaukee","Project School to Work","Grades PreK-12","All Races","Both Genders",23,12,"52.1739130400                 ",11,"47.8260869500                 "
"2005","74949","01","3619","0405","04","High      ","N","Milwaukee","Learning Enterprise of Wisconsin","Grades PreK-12","All Races","Both Genders",158,78,"49.3670886000                 ",80,"50.6329113900                 "
"2005","79062","01","3619","0410","04","High      ","N","Milwaukee","Grandview Alternative High Part","Grades PreK-12","All Races","Both Genders",228,122,"53.5087719200                 ",106,"46.4912280700                 "
"2005","79849","01","3619","0412","04","High      ","Y","Milwaukee","Advanced Language and Academic Studies","Grades PreK-12","All Races","Both Genders",269,242,"89.9628252700                 ",27,"10.0371747200                 "
"2005","75007","01","3619","0414","04","El/Sec    ","N","Milwaukee","Lady Pitts School Age Parent","Grades PreK-12","All Races","Both Genders",149,105,"70.4697986500                 ",44,"29.5302013400                 "
"2005","79847","01","3619","0416","04","High      ","Y","Milwaukee","Community High School","Grades PreK-12","All Races","Both Genders",84,71,"84.5238095200                 ",13,"15.4761904700                 "
"2005","79845","01","3619","0418","04","High      ","Y","Milwaukee","School of Humanities","Grades PreK-12","All Races","Both Genders",143,144,"100.6993006900                ",-1,"-0.6993006900                 "
"2005","74990","01","3619","0420","04","High      ","Y","Milwaukee","Phoenix High Sch","Grades PreK-12","All Races","Both Genders",134,107,"79.8507462600                 ",27,"20.1492537300                 "
"2005","79856","01","3619","0422","04","High      ","Y","Milwaukee","Community Trade and Business Center-CTBC","Grades PreK-12","All Races","Both Genders",39,34,"87.1794871700                 ",5,"12.8205128200                 "
"2005","74981","01","3619","0425","04","High      ","Y","Milwaukee","Learning Enterprise Voc & Trng Inst","Grades PreK-12","All Races","Both Genders",78,41,"52.5641025600                 ",37,"47.4358974300                 "
"2005","74982","01","3619","0430","04","High      ","Y","Milwaukee","Veritas High","Grades PreK-12","All Races","Both Genders",170,80,"47.0588235200                 ",90,"52.9411764700                 "
"2005","79035","01","3619","0435","04","High      ","N","Milwaukee","Town of Lake College Prep","Grades PreK-12","All Races","Both Genders",275,172,"62.5454545400                 ",103,"37.4545454500                 "
"2005","79844","01","3619","0438","04","High      ","Y","Milwaukee","Truth Institute for Leadership and Serv","Grades PreK-12","All Races","Both Genders",120,106,"88.3333333300                 ",14,"11.6666666600                 "
"2005","74934","01","3619","0440","04","High      ","Y","Milwaukee","Afro Urban Institute","Grades PreK-12","All Races","Both Genders",144,,"",,""
"2005","79657","01","3619","0445","04","High      ","Y","Milwaukee","New Hope Inst of Science & Technology","Grades PreK-12","All Races","Both Genders",150,151,"100.6666666600                ",-1,"-0.6666666600                 "
"2005","79040","01","3619","0450","04","High      ","Y","Milwaukee","Professional Learning Institute","Grades PreK-12","All Races","Both Genders",131,78,"59.5419847300                 ",53,"40.4580152600                 "
"2005","79846","01","3619","0452","04","High      ","Y","Milwaukee","Genesis Sch Bus/Tech/Trade/Health/HServ","Grades PreK-12","All Races","Both Genders",184,175,"95.1086956500                 ",9,"4.8913043400                  "
"2005","79075","01","3619","0458","04","High      ","N","Milwaukee","Project Stay Senior Institute","Grades PreK-12","All Races","Both Genders",168,122,"72.6190476100                 ",46,"27.3809523800                 "
"2005","79876","01","3619","0462","04","High      ","Y","Milwaukee","CITIES Project High School","Grades PreK-12","All Races","Both Genders",67,31,"46.2686567100                 ",36,"53.7313432800                 "
"2005","75225","01","3619","0484","04","Elem      ","N","Milwaukee","Headstart - Central Services Building","Grades PreK-12","All Races","Both Genders",151,,"",,""
"2005","75271","01","3619","0500","04","High      ","N","Milwaukee","Metropolitan High","Grades PreK-12","All Races","Both Genders",239,207,"86.6108786600                 ",32,"13.3891213300                 "
"2005","75272","01","3619","0501","04","Elem      ","N","Milwaukee","Craig Montessori School","Grades PreK-12","All Races","Both Genders",443,214,"48.3069977400                 ",229,"51.6930022500                 "
"2005","75053","01","3619","0525","04","Elem      ","N","Milwaukee","Metcalfe Elementary","Grades PreK-12","All Races","Both Genders",384,400,"104.1666666600                ",-16,"-4.1666666600                 "
"2005","74964","01","3619","0805","04","El/Sec    ","N","Milwaukee","St Charles Intensive Day Treatment","Grades PreK-12","All Races","Both Genders",20,11,"55.0000000000                 ",9,"45.0000000000                 "
"2005","75047","01","3619","0810","04","El/Sec    ","Y","Milwaukee","Wisconsin Career Academy","Grades PreK-12","All Races","Both Genders",328,151,"46.0365853600                 ",177,"53.9634146300                 "
"2005","74933","01","3619","0825","04","El/Sec    ","N","Milwaukee","St Charles Behav Reassign Success Acad","Grades PreK-12","All Races","Both Genders",10,14,"140.0000000000                ",-4,"-40.0000000000                "
"2005","74935","01","3619","0830","04","El/Sec    ","Y","Milwaukee","Wings Academy","Grades PreK-12","All Races","Both Genders",64,40,"62.5000000000                 ",24,"37.5000000000                 "
"2005","77160","01","3619","0852","04","Elem      ","Y","Milwaukee","Highland Community Sch","Grades PreK-12","All Races","Both Genders",108,38,"35.1851851800                 ",70,"64.8148148100                 "
"2005","79078","01","3619","0860","04","El/Sec    ","Y","Milwaukee","Milwaukee Leadership Training Center","Grades PreK-12","All Races","Both Genders",103,89,"86.4077669900                 ",14,"13.5922330000                 "
"2005","75257","01","3619","1049","04","High      ","N","Milwaukee","HR Academy/Global Awareness High Sch","Grades PreK-12","All Races","Both Genders",103,53,"51.4563106700                 ",50,"48.5436893200                 "
"2005","75258","01","3619","1052","04","Elem      ","Y","Milwaukee","Bruce Guadalupe Community School","Grades PreK-12","All Races","Both Genders",749,92,"12.2830440500                 ",657,"87.7169559400                 "
"2005","75259","01","3619","1053","04","Elem      ","N","Milwaukee","Bruce Guadalupe Headstart North","Grades PreK-12","All Races","Both Genders",15,,"",,""
"2005","75263","01","3619","1063","04","High      ","N","Milwaukee","ASSATA","Grades PreK-12","All Races","Both Genders",101,71,"70.2970297000                 ",30,"29.7029702900                 "
"2005","75264","01","3619","1064","04","High      ","N","Milwaukee","Aurora Weier Educational Cente","Grades PreK-12","All Races","Both Genders",69,34,"49.2753623100                 ",35,"50.7246376800                 "
"2005","75249","01","3619","1065","04","Mid/Jr Hi ","N","Milwaukee","Fritsche (LEAP)","Grades PreK-12","All Races","Both Genders",59,56,"94.9152542300                 ",3,"5.0847457600                  "
"2005","75250","01","3619","1066","04","High      ","N","Milwaukee","Loyola Academy","Grades PreK-12","All Races","Both Genders",91,31,"34.0659340600                 ",60,"65.9340659300                 "
"2005","79119","01","3619","1067","04","High      ","N","Milwaukee","MATC-Project Hold","Grades PreK-12","All Races","Both Genders",71,19,"26.7605633800                 ",52,"73.2394366100                 "
"2005","75251","01","3619","1068","04","High      ","N","Milwaukee","Spotted Eagle High (MAAIC)","Grades PreK-12","All Races","Both Genders",96,66,"68.7500000000                 ",30,"31.2500000000                 "
"2005","75252","01","3619","1069","04","High      ","N","Milwaukee","Milwaukee Spectrum School","Grades PreK-12","All Races","Both Genders",101,44,"43.5643564300                 ",57,"56.4356435600                 "
"2005","75253","01","3619","1071","04","High      ","N","Milwaukee","Cornerstone Achievement Academy Inc","Grades PreK-12","All Races","Both Genders",90,61,"67.7777777700                 ",29,"32.2222222200                 "
"2005","75254","01","3619","1072","04","High      ","N","Milwaukee","NOVA High","Grades PreK-12","All Races","Both Genders",49,42,"85.7142857100                 ",7,"14.2857142800                 "
"2005","79120","01","3619","1073","04","El/Sec    ","N","Milwaukee","Project Excel","Grades PreK-12","All Races","Both Genders",16,13,"81.2500000000                 ",3,"18.7500000000                 "
"2005","75255","01","3619","1074","04","High      ","N","Milwaukee","Shalom High","Grades PreK-12","All Races","Both Genders",102,41,"40.1960784300                 ",61,"59.8039215600                 "
"2005","75240","01","3619","1075","04","Mid/Jr Hi ","N","Milwaukee","Silver Spring Neighborhood","Grades PreK-12","All Races","Both Genders",80,56,"70.0000000000                 ",24,"30.0000000000                 "
"2005","75241","01","3619","1077","04","Mid/Jr Hi ","N","Milwaukee","Walker (SWELL)","Grades PreK-12","All Races","Both Genders",47,54,"114.8936170200                ",-7,"-14.8936170200                "
"2005","75242","01","3619","1078","04","El/Sec    ","N","Milwaukee","Lad Lake Ultra","Grades PreK-12","All Races","Both Genders",11,8,"72.7272727200                 ",3,"27.2727272700                 "
"2005","75243","01","3619","1079","04","Mid/Jr Hi ","N","Milwaukee","Sixth Street Academy","Grades PreK-12","All Races","Both Genders",86,,"",,""
"2005","78986","01","3619","1085","04","El/Sec    ","N","Milwaukee","St Charles Youth & Family Ex Ed","Grades PreK-12","All Races","Both Genders",38,33,"86.8421052600                 ",5,"13.1578947300                 "
"2005","75233","01","3619","1086","04","Mid/Jr Hi ","N","Milwaukee","Southeastern Education Center","Grades PreK-12","All Races","Both Genders",9,16,"177.7777777700                ",-7,"-77.7777777700                "
"2005","75227","01","3619","1091","04","Elem      ","N","Milwaukee","V E Carter Child Development","Grades PreK-12","All Races","Both Genders",67,64,"95.5223880500                 ",3,"4.4776119400                  "
"2005","75203","01","3619","1117","04","Mid/Jr Hi ","N","Milwaukee","HR Educational Possentem","Grades PreK-12","All Races","Both Genders",57,29,"50.8771929800                 ",28,"49.1228070100                 "
"2005","75204","01","3619","1118","04","High      ","N","Milwaukee","El Puente High","Grades PreK-12","All Races","Both Genders",103,45,"43.6893203800                 ",58,"56.3106796100                 "
"2005","75205","01","3619","1121","04","Elem      ","Y","Milwaukee","La Causa Charter School","Grades PreK-12","All Races","Both Genders",410,110,"26.8292682900                 ",300,"73.1707317000                 "
"2005","79107","01","3619","1141","04","Elem      ","N","Milwaukee","Next Door Foundation","Grades PreK-12","All Races","Both Genders",94,30,"31.9148936100                 ",64,"68.0851063800                 "
"2005","75121","01","3619","1202","04","High      ","N","Milwaukee","WI Transition Success Center","Grades PreK-12","All Races","Both Genders",6,2,"33.3333333300                 ",4,"66.6666666600                 "
"2005","75037","01","3619","1257","04","Elem      ","N","Milwaukee","MPS Expansion Childhood Center","Grades PreK-12","All Races","Both Genders",16,,"",,""
"2005","75248","01","3619","1641","04","High      ","N","Milwaukee","Lad Lake Synergy North HS","Grades PreK-12","All Races","Both Genders",27,40,"148.1481481400                ",-13,"-48.1481481400                "
"2005","79536","01","3822","","03","Elem      ","N","Mukwonago","","Elementary School Type/ Prek-12","All Races","Both Genders",2535,177,"6.9822485200                  ",2358,"93.0177514700                 "
"2005","79536","01","3822","","03","Mid/Jr Hi ","N","Mukwonago","","Middle/Junior High School Type/ Prek-12","All Races","Both Genders",803,62,"7.7210460700                  ",741,"92.2789539200                 "
"2005","79536","01","3822","","03","High      ","N","Mukwonago","","High School Type/ PreK-12","All Races","Both Genders",1768,62,"3.5067873300                  ",1706,"96.4932126600                 "
"2005","79536","01","3822","","03","El/Sec    ","N","Mukwonago","","Combined Elementary/Secondary School Type/ Prek-12","All Races","Both Genders",0,0,"--                            ",0,"--                            "
"2005","79536","01","3822","","03","Summary   ","N","Mukwonago","","Grades PreK-12","All Races","Both Genders",5106,301,"5.8950254600                  ",4805,"94.1049745300                 "
"2005","79572","01","3822","0020","04","Elem      ","N","Mukwonago","Big Bend Elementary","Grades PreK-12","All Races","Both Genders",462,33,"7.1428571400                  ",429,"92.8571428500                 "
"2005","77532","01","3822","0030","04","Elem      ","N","Mukwonago","Clarendon Avenue Elementary","Grades PreK-12","All Races","Both Genders",561,72,"12.8342245900                 ",489,"87.1657754000                 "
"2005","77533","01","3822","0060","04","High      ","N","Mukwonago","Mukwonago High","Grades PreK-12","All Races","Both Genders",1768,62,"3.5067873300                  ",1706,"96.4932126600                 "
"2005","77534","01","3822","0065","04","Mid/Jr Hi ","N","Mukwonago","Park View Middle","Grades PreK-12","All Races","Both Genders",803,62,"7.7210460700                  ",741,"92.2789539200                 "
"2005","77535","01","3822","0070","04","Elem      ","N","Mukwonago","Prairie View Elementary","Grades PreK-12","All Races","Both Genders",457,24,"5.2516411300                  ",433,"94.7483588600                 "
"2005","77536","01","3822","0080","04","Elem      ","N","Mukwonago","Section Elementary","Grades PreK-12","All Races","Both Genders",392,11,"2.8061224400                  ",381,"97.1938775500                 "
"2005","75081","01","3822","0100","04","Elem      ","N","Mukwonago","Rolling Hills Elementary","Grades PreK-12","All Races","Both Genders",567,33,"5.8201058200                  ",534,"94.1798941700                 "
"2005","79713","01","3822","0110","04","Elem      ","Y","Mukwonago","Eagleville Charter School","Grades PreK-12","All Races","Both Genders",96,4,"4.1666666600                  ",92,"95.8333333300                 "
"2005","77515","01","3857","","03","Elem      ","N","Muskego-Norway","","Elementary School Type/ Prek-12","All Races","Both Genders",1627,69,"4.2409342300                  ",1558,"95.7590657600                 "
"2005","77515","01","3857","","03","Mid/Jr Hi ","N","Muskego-Norway","","Middle/Junior High School Type/ Prek-12","All Races","Both Genders",1433,75,"5.2337752900                  ",1358,"94.7662247000                 "
"2005","77515","01","3857","","03","High      ","N","Muskego-Norway","","High School Type/ PreK-12","All Races","Both Genders",1706,56,"3.2825322300                  ",1650,"96.7174677600                 "
"2005","77515","01","3857","","03","El/Sec    ","N","Muskego-Norway","","Combined Elementary/Secondary School Type/ Prek-12","All Races","Both Genders",0,0,"--                            ",0,"--                            "
"2005","77515","01","3857","","03","Summary   ","N","Muskego-Norway","","Grades PreK-12","All Races","Both Genders",4766,200,"4.1963911000                  ",4566,"95.8036088900                 "
"2005","77524","01","3857","0010","04","Mid/Jr Hi ","N","Muskego-Norway","Bay Lane Middle","Grades PreK-12","All Races","Both Genders",658,24,"3.6474164100                  ",634,"96.3525835800                 "
"2005","77525","01","3857","0020","04","Elem      ","N","Muskego-Norway","Country Meadows Elementary","Grades PreK-12","All Races","Both Genders",289,4,"1.3840830400                  ",285,"98.6159169500                 "
"2005","77451","01","3857","0080","04","Elem      ","N","Muskego-Norway","Lakeview Elementary","Grades PreK-12","All Races","Both Genders",384,22,"5.7291666600                  ",362,"94.2708333300                 "
"2005","77526","01","3857","0100","04","Elem      ","N","Muskego-Norway","Mill Valley Elementary","Grades PreK-12","All Races","Both Genders",361,14,"3.8781163400                  ",347,"96.1218836500                 "
"2005","79537","01","3857","0140","04","Elem      ","N","Muskego-Norway","Muskego Elementary","Grades PreK-12","All Races","Both Genders",239,8,"3.3472803300                  ",231,"96.6527196600                 "
"2005","77527","01","3857","0180","04","High      ","N","Muskego-Norway","Muskego High","Grades PreK-12","All Races","Both Genders",1706,56,"3.2825322300                  ",1650,"96.7174677600                 "
"2005","75126","01","3857","0200","04","Mid/Jr Hi ","N","Muskego-Norway","Lake Denoon Middle","Grades PreK-12","All Races","Both Genders",775,51,"6.5806451600                  ",724,"93.4193548300                 "
"2005","79533","01","3857","0220","04","Elem      ","N","Muskego-Norway","Tess Corners Elementary","Grades PreK-12","All Races","Both Genders",354,21,"5.9322033800                  ",333,"94.0677966100                 "
"2005","78958","01","3862","","03","Elem      ","N","Lake Country","","Elementary School Type/ Prek-12","All Races","Both Genders",514,19,"3.6964980500                  ",495,"96.3035019400                 "
"2005","78958","01","3862","","03","Mid/Jr Hi ","N","Lake Country","","Middle/Junior High School Type/ Prek-12","All Races","Both Genders",0,0,"--                            ",0,"--                            "
"2005","78958","01","3862","","03","High      ","N","Lake Country","","High School Type/ PreK-12","All Races","Both Genders",0,0,"--                            ",0,"--                            "
"2005","78958","01","3862","","03","El/Sec    ","N","Lake Country","","Combined Elementary/Secondary School Type/ Prek-12","All Races","Both Genders",0,0,"--                            ",0,"--                            "
"2005","78958","01","3862","","03","Summary   ","N","Lake Country","","Grades PreK-12","All Races","Both Genders",514,19,"3.6964980500                  ",495,"96.3035019400                 "
"2005","77906","01","3862","0030","04","Elem      ","N","Lake Country","Lake Country Sch","Grades PreK-12","All Races","Both Genders",514,19,"3.6964980500                  ",495,"96.3035019400                 "
"2005","79532","01","3925","","03","Elem      ","N","New Berlin","","Elementary School Type/ Prek-12","All Races","Both Genders",2309,144,"6.2364660000                  ",2165,"93.7635339900                 "
"2005","79532","01","3925","","03","Mid/Jr Hi ","N","New Berlin","","Middle/Junior High School Type/ Prek-12","All Races","Both Genders",708,50,"7.0621468900                  ",658,"92.9378531000                 "
"2005","79532","01","3925","","03","High      ","N","New Berlin","","High School Type/ PreK-12","All Races","Both Genders",1618,84,"5.1915945600                  ",1534,"94.8084054300                 "
"2005","79532","01","3925","","03","El/Sec    ","N","New Berlin","","Combined Elementary/Secondary School Type/ Prek-12","All Races","Both Genders",0,0,"--                            ",0,"--                            "
"2005","79532","01","3925","","03","Summary   ","N","New Berlin","","Grades PreK-12","All Races","Both Genders",4635,278,"5.9978425000                  ",4357,"94.0021574900                 "
"2005","79541","01","3925","0040","04","Elem      ","N","New Berlin","Poplar Creek Elementary","Grades PreK-12","All Races","Both Genders",464,63,"13.5775862000                 ",401,"86.4224137900                 "
"2005","79534","01","3925","0050","04","High      ","N","New Berlin","Eisenhower High","Grades PreK-12","All Races","Both Genders",839,28,"3.3373063100                  ",811,"96.6626936800                 "
"2005","77516","01","3925","0055","04","Mid/Jr Hi ","N","New Berlin","Eisenhower Middle","Grades PreK-12","All Races","Both Genders",379,17,"4.4854881200                  ",362,"95.5145118700                 "
"2005","77517","01","3925","0060","04","Elem      ","N","New Berlin","Elmwood Elementary","Grades PreK-12","All Races","Both Genders",504,8,"1.5873015800                  ",496,"98.4126984100                 "
"2005","77518","01","3925","0080","04","Elem      ","N","New Berlin","Glen Park Elementary","Grades PreK-12","All Races","Both Genders",334,24,"7.1856287400                  ",310,"92.8143712500                 "
"2005","79535","01","3925","0120","04","Elem      ","N","New Berlin","New Berlin Center Elementary","Grades PreK-12","All Races","Both Genders",334,7,"2.0958083800                  ",327,"97.9041916100                 "
"2005","77548","01","3925","0140","04","High      ","N","New Berlin","New Berlin High","Grades PreK-12","All Races","Both Genders",779,56,"7.1887034600                  ",723,"92.8112965300                 "
"2005","77549","01","3925","0150","04","Mid/Jr Hi ","N","New Berlin","New Berlin Middle","Grades PreK-12","All Races","Both Genders",329,33,"10.0303951300                 ",296,"89.9696048600                 "
"2005","77519","01","3925","0160","04","Elem      ","N","New Berlin","Orchard Lane Elementary","Grades PreK-12","All Races","Both Genders",382,19,"4.9738219800                  ",363,"95.0261780100                 "
"2005","77550","01","3925","0180","04","Elem      ","N","New Berlin","Prospect Hill Elementary","Grades PreK-12","All Races","Both Genders",291,23,"7.9037800600                  ",268,"92.0962199300                 "
"2005","77523","01","3976","","03","Elem      ","N","Norris","","Elementary School Type/ Prek-12","All Races","Both Genders",0,0,"--                            ",0,"--                            "
"2005","77523","01","3976","","03","Mid/Jr Hi ","N","Norris","","Middle/Junior High School Type/ Prek-12","All Races","Both Genders",0,0,"--                            ",0,"--                            "
"2005","77523","01","3976","","03","High      ","N","Norris","","High School Type/ PreK-12","All Races","Both Genders",61,,"",,""
"2005","77523","01","3976","","03","El/Sec    ","N","Norris","","Combined Elementary/Secondary School Type/ Prek-12","All Races","Both Genders",0,0,"--                            ",0,"--                            "
"2005","77523","01","3976","","03","Summary   ","N","Norris","","Grades PreK-12","All Races","Both Genders",61,,"",,""
"2005","77520","01","3976","0020","04","High      ","N","Norris","Norris High","Grades PreK-12","All Races","Both Genders",61,,"",,""
"2005","77502","01","4018","","03","Elem      ","N","Oak Creek-Franklin","","Elementary School Type/ Prek-12","All Races","Both Genders",2193,306,"13.9534883700                 ",1887,"86.0465116200                 "
"2005","77502","01","4018","","03","Mid/Jr Hi ","N","Oak Creek-Franklin","","Middle/Junior High School Type/ Prek-12","All Races","Both Genders",1225,180,"14.6938775500                 ",1045,"85.3061224400                 "
"2005","77502","01","4018","","03","High      ","N","Oak Creek-Franklin","","High School Type/ PreK-12","All Races","Both Genders",1836,181,"9.8583877900                  ",1655,"90.1416122000                 "
"2005","77502","01","4018","","03","El/Sec    ","N","Oak Creek-Franklin","","Combined Elementary/Secondary School Type/ Prek-12","All Races","Both Genders",0,0,"--                            ",0,"--                            "
"2005","77502","01","4018","","03","Summary   ","N","Oak Creek-Franklin","","Grades PreK-12","All Races","Both Genders",5254,667,"12.6950894500                 ",4587,"87.3049105400                 "
"2005","77508","01","4018","0010","04","Elem      ","N","Oak Creek-Franklin","Carollton Elementary","Grades PreK-12","All Races","Both Genders",427,45,"10.5386416800                 ",382,"89.4613583100                 "
"2005","77509","01","4018","0020","04","Elem      ","N","Oak Creek-Franklin","Cedar Hills Elementary","Grades PreK-12","All Races","Both Genders",310,82,"26.4516129000                 ",228,"73.5483870900                 "
"2005","77510","01","4018","0040","04","Elem      ","N","Oak Creek-Franklin","Edgewood Elementary","Grades PreK-12","All Races","Both Genders",377,30,"7.9575596800                  ",347,"92.0424403100                 "
"2005","77511","01","4018","0080","04","Elem      ","N","Oak Creek-Franklin","Meadowview Elementary","Grades PreK-12","All Races","Both Genders",517,51,"9.8646034800                  ",466,"90.1353965100                 "
"2005","77512","01","4018","0120","04","Mid/Jr Hi ","N","Oak Creek-Franklin","Oak Creek East Middle","Grades PreK-12","All Races","Both Genders",625,69,"11.0400000000                 ",556,"88.9600000000                 "
"2005","79530","01","4018","0130","04","Mid/Jr Hi ","N","Oak Creek-Franklin","Oak Creek West Middle","Grades PreK-12","All Races","Both Genders",600,111,"18.5000000000                 ",489,"81.5000000000                 "
"2005","77497","01","4018","0140","04","High      ","N","Oak Creek-Franklin","Oak Creek High","Grades PreK-12","All Races","Both Genders",1836,181,"9.8583877900                  ",1655,"90.1416122000                 "
"2005","77498","01","4018","0200","04","Elem      ","N","Oak Creek-Franklin","Shepard Hills Elementary","Grades PreK-12","All Races","Both Genders",562,98,"17.4377224100                 ",464,"82.5622775800                 "
"2005","79012","01","4018","9801","4C","High      ","Y","Oak Creek-Franklin","Connects Learning Center","Grades PreK-12","All Races","Both Genders",0,0,"--                            ",0,"--                            "
"2005","79600","01","4060","","03","Elem      ","N","Oconomowoc Area","","Elementary School Type/ Prek-12","All Races","Both Genders",2091,173,"8.2735533200                  ",1918,"91.7264466700                 "
"2005","79600","01","4060","","03","Mid/Jr Hi ","N","Oconomowoc Area","","Middle/Junior High School Type/ Prek-12","All Races","Both Genders",669,65,"9.7159940200                  ",604,"90.2840059700                 "
"2005","79600","01","4060","","03","High      ","N","Oconomowoc Area","","High School Type/ PreK-12","All Races","Both Genders",1474,85,"5.7666214300                  ",1389,"94.2333785600                 "
"2005","79600","01","4060","","03","El/Sec    ","N","Oconomowoc Area","","Combined Elementary/Secondary School Type/ Prek-12","All Races","Both Genders",0,0,"--                            ",0,"--                            "
"2005","79600","01","4060","","03","Summary   ","N","Oconomowoc Area","","Grades PreK-12","All Races","Both Genders",4234,323,"7.6287198800                  ",3911,"92.3712801100                 "
"2005","77813","01","4060","0060","04","Elem      ","N","Oconomowoc Area","Greenland Elementary","Grades PreK-12","All Races","Both Genders",459,25,"5.4466230900                  ",434,"94.5533769000                 "
"2005","77879","01","4060","0080","04","Elem      ","N","Oconomowoc Area","Ixonia Elementary","Grades PreK-12","All Races","Both Genders",175,12,"6.8571428500                  ",163,"93.1428571400                 "
"2005","77798","01","4060","0090","04","Elem      ","N","Oconomowoc Area","Meadow View Elementary","Grades PreK-12","All Races","Both Genders",478,46,"9.6234309600                  ",432,"90.3765690300                 "
"2005","77799","01","4060","0130","04","High      ","N","Oconomowoc Area","Oconomowoc High","Grades PreK-12","All Races","Both Genders",1474,85,"5.7666214300                  ",1389,"94.2333785600                 "
"2005","77800","01","4060","0135","04","Mid/Jr Hi ","N","Oconomowoc Area","Oconomowoc Middle","Grades PreK-12","All Races","Both Genders",669,65,"9.7159940200                  ",604,"90.2840059700                 "
"2005","79602","01","4060","0160","04","Elem      ","N","Oconomowoc Area","Park Lawn Elementary","Grades PreK-12","All Races","Both Genders",543,67,"12.3388581900                 ",476,"87.6611418000                 "
"2005","77801","01","4060","0180","04","Elem      ","N","Oconomowoc Area","Summit Elementary","Grades PreK-12","All Races","Both Genders",436,23,"5.2752293500                  ",413,"94.7247706400                 "
"2005","77787","01","4312","","03","Elem      ","N","Pewaukee","","Elementary School Type/ Prek-12","All Races","Both Genders",1119,69,"6.1662198300                  ",1050,"93.8337801600                 "
"2005","77787","01","4312","","03","Mid/Jr Hi ","N","Pewaukee","","Middle/Junior High School Type/ Prek-12","All Races","Both Genders",363,18,"4.9586776800                  ",345,"95.0413223100                 "
"2005","77787","01","4312","","03","High      ","N","Pewaukee","","High School Type/ PreK-12","All Races","Both Genders",733,35,"4.7748976800                  ",698,"95.2251023100                 "
"2005","77787","01","4312","","03","El/Sec    ","N","Pewaukee","","Combined Elementary/Secondary School Type/ Prek-12","All Races","Both Genders",0,0,"--                            ",0,"--                            "
"2005","77787","01","4312","","03","Summary   ","N","Pewaukee","","Grades PreK-12","All Races","Both Genders",2215,122,"5.5079006700                  ",2093,"94.4920993200                 "
"2005","77797","01","4312","0040","04","Elem      ","N","Pewaukee","Horizon School","Grades PreK-12","All Races","Both Genders",468,28,"5.9829059800                  ",440,"94.0170940100                 "
"2005","77782","01","4312","0060","04","Elem      ","N","Pewaukee","Pewaukee Lake Elementary","Grades PreK-12","All Races","Both Genders",651,41,"6.2980030700                  ",610,"93.7019969200                 "
"2005","77783","01","4312","0080","04","High      ","N","Pewaukee","Pewaukee High","Grades PreK-12","All Races","Both Genders",733,35,"4.7748976800                  ",698,"95.2251023100                 "
"2005","79598","01","4312","0100","04","Mid/Jr Hi ","N","Pewaukee","Asa Clark Middle","Grades PreK-12","All Races","Both Genders",363,18,"4.9586776800                  ",345,"95.0413223100                 "
"2005","79595","01","4515","","03","Elem      ","N","Port Washington-Saukville","","Elementary School Type/ Prek-12","All Races","Both Genders",966,157,"16.2525879900                 ",809,"83.7474120000                 "
"2005","79595","01","4515","","03","Mid/Jr Hi ","N","Port Washington-Saukville","","Middle/Junior High School Type/ Prek-12","All Races","Both Genders",756,117,"15.4761904700                 ",639,"84.5238095200                 "
"2005","79595","01","4515","","03","High      ","N","Port Washington-Saukville","","High School Type/ PreK-12","All Races","Both Genders",949,93,"9.7997892500                  ",856,"90.2002107400                 "
"2005","79595","01","4515","","03","El/Sec    ","N","Port Washington-Saukville","","Combined Elementary/Secondary School Type/ Prek-12","All Races","Both Genders",0,0,"--                            ",0,"--                            "
"2005","79595","01","4515","","03","Summary   ","N","Port Washington-Saukville","","Grades PreK-12","All Races","Both Genders",2671,367,"13.7401722200                 ",2304,"86.2598277700                 "
"2005","77779","01","4515","0040","04","Elem      ","N","Port Washington-Saukville","Dunwiddie Elementary","Grades PreK-12","All Races","Both Genders",258,54,"20.9302325500                 ",204,"79.0697674400                 "
"2005","77780","01","4515","0060","04","Elem      ","N","Port Washington-Saukville","Lincoln Elementary","Grades PreK-12","All Races","Both Genders",404,55,"13.6138613800                 ",349,"86.3861386100                 "
"2005","79597","01","4515","0100","04","High      ","N","Port Washington-Saukville","Port Washington High","Grades PreK-12","All Races","Both Genders",949,93,"9.7997892500                  ",856,"90.2002107400                 "
"2005","77762","01","4515","0120","04","Elem      ","N","Port Washington-Saukville","Saukville Elementary","Grades PreK-12","All Races","Both Genders",304,48,"15.7894736800                 ",256,"84.2105263100                 "
"2005","77781","01","4515","0140","04","Mid/Jr Hi ","N","Port Washington-Saukville","Thomas Jefferson Middle","Grades PreK-12","All Races","Both Genders",756,117,"15.4761904700                 ",639,"84.5238095200                 "
"2005","77126","01","4620","","03","Elem      ","N","Racine","","Elementary School Type/ Prek-12","All Races","Both Genders",9824,4645,"47.2821661200                 ",5179,"52.7178338700                 "
"2005","77126","01","4620","","03","Mid/Jr Hi ","N","Racine","","Middle/Junior High School Type/ Prek-12","All Races","Both Genders",4319,1994,"46.1680944600                 ",2325,"53.8319055300                 "
"2005","77126","01","4620","","03","High      ","N","Racine","","High School Type/ PreK-12","All Races","Both Genders",6906,1861,"26.9475818100                 ",5045,"73.0524181800                 "
"2005","77126","01","4620","","03","El/Sec    ","N","Racine","","Combined Elementary/Secondary School Type/ Prek-12","All Races","Both Genders",195,30,"15.3846153800                 ",165,"84.6153846100                 "
"2005","77126","01","4620","","03","Summary   ","N","Racine","","Grades PreK-12","All Races","Both Genders",21244,8530,"40.1525136500                 ",12714,"59.8474863400                 "
"2005","77142","01","4620","0106","04","Elem      ","N","Racine","Fine Arts Elementary","Grades PreK-12","All Races","Both Genders",329,68,"20.6686930000                 ",261,"79.3313069900                 "
"2005","77143","01","4620","0111","04","Elem      ","N","Racine","Jones Elementary","Grades PreK-12","All Races","Both Genders",465,165,"35.4838709600                 ",300,"64.5161290300                 "
"2005","77149","01","4620","0112","04","Elem      ","N","Racine","O Brown Elementary","Grades PreK-12","All Races","Both Genders",443,164,"37.0203160200                 ",279,"62.9796839700                 "
"2005","77127","01","4620","0118","04","Elem      ","N","Racine","Fratt Elementary","Grades PreK-12","All Races","Both Genders",533,329,"61.7260787900                 ",204,"38.2739212000                 "
"2005","77121","01","4620","0119","04","Elem      ","N","Racine","Gifford Elementary","Grades PreK-12","All Races","Both Genders",837,223,"26.6427718000                 ",614,"73.3572281900                 "
"2005","77128","01","4620","0121","04","Elem      ","N","Racine","Giese Elementary","Grades PreK-12","All Races","Both Genders",341,221,"64.8093841600                 ",120,"35.1906158300                 "
"2005","77122","01","4620","0122","04","Elem      ","N","Racine","Goodland Elementary","Grades PreK-12","All Races","Both Genders",341,196,"57.4780058600                 ",145,"42.5219941300                 "
"2005","77144","01","4620","0130","04","Elem      ","N","Racine","Janes Elementary","Grades PreK-12","All Races","Both Genders",394,352,"89.3401015200                 ",42,"10.6598984700                 "
"2005","79445","01","4620","0132","04","Elem      ","N","Racine","Jefferson Lighthouse Elementary","Grades PreK-12","All Races","Both Genders",542,78,"14.3911439100                 ",464,"85.6088560800                 "
"2005","79447","01","4620","0134","04","Elem      ","N","Racine","Jerstad-Agerholm Elementary","Grades PreK-12","All Races","Both Genders",334,172,"51.4970059800                 ",162,"48.5029940100                 "
"2005","77129","01","4620","0136","04","Elem      ","N","Racine","Johnson Elementary","Grades PreK-12","All Races","Both Genders",407,217,"53.3169533100                 ",190,"46.6830466800                 "
"2005","79437","01","4620","0138","04","Elem      ","N","Racine","Knapp Elementary","Grades PreK-12","All Races","Both Genders",516,310,"60.0775193700                 ",206,"39.9224806200                 "
"2005","77145","01","4620","0148","04","Elem      ","N","Racine","Mitchell Elementary","Grades PreK-12","All Races","Both Genders",457,328,"71.7724288800                 ",129,"28.2275711100                 "
"2005","77150","01","4620","0150","04","Elem      ","N","Racine","North Park Elementary","Grades PreK-12","All Races","Both Genders",413,121,"29.2978208200                 ",292,"70.7021791700                 "
"2005","77151","01","4620","0154","04","Elem      ","N","Racine","Roosevelt Elementary","Grades PreK-12","All Races","Both Genders",435,186,"42.7586206800                 ",249,"57.2413793100                 "
"2005","77123","01","4620","0162","04","Elem      ","N","Racine","Wadewitz Elementary","Grades PreK-12","All Races","Both Genders",610,368,"60.3278688500                 ",242,"39.6721311400                 "
"2005","77105","01","4620","0164","04","Elem      ","N","Racine","West Ridge Elementary","Grades PreK-12","All Races","Both Genders",451,187,"41.4634146300                 ",264,"58.5365853600                 "
"2005","77475","01","4620","0166","04","Elem      ","N","Racine","Schulte Elementary","Grades PreK-12","All Races","Both Genders",393,148,"37.6590330700                 ",245,"62.3409669200                 "
"2005","77146","01","4620","0168","04","Elem      ","N","Racine","Wind Point Elementary","Grades PreK-12","All Races","Both Genders",236,86,"36.4406779600                 ",150,"63.5593220300                 "
"2005","79441","01","4620","0170","04","Elem      ","N","Racine","Winslow Elementary","Grades PreK-12","All Races","Both Genders",266,223,"83.8345864600                 ",43,"16.1654135300                 "
"2005","77124","01","4620","0172","04","Elem      ","N","Racine","P-COC","Grades PreK-12","All Races","Both Genders",45,,"",,""
"2005","77152","01","4620","0174","04","Elem      ","N","Racine","Red Apple Elementary","Grades PreK-12","All Races","Both Genders",456,159,"34.8684210500                 ",297,"65.1315789400                 "
"2005","79649","01","4620","0280","04","Mid/Jr Hi ","N","Racine","Gilmore Middle","Grades PreK-12","All Races","Both Genders",824,481,"58.3737864000                 ",343,"41.6262135900                 "
"2005","77153","01","4620","0282","04","Mid/Jr Hi ","N","Racine","Jerstad-Agerholm Middle","Grades PreK-12","All Races","Both Genders",810,326,"40.2469135800                 ",484,"59.7530864100                 "
"2005","77114","01","4620","0284","04","Mid/Jr Hi ","Y","Racine","McKinley Middle","Grades PreK-12","All Races","Both Genders",911,342,"37.5411635500                 ",569,"62.4588364400                 "
"2005","77130","01","4620","0285","04","Elem      ","N","Racine","Walden III Middle","Grades PreK-12","All Races","Both Genders",223,48,"21.5246636700                 ",175,"78.4753363200                 "
"2005","77131","01","4620","0286","04","Mid/Jr Hi ","N","Racine","Mitchell Middle","Grades PreK-12","All Races","Both Genders",935,415,"44.3850267300                 ",520,"55.6149732600                 "
"2005","77115","01","4620","0288","04","Mid/Jr Hi ","N","Racine","Starbuck Middle","Grades PreK-12","All Races","Both Genders",839,430,"51.2514898600                 ",409,"48.7485101300                 "
"2005","80216","01","4620","0490","04","High      ","N","Racine","Keith R Mack Achievement Center","Grades PreK-12","All Races","Both Genders",131,70,"53.4351145000                 ",61,"46.5648854900                 "
"2005","77106","01","4620","0491","04","High      ","N","Racine","Case High","Grades PreK-12","All Races","Both Genders",2053,653,"31.8071115400                 ",1400,"68.1928884500                 "
"2005","77125","01","4620","0492","04","High      ","N","Racine","Horlick High","Grades PreK-12","All Races","Both Genders",2154,501,"23.2590529200                 ",1653,"76.7409470700                 "
"2005","79442","01","4620","0494","04","High      ","N","Racine","Park High","Grades PreK-12","All Races","Both Genders",2287,613,"26.8036729300                 ",1674,"73.1963270600                 "
"2005","77133","01","4620","0499","04","High      ","N","Racine","Walden III High","Grades PreK-12","All Races","Both Genders",281,24,"8.5409252600                  ",257,"91.4590747300                 "
"2005","79027","01","4620","0720","04","Elem      ","N","Racine","Julian Thomas Elementary","Grades PreK-12","All Races","Both Genders",357,296,"82.9131652600                 ",61,"17.0868347300                 "
"2005","79083","01","4620","0800","04","El/Sec    ","Y","Racine","The REAL School","Grades PreK-12","All Races","Both Genders",195,30,"15.3846153800                 ",165,"84.6153846100                 "
"2005","77148","01","5026","","03","Elem      ","N","Saint Francis","","Elementary School Type/ Prek-12","All Races","Both Genders",860,222,"25.8139534800                 ",638,"74.1860465100                 "
"2005","77148","01","5026","","03","Mid/Jr Hi ","N","Saint Francis","","Middle/Junior High School Type/ Prek-12","All Races","Both Genders",0,0,"--                            ",0,"--                            "
"2005","77148","01","5026","","03","High      ","N","Saint Francis","","High School Type/ PreK-12","All Races","Both Genders",566,77,"13.6042402800                 ",489,"86.3957597100                 "
"2005","77148","01","5026","","03","El/Sec    ","N","Saint Francis","","Combined Elementary/Secondary School Type/ Prek-12","All Races","Both Genders",0,0,"--                            ",0,"--                            "
"2005","77148","01","5026","","03","Summary   ","N","Saint Francis","","Grades PreK-12","All Races","Both Genders",1426,299,"20.9677419300                 ",1127,"79.0322580600                 "
"2005","77161","01","5026","0020","04","Elem      ","N","Saint Francis","Deer Creek Elementary","Grades PreK-12","All Races","Both Genders",440,111,"25.2272727200                 ",329,"74.7727272700                 "
"2005","77162","01","5026","0040","04","High      ","N","Saint Francis","Saint Francis High","Grades PreK-12","All Races","Both Genders",566,77,"13.6042402800                 ",489,"86.3957597100                 "
"2005","79446","01","5026","0080","04","Elem      ","N","Saint Francis","Willow Glen Elementary","Grades PreK-12","All Races","Both Genders",420,111,"26.4285714200                 ",309,"73.5714285700                 "
"2005","77322","01","5355","","03","Elem      ","N","Shorewood","","Elementary School Type/ Prek-12","All Races","Both Genders",1082,111,"10.2587800300                 ",971,"89.7412199600                 "
"2005","77322","01","5355","","03","Mid/Jr Hi ","N","Shorewood","","Middle/Junior High School Type/ Prek-12","All Races","Both Genders",349,32,"9.1690544400                  ",317,"90.8309455500                 "
"2005","77322","01","5355","","03","High      ","N","Shorewood","","High School Type/ PreK-12","All Races","Both Genders",673,51,"7.5780089100                  ",622,"92.4219910800                 "
"2005","77322","01","5355","","03","El/Sec    ","N","Shorewood","","Combined Elementary/Secondary School Type/ Prek-12","All Races","Both Genders",0,0,"--                            ",0,"--                            "
"2005","77322","01","5355","","03","Summary   ","N","Shorewood","","Grades PreK-12","All Races","Both Genders",2104,194,"9.2205323100                  ",1910,"90.7794676800                 "
"2005","77331","01","5355","0020","04","Elem      ","N","Shorewood","Atwater Elementary","Grades PreK-12","All Races","Both Genders",549,61,"11.1111111100                 ",488,"88.8888888800                 "
"2005","77332","01","5355","0040","04","Elem      ","N","Shorewood","Lake Bluff Elementary","Grades PreK-12","All Races","Both Genders",533,50,"9.3808630300                  ",483,"90.6191369600                 "
"2005","77333","01","5355","0060","04","Mid/Jr Hi ","N","Shorewood","Shorewood Intermediate","Grades PreK-12","All Races","Both Genders",349,32,"9.1690544400                  ",317,"90.8309455500                 "
"2005","77318","01","5355","0080","04","High      ","N","Shorewood","Shorewood High","Grades PreK-12","All Races","Both Genders",673,51,"7.5780089100                  ",622,"92.4219910800                 "
"2005","78929","01","5355","9200","4C","Mid/Jr Hi ","Y","Shorewood","Passage Middle School","Grades PreK-12","All Races","Both Genders",0,0,"--                            ",0,"--                            "
"2005","77474","01","5439","","03","Elem      ","N","South Milwaukee","","Elementary School Type/ Prek-12","All Races","Both Genders",1527,492,"32.2200392900                 ",1035,"67.7799607000                 "
"2005","77474","01","5439","","03","Mid/Jr Hi ","N","South Milwaukee","","Middle/Junior High School Type/ Prek-12","All Races","Both Genders",741,214,"28.8798920300                 ",527,"71.1201079600                 "
"2005","77474","01","5439","","03","High      ","N","South Milwaukee","","High School Type/ PreK-12","All Races","Both Genders",1234,226,"18.3144246300                 ",1008,"81.6855753600                 "
"2005","77474","01","5439","","03","El/Sec    ","N","South Milwaukee","","Combined Elementary/Secondary School Type/ Prek-12","All Races","Both Genders",0,0,"--                            ",0,"--                            "
"2005","77474","01","5439","","03","Summary   ","N","South Milwaukee","","Grades PreK-12","All Races","Both Genders",3502,932,"26.6133637900                 ",2570,"73.3866362000                 "
"2005","77482","01","5439","0010","04","Elem      ","N","South Milwaukee","Blakewood Elementary","Grades PreK-12","All Races","Both Genders",438,99,"22.6027397200                 ",339,"77.3972602700                 "
"2005","77483","01","5439","0020","04","Elem      ","N","South Milwaukee","Luther Elementary","Grades PreK-12","All Races","Both Genders",242,74,"30.5785123900                 ",168,"69.4214876000                 "
"2005","77484","01","5439","0040","04","Elem      ","N","South Milwaukee","Lakeview Elementary","Grades PreK-12","All Races","Both Genders",348,166,"47.7011494200                 ",182,"52.2988505700                 "
"2005","79528","01","5439","0080","04","Elem      ","N","South Milwaukee","Rawson Elementary","Grades PreK-12","All Races","Both Genders",499,153,"30.6613226400                 ",346,"69.3386773500                 "
"2005","77485","01","5439","0100","04","Mid/Jr Hi ","N","South Milwaukee","South Milwaukee Middle","Grades PreK-12","All Races","Both Genders",741,214,"28.8798920300                 ",527,"71.1201079600                 "
"2005","79529","01","5439","0120","04","High      ","N","South Milwaukee","South Milwaukee High","Grades PreK-12","All Races","Both Genders",1234,226,"18.3144246300                 ",1008,"81.6855753600                 "
"2005","75034","01","5439","9801","04","High      ","Y","South Milwaukee","Connects Learning Center","Grades PreK-12","All Races","Both Genders",0,0,"--                            ",0,"--                            "
"2005","77442","01","6174","","03","Elem      ","N","Waukesha","","Elementary School Type/ Prek-12","All Races","Both Genders",6776,1707,"25.1918536000                 ",5069,"74.8081463900                 "
"2005","77442","01","6174","","03","Mid/Jr Hi ","N","Waukesha","","Middle/Junior High School Type/ Prek-12","All Races","Both Genders",1917,361,"18.8315075600                 ",1556,"81.1684924300                 "
"2005","77442","01","6174","","03","High      ","N","Waukesha","","High School Type/ PreK-12","All Races","Both Genders",4625,473,"10.2270270200                 ",4152,"89.7729729700                 "
"2005","77442","01","6174","","03","El/Sec    ","N","Waukesha","","Combined Elementary/Secondary School Type/ Prek-12","All Races","Both Genders",0,0,"--                            ",0,"--                            "
"2005","77442","01","6174","","03","Summary   ","N","Waukesha","","Grades PreK-12","All Races","Both Genders",13318,2541,"19.0794413500                 ",10777,"80.9205586400                 "
"2005","77443","01","6174","0020","04","Elem      ","N","Waukesha","Banting Elementary","Grades PreK-12","All Races","Both Genders",492,178,"36.1788617800                 ",314,"63.8211382100                 "
"2005","77429","01","6174","0060","04","Elem      ","N","Waukesha","Bethesda Elementary","Grades PreK-12","All Races","Both Genders",557,55,"9.8743267500                  ",502,"90.1256732400                 "
"2005","79516","01","6174","0080","04","Elem      ","N","Waukesha","Blair Elementary","Grades PreK-12","All Races","Both Genders",315,148,"46.9841269800                 ",167,"53.0158730100                 "
"2005","77430","01","6174","0100","04","Mid/Jr Hi ","N","Waukesha","Butler Middle","Grades PreK-12","All Races","Both Genders",654,120,"18.3486238500                 ",534,"81.6513761400                 "
"2005","79005","01","6174","0120","04","Mid/Jr Hi ","N","Waukesha","Central Middle","Grades PreK-12","All Races","Both Genders",645,151,"23.4108527100                 ",494,"76.5891472800                 "
"2005","77444","01","6174","0160","04","Elem      ","N","Waukesha","Hadfield Elementary","Grades PreK-12","All Races","Both Genders",336,105,"31.2500000000                 ",231,"68.7500000000                 "
"2005","77431","01","6174","0180","04","Elem      ","N","Waukesha","Hawthorne Elementary","Grades PreK-12","All Races","Both Genders",314,96,"30.5732484000                 ",218,"69.4267515900                 "
"2005","77445","01","6174","0190","04","Elem      ","N","Waukesha","Heyer Elementary","Grades PreK-12","All Races","Both Genders",449,92,"20.4899777200                 ",357,"79.5100222700                 "
"2005","79521","01","6174","0200","04","Elem      ","N","Waukesha","Hillcrest Elementary","Grades PreK-12","All Races","Both Genders",370,16,"4.3243243200                  ",354,"95.6756756700                 "
"2005","77446","01","6174","0210","04","Mid/Jr Hi ","N","Waukesha","Horning Middle","Grades PreK-12","All Races","Both Genders",618,90,"14.5631067900                 ",528,"85.4368932000                 "
"2005","77432","01","6174","0260","04","Elem      ","N","Waukesha","Lowell Elementary","Grades PreK-12","All Races","Both Genders",458,134,"29.2576419200                 ",324,"70.7423580700                 "
"2005","79517","01","6174","0280","04","Elem      ","N","Waukesha","Meadowbrook Elementary","Grades PreK-12","All Races","Both Genders",353,16,"4.5325779000                  ",337,"95.4674220900                 "
"2005","77447","01","6174","0290","04","High      ","N","Waukesha","North High","Grades PreK-12","All Races","Both Genders",1311,129,"9.8398169300                  ",1182,"90.1601830600                 "
"2005","77448","01","6174","0340","04","Elem      ","N","Waukesha","Pleasant Hill Elementary","Grades PreK-12","All Races","Both Genders",198,18,"9.0909090900                  ",180,"90.9090909000                 "
"2005","79522","01","6174","0360","04","Elem      ","N","Waukesha","Prairie Elementary","Grades PreK-12","All Races","Both Genders",422,119,"28.1990521300                 ",303,"71.8009478600                 "
"2005","77449","01","6174","0400","04","Elem      ","N","Waukesha","Randall Elementary","Grades PreK-12","All Races","Both Genders",349,68,"19.4842406800                 ",281,"80.5157593100                 "
"2005","77433","01","6174","0410","04","Elem      ","N","Waukesha","Rose Glen Elementary","Grades PreK-12","All Races","Both Genders",638,16,"2.5078369900                  ",622,"97.4921630000                 "
"2005","77436","01","6174","0420","04","Elem      ","N","Waukesha","Saratoga Elementary","Grades PreK-12","All Races","Both Genders",245,123,"50.2040816300                 ",122,"49.7959183600                 "
"2005","79921","01","6174","0450","04","High      ","Y","Waukesha","Waukesha Academy of Health Professions","Grades PreK-12","All Races","Both Genders",0,0,"--                            ",0,"--                            "
"2005","79518","01","6174","0460","04","High      ","N","Waukesha","South High","Grades PreK-12","All Races","Both Genders",1483,263,"17.7343223100                 ",1220,"82.2656776800                 "
"2005","79920","01","6174","0470","04","High      ","Y","Waukesha","iQ Academies of Wisconsin","Grades PreK-12","All Races","Both Genders",211,,"",,""
"2005","77437","01","6174","0480","04","Elem      ","N","Waukesha","Summit View Elementary","Grades PreK-12","All Races","Both Genders",573,59,"10.2966841100                 ",514,"89.7033158800                 "
"2005","74980","01","6174","0490","04","High      ","Y","Waukesha","Harvey Philip Alternative Charter School","Grades PreK-12","All Races","Both Genders",97,19,"19.5876288600                 ",78,"80.4123711300                 "
"2005","79054","01","6174","0495","04","High      ","Y","Waukesha","Project Change-A Recovery School","Grades PreK-12","All Races","Both Genders",7,,"",,""
"2005","77438","01","6174","0520","04","Elem      ","N","Waukesha","White Rock Elementary","Grades PreK-12","All Races","Both Genders",354,312,"88.1355932200                 ",42,"11.8644067700                 "
"2005","79519","01","6174","0540","04","Elem      ","N","Waukesha","Whittier Elementary","Grades PreK-12","All Races","Both Genders",353,152,"43.0594900800                 ",201,"56.9405099100                 "
"2005","77434","01","6174","0560","04","High      ","N","Waukesha","West High","Grades PreK-12","All Races","Both Genders",1516,62,"4.0897097600                  ",1454,"95.9102902300                 "
"2005","77171","01","6244","","03","Elem      ","N","Wauwatosa","","Elementary School Type/ Prek-12","All Races","Both Genders",3153,314,"9.9587694200                  ",2839,"90.0412305700                 "
"2005","77171","01","6244","","03","Mid/Jr Hi ","N","Wauwatosa","","Middle/Junior High School Type/ Prek-12","All Races","Both Genders",1413,166,"11.7480537800                 ",1247,"88.2519462100                 "
"2005","77171","01","6244","","03","High      ","N","Wauwatosa","","High School Type/ PreK-12","All Races","Both Genders",1878,155,"8.2534611200                  ",1723,"91.7465388700                 "
"2005","77171","01","6244","","03","El/Sec    ","N","Wauwatosa","","Combined Elementary/Secondary School Type/ Prek-12","All Races","Both Genders",21,,"",,""
"2005","77171","01","6244","","03","Summary   ","N","Wauwatosa","","Grades PreK-12","All Races","Both Genders",6465,635,"9.8221191000                  ",5830,"90.1778808900                 "
"2005","75040","01","6244","0015","04","El/Sec    ","N","Wauwatosa","River Hills School (CATC)","Grades PreK-12","All Races","Both Genders",1,,"",,""
"2005","77303","01","6244","0020","04","High      ","N","Wauwatosa","East High","Grades PreK-12","All Races","Both Genders",1168,63,"5.3938356100                  ",1105,"94.6061643800                 "
"2005","77215","01","6244","0040","04","Elem      ","N","Wauwatosa","Eisenhower Elementary","Grades PreK-12","All Races","Both Genders",383,61,"15.9268929500                 ",322,"84.0731070400                 "
"2005","79486","01","6244","0100","04","Elem      ","N","Wauwatosa","Jefferson Elementary","Grades PreK-12","All Races","Both Genders",298,27,"9.0604026800                  ",271,"90.9395973100                 "
"2005","77304","01","6244","0120","04","Elem      ","N","Wauwatosa","Lincoln Elementary","Grades PreK-12","All Races","Both Genders",317,15,"4.7318611900                  ",302,"95.2681388000                 "
"2005","77305","01","6244","0140","04","Mid/Jr Hi ","N","Wauwatosa","Longfellow Middle","Grades PreK-12","All Races","Both Genders",835,77,"9.2215568800                  ",758,"90.7784431100                 "
"2005","77181","01","6244","0160","04","Elem      ","N","Wauwatosa","Madison Elementary","Grades PreK-12","All Races","Both Genders",340,29,"8.5294117600                  ",311,"91.4705882300                 "
"2005","79456","01","6244","0180","04","Elem      ","N","Wauwatosa","McKinley Elementary","Grades PreK-12","All Races","Both Genders",425,17,"4.0000000000                  ",408,"96.0000000000                 "
"2005","75039","01","6244","0190","04","El/Sec    ","N","Wauwatosa","Plank Road School","Grades PreK-12","All Races","Both Genders",0,0,"--                            ",0,"--                            "
"2005","77306","01","6244","0200","04","Elem      ","N","Wauwatosa","Roosevelt Elementary","Grades PreK-12","All Races","Both Genders",457,51,"11.1597374100                 ",406,"88.8402625800                 "
"2005","77184","01","6244","0220","04","Elem      ","N","Wauwatosa","Underwood Elementary","Grades PreK-12","All Races","Both Genders",308,47,"15.2597402500                 ",261,"84.7402597400                 "
"2005","79487","01","6244","0240","04","Elem      ","N","Wauwatosa","Washington Elementary","Grades PreK-12","All Races","Both Genders",379,46,"12.1372031600                 ",333,"87.8627968300                 "
"2005","77216","01","6244","0280","04","High      ","N","Wauwatosa","West High","Grades PreK-12","All Races","Both Genders",710,92,"12.9577464700                 ",618,"87.0422535200                 "
"2005","77217","01","6244","0290","04","Mid/Jr Hi ","N","Wauwatosa","Whitman Middle","Grades PreK-12","All Races","Both Genders",578,89,"15.3979238700                 ",489,"84.6020761200                 "
"2005","77307","01","6244","0300","04","Elem      ","N","Wauwatosa","Wilson Elementary","Grades PreK-12","All Races","Both Genders",246,21,"8.5365853600                  ",225,"91.4634146300                 "
"2005","75038","01","6244","0320","04","El/Sec    ","N","Wauwatosa","Detention Center","Grades PreK-12","All Races","Both Genders",21,,"",,""
"2005","79070","01","6244","0800","04","El/Sec    ","N","Wauwatosa","Childrens Hospital of WI Sch Prog","Grades PreK-12","All Races","Both Genders",0,0,"--                            ",0,"--                            "
"2005","78942","01","6244","9200","4C","Mid/Jr Hi ","Y","Wauwatosa","Passage Middle School","Grades PreK-12","All Races","Both Genders",0,0,"--                            ",0,"--                            "
"2005","77164","01","6300","","03","Elem      ","N","West Allis","","Elementary School Type/ Prek-12","All Races","Both Genders",4367,1608,"36.8216166700                 ",2759,"63.1783833200                 "
"2005","77164","01","6300","","03","Mid/Jr Hi ","N","West Allis","","Middle/Junior High School Type/ Prek-12","All Races","Both Genders",1320,431,"32.6515151500                 ",889,"67.3484848400                 "
"2005","77164","01","6300","","03","High      ","N","West Allis","","High School Type/ PreK-12","All Races","Both Genders",3136,711,"22.6721938700                 ",2425,"77.3278061200                 "
"2005","77164","01","6300","","03","El/Sec    ","N","West Allis","","Combined Elementary/Secondary School Type/ Prek-12","All Races","Both Genders",0,0,"--                            ",0,"--                            "
"2005","77164","01","6300","","03","Summary   ","N","West Allis","","Grades PreK-12","All Races","Both Genders",8823,2750,"31.1685367700                 ",6073,"68.8314632200                 "
"2005","77172","01","6300","0020","04","High      ","N","West Allis","Central High","Grades PreK-12","All Races","Both Genders",1677,449,"26.7740011900                 ",1228,"73.2259988000                 "
"2005","77173","01","6300","0040","04","Mid/Jr Hi ","N","West Allis","Frank Lloyd Wright Middle","Grades PreK-12","All Races","Both Genders",789,188,"23.8276299100                 ",601,"76.1723700800                 "
"2005","79453","01","6300","0060","04","Elem      ","N","West Allis","Franklin Elementary","Grades PreK-12","All Races","Both Genders",347,116,"33.4293948100                 ",231,"66.5706051800                 "
"2005","77174","01","6300","0080","04","Elem      ","N","West Allis","Mitchell Elementary","Grades PreK-12","All Races","Both Genders",404,79,"19.5544554400                 ",325,"80.4455445500                 "
"2005","77505","01","6300","0100","04","Elem      ","N","West Allis","Hoover Elementary","Grades PreK-12","All Races","Both Genders",444,115,"25.9009009000                 ",329,"74.0990990900                 "
"2005","77301","01","6300","0120","04","Mid/Jr Hi ","N","West Allis","West Milwaukee Middle","Grades PreK-12","All Races","Both Genders",531,243,"45.7627118600                 ",288,"54.2372881300                 "
"2005","77175","01","6300","0140","04","Elem      ","N","West Allis","Irving Elementary","Grades PreK-12","All Races","Both Genders",374,112,"29.9465240600                 ",262,"70.0534759300                 "
"2005","77233","01","6300","0160","04","Elem      ","N","West Allis","Jefferson Elementary","Grades PreK-12","All Races","Both Genders",515,228,"44.2718446600                 ",287,"55.7281553300                 "
"2005","77302","01","6300","0260","04","Elem      ","N","West Allis","Lincoln Elementary","Grades PreK-12","All Races","Both Genders",382,155,"40.5759162300                 ",227,"59.4240837600                 "
"2005","77234","01","6300","0280","04","Elem      ","N","West Allis","Longfellow Elementary","Grades PreK-12","All Races","Both Genders",255,99,"38.8235294100                 ",156,"61.1764705800                 "
"2005","77287","01","6300","0300","04","Elem      ","N","West Allis","Madison Elementary","Grades PreK-12","All Races","Both Genders",191,43,"22.5130890000                 ",148,"77.4869109900                 "
"2005","77176","01","6300","0340","04","High      ","N","West Allis","Hale High","Grades PreK-12","All Races","Both Genders",1352,223,"16.4940828400                 ",1129,"83.5059171500                 "
"2005","79483","01","6300","0380","04","Elem      ","N","West Allis","Pershing Elementary","Grades PreK-12","All Races","Both Genders",375,189,"50.4000000000                 ",186,"49.6000000000                 "
"2005","77288","01","6300","0420","04","Elem      ","N","West Allis","Walker Elementary","Grades PreK-12","All Races","Both Genders",292,73,"25.0000000000                 ",219,"75.0000000000                 "
"2005","77289","01","6300","0440","04","Elem      ","N","West Allis","Horace Mann Elementary","Grades PreK-12","All Races","Both Genders",407,263,"64.6191646100                 ",144,"35.3808353800                 "
"2005","74979","01","6300","0470","04","High      ","Y","West Allis","Academy of Learning Competency Based Sch","Grades PreK-12","All Races","Both Genders",27,,"",,""
"2005","77290","01","6300","0480","04","Elem      ","N","West Allis","Wilson Elementary","Grades PreK-12","All Races","Both Genders",381,136,"35.6955380500                 ",245,"64.3044619400                 "
"2005","79074","01","6300","0490","04","High      ","N","West Allis","James E Dottke Alternative","Grades PreK-12","All Races","Both Genders",80,39,"48.7500000000                 ",41,"51.2500000000                 "
"2005","77252","01","6419","","03","Elem      ","N","Whitefish Bay","","Elementary School Type/ Prek-12","All Races","Both Genders",1077,,"",,""
"2005","77252","01","6419","","03","Mid/Jr Hi ","N","Whitefish Bay","","Middle/Junior High School Type/ Prek-12","All Races","Both Genders",489,,"",,""
"2005","77252","01","6419","","03","High      ","N","Whitefish Bay","","High School Type/ PreK-12","All Races","Both Genders",678,,"",,""
"2005","77252","01","6419","","03","El/Sec    ","N","Whitefish Bay","","Combined Elementary/Secondary School Type/ Prek-12","All Races","Both Genders",0,0,"--                            ",0,"--                            "
"2005","77252","01","6419","","03","Summary   ","N","Whitefish Bay","","Grades PreK-12","All Races","Both Genders",2244,,"",,""
"2005","77319","01","6419","0020","04","Elem      ","N","Whitefish Bay","Cumberland Elementary","Grades PreK-12","All Races","Both Genders",533,,"",,""
"2005","77257","01","6419","0029","04","Mid/Jr Hi ","N","Whitefish Bay","Whitefish Bay Middle","Grades PreK-12","All Races","Both Genders",489,,"",,""
"2005","79475","01","6419","0080","04","Elem      ","N","Whitefish Bay","Richards Elementary","Grades PreK-12","All Races","Both Genders",544,,"",,""
"2005","79010","01","6419","0100","04","High      ","N","Whitefish Bay","Whitefish Bay High","Grades PreK-12","All Races","Both Genders",678,,"",,""
"2005","77156","01","6470","","03","Elem      ","N","Whitnall","","Elementary School Type/ Prek-12","All Races","Both Genders",937,95,"10.1387406600                 ",842,"89.8612593300                 "
"2005","77156","01","6470","","03","Mid/Jr Hi ","N","Whitnall","","Middle/Junior High School Type/ Prek-12","All Races","Both Genders",612,67,"10.9477124100                 ",545,"89.0522875800                 "
"2005","77156","01","6470","","03","High      ","N","Whitnall","","High School Type/ PreK-12","All Races","Both Genders",920,61,"6.6304347800                  ",859,"93.3695652100                 "
"2005","77156","01","6470","","03","El/Sec    ","N","Whitnall","","Combined Elementary/Secondary School Type/ Prek-12","All Races","Both Genders",0,0,"--                            ",0,"--                            "
"2005","77156","01","6470","","03","Summary   ","N","Whitnall","","Grades PreK-12","All Races","Both Genders",2469,223,"9.0319967500                  ",2246,"90.9680032400                 "
"2005","77604","01","6470","0040","04","Elem      ","N","Whitnall","Hales Corners Elementary","Grades PreK-12","All Races","Both Genders",548,59,"10.7664233500                 ",489,"89.2335766400                 "
"2005","77605","01","6470","0080","04","Elem      ","N","Whitnall","Edgerton Elementary","Grades PreK-12","All Races","Both Genders",389,36,"9.2544987100                  ",353,"90.7455012800                 "
"2005","79652","01","6470","0100","04","High      ","N","Whitnall","Whitnall High","Grades PreK-12","All Races","Both Genders",920,61,"6.6304347800                  ",859,"93.3695652100                 "
"2005","79451","01","6470","0120","04","Mid/Jr Hi ","N","Whitnall","Whitnall Middle","Grades PreK-12","All Races","Both Genders",612,67,"10.9477124100                 ",545,"89.0522875800                 "
"2005","C5101","01","8101","    ","03","Elem      ","Y","Non-district Charter Schools: Downtown Montes","","Elementary School Type/ Prek-12","All Races","Both Genders",0,0,"--                            ",0,"--                            "
"2005","C5101","01","8101","    ","03","Mid/Jr Hi ","Y","Non-district Charter Schools: Downtown Montes","","Middle/Junior High School Type/ Prek-12","All Races","Both Genders",0,0,"--                            ",0,"--                            "
"2005","C5101","01","8101","    ","03","High      ","Y","Non-district Charter Schools: Downtown Montes","","High School Type/ PreK-12","All Races","Both Genders",0,0,"--                            ",0,"--                            "
"2005","C5101","01","8101","    ","03","El/Sec    ","Y","Non-district Charter Schools: Downtown Montes","","Combined Elementary/Secondary School Type/ Prek-12","All Races","Both Genders",0,0,"--                            ",0,"--                            "
"2005","C5101","01","8101","    ","03","Summary   ","Y","Non-district Charter Schools: Downtown Montes","","Grades PreK-12","All Races","Both Genders",0,0,"--                            ",0,"--                            "
"2005","79121","01","8101","1056","49","Elem      ","Y","Non-district Charter Schools: Downtown Montes","Downtown Montessori","Grades PreK-12","All Races","Both Genders",3,,"",,""
"2005","C5103","01","8103","    ","03","Elem      ","Y","Non-district Charter Schools: Marva Collins P","","Elementary School Type/ Prek-12","All Races","Both Genders",442,,"",,""
"2005","C5103","01","8103","    ","03","Mid/Jr Hi ","Y","Non-district Charter Schools: Marva Collins P","","Middle/Junior High School Type/ Prek-12","All Races","Both Genders",0,0,"--                            ",0,"--                            "
"2005","C5103","01","8103","    ","03","High      ","Y","Non-district Charter Schools: Marva Collins P","","High School Type/ PreK-12","All Races","Both Genders",0,0,"--                            ",0,"--                            "
"2005","C5103","01","8103","    ","03","El/Sec    ","Y","Non-district Charter Schools: Marva Collins P","","Combined Elementary/Secondary School Type/ Prek-12","All Races","Both Genders",0,0,"--                            ",0,"--                            "
"2005","C5103","01","8103","    ","03","Summary   ","Y","Non-district Charter Schools: Marva Collins P","","Grades PreK-12","All Races","Both Genders",442,,"",,""
"2005","74957","01","8103","0100","49","Elem      ","Y","Non-district Charter Schools: Marva Collins P","Marva Collins Prep School of WI","Grades PreK-12","All Races","Both Genders",442,,"",,""
"2005","C5105","01","8105","    ","03","Elem      ","Y","Non-district Charter Schools: Central City Cy","","Elementary School Type/ Prek-12","All Races","Both Genders",348,,"",,""
"2005","C5105","01","8105","    ","03","Mid/Jr Hi ","Y","Non-district Charter Schools: Central City Cy","","Middle/Junior High School Type/ Prek-12","All Races","Both Genders",0,0,"--                            ",0,"--                            "
"2005","C5105","01","8105","    ","03","High      ","Y","Non-district Charter Schools: Central City Cy","","High School Type/ PreK-12","All Races","Both Genders",0,0,"--                            ",0,"--                            "
"2005","C5105","01","8105","    ","03","El/Sec    ","Y","Non-district Charter Schools: Central City Cy","","Combined Elementary/Secondary School Type/ Prek-12","All Races","Both Genders",0,0,"--                            ",0,"--                            "
"2005","C5105","01","8105","    ","03","Summary   ","Y","Non-district Charter Schools: Central City Cy","","Grades PreK-12","All Races","Both Genders",348,,"",,""
"2005","75106","01","8105","1211","49","Elem      ","Y","Non-district Charter Schools: Central City Cy","Central City Cyberschool","Grades PreK-12","All Races","Both Genders",348,,"",,""
"2005","C5106","01","8106","    ","03","Elem      ","Y","Non-district Charter Schools: Milwaukee Acade","","Elementary School Type/ Prek-12","All Races","Both Genders",0,0,"--                            ",0,"--                            "
"2005","C5106","01","8106","    ","03","Mid/Jr Hi ","Y","Non-district Charter Schools: Milwaukee Acade","","Middle/Junior High School Type/ Prek-12","All Races","Both Genders",0,0,"--                            ",0,"--                            "
"2005","C5106","01","8106","    ","03","High      ","Y","Non-district Charter Schools: Milwaukee Acade","","High School Type/ PreK-12","All Races","Both Genders",0,0,"--                            ",0,"--                            "
"2005","C5106","01","8106","    ","03","El/Sec    ","Y","Non-district Charter Schools: Milwaukee Acade","","Combined Elementary/Secondary School Type/ Prek-12","All Races","Both Genders",885,,"",,""
"2005","C5106","01","8106","    ","03","Summary   ","Y","Non-district Charter Schools: Milwaukee Acade","","Grades PreK-12","All Races","Both Genders",885,,"",,""
"2005","79082","01","8106","1251","49","El/Sec    ","Y","Non-district Charter Schools: Milwaukee Acade","Milwaukee Academy of Science","Grades PreK-12","All Races","Both Genders",885,,"",,""
"2005","C5107","01","8107","    ","03","Elem      ","Y","Non-district Charter Schools: Sch for Early D","","Elementary School Type/ Prek-12","All Races","Both Genders",34,,"",,""
"2005","C5107","01","8107","    ","03","Mid/Jr Hi ","Y","Non-district Charter Schools: Sch for Early D","","Middle/Junior High School Type/ Prek-12","All Races","Both Genders",0,0,"--                            ",0,"--                            "
"2005","C5107","01","8107","    ","03","High      ","Y","Non-district Charter Schools: Sch for Early D","","High School Type/ PreK-12","All Races","Both Genders",0,0,"--                            ",0,"--                            "
"2005","C5107","01","8107","    ","03","El/Sec    ","Y","Non-district Charter Schools: Sch for Early D","","Combined Elementary/Secondary School Type/ Prek-12","All Races","Both Genders",0,0,"--                            ",0,"--                            "
"2005","C5107","01","8107","    ","03","Summary   ","Y","Non-district Charter Schools: Sch for Early D","","Grades PreK-12","All Races","Both Genders",34,,"",,""
"2005","74983","01","8107","1279","49","Elem      ","Y","Non-district Charter Schools: Sch for Early D","Sch for Early Development & Achievement","Grades PreK-12","All Races","Both Genders",34,,"",,""
"2005","C5108","01","8108","    ","03","Elem      ","Y","Non-district Charter Schools: Urban League Ac","","Elementary School Type/ Prek-12","All Races","Both Genders",864,,"",,""
"2005","C5108","01","8108","    ","03","Mid/Jr Hi ","Y","Non-district Charter Schools: Urban League Ac","","Middle/Junior High School Type/ Prek-12","All Races","Both Genders",0,0,"--                            ",0,"--                            "
"2005","C5108","01","8108","    ","03","High      ","Y","Non-district Charter Schools: Urban League Ac","","High School Type/ PreK-12","All Races","Both Genders",0,0,"--                            ",0,"--                            "
"2005","C5108","01","8108","    ","03","El/Sec    ","Y","Non-district Charter Schools: Urban League Ac","","Combined Elementary/Secondary School Type/ Prek-12","All Races","Both Genders",0,0,"--                            ",0,"--                            "
"2005","C5108","01","8108","    ","03","Summary   ","Y","Non-district Charter Schools: Urban League Ac","","Grades PreK-12","All Races","Both Genders",864,,"",,""
"2005","79067","01","8108","1278","49","Elem      ","Y","Non-district Charter Schools: Urban League Ac","Urban League Academy","Grades PreK-12","All Races","Both Genders",864,,"",,""
"2005","C5109","01","8109","    ","03","Elem      ","Y","Non-district Charter Schools: DLH Academy","","Elementary School Type/ Prek-12","All Races","Both Genders",238,,"",,""
"2005","C5109","01","8109","    ","03","Mid/Jr Hi ","Y","Non-district Charter Schools: DLH Academy","","Middle/Junior High School Type/ Prek-12","All Races","Both Genders",0,0,"--                            ",0,"--                            "
"2005","C5109","01","8109","    ","03","High      ","Y","Non-district Charter Schools: DLH Academy","","High School Type/ PreK-12","All Races","Both Genders",0,0,"--                            ",0,"--                            "
"2005","C5109","01","8109","    ","03","El/Sec    ","Y","Non-district Charter Schools: DLH Academy","","Combined Elementary/Secondary School Type/ Prek-12","All Races","Both Genders",0,0,"--                            ",0,"--                            "
"2005","C5109","01","8109","    ","03","Summary   ","Y","Non-district Charter Schools: DLH Academy","","Grades PreK-12","All Races","Both Genders",238,,"",,""
"2005","74972","01","8109","0100","49","Elem      ","Y","Non-district Charter Schools: DLH Academy","DLH Academy","Grades PreK-12","All Races","Both Genders",238,,"",,""
"2005","C5110","01","8110","    ","03","Elem      ","Y","Non-district Charter Schools: 21st Century Pr","","Elementary School Type/ Prek-12","All Races","Both Genders",353,,"",,""
"2005","C5110","01","8110","    ","03","Mid/Jr Hi ","Y","Non-district Charter Schools: 21st Century Pr","","Middle/Junior High School Type/ Prek-12","All Races","Both Genders",0,0,"--                            ",0,"--                            "
"2005","C5110","01","8110","    ","03","High      ","Y","Non-district Charter Schools: 21st Century Pr","","High School Type/ PreK-12","All Races","Both Genders",0,0,"--                            ",0,"--                            "
"2005","C5110","01","8110","    ","03","El/Sec    ","Y","Non-district Charter Schools: 21st Century Pr","","Combined Elementary/Secondary School Type/ Prek-12","All Races","Both Genders",0,0,"--                            ",0,"--                            "
"2005","C5110","01","8110","    ","03","Summary   ","Y","Non-district Charter Schools: 21st Century Pr","","Grades PreK-12","All Races","Both Genders",353,,"",,""
"2005","74962","01","8110","0100","49","Elem      ","Y","Non-district Charter Schools: 21st Century Pr","21st Century Preparatory Sch","Grades PreK-12","All Races","Both Genders",353,,"",,""
"2005","C5111","01","8111","    ","03","Elem      ","Y","Non-district Charter Schools: YMCA Youth Lead","","Elementary School Type/ Prek-12","All Races","Both Genders",484,,"",,""
"2005","C5111","01","8111","    ","03","Mid/Jr Hi ","Y","Non-district Charter Schools: YMCA Youth Lead","","Middle/Junior High School Type/ Prek-12","All Races","Both Genders",0,0,"--                            ",0,"--                            "
"2005","C5111","01","8111","    ","03","High      ","Y","Non-district Charter Schools: YMCA Youth Lead","","High School Type/ PreK-12","All Races","Both Genders",0,0,"--                            ",0,"--                            "
"2005","C5111","01","8111","    ","03","El/Sec    ","Y","Non-district Charter Schools: YMCA Youth Lead","","Combined Elementary/Secondary School Type/ Prek-12","All Races","Both Genders",0,0,"--                            ",0,"--                            "
"2005","C5111","01","8111","    ","03","Summary   ","Y","Non-district Charter Schools: YMCA Youth Lead","","Grades PreK-12","All Races","Both Genders",484,,"",,""
"2005","74963","01","8111","0100","49","Elem      ","Y","Non-district Charter Schools: YMCA Youth Lead","YMCA Youth Leadership Academy","Grades PreK-12","All Races","Both Genders",484,,"",,""
"2005","C5112","01","8112","    ","03","Elem      ","Y","Non-district Charter Schools: Academy of Lear","","Elementary School Type/ Prek-12","All Races","Both Genders",196,,"",,""
"2005","C5112","01","8112","    ","03","Mid/Jr Hi ","Y","Non-district Charter Schools: Academy of Lear","","Middle/Junior High School Type/ Prek-12","All Races","Both Genders",0,0,"--                            ",0,"--                            "
"2005","C5112","01","8112","    ","03","High      ","Y","Non-district Charter Schools: Academy of Lear","","High School Type/ PreK-12","All Races","Both Genders",0,0,"--                            ",0,"--                            "
"2005","C5112","01","8112","    ","03","El/Sec    ","Y","Non-district Charter Schools: Academy of Lear","","Combined Elementary/Secondary School Type/ Prek-12","All Races","Both Genders",0,0,"--                            ",0,"--                            "
"2005","C5112","01","8112","    ","03","Summary   ","Y","Non-district Charter Schools: Academy of Lear","","Grades PreK-12","All Races","Both Genders",196,,"",,""
"2005","79654","01","8112","0100","49","Elem      ","Y","Non-district Charter Schools: Academy of Lear","Academy of Learning & Leadership","Grades PreK-12","All Races","Both Genders",196,,"",,""
"2005","C5113","01","8113","    ","03","Elem      ","Y","Non-district Charter Schools: Woodlands Schoo","","Elementary School Type/ Prek-12","All Races","Both Genders",224,,"",,""
"2005","C5113","01","8113","    ","03","Mid/Jr Hi ","Y","Non-district Charter Schools: Woodlands Schoo","","Middle/Junior High School Type/ Prek-12","All Races","Both Genders",0,0,"--                            ",0,"--                            "
"2005","C5113","01","8113","    ","03","High      ","Y","Non-district Charter Schools: Woodlands Schoo","","High School Type/ PreK-12","All Races","Both Genders",0,0,"--                            ",0,"--                            "
"2005","C5113","01","8113","    ","03","El/Sec    ","Y","Non-district Charter Schools: Woodlands Schoo","","Combined Elementary/Secondary School Type/ Prek-12","All Races","Both Genders",0,0,"--                            ",0,"--                            "
"2005","C5113","01","8113","    ","03","Summary   ","Y","Non-district Charter Schools: Woodlands Schoo","","Grades PreK-12","All Races","Both Genders",224,,"",,""
"2005","79712","01","8113","8728","49","Elem      ","Y","Non-district Charter Schools: Woodlands Schoo","Woodlands School","Grades PreK-12","All Races","Both Genders",224,,"",,""
"2005","C5114","01","8114","    ","03","Elem      ","Y","Non-district Charter Schools: Capitol West Ac","","Elementary School Type/ Prek-12","All Races","Both Genders",30,,"",,""
"2005","C5114","01","8114","    ","03","Mid/Jr Hi ","Y","Non-district Charter Schools: Capitol West Ac","","Middle/Junior High School Type/ Prek-12","All Races","Both Genders",0,0,"--                            ",0,"--                            "
"2005","C5114","01","8114","    ","03","High      ","Y","Non-district Charter Schools: Capitol West Ac","","High School Type/ PreK-12","All Races","Both Genders",0,0,"--                            ",0,"--                            "
"2005","C5114","01","8114","    ","03","El/Sec    ","Y","Non-district Charter Schools: Capitol West Ac","","Combined Elementary/Secondary School Type/ Prek-12","All Races","Both Genders",0,0,"--                            ",0,"--                            "
"2005","C5114","01","8114","    ","03","Summary   ","Y","Non-district Charter Schools: Capitol West Ac","","Grades PreK-12","All Races","Both Genders",30,,"",,""
"2005","79714","01","8114","0100","49","Elem      ","Y","Non-district Charter Schools: Capitol West Ac","Capitol West Academy","Grades PreK-12","All Races","Both Genders",30,,"",,""
