"year","agency_key","CESA","district_number","school_number","agency_type","school_type","charter","district_name","school_name","grade_label","total_enrollment_prek-12","number_with_disabilities","percent_with_disabilities","number_without_disabilities","percent_without_disabilities"
"2003","53516","02","0063","","03","High Schools","N","Albany","","PreK-12","131                           ","15                            ","11.450300                     ","116                           ","88.549600                     "
"2003","53516","02","0063","","03","Mid/Jr Hi Schools","N","Albany","","PreK-12","109                           ","13                            ","11.926600                     ","96                            ","88.073300                     "
"2003","53516","02","0063","","03","Elem. Schools","N","Albany","","PreK-12","208                           ","28                            ","13.461500                     ","180                           ","86.538400                     "
"2003","53516","02","0063","","03","El/Sec Combined Schls","N","Albany","","PreK-12","0                             ","*                             ","*                             ","*                             ","*                             "
"2003","52436","02","0063","0020","04","Elem. Schools","N","Albany","Albany El","PreK-12","208                           ","28                            ","13.461500                     ","180                           ","86.538400                     "
"2003","52438","02","0063","0040","04","High Schools","N","Albany","Albany Hi","PreK-12","131                           ","15                            ","11.450300                     ","116                           ","88.549600                     "
"2003","52439","02","0063","0060","04","Mid/Jr Hi Schools","N","Albany","Albany Mid","PreK-12","109                           ","13                            ","11.926600                     ","96                            ","88.073300                     "
"2003","53331","02","0350","","03","El/Sec Combined Schls","N","Belleville","","PreK-12","0                             ","*                             ","*                             ","*                             ","*                             "
"2003","53331","02","0350","","03","Elem. Schools","N","Belleville","","PreK-12","478                           ","78                            ","16.317900                     ","400                           ","83.682000                     "
"2003","53331","02","0350","","03","Mid/Jr Hi Schools","N","Belleville","","PreK-12","141                           ","24                            ","17.021200                     ","117                           ","82.978700                     "
"2003","53331","02","0350","","03","High Schools","N","Belleville","","PreK-12","245                           ","39                            ","15.918300                     ","206                           ","84.081600                     "
"2003","51716","02","0350","0020","04","Elem. Schools","N","Belleville","Belleville El","PreK-12","139                           ","30                            ","21.582700                     ","109                           ","78.417200                     "
"2003","51717","02","0350","0040","04","High Schools","N","Belleville","Belleville Hi","PreK-12","245                           ","39                            ","15.918300                     ","206                           ","84.081600                     "
"2003","51718","02","0350","0060","04","Mid/Jr Hi Schools","N","Belleville","Belleville Mid","PreK-12","141                           ","24                            ","17.021200                     ","117                           ","82.978700                     "
"2003","53228","02","0350","0100","04","Elem. Schools","N","Belleville","Belleville Intermediate","PreK-12","339                           ","48                            ","14.159200                     ","291                           ","85.840700                     "
"2003","54679","02","0350","9406","4C","High Schools","Y","Belleville","Dane County Transition Sch","PreK-12","4                             ","*                             ","*                             ","*                             ","*                             "
"2003","53517","02","0413","","03","High Schools","N","Beloit","","PreK-12","1832                          ","275                           ","15.010900                     ","1557                          ","84.989000                     "
"2003","53517","02","0413","","03","Mid/Jr Hi Schools","N","Beloit","","PreK-12","1653                          ","340                           ","20.568600                     ","1313                          ","79.431300                     "
"2003","53517","02","0413","","03","Elem. Schools","N","Beloit","","PreK-12","3314                          ","637                           ","19.221400                     ","2677                          ","80.778500                     "
"2003","53517","02","0413","","03","El/Sec Combined Schls","N","Beloit","","PreK-12","0                             ","*                             ","*                             ","*                             ","*                             "
"2003","51721","02","0413","0020","04","Mid/Jr Hi Schools","N","Beloit","Aldrich Mid","PreK-12","773                           ","152                           ","19.663600                     ","621                           ","80.336300                     "
"2003","51722","02","0413","0040","04","Elem. Schools","N","Beloit","Burdge El","PreK-12","201                           ","43                            ","21.393000                     ","158                           ","78.606900                     "
"2003","51723","02","0413","0060","04","Elem. Schools","N","Beloit","Converse El","PreK-12","337                           ","45                            ","13.353100                     ","292                           ","86.646800                     "
"2003","51724","02","0413","0080","04","Elem. Schools","N","Beloit","Cunningham El","PreK-12","280                           ","45                            ","16.071400                     ","235                           ","83.928500                     "
"2003","51725","02","0413","0097","04","Elem. Schools","N","Beloit","Roosevelt PK","PreK-12","62                            ","*                             ","*                             ","*                             ","*                             "
"2003","51726","02","0413","0110","04","Elem. Schools","N","Beloit","Gaston El","PreK-12","307                           ","42                            ","13.680700                     ","265                           ","86.319200                     "
"2003","51727","02","0413","0120","04","Elem. Schools","N","Beloit","Hackett El","PreK-12","298                           ","51                            ","17.114000                     ","247                           ","82.885900                     "
"2003","51728","02","0413","0160","04","Elem. Schools","N","Beloit","McLenegan El","PreK-12","219                           ","45                            ","20.547900                     ","174                           ","79.452000                     "
"2003","51729","02","0413","0180","04","Mid/Jr Hi Schools","N","Beloit","McNeel Mid","PreK-12","880                           ","188                           ","21.363600                     ","692                           ","78.636300                     "
"2003","51730","02","0413","0200","04","High Schools","N","Beloit","Memorial Hi","PreK-12","1797                          ","275                           ","15.303200                     ","1522                          ","84.696700                     "
"2003","51731","02","0413","0210","04","Elem. Schools","N","Beloit","Merrill El","PreK-12","296                           ","72                            ","24.324300                     ","224                           ","75.675600                     "
"2003","51732","02","0413","0240","04","Elem. Schools","N","Beloit","Morgan El","PreK-12","250                           ","38                            ","15.200000                     ","212                           ","84.800000                     "
"2003","54566","02","0413","0260","04","Elem. Schools","N","Beloit","Robinson El","PreK-12","280                           ","42                            ","15.000000                     ","238                           ","85.000000                     "
"2003","51733","02","0413","0300","04","Elem. Schools","N","Beloit","Royce El","PreK-12","271                           ","41                            ","15.129100                     ","230                           ","84.870800                     "
"2003","51734","02","0413","0320","04","Elem. Schools","N","Beloit","Todd El","PreK-12","264                           ","37                            ","14.015100                     ","227                           ","85.984800                     "
"2003","51735","02","0413","0360","04","Elem. Schools","N","Beloit","Wright El","PreK-12","249                           ","36                            ","14.457800                     ","213                           ","85.542100                     "
"2003","54495","02","0413","0400","04","High Schools","Y","Beloit","Knight's Academy","PreK-12","35                            ","0                             ","0.000000                      ","35                            ","100.000000                    "
"2003","53518","02","0422","","03","El/Sec Combined Schls","N","Beloit Turner","","PreK-12","0                             ","*                             ","*                             ","*                             ","*                             "
"2003","53518","02","0422","","03","Elem. Schools","N","Beloit Turner","","PreK-12","496                           ","79                            ","15.927400                     ","417                           ","84.072500                     "
"2003","53518","02","0422","","03","Mid/Jr Hi Schools","N","Beloit Turner","","PreK-12","319                           ","44                            ","13.793100                     ","275                           ","86.206800                     "
"2003","53518","02","0422","","03","High Schools","N","Beloit Turner","","PreK-12","382                           ","30                            ","7.853400                      ","352                           ","92.146500                     "
"2003","51736","02","0422","0020","04","High Schools","N","Beloit Turner","Turner Hi","PreK-12","382                           ","30                            ","7.853400                      ","352                           ","92.146500                     "
"2003","51737","02","0422","0060","04","Elem. Schools","N","Beloit Turner","Powers El","PreK-12","258                           ","46                            ","17.829400                     ","212                           ","82.170500                     "
"2003","51738","02","0422","0100","04","Elem. Schools","N","Beloit Turner","Townview El","PreK-12","238                           ","33                            ","13.865500                     ","205                           ","86.134400                     "
"2003","51739","02","0422","0120","04","Mid/Jr Hi Schools","N","Beloit Turner","Turner Mid","PreK-12","319                           ","44                            ","13.793100                     ","275                           ","86.206800                     "
"2003","53339","02","0469","","03","High Schools","N","Wisconsin Heights","","PreK-12","379                           ","60                            ","15.831100                     ","319                           ","84.168800                     "
"2003","53339","02","0469","","03","Mid/Jr Hi Schools","N","Wisconsin Heights","","PreK-12","304                           ","46                            ","15.131500                     ","258                           ","84.868400                     "
"2003","53339","02","0469","","03","Elem. Schools","N","Wisconsin Heights","","PreK-12","443                           ","73                            ","16.478500                     ","370                           ","83.521400                     "
"2003","53339","02","0469","","03","El/Sec Combined Schls","N","Wisconsin Heights","","PreK-12","0                             ","*                             ","*                             ","*                             ","*                             "
"2003","52441","02","0469","0020","04","Elem. Schools","N","Wisconsin Heights","Black Earth El","PreK-12","207                           ","34                            ","16.425100                     ","173                           ","83.574800                     "
"2003","51773","02","0469","0040","04","Elem. Schools","N","Wisconsin Heights","Mazomanie El","PreK-12","236                           ","39                            ","16.525400                     ","197                           ","83.474500                     "
"2003","51774","02","0469","0060","04","High Schools","N","Wisconsin Heights","Wisconsin Heights Hi","PreK-12","379                           ","60                            ","15.831100                     ","319                           ","84.168800                     "
"2003","53185","02","0469","0080","04","Mid/Jr Hi Schools","N","Wisconsin Heights","Wisconsin Heights Mid","PreK-12","304                           ","46                            ","15.131500                     ","258                           ","84.868400                     "
"2003","54680","02","0469","9406","4C","High Schools","Y","Wisconsin Heights","Dane County Transition Sch","PreK-12","4                             ","*                             ","*                             ","*                             ","*                             "
"2003","53285","02","0657","","03","El/Sec Combined Schls","N","Brighton #1","","PreK-12","0                             ","*                             ","*                             ","*                             ","*                             "
"2003","53285","02","0657","","03","Elem. Schools","N","Brighton #1","","PreK-12","188                           ","23                            ","12.234000                     ","165                           ","87.765900                     "
"2003","53285","02","0657","","03","Mid/Jr Hi Schools","N","Brighton #1","","PreK-12","0                             ","*                             ","*                             ","*                             ","*                             "
"2003","53285","02","0657","","03","High Schools","N","Brighton #1","","PreK-12","0                             ","*                             ","*                             ","*                             ","*                             "
"2003","51452","02","0657","0020","04","Elem. Schools","N","Brighton #1","Brighton El","PreK-12","188                           ","23                            ","12.234000                     ","165                           ","87.765900                     "
"2003","53271","02","0665","","03","High Schools","N","Bristol #1","","PreK-12","0                             ","*                             ","*                             ","*                             ","*                             "
"2003","53271","02","0665","","03","Mid/Jr Hi Schools","N","Bristol #1","","PreK-12","0                             ","*                             ","*                             ","*                             ","*                             "
"2003","53271","02","0665","","03","Elem. Schools","N","Bristol #1","","PreK-12","572                           ","97                            ","16.958000                     ","475                           ","83.041900                     "
"2003","53271","02","0665","","03","El/Sec Combined Schls","N","Bristol #1","","PreK-12","0                             ","*                             ","*                             ","*                             ","*                             "
"2003","51401","02","0665","0020","04","Elem. Schools","N","Bristol #1","Bristol El","PreK-12","572                           ","97                            ","16.958000                     ","475                           ","83.041900                     "
"2003","53520","02","0700","","03","El/Sec Combined Schls","N","Brodhead","","PreK-12","0                             ","*                             ","*                             ","*                             ","*                             "
"2003","53520","02","0700","","03","Elem. Schools","N","Brodhead","","PreK-12","530                           ","84                            ","15.849000                     ","446                           ","84.150900                     "
"2003","53520","02","0700","","03","Mid/Jr Hi Schools","N","Brodhead","","PreK-12","307                           ","37                            ","12.052100                     ","270                           ","87.947800                     "
"2003","53520","02","0700","","03","High Schools","N","Brodhead","","PreK-12","389                           ","56                            ","14.395800                     ","333                           ","85.604100                     "
"2003","52443","02","0700","0020","04","Elem. Schools","N","Brodhead","Ronald R Albrecht El","PreK-12","530                           ","84                            ","15.849000                     ","446                           ","84.150900                     "
"2003","52444","02","0700","0040","04","High Schools","N","Brodhead","Brodhead Hi","PreK-12","389                           ","56                            ","14.395800                     ","333                           ","85.604100                     "
"2003","52445","02","0700","0060","04","Mid/Jr Hi Schools","N","Brodhead","Brodhead Mid","PreK-12","307                           ","37                            ","12.052100                     ","270                           ","87.947800                     "
"2003","53272","02","0777","","03","High Schools","N","Burlington Area","","PreK-12","1356                          ","164                           ","12.094300                     ","1192                          ","87.905600                     "
"2003","53272","02","0777","","03","Mid/Jr Hi Schools","N","Burlington Area","","PreK-12","553                           ","66                            ","11.934900                     ","487                           ","88.065000                     "
"2003","53272","02","0777","","03","Elem. Schools","N","Burlington Area","","PreK-12","1738                          ","249                           ","14.326800                     ","1489                          ","85.673100                     "
"2003","53272","02","0777","","03","El/Sec Combined Schls","N","Burlington Area","","PreK-12","0                             ","*                             ","*                             ","*                             ","*                             "
"2003","51402","02","0777","0020","04","High Schools","N","Burlington Area","Burlington Hi","PreK-12","1356                          ","164                           ","12.094300                     ","1192                          ","87.905600                     "
"2003","51403","02","0777","0040","04","Mid/Jr Hi Schools","N","Burlington Area","Nettie E Karcher School","PreK-12","553                           ","66                            ","11.934900                     ","487                           ","88.065000                     "
"2003","51404","02","0777","0060","04","Elem. Schools","N","Burlington Area","Cooper El","PreK-12","336                           ","49                            ","14.583300                     ","287                           ","85.416600                     "
"2003","54534","02","0777","0100","04","Elem. Schools","N","Burlington Area","Dover Center","PreK-12","90                            ","11                            ","12.222200                     ","79                            ","87.777700                     "
"2003","54527","02","0777","0110","04","Elem. Schools","N","Burlington Area","Dr Edward G Dyer Sch","PreK-12","532                           ","73                            ","13.721800                     ","459                           ","86.278100                     "
"2003","50173","02","0777","0120","04","Elem. Schools","N","Burlington Area","Lyons Center","PreK-12","205                           ","19                            ","9.268200                      ","186                           ","90.731700                     "
"2003","51405","02","0777","0140","04","Elem. Schools","N","Burlington Area","Waller El","PreK-12","372                           ","75                            ","20.161200                     ","297                           ","79.838700                     "
"2003","51406","02","0777","0160","04","Elem. Schools","N","Burlington Area","Winkler El","PreK-12","203                           ","22                            ","10.837400                     ","181                           ","89.162500                     "
"2003","53521","02","0896","","03","El/Sec Combined Schls","N","Cambridge","","PreK-12","0                             ","*                             ","*                             ","*                             ","*                             "
"2003","53521","02","0896","","03","Elem. Schools","N","Cambridge","","PreK-12","396                           ","47                            ","11.868600                     ","349                           ","88.131300                     "
"2003","53521","02","0896","","03","Mid/Jr Hi Schools","N","Cambridge","","PreK-12","251                           ","37                            ","14.741000                     ","214                           ","85.258900                     "
"2003","53521","02","0896","","03","High Schools","N","Cambridge","","PreK-12","337                           ","43                            ","12.759600                     ","294                           ","87.240300                     "
"2003","52447","02","0896","0020","04","Elem. Schools","N","Cambridge","Cambridge El","PreK-12","396                           ","47                            ","11.868600                     ","349                           ","88.131300                     "
"2003","52448","02","0896","0040","04","High Schools","N","Cambridge","Cambridge Hi","PreK-12","337                           ","43                            ","12.759600                     ","294                           ","87.240300                     "
"2003","52449","02","0896","0060","04","Mid/Jr Hi Schools","N","Cambridge","Nikolay Mid","PreK-12","251                           ","37                            ","14.741000                     ","214                           ","85.258900                     "
"2003","54681","02","0896","9403","4C","High Schools","Y","Cambridge","Jefferson County Alternative Sch","PreK-12","0                             ","*                             ","*                             ","*                             ","*                             "
"2003","53523","02","1134","","03","High Schools","N","Clinton Community","","PreK-12","413                           ","54                            ","13.075000                     ","359                           ","86.924900                     "
"2003","53523","02","1134","","03","Mid/Jr Hi Schools","N","Clinton Community","","PreK-12","372                           ","47                            ","12.634400                     ","325                           ","87.365500                     "
"2003","53523","02","1134","","03","Elem. Schools","N","Clinton Community","","PreK-12","415                           ","70                            ","16.867400                     ","345                           ","83.132500                     "
"2003","53523","02","1134","","03","El/Sec Combined Schls","N","Clinton Community","","PreK-12","0                             ","*                             ","*                             ","*                             ","*                             "
"2003","52450","02","1134","0040","04","Elem. Schools","N","Clinton Community","Clinton El","PreK-12","415                           ","70                            ","16.867400                     ","345                           ","83.132500                     "
"2003","52451","02","1134","0060","04","High Schools","N","Clinton Community","Clinton Hi","PreK-12","413                           ","54                            ","13.075000                     ","359                           ","86.924900                     "
"2003","52452","02","1134","0080","04","Mid/Jr Hi Schools","N","Clinton Community","Clinton Mid","PreK-12","372                           ","47                            ","12.634400                     ","325                           ","87.365500                     "
"2003","53525","02","1309","","03","El/Sec Combined Schls","N","Deerfield Community","","PreK-12","0                             ","*                             ","*                             ","*                             ","*                             "
"2003","53525","02","1309","","03","Elem. Schools","N","Deerfield Community","","PreK-12","322                           ","43                            ","13.354000                     ","279                           ","86.645900                     "
"2003","53525","02","1309","","03","Mid/Jr Hi Schools","N","Deerfield Community","","PreK-12","189                           ","27                            ","14.285700                     ","162                           ","85.714200                     "
"2003","53525","02","1309","","03","High Schools","N","Deerfield Community","","PreK-12","243                           ","38                            ","15.637800                     ","205                           ","84.362100                     "
"2003","54591","02","1309","0020","04","Elem. Schools","N","Deerfield Community","Deerfield El","PreK-12","322                           ","43                            ","13.354000                     ","279                           ","86.645900                     "
"2003","52458","02","1309","0040","04","High Schools","N","Deerfield Community","Deerfield Hi","PreK-12","232                           ","35                            ","15.086200                     ","197                           ","84.913700                     "
"2003","52459","02","1309","0060","04","Mid/Jr Hi Schools","N","Deerfield Community","Deerfield Mid","PreK-12","189                           ","27                            ","14.285700                     ","162                           ","85.714200                     "
"2003","50192","02","1309","0080","04","High Schools","Y","Deerfield Community","Deerfield Charter Hi","PreK-12","11                            ","3                             ","27.272700                     ","8                             ","72.727200                     "
"2003","53526","02","1316","","03","High Schools","N","De Forest Area","","PreK-12","1008                          ","132                           ","13.095200                     ","876                           ","86.904700                     "
"2003","53526","02","1316","","03","Mid/Jr Hi Schools","N","De Forest Area","","PreK-12","964                           ","125                           ","12.966800                     ","839                           ","87.033100                     "
"2003","53526","02","1316","","03","Elem. Schools","N","De Forest Area","","PreK-12","1139                          ","160                           ","14.047400                     ","979                           ","85.952500                     "
"2003","53526","02","1316","","03","El/Sec Combined Schls","N","De Forest Area","","PreK-12","0                             ","*                             ","*                             ","*                             ","*                             "
"2003","52460","02","1316","0020","04","Elem. Schools","N","De Forest Area","Eagle Point El","PreK-12","202                           ","22                            ","10.891000                     ","180                           ","89.108900                     "
"2003","52461","02","1316","0040","04","High Schools","N","De Forest Area","De Forest Hi","PreK-12","1008                          ","132                           ","13.095200                     ","876                           ","86.904700                     "
"2003","52462","02","1316","0050","04","Mid/Jr Hi Schools","N","De Forest Area","De Forest Mid","PreK-12","964                           ","125                           ","12.966800                     ","839                           ","87.033100                     "
"2003","50136","02","1316","0080","04","Elem. Schools","N","De Forest Area","Morrisonville El","PreK-12","60                            ","4                             ","6.666600                      ","56                            ","93.333300                     "
"2003","52463","02","1316","0100","04","Elem. Schools","N","De Forest Area","Holum Kindergarten Center","PreK-12","233                           ","46                            ","19.742400                     ","187                           ","80.257500                     "
"2003","52520","02","1316","0140","04","Elem. Schools","N","De Forest Area","Windsor El","PreK-12","311                           ","48                            ","15.434000                     ","263                           ","84.565900                     "
"2003","52464","02","1316","0160","04","Elem. Schools","N","De Forest Area","Yahara El","PreK-12","333                           ","40                            ","12.012000                     ","293                           ","87.987900                     "
"2003","54685","02","1316","9406","4C","High Schools","Y","De Forest Area","Dane County Transition Sch","PreK-12","0                             ","*                             ","*                             ","*                             ","*                             "
"2003","53275","02","1380","","03","El/Sec Combined Schls","N","Delavan-Darien","","PreK-12","0                             ","*                             ","*                             ","*                             ","*                             "
"2003","53275","02","1380","","03","Elem. Schools","N","Delavan-Darien","","PreK-12","1238                          ","116                           ","9.369900                      ","1122                          ","90.630000                     "
"2003","53275","02","1380","","03","Mid/Jr Hi Schools","N","Delavan-Darien","","PreK-12","586                           ","87                            ","14.846400                     ","499                           ","85.153500                     "
"2003","53275","02","1380","","03","High Schools","N","Delavan-Darien","","PreK-12","947                           ","105                           ","11.087600                     ","842                           ","88.912300                     "
"2003","51413","02","1380","0010","04","Elem. Schools","N","Delavan-Darien","Darien El","PreK-12","451                           ","44                            ","9.756000                      ","407                           ","90.243900                     "
"2003","51414","02","1380","0020","04","High Schools","N","Delavan-Darien","Delavan-Darien Hi","PreK-12","922                           ","105                           ","11.388200                     ","817                           ","88.611700                     "
"2003","51415","02","1380","0045","04","Elem. Schools","N","Delavan-Darien","Turtle Creek El","PreK-12","565                           ","42                            ","7.433600                      ","523                           ","92.566300                     "
"2003","51416","02","1380","0060","04","Mid/Jr Hi Schools","N","Delavan-Darien","Phoenix Mid","PreK-12","586                           ","87                            ","14.846400                     ","499                           ","85.153500                     "
"2003","51417","02","1380","0100","04","Elem. Schools","N","Delavan-Darien","Wileman El","PreK-12","222                           ","30                            ","13.513500                     ","192                           ","86.486400                     "
"2003","54797","02","1380","9401","4C","High Schools","Y","Delavan-Darien","Walworth Co Educ Alt Hi","PreK-12","25                            ","0                             ","0.000000                      ","25                            ","100.000000                    "
"2003","53286","02","1449","","03","High Schools","N","Dover #1","","PreK-12","0                             ","*                             ","*                             ","*                             ","*                             "
"2003","53286","02","1449","","03","Mid/Jr Hi Schools","N","Dover #1","","PreK-12","0                             ","*                             ","*                             ","*                             ","*                             "
"2003","53286","02","1449","","03","Elem. Schools","N","Dover #1","","PreK-12","92                            ","8                             ","8.695600                      ","84                            ","91.304300                     "
"2003","53286","02","1449","","03","El/Sec Combined Schls","N","Dover #1","","PreK-12","0                             ","*                             ","*                             ","*                             ","*                             "
"2003","51453","02","1449","0020","04","Elem. Schools","N","Dover #1","Kansasville El","PreK-12","92                            ","8                             ","8.695600                      ","84                            ","91.304300                     "
"2003","53276","02","1540","","03","El/Sec Combined Schls","N","East Troy Community","","PreK-12","0                             ","*                             ","*                             ","*                             ","*                             "
"2003","53276","02","1540","","03","Elem. Schools","N","East Troy Community","","PreK-12","640                           ","64                            ","10.000000                     ","576                           ","90.000000                     "
"2003","53276","02","1540","","03","Mid/Jr Hi Schools","N","East Troy Community","","PreK-12","393                           ","26                            ","6.615700                      ","367                           ","93.384200                     "
"2003","53276","02","1540","","03","High Schools","N","East Troy Community","","PreK-12","634                           ","41                            ","6.466800                      ","593                           ","93.533100                     "
"2003","51421","02","1540","0020","04","Elem. Schools","N","East Troy Community","Doubek El","PreK-12","205                           ","25                            ","12.195100                     ","180                           ","87.804800                     "
"2003","51422","02","1540","0035","04","Elem. Schools","N","East Troy Community","Chester Byrnes El","PreK-12","96                            ","3                             ","3.125000                      ","93                            ","96.875000                     "
"2003","51423","02","1540","0040","04","High Schools","N","East Troy Community","East Troy Hi","PreK-12","634                           ","41                            ","6.466800                      ","593                           ","93.533100                     "
"2003","51424","02","1540","0060","04","Mid/Jr Hi Schools","N","East Troy Community","East Troy Mid","PreK-12","393                           ","26                            ","6.615700                      ","367                           ","93.384200                     "
"2003","54205","02","1540","0100","04","Elem. Schools","N","East Troy Community","Prairie View El","PreK-12","339                           ","36                            ","10.619400                     ","303                           ","89.380500                     "
"2003","53528","02","1568","","03","High Schools","N","Edgerton","","PreK-12","582                           ","99                            ","17.010300                     ","483                           ","82.989600                     "
"2003","53528","02","1568","","03","Mid/Jr Hi Schools","N","Edgerton","","PreK-12","422                           ","87                            ","20.616100                     ","335                           ","79.383800                     "
"2003","53528","02","1568","","03","Elem. Schools","N","Edgerton","","PreK-12","874                           ","176                           ","20.137200                     ","698                           ","79.862700                     "
"2003","53528","02","1568","","03","El/Sec Combined Schls","N","Edgerton","","PreK-12","0                             ","*                             ","*                             ","*                             ","*                             "
"2003","52469","02","1568","0040","04","Elem. Schools","N","Edgerton","Edgerton Community El","PreK-12","754                           ","163                           ","21.618000                     ","591                           ","78.381900                     "
"2003","52470","02","1568","0060","04","Mid/Jr Hi Schools","N","Edgerton","Edgerton Mid","PreK-12","422                           ","87                            ","20.616100                     ","335                           ","79.383800                     "
"2003","52471","02","1568","0080","04","High Schools","N","Edgerton","Edgerton Hi","PreK-12","582                           ","99                            ","17.010300                     ","483                           ","82.989600                     "
"2003","52472","02","1568","0160","04","Elem. Schools","N","Edgerton","Yahara El","PreK-12","120                           ","13                            ","10.833300                     ","107                           ","89.166600                     "
"2003","53277","02","1638","","03","El/Sec Combined Schls","N","Elkhorn Area","","PreK-12","0                             ","*                             ","*                             ","*                             ","*                             "
"2003","53277","02","1638","","03","Elem. Schools","N","Elkhorn Area","","PreK-12","939                           ","86                            ","9.158600                      ","853                           ","90.841300                     "
"2003","53277","02","1638","","03","Mid/Jr Hi Schools","N","Elkhorn Area","","PreK-12","817                           ","66                            ","8.078300                      ","751                           ","91.921600                     "
"2003","53277","02","1638","","03","High Schools","N","Elkhorn Area","","PreK-12","821                           ","58                            ","7.064500                      ","763                           ","92.935400                     "
"2003","54560","02","1638","0040","04","High Schools","N","Elkhorn Area","Elkhorn Area Hi","PreK-12","791                           ","58                            ","7.332400                      ","733                           ","92.667500                     "
"2003","51426","02","1638","0060","04","Mid/Jr Hi Schools","N","Elkhorn Area","Elkhorn Area Mid","PreK-12","817                           ","66                            ","8.078300                      ","751                           ","91.921600                     "
"2003","51427","02","1638","0080","04","Elem. Schools","N","Elkhorn Area","Tibbets El","PreK-12","441                           ","42                            ","9.523800                      ","399                           ","90.476100                     "
"2003","51429","02","1638","0100","04","Elem. Schools","N","Elkhorn Area","West Side El","PreK-12","498                           ","44                            ","8.835300                      ","454                           ","91.164600                     "
"2003","54673","02","1638","9401","04","High Schools","Y","Elkhorn Area","Walworth Co Educ Alt Hi","PreK-12","30                            ","0                             ","0.000000                      ","30                            ","100.000000                    "
"2003","53529","02","1694","","03","High Schools","N","Evansville Community","","PreK-12","475                           ","65                            ","13.684200                     ","410                           ","86.315700                     "
"2003","53529","02","1694","","03","Mid/Jr Hi Schools","N","Evansville Community","","PreK-12","391                           ","51                            ","13.043400                     ","340                           ","86.956500                     "
"2003","53529","02","1694","","03","Elem. Schools","N","Evansville Community","","PreK-12","777                           ","111                           ","14.285700                     ","666                           ","85.714200                     "
"2003","53529","02","1694","","03","El/Sec Combined Schls","N","Evansville Community","","PreK-12","0                             ","*                             ","*                             ","*                             ","*                             "
"2003","54592","02","1694","0020","04","Elem. Schools","N","Evansville Community","Levi Leonard El","PreK-12","380                           ","50                            ","13.157800                     ","330                           ","86.842100                     "
"2003","52473","02","1694","0040","04","High Schools","N","Evansville Community","Evansville Hi","PreK-12","475                           ","65                            ","13.684200                     ","410                           ","86.315700                     "
"2003","52474","02","1694","0060","04","Mid/Jr Hi Schools","N","Evansville Community","J C McKenna Mid","PreK-12","391                           ","51                            ","13.043400                     ","340                           ","86.956500                     "
"2003","55174","02","1694","0100","04","Elem. Schools","N","Evansville Community","Theodore Robinson Intermediate School","PreK-12","397                           ","61                            ","15.365200                     ","336                           ","84.634700                     "
"2003","53278","02","1870","","03","El/Sec Combined Schls","N","Fontana J8","","PreK-12","0                             ","*                             ","*                             ","*                             ","*                             "
"2003","53278","02","1870","","03","Elem. Schools","N","Fontana J8","","PreK-12","303                           ","29                            ","9.570900                      ","274                           ","90.429000                     "
"2003","53278","02","1870","","03","Mid/Jr Hi Schools","N","Fontana J8","","PreK-12","0                             ","*                             ","*                             ","*                             ","*                             "
"2003","53278","02","1870","","03","High Schools","N","Fontana J8","","PreK-12","0                             ","*                             ","*                             ","*                             ","*                             "
"2003","51432","02","1870","0020","04","Elem. Schools","N","Fontana J8","Fontana El","PreK-12","303                           ","29                            ","9.570900                      ","274                           ","90.429000                     "
"2003","53333","02","1883","","03","High Schools","N","Fort Atkinson","","PreK-12","958                           ","118                           ","12.317300                     ","840                           ","87.682600                     "
"2003","53333","02","1883","","03","Mid/Jr Hi Schools","N","Fort Atkinson","","PreK-12","563                           ","84                            ","14.920000                     ","479                           ","85.079900                     "
"2003","53333","02","1883","","03","Elem. Schools","N","Fort Atkinson","","PreK-12","1120                          ","183                           ","16.339200                     ","937                           ","83.660700                     "
"2003","53333","02","1883","","03","El/Sec Combined Schls","N","Fort Atkinson","","PreK-12","0                             ","*                             ","*                             ","*                             ","*                             "
"2003","51741","02","1883","0020","04","Elem. Schools","N","Fort Atkinson","Barrie El","PreK-12","243                           ","38                            ","15.637800                     ","205                           ","84.362100                     "
"2003","51742","02","1883","0080","04","High Schools","N","Fort Atkinson","Fort Atkinson Hi","PreK-12","938                           ","112                           ","11.940200                     ","826                           ","88.059700                     "
"2003","54515","02","1883","0100","04","Elem. Schools","N","Fort Atkinson","Luther El","PreK-12","253                           ","32                            ","12.648200                     ","221                           ","87.351700                     "
"2003","51743","02","1883","0120","04","Mid/Jr Hi Schools","N","Fort Atkinson","Fort Atkinson Middle School","PreK-12","563                           ","84                            ","14.920000                     ","479                           ","85.079900                     "
"2003","51744","02","1883","0160","04","Elem. Schools","N","Fort Atkinson","Purdy El","PreK-12","369                           ","80                            ","21.680200                     ","289                           ","78.319700                     "
"2003","51745","02","1883","0180","04","Elem. Schools","N","Fort Atkinson","Rockwell El","PreK-12","255                           ","33                            ","12.941100                     ","222                           ","87.058800                     "
"2003","54514","02","1883","0400","04","High Schools","N","Fort Atkinson","Luther Alternative Education School","PreK-12","20                            ","6                             ","30.000000                     ","14                            ","70.000000                     "
"2003","54688","02","1883","9403","4C","High Schools","Y","Fort Atkinson","Jefferson County Alternative Sch","PreK-12","0                             ","*                             ","*                             ","*                             ","*                             "
"2003","53305","02","2044","","03","El/Sec Combined Schls","N","Geneva J4","","PreK-12","0                             ","*                             ","*                             ","*                             ","*                             "
"2003","53305","02","2044","","03","Elem. Schools","N","Geneva J4","","PreK-12","128                           ","12                            ","9.375000                      ","116                           ","90.625000                     "
"2003","53305","02","2044","","03","Mid/Jr Hi Schools","N","Geneva J4","","PreK-12","0                             ","*                             ","*                             ","*                             ","*                             "
"2003","53305","02","2044","","03","High Schools","N","Geneva J4","","PreK-12","0                             ","*                             ","*                             ","*                             ","*                             "
"2003","51572","02","2044","0020","04","Elem. Schools","N","Geneva J4","Woods El","PreK-12","128                           ","12                            ","9.375000                      ","116                           ","90.625000                     "
"2003","53282","02","2051","","03","High Schools","N","Genoa City J2","","PreK-12","0                             ","*                             ","*                             ","*                             ","*                             "
"2003","53282","02","2051","","03","Mid/Jr Hi Schools","N","Genoa City J2","","PreK-12","289                           ","27                            ","9.342500                      ","262                           ","90.657400                     "
"2003","53282","02","2051","","03","Elem. Schools","N","Genoa City J2","","PreK-12","329                           ","43                            ","13.069900                     ","286                           ","86.930000                     "
"2003","53282","02","2051","","03","El/Sec Combined Schls","N","Genoa City J2","","PreK-12","0                             ","*                             ","*                             ","*                             ","*                             "
"2003","51437","02","2051","0020","04","Elem. Schools","N","Genoa City J2","Brookwood El","PreK-12","329                           ","43                            ","13.069900                     ","286                           ","86.930000                     "
"2003","54513","02","2051","0200","04","Mid/Jr Hi Schools","N","Genoa City J2","Brookwood","PreK-12","289                           ","27                            ","9.342500                      ","262                           ","90.657400                     "
"2003","53335","02","2695","","03","El/Sec Combined Schls","N","Janesville","","PreK-12","0                             ","*                             ","*                             ","*                             ","*                             "
"2003","53335","02","2695","","03","Elem. Schools","N","Janesville","","PreK-12","4605                          ","737                           ","16.004300                     ","3868                          ","83.995600                     "
"2003","53335","02","2695","","03","Mid/Jr Hi Schools","N","Janesville","","PreK-12","2486                          ","424                           ","17.055500                     ","2062                          ","82.944400                     "
"2003","53335","02","2695","","03","High Schools","N","Janesville","","PreK-12","3608                          ","567                           ","15.715000                     ","3041                          ","84.284900                     "
"2003","51750","02","2695","0020","04","Elem. Schools","N","Janesville","Adams El","PreK-12","442                           ","78                            ","17.647000                     ","364                           ","82.352900                     "
"2003","51751","02","2695","0060","04","High Schools","N","Janesville","Craig Hi","PreK-12","1803                          ","267                           ","14.808600                     ","1536                          ","85.191300                     "
"2003","52476","02","2695","0070","04","Mid/Jr Hi Schools","N","Janesville","Edison Mid","PreK-12","805                           ","156                           ","19.378800                     ","649                           ","80.621100                     "
"2003","51752","02","2695","0080","04","Mid/Jr Hi Schools","N","Janesville","Franklin Mid","PreK-12","705                           ","130                           ","18.439700                     ","575                           ","81.560200                     "
"2003","52477","02","2695","0110","04","Elem. Schools","N","Janesville","Harrison El","PreK-12","332                           ","27                            ","8.132500                      ","305                           ","91.867400                     "
"2003","52478","02","2695","0140","04","Elem. Schools","N","Janesville","Jackson El","PreK-12","307                           ","58                            ","18.892500                     ","249                           ","81.107400                     "
"2003","51753","02","2695","0160","04","Elem. Schools","N","Janesville","Jefferson El","PreK-12","319                           ","36                            ","11.285200                     ","283                           ","88.714700                     "
"2003","54212","02","2695","0180","04","Elem. Schools","N","Janesville","Kennedy El","PreK-12","356                           ","57                            ","16.011200                     ","299                           ","83.988700                     "
"2003","52479","02","2695","0200","04","Elem. Schools","N","Janesville","Lincoln El","PreK-12","429                           ","80                            ","18.648000                     ","349                           ","81.351900                     "
"2003","51754","02","2695","0220","04","Elem. Schools","N","Janesville","Madison El","PreK-12","440                           ","86                            ","19.545400                     ","354                           ","80.454500                     "
"2003","51755","02","2695","0240","04","Mid/Jr Hi Schools","N","Janesville","Marshall Mid","PreK-12","976                           ","138                           ","14.139300                     ","838                           ","85.860600                     "
"2003","51756","02","2695","0260","04","Elem. Schools","N","Janesville","Monroe El","PreK-12","400                           ","76                            ","19.000000                     ","324                           ","81.000000                     "
"2003","51757","02","2695","0280","04","High Schools","N","Janesville","Parker Hi","PreK-12","1737                          ","299                           ","17.213500                     ","1438                          ","82.786400                     "
"2003","51758","02","2695","0320","04","Elem. Schools","N","Janesville","Roosevelt El","PreK-12","335                           ","48                            ","14.328300                     ","287                           ","85.671600                     "
"2003","52480","02","2695","0330","04","Elem. Schools","N","Janesville","Van Buren El","PreK-12","415                           ","46                            ","11.084300                     ","369                           ","88.915600                     "
"2003","51759","02","2695","0340","04","Elem. Schools","N","Janesville","Washington El","PreK-12","434                           ","54                            ","12.442300                     ","380                           ","87.557600                     "
"2003","51760","02","2695","0360","04","Elem. Schools","N","Janesville","Wilson El","PreK-12","396                           ","91                            ","22.979700                     ","305                           ","77.020200                     "
"2003","54194","02","2695","0400","04","High Schools","Y","Janesville","Rock River Charter School","PreK-12","68                            ","1                             ","1.470500                      ","67                            ","98.529400                     "
"2003","53530","02","2702","","03","High Schools","N","Jefferson","","PreK-12","605                           ","74                            ","12.231400                     ","531                           ","87.768500                     "
"2003","53530","02","2702","","03","Mid/Jr Hi Schools","N","Jefferson","","PreK-12","374                           ","63                            ","16.844900                     ","311                           ","83.155000                     "
"2003","53530","02","2702","","03","Elem. Schools","N","Jefferson","","PreK-12","714                           ","140                           ","19.607800                     ","574                           ","80.392100                     "
"2003","53530","02","2702","","03","El/Sec Combined Schls","N","Jefferson","","PreK-12","0                             ","*                             ","*                             ","*                             ","*                             "
"2003","52481","02","2702","0040","04","Elem. Schools","N","Jefferson","East El","PreK-12","268                           ","62                            ","23.134300                     ","206                           ","76.865600                     "
"2003","52482","02","2702","0060","04","Mid/Jr Hi Schools","N","Jefferson","Jefferson Mid","PreK-12","374                           ","63                            ","16.844900                     ","311                           ","83.155000                     "
"2003","52483","02","2702","0080","04","High Schools","N","Jefferson","Jefferson Hi","PreK-12","596                           ","74                            ","12.416100                     ","522                           ","87.583800                     "
"2003","52484","02","2702","0085","04","Elem. Schools","N","Jefferson","West El","PreK-12","234                           ","50                            ","21.367500                     ","184                           ","78.632400                     "
"2003","52257","02","2702","0100","04","Elem. Schools","N","Jefferson","Sullivan El","PreK-12","212                           ","28                            ","13.207500                     ","184                           ","86.792400                     "
"2003","54669","02","2702","9403","04","High Schools","Y","Jefferson","Jefferson County Alternative Sch","PreK-12","9                             ","0                             ","0.000000                      ","9                             ","100.000000                    "
"2003","53476","02","2730","","03","El/Sec Combined Schls","N","Johnson Creek","","PreK-12","0                             ","*                             ","*                             ","*                             ","*                             "
"2003","53476","02","2730","","03","Elem. Schools","N","Johnson Creek","","PreK-12","304                           ","50                            ","16.447300                     ","254                           ","83.552600                     "
"2003","53476","02","2730","","03","Mid/Jr Hi Schools","N","Johnson Creek","","PreK-12","0                             ","*                             ","*                             ","*                             ","*                             "
"2003","53476","02","2730","","03","High Schools","N","Johnson Creek","","PreK-12","261                           ","42                            ","16.091900                     ","219                           ","83.908000                     "
"2003","54583","02","2730","0020","04","Elem. Schools","N","Johnson Creek","Johnson Creek El","PreK-12","304                           ","50                            ","16.447300                     ","254                           ","83.552600                     "
"2003","52191","02","2730","0040","04","High Schools","N","Johnson Creek","Johnson Creek Hi","PreK-12","261                           ","42                            ","16.091900                     ","219                           ","83.908000                     "
"2003","54694","02","2730","9403","4C","High Schools","Y","Johnson Creek","Jefferson County Alternative Sch","PreK-12","0                             ","*                             ","*                             ","*                             ","*                             "
"2003","53531","02","2737","","03","High Schools","N","Juda","","PreK-12","104                           ","21                            ","20.192300                     ","83                            ","79.807600                     "
"2003","53531","02","2737","","03","Mid/Jr Hi Schools","N","Juda","","PreK-12","0                             ","*                             ","*                             ","*                             ","*                             "
"2003","53531","02","2737","","03","Elem. Schools","N","Juda","","PreK-12","207                           ","33                            ","15.942000                     ","174                           ","84.057900                     "
"2003","53531","02","2737","","03","El/Sec Combined Schls","N","Juda","","PreK-12","0                             ","*                             ","*                             ","*                             ","*                             "
"2003","52485","02","2737","0020","04","Elem. Schools","N","Juda","Juda El","PreK-12","207                           ","33                            ","15.942000                     ","174                           ","84.057900                     "
"2003","52486","02","2737","0040","04","High Schools","N","Juda","Juda Hi","PreK-12","104                           ","21                            ","20.192300                     ","83                            ","79.807600                     "
"2003","53306","02","2884","","03","El/Sec Combined Schls","N","Lake Geneva-Genoa City UHS","","PreK-12","0                             ","*                             ","*                             ","*                             ","*                             "
"2003","53306","02","2884","","03","Elem. Schools","N","Lake Geneva-Genoa City UHS","","PreK-12","0                             ","*                             ","*                             ","*                             ","*                             "
"2003","53306","02","2884","","03","Mid/Jr Hi Schools","N","Lake Geneva-Genoa City UHS","","PreK-12","0                             ","*                             ","*                             ","*                             ","*                             "
"2003","53306","02","2884","","03","High Schools","N","Lake Geneva-Genoa City UHS","","PreK-12","1237                          ","85                            ","6.871400                      ","1152                          ","93.128500                     "
"2003","51573","02","2884","0020","04","High Schools","N","Lake Geneva-Genoa City UHS","Badger Hi","PreK-12","1167                          ","85                            ","7.283600                      ","1082                          ","92.716300                     "
"2003","54638","02","2884","0400","04","High Schools","Y","Lake Geneva-Genoa City UHS","Badger Career Campus","PreK-12","41                            ","0                             ","0.000000                      ","41                            ","100.000000                    "
"2003","54696","02","2884","9401","4C","High Schools","Y","Lake Geneva-Genoa City UHS","Walworth Co Educ Alt Hi","PreK-12","29                            ","0                             ","0.000000                      ","29                            ","100.000000                    "
"2003","53491","02","2885","","03","High Schools","N","Lake Geneva J1","","PreK-12","0                             ","*                             ","*                             ","*                             ","*                             "
"2003","53491","02","2885","","03","Mid/Jr Hi Schools","N","Lake Geneva J1","","PreK-12","616                           ","58                            ","9.415500                      ","558                           ","90.584400                     "
"2003","53491","02","2885","","03","Elem. Schools","N","Lake Geneva J1","","PreK-12","1101                          ","106                           ","9.627600                      ","995                           ","90.372300                     "
"2003","53491","02","2885","","03","El/Sec Combined Schls","N","Lake Geneva J1","","PreK-12","0                             ","*                             ","*                             ","*                             ","*                             "
"2003","51574","02","2885","0020","04","Elem. Schools","N","Lake Geneva J1","Central El","PreK-12","262                           ","31                            ","11.832000                     ","231                           ","88.167900                     "
"2003","51575","02","2885","0060","04","Mid/Jr Hi Schools","N","Lake Geneva J1","Lake Geneva Mid","PreK-12","616                           ","58                            ","9.415500                      ","558                           ","90.584400                     "
"2003","51576","02","2885","0080","04","Elem. Schools","N","Lake Geneva J1","Eastview El","PreK-12","271                           ","29                            ","10.701100                     ","242                           ","89.298800                     "
"2003","51577","02","2885","0120","04","Elem. Schools","N","Lake Geneva J1","Star Center El","PreK-12","266                           ","30                            ","11.278100                     ","236                           ","88.721800                     "
"2003","54227","02","2885","0140","04","Elem. Schools","N","Lake Geneva J1","Denison El","PreK-12","302                           ","16                            ","5.298000                      ","286                           ","94.701900                     "
"2003","53532","02","2898","","03","El/Sec Combined Schls","N","Lake Mills Area","","PreK-12","0                             ","*                             ","*                             ","*                             ","*                             "
"2003","53532","02","2898","","03","Elem. Schools","N","Lake Mills Area","","PreK-12","512                           ","81                            ","15.820300                     ","431                           ","84.179600                     "
"2003","53532","02","2898","","03","Mid/Jr Hi Schools","N","Lake Mills Area","","PreK-12","314                           ","40                            ","12.738800                     ","274                           ","87.261100                     "
"2003","53532","02","2898","","03","High Schools","N","Lake Mills Area","","PreK-12","451                           ","68                            ","15.077600                     ","383                           ","84.922300                     "
"2003","52487","02","2898","0040","04","High Schools","N","Lake Mills Area","Lake Mills Hi","PreK-12","451                           ","68                            ","15.077600                     ","383                           ","84.922300                     "
"2003","52488","02","2898","0060","04","Mid/Jr Hi Schools","N","Lake Mills Area","Lake Mills Mid","PreK-12","314                           ","40                            ","12.738800                     ","274                           ","87.261100                     "
"2003","52489","02","2898","0100","04","Elem. Schools","N","Lake Mills Area","Prospect Street El","PreK-12","512                           ","81                            ","15.820300                     ","431                           ","84.179600                     "
"2003","54793","02","2898","9403","4C","High Schools","Y","Lake Mills Area","Jefferson County Alternative Sch","PreK-12","1                             ","*                             ","*                             ","*                             ","*                             "
"2003","53492","02","3087","","03","High Schools","N","Linn J4","","PreK-12","0                             ","*                             ","*                             ","*                             ","*                             "
"2003","53492","02","3087","","03","Mid/Jr Hi Schools","N","Linn J4","","PreK-12","0                             ","*                             ","*                             ","*                             ","*                             "
"2003","53492","02","3087","","03","Elem. Schools","N","Linn J4","","PreK-12","124                           ","10                            ","8.064500                      ","114                           ","91.935400                     "
"2003","53492","02","3087","","03","El/Sec Combined Schls","N","Linn J4","","PreK-12","0                             ","*                             ","*                             ","*                             ","*                             "
"2003","51578","02","3087","0020","04","Elem. Schools","N","Linn J4","Traver El","PreK-12","124                           ","10                            ","8.064500                      ","114                           ","91.935400                     "
"2003","53493","02","3094","","03","El/Sec Combined Schls","N","Linn J6","","PreK-12","0                             ","*                             ","*                             ","*                             ","*                             "
"2003","53493","02","3094","","03","Elem. Schools","N","Linn J6","","PreK-12","108                           ","9                             ","8.333300                      ","99                            ","91.666600                     "
"2003","53493","02","3094","","03","Mid/Jr Hi Schools","N","Linn J6","","PreK-12","0                             ","*                             ","*                             ","*                             ","*                             "
"2003","53493","02","3094","","03","High Schools","N","Linn J6","","PreK-12","0                             ","*                             ","*                             ","*                             ","*                             "
"2003","51579","02","3094","0020","04","Elem. Schools","N","Linn J6","Reek El","PreK-12","108                           ","9                             ","8.333300                      ","99                            ","91.666600                     "
"2003","53548","02","3269","","03","High Schools","N","Madison Metropolitan","","PreK-12","8413                          ","1554                          ","18.471400                     ","6859                          ","81.528500                     "
"2003","53548","02","3269","","03","Mid/Jr Hi Schools","N","Madison Metropolitan","","PreK-12","5601                          ","1120                          ","19.996400                     ","4481                          ","80.003500                     "
"2003","53548","02","3269","","03","Elem. Schools","N","Madison Metropolitan","","PreK-12","10947                         ","1772                          ","16.187000                     ","9175                          ","83.812900                     "
"2003","53548","02","3269","","03","El/Sec Combined Schls","N","Madison Metropolitan","","PreK-12","0                             ","*                             ","*                             ","*                             ","*                             "
"2003","52538","02","3269","0010","04","High Schools","Y","Madison Metropolitan","Accelerated Learning Academy Hi","PreK-12","42                            ","12                            ","28.571400                     ","30                            ","71.428500                     "
"2003","51815","02","3269","0012","04","High Schools","N","Madison Metropolitan","Diploma Completion Hi","PreK-12","101                           ","16                            ","15.841500                     ","85                            ","84.158400                     "
"2003","52532","02","3269","0015","04","Elem. Schools","N","Madison Metropolitan","Lincoln El","PreK-12","366                           ","60                            ","16.393400                     ","306                           ","83.606500                     "
"2003","52524","02","3269","0040","04","Elem. Schools","N","Madison Metropolitan","Sandburg El","PreK-12","357                           ","31                            ","8.683400                      ","326                           ","91.316500                     "
"2003","52534","02","3269","0048","04","Elem. Schools","N","Madison Metropolitan","Hawthorne El","PreK-12","309                           ","54                            ","17.475700                     ","255                           ","82.524200                     "
"2003","52521","02","3269","0053","04","Elem. Schools","N","Madison Metropolitan","Lapham El","PreK-12","302                           ","103                           ","34.105900                     ","199                           ","65.894000                     "
"2003","52525","02","3269","0065","04","Elem. Schools","N","Madison Metropolitan","Lindbergh El","PreK-12","233                           ","19                            ","8.154500                      ","214                           ","91.845400                     "
"2003","51827","02","3269","0090","04","Mid/Jr Hi Schools","N","Madison Metropolitan","Cherokee Heights Mid","PreK-12","576                           ","110                           ","19.097200                     ","466                           ","80.902700                     "
"2003","51817","02","3269","0105","04","Elem. Schools","N","Madison Metropolitan","Crestwood El","PreK-12","375                           ","48                            ","12.800000                     ","327                           ","87.200000                     "
"2003","54732","02","3269","0110","04","Elem. Schools","N","Madison Metropolitan","Cesar Chavez El","PreK-12","488                           ","52                            ","10.655700                     ","436                           ","89.344200                     "
"2003","52526","02","3269","0150","04","High Schools","N","Madison Metropolitan","East Hi","PreK-12","2066                          ","457                           ","22.120000                     ","1609                          ","77.879900                     "
"2003","52544","02","3269","0165","04","Elem. Schools","N","Madison Metropolitan","Elvehjem El","PreK-12","446                           ","78                            ","17.488700                     ","368                           ","82.511200                     "
"2003","51806","02","3269","0180","04","Elem. Schools","N","Madison Metropolitan","Emerson El","PreK-12","291                           ","60                            ","20.618500                     ","231                           ","79.381400                     "
"2003","54639","02","3269","0190","04","Elem. Schools","N","Madison Metropolitan","Allied Drive Learning Center El","PreK-12","48                            ","*                             ","*                             ","*                             ","*                             "
"2003","51828","02","3269","0210","04","Elem. Schools","N","Madison Metropolitan","Falk El","PreK-12","360                           ","61                            ","16.944400                     ","299                           ","83.055500                     "
"2003","52545","02","3269","0225","04","Elem. Schools","N","Madison Metropolitan","Allis El","PreK-12","559                           ","68                            ","12.164500                     ","491                           ","87.835400                     "
"2003","52539","02","3269","0240","04","Elem. Schools","N","Madison Metropolitan","Franklin El","PreK-12","360                           ","42                            ","11.666600                     ","318                           ","88.333300                     "
"2003","52546","02","3269","0255","04","Elem. Schools","N","Madison Metropolitan","Glendale El","PreK-12","254                           ","70                            ","27.559000                     ","184                           ","72.440900                     "
"2003","51818","02","3269","0270","04","Elem. Schools","N","Madison Metropolitan","Stephens El","PreK-12","433                           ","51                            ","11.778200                     ","382                           ","88.221700                     "
"2003","52535","02","3269","0300","04","Elem. Schools","N","Madison Metropolitan","Schenk El","PreK-12","274                           ","66                            ","24.087500                     ","208                           ","75.912400                     "
"2003","52536","02","3269","0315","04","Mid/Jr Hi Schools","N","Madison Metropolitan","Whitehorse Mid","PreK-12","436                           ","88                            ","20.183400                     ","348                           ","79.816500                     "
"2003","52540","02","3269","0340","04","Mid/Jr Hi Schools","Y","Madison Metropolitan","Accelerated Learning Academy Mid","PreK-12","5                             ","*                             ","*                             ","*                             ","*                             "
"2003","51833","02","3269","0360","04","High Schools","N","Madison Metropolitan","Memorial Hi","PreK-12","2158                          ","363                           ","16.821100                     ","1795                          ","83.178800                     "
"2003","51834","02","3269","0370","04","Mid/Jr Hi Schools","N","Madison Metropolitan","Jefferson Mid","PreK-12","558                           ","101                           ","18.100300                     ","457                           ","81.899600                     "
"2003","52537","02","3269","0375","04","Elem. Schools","N","Madison Metropolitan","Kennedy El","PreK-12","448                           ","59                            ","13.169600                     ","389                           ","86.830300                     "
"2003","51819","02","3269","0390","04","Elem. Schools","N","Madison Metropolitan","Muir El","PreK-12","477                           ","137                           ","28.721100                     ","340                           ","71.278800                     "
"2003","51807","02","3269","0400","04","High Schools","N","Madison Metropolitan","Shabazz-City Hi","PreK-12","130                           ","23                            ","17.692300                     ","107                           ","82.307600                     "
"2003","52547","02","3269","0420","04","High Schools","N","Madison Metropolitan","LaFollette Hi","PreK-12","1615                          ","360                           ","22.291000                     ","1255                          ","77.708900                     "
"2003","51808","02","3269","0435","04","Elem. Schools","N","Madison Metropolitan","Lake View El","PreK-12","288                           ","56                            ","19.444400                     ","232                           ","80.555500                     "
"2003","51820","02","3269","0440","04","Mid/Jr Hi Schools","Y","Madison Metropolitan","James Wright Mid","PreK-12","216                           ","55                            ","25.462900                     ","161                           ","74.537000                     "
"2003","52533","02","3269","0475","04","Elem. Schools","N","Madison Metropolitan","Leopold El","PreK-12","600                           ","74                            ","12.333300                     ","526                           ","87.666600                     "
"2003","52541","02","3269","0480","04","High Schools","N","Madison Metropolitan","SAPAR Program Hi","PreK-12","33                            ","10                            ","30.303000                     ","23                            ","69.696900                     "
"2003","51809","02","3269","0495","04","Elem. Schools","N","Madison Metropolitan","Lowell El","PreK-12","337                           ","53                            ","15.727000                     ","284                           ","84.272900                     "
"2003","52522","02","3269","0525","04","Elem. Schools","N","Madison Metropolitan","Marquette El","PreK-12","208                           ","51                            ","24.519200                     ","157                           ","75.480700                     "
"2003","52523","02","3269","0540","04","Mid/Jr Hi Schools","N","Madison Metropolitan","O'Keeffe Mid","PreK-12","423                           ","98                            ","23.167800                     ","325                           ","76.832100                     "
"2003","51810","02","3269","0555","04","Elem. Schools","N","Madison Metropolitan","Mendota El","PreK-12","275                           ","48                            ","17.454500                     ","227                           ","82.545400                     "
"2003","51829","02","3269","0570","04","Elem. Schools","N","Madison Metropolitan","Midvale El","PreK-12","360                           ","41                            ","11.388800                     ","319                           ","88.611100                     "
"2003","52527","02","3269","0615","04","Elem. Schools","N","Madison Metropolitan","Orchard Ridge El","PreK-12","297                           ","45                            ","15.151500                     ","252                           ","84.848400                     "
"2003","52528","02","3269","0620","04","Mid/Jr Hi Schools","N","Madison Metropolitan","Toki Mid","PreK-12","683                           ","137                           ","20.058500                     ","546                           ","79.941400                     "
"2003","51821","02","3269","0645","04","Elem. Schools","N","Madison Metropolitan","Randall El","PreK-12","377                           ","47                            ","12.466800                     ","330                           ","87.533100                     "
"2003","52529","02","3269","0660","04","Elem. Schools","N","Madison Metropolitan","Huegel El","PreK-12","433                           ","72                            ","16.628100                     ","361                           ","83.371800                     "
"2003","52548","02","3269","0665","04","Mid/Jr Hi Schools","N","Madison Metropolitan","Sennett Mid","PreK-12","666                           ","152                           ","22.822800                     ","514                           ","77.177100                     "
"2003","51811","02","3269","0675","04","Elem. Schools","N","Madison Metropolitan","Gompers El","PreK-12","290                           ","49                            ","16.896500                     ","241                           ","83.103400                     "
"2003","51812","02","3269","0690","04","Mid/Jr Hi Schools","N","Madison Metropolitan","Black Hawk Mid","PreK-12","494                           ","116                           ","23.481700                     ","378                           ","76.518200                     "
"2003","52542","02","3269","0700","04","High Schools","Y","Madison Metropolitan","Work & Learning Hi","PreK-12","117                           ","16                            ","13.675200                     ","101                           ","86.324700                     "
"2003","51813","02","3269","0710","04","Mid/Jr Hi Schools","N","Madison Metropolitan","Sherman Mid","PreK-12","554                           ","116                           ","20.938600                     ","438                           ","79.061300                     "
"2003","51822","02","3269","0735","04","Elem. Schools","N","Madison Metropolitan","Shorewood Hills El","PreK-12","431                           ","26                            ","6.032400                      ","405                           ","93.967500                     "
"2003","52530","02","3269","0780","04","Elem. Schools","N","Madison Metropolitan","Thoreau El","PreK-12","374                           ","54                            ","14.438500                     ","320                           ","85.561400                     "
"2003","51823","02","3269","0795","04","Elem. Schools","N","Madison Metropolitan","Van Hise El","PreK-12","297                           ","37                            ","12.457900                     ","260                           ","87.542000                     "
"2003","51824","02","3269","0810","04","Mid/Jr Hi Schools","N","Madison Metropolitan","Hamilton Mid","PreK-12","752                           ","110                           ","14.627600                     ","642                           ","85.372300                     "
"2003","51826","02","3269","0840","04","High Schools","N","Madison Metropolitan","West Hi","PreK-12","2151                          ","297                           ","13.807500                     ","1854                          ","86.192400                     "
"2003","51816","02","3269","0850","04","Mid/Jr Hi Schools","N","Madison Metropolitan","Spring Harbor Mid","PreK-12","243                           ","37                            ","15.226300                     ","206                           ","84.773600                     "
"2003","53338","02","3332","","03","El/Sec Combined Schls","N","Marshall","","PreK-12","0                             ","*                             ","*                             ","*                             ","*                             "
"2003","53338","02","3332","","03","Elem. Schools","N","Marshall","","PreK-12","599                           ","105                           ","17.529200                     ","494                           ","82.470700                     "
"2003","53338","02","3332","","03","Mid/Jr Hi Schools","N","Marshall","","PreK-12","267                           ","47                            ","17.602900                     ","220                           ","82.397000                     "
"2003","53338","02","3332","","03","High Schools","N","Marshall","","PreK-12","321                           ","69                            ","21.495300                     ","252                           ","78.504600                     "
"2003","51768","02","3332","0020","04","Elem. Schools","N","Marshall","Marshall El","PreK-12","249                           ","54                            ","21.686700                     ","195                           ","78.313200                     "
"2003","51769","02","3332","0040","04","High Schools","N","Marshall","Marshall Hi","PreK-12","313                           ","69                            ","22.044700                     ","244                           ","77.955200                     "
"2003","51770","02","3332","0060","04","Mid/Jr Hi Schools","N","Marshall","Marshall Mid","PreK-12","267                           ","47                            ","17.602900                     ","220                           ","82.397000                     "
"2003","51772","02","3332","0080","04","Elem. Schools","N","Marshall","Marshall Early Learning Center","PreK-12","350                           ","51                            ","14.571400                     ","299                           ","85.428500                     "
"2003","54195","02","3332","0400","04","High Schools","Y","Marshall","The Fifth Dimension","PreK-12","8                             ","0                             ","0.000000                      ","8                             ","100.000000                    "
"2003","54698","02","3332","9406","4C","High Schools","Y","Marshall","Dane County Transition Sch","PreK-12","2                             ","*                             ","*                             ","*                             ","*                             "
"2003","53337","02","3381","","03","High Schools","N","McFarland","","PreK-12","637                           ","93                            ","14.599600                     ","544                           ","85.400300                     "
"2003","53337","02","3381","","03","Mid/Jr Hi Schools","N","McFarland","","PreK-12","474                           ","66                            ","13.924000                     ","408                           ","86.075900                     "
"2003","53337","02","3381","","03","Elem. Schools","N","McFarland","","PreK-12","856                           ","147                           ","17.172800                     ","709                           ","82.827100                     "
"2003","53337","02","3381","","03","El/Sec Combined Schls","N","McFarland","","PreK-12","0                             ","*                             ","*                             ","*                             ","*                             "
"2003","54567","02","3381","0010","04","Elem. Schools","N","McFarland","Conrad Elvehjem Early Learning Center","PreK-12","183                           ","52                            ","28.415300                     ","131                           ","71.584600                     "
"2003","51765","02","3381","0020","04","Elem. Schools","N","McFarland","McFarland Primary School","PreK-12","249                           ","32                            ","12.851400                     ","217                           ","87.148500                     "
"2003","54475","02","3381","0040","04","Elem. Schools","N","McFarland","Waubesa Intermediate Sch","PreK-12","424                           ","63                            ","14.858400                     ","361                           ","85.141500                     "
"2003","51766","02","3381","0060","04","Mid/Jr Hi Schools","N","McFarland","Indian Mound Mid","PreK-12","474                           ","66                            ","13.924000                     ","408                           ","86.075900                     "
"2003","51767","02","3381","0080","04","High Schools","N","McFarland","McFarland Hi","PreK-12","637                           ","93                            ","14.599600                     ","544                           ","85.400300                     "
"2003","54699","02","3381","9406","4C","High Schools","Y","McFarland","Dane County Transition Sch","PreK-12","2                             ","*                             ","*                             ","*                             ","*                             "
"2003","53340","02","3549","","03","El/Sec Combined Schls","N","Middleton-Cross Plains","","PreK-12","0                             ","*                             ","*                             ","*                             ","*                             "
"2003","53340","02","3549","","03","Elem. Schools","N","Middleton-Cross Plains","","PreK-12","2292                          ","321                           ","14.005200                     ","1971                          ","85.994700                     "
"2003","53340","02","3549","","03","Mid/Jr Hi Schools","N","Middleton-Cross Plains","","PreK-12","1274                          ","169                           ","13.265300                     ","1105                          ","86.734600                     "
"2003","53340","02","3549","","03","High Schools","N","Middleton-Cross Plains","","PreK-12","1762                          ","237                           ","13.450600                     ","1525                          ","86.549300                     "
"2003","51776","02","3549","0030","04","Mid/Jr Hi Schools","N","Middleton-Cross Plains","Kromrey Mid","PreK-12","614                           ","91                            ","14.820800                     ","523                           ","85.179100                     "
"2003","54568","02","3549","0040","04","Elem. Schools","N","Middleton-Cross Plains","Elm Lawn El","PreK-12","381                           ","57                            ","14.960600                     ","324                           ","85.039300                     "
"2003","53202","02","3549","0050","04","Mid/Jr Hi Schools","N","Middleton-Cross Plains","Glacier Creek Mid","PreK-12","660                           ","78                            ","11.818100                     ","582                           ","88.181800                     "
"2003","51777","02","3549","0060","04","High Schools","N","Middleton-Cross Plains","Middleton Hi","PreK-12","1660                          ","237                           ","14.277100                     ","1423                          ","85.722800                     "
"2003","51778","02","3549","0090","04","Elem. Schools","N","Middleton-Cross Plains","Northside El","PreK-12","431                           ","51                            ","11.832900                     ","380                           ","88.167000                     "
"2003","52454","02","3549","0100","04","Elem. Schools","N","Middleton-Cross Plains","Park El","PreK-12","275                           ","38                            ","13.818100                     ","237                           ","86.181800                     "
"2003","51779","02","3549","0120","04","Elem. Schools","N","Middleton-Cross Plains","Sauk Trail El","PreK-12","298                           ","67                            ","22.483200                     ","231                           ","77.516700                     "
"2003","52515","02","3549","0150","04","Elem. Schools","N","Middleton-Cross Plains","Sunset Ridge El","PreK-12","497                           ","56                            ","11.267600                     ","441                           ","88.732300                     "
"2003","52508","02","3549","0160","04","Elem. Schools","N","Middleton-Cross Plains","West Middleton El","PreK-12","410                           ","52                            ","12.682900                     ","358                           ","87.317000                     "
"2003","50184","02","3549","0180","04","High Schools","Y","Middleton-Cross Plains","Middleton Alternative Hi","PreK-12","102                           ","0                             ","0.000000                      ","102                           ","100.000000                    "
"2003","54701","02","3549","9406","4C","High Schools","Y","Middleton-Cross Plains","Dane County Transition Sch","PreK-12","2                             ","*                             ","*                             ","*                             ","*                             "
"2003","53341","02","3612","","03","High Schools","N","Milton","","PreK-12","974                           ","84                            ","8.624200                      ","890                           ","91.375700                     "
"2003","53341","02","3612","","03","Mid/Jr Hi Schools","N","Milton","","PreK-12","1133                          ","122                           ","10.767800                     ","1011                          ","89.232100                     "
"2003","53341","02","3612","","03","Elem. Schools","N","Milton","","PreK-12","834                           ","91                            ","10.911200                     ","743                           ","89.088700                     "
"2003","53341","02","3612","","03","El/Sec Combined Schls","N","Milton","","PreK-12","0                             ","*                             ","*                             ","*                             ","*                             "
"2003","51761","02","3612","0040","04","Elem. Schools","N","Milton","Consolidated El","PreK-12","88                            ","3                             ","3.409000                      ","85                            ","96.590900                     "
"2003","51780","02","3612","0080","04","Elem. Schools","N","Milton","East El","PreK-12","366                           ","40                            ","10.928900                     ","326                           ","89.071000                     "
"2003","51781","02","3612","0100","04","High Schools","N","Milton","Milton Hi","PreK-12","974                           ","84                            ","8.624200                      ","890                           ","91.375700                     "
"2003","51782","02","3612","0120","04","Mid/Jr Hi Schools","N","Milton","Milton Mid","PreK-12","458                           ","44                            ","9.606900                      ","414                           ","90.393000                     "
"2003","51783","02","3612","0130","04","Mid/Jr Hi Schools","N","Milton","Northside Intermediate","PreK-12","675                           ","78                            ","11.555500                     ","597                           ","88.444400                     "
"2003","51784","02","3612","0140","04","Elem. Schools","N","Milton","West El","PreK-12","380                           ","48                            ","12.631500                     ","332                           ","87.368400                     "
"2003","53348","02","3675","","03","El/Sec Combined Schls","N","Monona Grove","","PreK-12","0                             ","*                             ","*                             ","*                             ","*                             "
"2003","53348","02","3675","","03","Elem. Schools","N","Monona Grove","","PreK-12","1261                          ","156                           ","12.371100                     ","1105                          ","87.628800                     "
"2003","53348","02","3675","","03","Mid/Jr Hi Schools","N","Monona Grove","","PreK-12","676                           ","105                           ","15.532500                     ","571                           ","84.467400                     "
"2003","53348","02","3675","","03","High Schools","N","Monona Grove","","PreK-12","877                           ","103                           ","11.744500                     ","774                           ","88.255400                     "
"2003","52453","02","3675","0020","04","Elem. Schools","N","Monona Grove","Cottage Grove El","PreK-12","389                           ","47                            ","12.082200                     ","342                           ","87.917700                     "
"2003","52549","02","3675","0040","04","Elem. Schools","N","Monona Grove","Maywood El","PreK-12","235                           ","34                            ","14.468000                     ","201                           ","85.531900                     "
"2003","51830","02","3675","0060","04","High Schools","N","Monona Grove","Monona Grove Hi","PreK-12","858                           ","101                           ","11.771500                     ","757                           ","88.228400                     "
"2003","51831","02","3675","0080","04","Elem. Schools","N","Monona Grove","Nichols El","PreK-12","240                           ","20                            ","8.333300                      ","220                           ","91.666600                     "
"2003","51832","02","3675","0100","04","Mid/Jr Hi Schools","N","Monona Grove","Winnequah Mid","PreK-12","676                           ","105                           ","15.532500                     ","571                           ","84.467400                     "
"2003","50176","02","3675","0120","04","Elem. Schools","N","Monona Grove","Taylor Prairie El","PreK-12","397                           ","55                            ","13.853900                     ","342                           ","86.146000                     "
"2003","53252","02","3675","0410","04","High Schools","Y","Monona Grove","Monona Grove Alternative Hi","PreK-12","19                            ","2                             ","10.526300                     ","17                            ","89.473600                     "
"2003","54702","02","3675","9406","4C","High Schools","Y","Monona Grove","Dane County Transition Sch","PreK-12","5                             ","*                             ","*                             ","*                             ","*                             "
"2003","53535","02","3682","","03","High Schools","N","Monroe","","PreK-12","937                           ","125                           ","13.340400                     ","812                           ","86.659500                     "
"2003","53535","02","3682","","03","Mid/Jr Hi Schools","N","Monroe","","PreK-12","623                           ","123                           ","19.743100                     ","500                           ","80.256800                     "
"2003","53535","02","3682","","03","Elem. Schools","N","Monroe","","PreK-12","1085                          ","212                           ","19.539100                     ","873                           ","80.460800                     "
"2003","53535","02","3682","","03","El/Sec Combined Schls","N","Monroe","","PreK-12","0                             ","*                             ","*                             ","*                             ","*                             "
"2003","52495","02","3682","0010","04","Elem. Schools","N","Monroe","Abraham Lincoln El","PreK-12","370                           ","91                            ","24.594500                     ","279                           ","75.405400                     "
"2003","52496","02","3682","0100","04","Mid/Jr Hi Schools","N","Monroe","Monroe Mid","PreK-12","623                           ","123                           ","19.743100                     ","500                           ","80.256800                     "
"2003","52497","02","3682","0120","04","High Schools","N","Monroe","Monroe Hi","PreK-12","881                           ","125                           ","14.188400                     ","756                           ","85.811500                     "
"2003","52498","02","3682","0140","04","Elem. Schools","N","Monroe","Northside El","PreK-12","350                           ","38                            ","10.857100                     ","312                           ","89.142800                     "
"2003","52499","02","3682","0150","04","Elem. Schools","N","Monroe","Parkside El","PreK-12","365                           ","83                            ","22.739700                     ","282                           ","77.260200                     "
"2003","53248","02","3682","0410","04","High Schools","Y","Monroe","Monroe Alternative Charter School","PreK-12","46                            ","0                             ","0.000000                      ","46                            ","100.000000                    "
"2003","55325","02","3682","0420","04","High Schools","N","Monroe","Monroe Independent Education School","PreK-12","10                            ","0                             ","0.000000                      ","10                            ","100.000000                    "
"2003","53536","02","3696","","03","El/Sec Combined Schls","N","Monticello","","PreK-12","0                             ","*                             ","*                             ","*                             ","*                             "
"2003","53536","02","3696","","03","Elem. Schools","N","Monticello","","PreK-12","214                           ","13                            ","6.074700                      ","201                           ","93.925200                     "
"2003","53536","02","3696","","03","Mid/Jr Hi Schools","N","Monticello","","PreK-12","108                           ","17                            ","15.740700                     ","91                            ","84.259200                     "
"2003","53536","02","3696","","03","High Schools","N","Monticello","","PreK-12","125                           ","13                            ","10.400000                     ","112                           ","89.600000                     "
"2003","52500","02","3696","0020","04","Elem. Schools","N","Monticello","Monticello El","PreK-12","214                           ","13                            ","6.074700                      ","201                           ","93.925200                     "
"2003","50134","02","3696","0030","04","Mid/Jr Hi Schools","N","Monticello","Monticello Mid","PreK-12","108                           ","17                            ","15.740700                     ","91                            ","84.259200                     "
"2003","50135","02","3696","0040","04","High Schools","N","Monticello","Monticello Hi","PreK-12","125                           ","13                            ","10.400000                     ","112                           ","89.600000                     "
"2003","53537","02","3794","","03","High Schools","N","Mount Horeb Area","","PreK-12","611                           ","80                            ","13.093200                     ","531                           ","86.906700                     "
"2003","53537","02","3794","","03","Mid/Jr Hi Schools","N","Mount Horeb Area","","PreK-12","473                           ","56                            ","11.839300                     ","417                           ","88.160600                     "
"2003","53537","02","3794","","03","Elem. Schools","N","Mount Horeb Area","","PreK-12","969                           ","96                            ","9.907100                      ","873                           ","90.092800                     "
"2003","53537","02","3794","","03","El/Sec Combined Schls","N","Mount Horeb Area","","PreK-12","0                             ","*                             ","*                             ","*                             ","*                             "
"2003","50137","02","3794","0100","04","Elem. Schools","N","Mount Horeb Area","Mount Horeb Intermediate","PreK-12","491                           ","50                            ","10.183200                     ","441                           ","89.816700                     "
"2003","50138","02","3794","0110","04","Mid/Jr Hi Schools","N","Mount Horeb Area","Mount Horeb Mid","PreK-12","473                           ","56                            ","11.839300                     ","417                           ","88.160600                     "
"2003","50139","02","3794","0120","04","High Schools","N","Mount Horeb Area","Mount Horeb Hi","PreK-12","611                           ","80                            ","13.093200                     ","531                           ","86.906700                     "
"2003","50140","02","3794","0130","04","Elem. Schools","N","Mount Horeb Area","Mount Horeb Primary Center","PreK-12","305                           ","25                            ","8.196700                      ","280                           ","91.803200                     "
"2003","50141","02","3794","0140","04","Elem. Schools","N","Mount Horeb Area","Early Learning Center","PreK-12","173                           ","21                            ","12.138700                     ","152                           ","87.861200                     "
"2003","54792","02","3794","9406","4C","High Schools","Y","Mount Horeb Area","Dane County Transition Sch","PreK-12","2                             ","*                             ","*                             ","*                             ","*                             "
"2003","53539","02","3934","","03","El/Sec Combined Schls","N","New Glarus","","PreK-12","0                             ","*                             ","*                             ","*                             ","*                             "
"2003","53539","02","3934","","03","Elem. Schools","N","New Glarus","","PreK-12","427                           ","65                            ","15.222400                     ","362                           ","84.777500                     "
"2003","53539","02","3934","","03","Mid/Jr Hi Schools","N","New Glarus","","PreK-12","0                             ","*                             ","*                             ","*                             ","*                             "
"2003","53539","02","3934","","03","High Schools","N","New Glarus","","PreK-12","332                           ","55                            ","16.566200                     ","277                           ","83.433700                     "
"2003","50142","02","3934","0020","04","Elem. Schools","N","New Glarus","New Glarus El","PreK-12","427                           ","65                            ","15.222400                     ","362                           ","84.777500                     "
"2003","50143","02","3934","0040","04","High Schools","N","New Glarus","New Glarus Mid/Hi","PreK-12","332                           ","55                            ","16.566200                     ","277                           ","83.433700                     "
"2003","53279","02","4011","","03","High Schools","N","Norway J7","","PreK-12","0                             ","*                             ","*                             ","*                             ","*                             "
"2003","53279","02","4011","","03","Mid/Jr Hi Schools","N","Norway J7","","PreK-12","0                             ","*                             ","*                             ","*                             ","*                             "
"2003","53279","02","4011","","03","Elem. Schools","N","Norway J7","","PreK-12","132                           ","11                            ","8.333300                      ","121                           ","91.666600                     "
"2003","53279","02","4011","","03","El/Sec Combined Schls","N","Norway J7","","PreK-12","0                             ","*                             ","*                             ","*                             ","*                             "
"2003","51433","02","4011","0020","04","Elem. Schools","N","Norway J7","Drought El","PreK-12","132                           ","11                            ","8.333300                      ","121                           ","91.666600                     "
"2003","53540","02","4144","","03","El/Sec Combined Schls","N","Oregon","","PreK-12","0                             ","*                             ","*                             ","*                             ","*                             "
"2003","53540","02","4144","","03","Elem. Schools","N","Oregon","","PreK-12","1263                          ","186                           ","14.726800                     ","1077                          ","85.273100                     "
"2003","53540","02","4144","","03","Mid/Jr Hi Schools","N","Oregon","","PreK-12","1125                          ","150                           ","13.333300                     ","975                           ","86.666600                     "
"2003","53540","02","4144","","03","High Schools","N","Oregon","","PreK-12","1041                          ","124                           ","11.911600                     ","917                           ","88.088300                     "
"2003","52446","02","4144","0020","04","Elem. Schools","N","Oregon","Brooklyn El","PreK-12","354                           ","49                            ","13.841800                     ","305                           ","86.158100                     "
"2003","50144","02","4144","0040","04","Elem. Schools","N","Oregon","Netherwood Knoll El","PreK-12","541                           ","77                            ","14.232900                     ","464                           ","85.767000                     "
"2003","50145","02","4144","0050","04","Elem. Schools","N","Oregon","Prairie View El","PreK-12","368                           ","60                            ","16.304300                     ","308                           ","83.695600                     "
"2003","50146","02","4144","0060","04","High Schools","N","Oregon","Oregon Hi","PreK-12","1041                          ","124                           ","11.911600                     ","917                           ","88.088300                     "
"2003","50147","02","4144","0080","04","Mid/Jr Hi Schools","N","Oregon","Oregon Mid","PreK-12","557                           ","75                            ","13.464900                     ","482                           ","86.535000                     "
"2003","54730","02","4144","0200","04","Mid/Jr Hi Schools","N","Oregon","Rome Corners Intermediate Sch","PreK-12","568                           ","75                            ","13.204200                     ","493                           ","86.795700                     "
"2003","54706","02","4144","9406","4C","High Schools","Y","Oregon","Dane County Transition Sch","PreK-12","0                             ","*                             ","*                             ","*                             ","*                             "
"2003","53541","02","4151","","03","High Schools","N","Parkview","","PreK-12","354                           ","53                            ","14.971700                     ","301                           ","85.028200                     "
"2003","53541","02","4151","","03","Mid/Jr Hi Schools","N","Parkview","","PreK-12","189                           ","32                            ","16.931200                     ","157                           ","83.068700                     "
"2003","53541","02","4151","","03","Elem. Schools","N","Parkview","","PreK-12","576                           ","116                           ","20.138800                     ","460                           ","79.861100                     "
"2003","53541","02","4151","","03","El/Sec Combined Schls","N","Parkview","","PreK-12","0                             ","*                             ","*                             ","*                             ","*                             "
"2003","52475","02","4151","0020","04","Elem. Schools","N","Parkview","Footville El","PreK-12","174                           ","37                            ","21.264300                     ","137                           ","78.735600                     "
"2003","52440","02","4151","0040","04","Elem. Schools","N","Parkview","Newark El","PreK-12","88                            ","18                            ","20.454500                     ","70                            ","79.545400                     "
"2003","50148","02","4151","0060","04","Elem. Schools","N","Parkview","Orfordville El","PreK-12","314                           ","61                            ","19.426700                     ","253                           ","80.573200                     "
"2003","54533","02","4151","0100","04","High Schools","N","Parkview","Parkview Hi","PreK-12","343                           ","52                            ","15.160300                     ","291                           ","84.839600                     "
"2003","50149","02","4151","0120","04","","N","Parkview","Parkview Jr","PreK-12","0                             ","*                             ","*                             ","*                             ","*                             "
"2003","54467","02","4151","0450","04","High Schools","Y","Parkview","Parkview Charter Sch","PreK-12","11                            ","1                             ","9.090900                      ","10                            ","90.909000                     "
"2003","53308","02","4221","","03","El/Sec Combined Schls","N","Palmyra-Eagle Area","","PreK-12","0                             ","*                             ","*                             ","*                             ","*                             "
"2003","53308","02","4221","","03","Elem. Schools","N","Palmyra-Eagle Area","","PreK-12","555                           ","89                            ","16.036000                     ","466                           ","83.963900                     "
"2003","53308","02","4221","","03","Mid/Jr Hi Schools","N","Palmyra-Eagle Area","","PreK-12","225                           ","22                            ","9.777700                      ","203                           ","90.222200                     "
"2003","53308","02","4221","","03","High Schools","N","Palmyra-Eagle Area","","PreK-12","365                           ","47                            ","12.876700                     ","318                           ","87.123200                     "
"2003","51420","02","4221","0010","04","Elem. Schools","N","Palmyra-Eagle Area","Eagle El","PreK-12","317                           ","37                            ","11.671900                     ","280                           ","88.328000                     "
"2003","51589","02","4221","0015","04","High Schools","N","Palmyra-Eagle Area","Palmyra-Eagle Hi","PreK-12","365                           ","47                            ","12.876700                     ","318                           ","87.123200                     "
"2003","51590","02","4221","0020","04","Elem. Schools","N","Palmyra-Eagle Area","Palmyra El","PreK-12","238                           ","52                            ","21.848700                     ","186                           ","78.151200                     "
"2003","51591","02","4221","0030","04","Mid/Jr Hi Schools","N","Palmyra-Eagle Area","Palmyra-Eagle Mid","PreK-12","225                           ","22                            ","9.777700                      ","203                           ","90.222200                     "
"2003","53287","02","4235","","03","High Schools","N","Paris J1","","PreK-12","0                             ","*                             ","*                             ","*                             ","*                             "
"2003","53287","02","4235","","03","Mid/Jr Hi Schools","N","Paris J1","","PreK-12","0                             ","*                             ","*                             ","*                             ","*                             "
"2003","53287","02","4235","","03","Elem. Schools","N","Paris J1","","PreK-12","220                           ","22                            ","10.000000                     ","198                           ","90.000000                     "
"2003","53287","02","4235","","03","El/Sec Combined Schls","N","Paris J1","","PreK-12","0                             ","*                             ","*                             ","*                             ","*                             "
"2003","51484","02","4235","0020","04","Elem. Schools","N","Paris J1","Paris El","PreK-12","220                           ","22                            ","10.000000                     ","198                           ","90.000000                     "
"2003","53270","02","4627","","03","El/Sec Combined Schls","N","Randall J1","","PreK-12","0                             ","*                             ","*                             ","*                             ","*                             "
"2003","53270","02","4627","","03","Elem. Schools","N","Randall J1","","PreK-12","694                           ","78                            ","11.239100                     ","616                           ","88.760800                     "
"2003","53270","02","4627","","03","Mid/Jr Hi Schools","N","Randall J1","","PreK-12","0                             ","*                             ","*                             ","*                             ","*                             "
"2003","53270","02","4627","","03","High Schools","N","Randall J1","","PreK-12","0                             ","*                             ","*                             ","*                             ","*                             "
"2003","51399","02","4627","0020","04","Elem. Schools","N","Randall J1","Randall El","PreK-12","694                           ","78                            ","11.239100                     ","616                           ","88.760800                     "
"2003","53280","02","4686","","03","High Schools","N","Raymond #14","","PreK-12","0                             ","*                             ","*                             ","*                             ","*                             "
"2003","53280","02","4686","","03","Mid/Jr Hi Schools","N","Raymond #14","","PreK-12","0                             ","*                             ","*                             ","*                             ","*                             "
"2003","53280","02","4686","","03","Elem. Schools","N","Raymond #14","","PreK-12","408                           ","56                            ","13.725400                     ","352                           ","86.274500                     "
"2003","53280","02","4686","","03","El/Sec Combined Schls","N","Raymond #14","","PreK-12","0                             ","*                             ","*                             ","*                             ","*                             "
"2003","51434","02","4686","0020","04","Elem. Schools","N","Raymond #14","Raymond El","PreK-12","408                           ","56                            ","13.725400                     ","352                           ","86.274500                     "
"2003","53281","02","4690","","03","El/Sec Combined Schls","N","North Cape","","PreK-12","0                             ","*                             ","*                             ","*                             ","*                             "
"2003","53281","02","4690","","03","Elem. Schools","N","North Cape","","PreK-12","192                           ","15                            ","7.812500                      ","177                           ","92.187500                     "
"2003","53281","02","4690","","03","Mid/Jr Hi Schools","N","North Cape","","PreK-12","0                             ","*                             ","*                             ","*                             ","*                             "
"2003","53281","02","4690","","03","High Schools","N","North Cape","","PreK-12","0                             ","*                             ","*                             ","*                             ","*                             "
"2003","51435","02","4690","0020","04","Elem. Schools","N","North Cape","North Cape El","PreK-12","192                           ","15                            ","7.812500                      ","177                           ","92.187500                     "
"2003","53309","02","5054","","03","High Schools","N","Central/Westosha UHS","","PreK-12","1135                          ","88                            ","7.753300                      ","1047                          ","92.246600                     "
"2003","53309","02","5054","","03","Mid/Jr Hi Schools","N","Central/Westosha UHS","","PreK-12","0                             ","*                             ","*                             ","*                             ","*                             "
"2003","53309","02","5054","","03","Elem. Schools","N","Central/Westosha UHS","","PreK-12","0                             ","*                             ","*                             ","*                             ","*                             "
"2003","53309","02","5054","","03","El/Sec Combined Schls","N","Central/Westosha UHS","","PreK-12","0                             ","*                             ","*                             ","*                             ","*                             "
"2003","51592","02","5054","0020","04","High Schools","N","Central/Westosha UHS","Central Hi","PreK-12","1135                          ","88                            ","7.753300                      ","1047                          ","92.246600                     "
"2003","53499","02","5061","","03","El/Sec Combined Schls","N","Trevor Grade School","","PreK-12","0                             ","*                             ","*                             ","*                             ","*                             "
"2003","53499","02","5061","","03","Elem. Schools","N","Trevor Grade School","","PreK-12","373                           ","64                            ","17.158100                     ","309                           ","82.841800                     "
"2003","53499","02","5061","","03","Mid/Jr Hi Schools","N","Trevor Grade School","","PreK-12","0                             ","*                             ","*                             ","*                             ","*                             "
"2003","53499","02","5061","","03","High Schools","N","Trevor Grade School","","PreK-12","0                             ","*                             ","*                             ","*                             ","*                             "
"2003","52259","02","5061","0020","04","Elem. Schools","N","Trevor Grade School","Trevor Grade School","PreK-12","316                           ","64                            ","20.253100                     ","252                           ","79.746800                     "
"2003","53253","02","5061","0110","04","Elem. Schools","Y","Trevor Grade School","Trevor Charter Sch","PreK-12","57                            ","0                             ","0.000000                      ","57                            ","100.000000                    "
"2003","53311","02","5068","","03","High Schools","N","Salem","","PreK-12","0                             ","*                             ","*                             ","*                             ","*                             "
"2003","53311","02","5068","","03","Mid/Jr Hi Schools","N","Salem","","PreK-12","0                             ","*                             ","*                             ","*                             ","*                             "
"2003","53311","02","5068","","03","Elem. Schools","N","Salem","","PreK-12","1104                          ","134                           ","12.137600                     ","970                           ","87.862300                     "
"2003","53311","02","5068","","03","El/Sec Combined Schls","N","Salem","","PreK-12","0                             ","*                             ","*                             ","*                             ","*                             "
"2003","51593","02","5068","0020","04","Elem. Schools","N","Salem","Salem El","PreK-12","1104                          ","134                           ","12.137600                     ","970                           ","87.862300                     "
"2003","53316","02","5075","","03","El/Sec Combined Schls","N","Wilmot Grade","","PreK-12","0                             ","*                             ","*                             ","*                             ","*                             "
"2003","53316","02","5075","","03","Elem. Schools","N","Wilmot Grade","","PreK-12","150                           ","19                            ","12.666600                     ","131                           ","87.333300                     "
"2003","53316","02","5075","","03","Mid/Jr Hi Schools","N","Wilmot Grade","","PreK-12","0                             ","*                             ","*                             ","*                             ","*                             "
"2003","53316","02","5075","","03","High Schools","N","Wilmot Grade","","PreK-12","0                             ","*                             ","*                             ","*                             ","*                             "
"2003","51616","02","5075","0020","04","Elem. Schools","N","Wilmot Grade","Wilmot El","PreK-12","150                           ","19                            ","12.666600                     ","131                           ","87.333300                     "
"2003","53343","02","5258","","03","High Schools","N","Sharon J11","","PreK-12","0                             ","*                             ","*                             ","*                             ","*                             "
"2003","53343","02","5258","","03","Mid/Jr Hi Schools","N","Sharon J11","","PreK-12","0                             ","*                             ","*                             ","*                             ","*                             "
"2003","53343","02","5258","","03","Elem. Schools","N","Sharon J11","","PreK-12","307                           ","55                            ","17.915300                     ","252                           ","82.084600                     "
"2003","53343","02","5258","","03","El/Sec Combined Schls","N","Sharon J11","","PreK-12","0                             ","*                             ","*                             ","*                             ","*                             "
"2003","51786","02","5258","0020","04","Elem. Schools","N","Sharon J11","Sharon El","PreK-12","307                           ","55                            ","17.915300                     ","252                           ","82.084600                     "
"2003","53312","02","5369","","03","El/Sec Combined Schls","N","Silver Lake J1","","PreK-12","0                             ","*                             ","*                             ","*                             ","*                             "
"2003","53312","02","5369","","03","Elem. Schools","N","Silver Lake J1","","PreK-12","618                           ","89                            ","14.401200                     ","529                           ","85.598700                     "
"2003","53312","02","5369","","03","Mid/Jr Hi Schools","N","Silver Lake J1","","PreK-12","0                             ","*                             ","*                             ","*                             ","*                             "
"2003","53312","02","5369","","03","High Schools","N","Silver Lake J1","","PreK-12","0                             ","*                             ","*                             ","*                             ","*                             "
"2003","51594","02","5369","0020","04","Elem. Schools","N","Silver Lake J1","Riverview El","PreK-12","618                           ","89                            ","14.401200                     ","529                           ","85.598700                     "
"2003","53347","02","5621","","03","High Schools","N","Stoughton Area","","PreK-12","1209                          ","193                           ","15.963600                     ","1016                          ","84.036300                     "
"2003","53347","02","5621","","03","Mid/Jr Hi Schools","N","Stoughton Area","","PreK-12","1151                          ","226                           ","19.635000                     ","925                           ","80.364900                     "
"2003","53347","02","5621","","03","Elem. Schools","N","Stoughton Area","","PreK-12","1300                          ","264                           ","20.307600                     ","1036                          ","79.692300                     "
"2003","53347","02","5621","","03","El/Sec Combined Schls","N","Stoughton Area","","PreK-12","0                             ","*                             ","*                             ","*                             ","*                             "
"2003","51795","02","5621","0060","04","Elem. Schools","N","Stoughton Area","Kegonsa El","PreK-12","430                           ","73                            ","16.976700                     ","357                           ","83.023200                     "
"2003","51796","02","5621","0120","04","Mid/Jr Hi Schools","N","Stoughton Area","River Bluff Mid","PreK-12","612                           ","118                           ","19.281000                     ","494                           ","80.718900                     "
"2003","51797","02","5621","0140","04","High Schools","N","Stoughton Area","Stoughton Hi","PreK-12","1209                          ","193                           ","15.963600                     ","1016                          ","84.036300                     "
"2003","51798","02","5621","0160","04","Elem. Schools","N","Stoughton Area","Fox Prairie El","PreK-12","440                           ","68                            ","15.454500                     ","372                           ","84.545400                     "
"2003","51799","02","5621","0180","04","Elem. Schools","N","Stoughton Area","Yahara El","PreK-12","430                           ","123                           ","28.604600                     ","307                           ","71.395300                     "
"2003","53220","02","5621","0200","04","Mid/Jr Hi Schools","N","Stoughton Area","Sandhill School","PreK-12","539                           ","108                           ","20.037100                     ","431                           ","79.962800                     "
"2003","54711","02","5621","9406","4C","High Schools","Y","Stoughton Area","Dane County Transition Sch","PreK-12","3                             ","*                             ","*                             ","*                             ","*                             "
"2003","53544","02","5656","","03","El/Sec Combined Schls","N","Sun Prairie Area","","PreK-12","0                             ","*                             ","*                             ","*                             ","*                             "
"2003","53544","02","5656","","03","Elem. Schools","N","Sun Prairie Area","","PreK-12","2251                          ","316                           ","14.038200                     ","1935                          ","85.961700                     "
"2003","53544","02","5656","","03","Mid/Jr Hi Schools","N","Sun Prairie Area","","PreK-12","1139                          ","179                           ","15.715500                     ","960                           ","84.284400                     "
"2003","53544","02","5656","","03","High Schools","N","Sun Prairie Area","","PreK-12","1597                          ","226                           ","14.151500                     ","1371                          ","85.848400                     "
"2003","51800","02","5656","0020","04","Elem. Schools","N","Sun Prairie Area","Bird El","PreK-12","444                           ","85                            ","19.144100                     ","359                           ","80.855800                     "
"2003","51801","02","5656","0040","04","Elem. Schools","N","Sun Prairie Area","Eastside El","PreK-12","473                           ","53                            ","11.205000                     ","420                           ","88.794900                     "
"2003","51802","02","5656","0060","04","Elem. Schools","N","Sun Prairie Area","Northside El","PreK-12","414                           ","64                            ","15.458900                     ","350                           ","84.541000                     "
"2003","51803","02","5656","0070","04","Elem. Schools","N","Sun Prairie Area","Royal Oaks El","PreK-12","487                           ","46                            ","9.445500                      ","441                           ","90.554400                     "
"2003","51804","02","5656","0100","04","High Schools","N","Sun Prairie Area","Sun Prairie Hi","PreK-12","1552                          ","221                           ","14.239600                     ","1331                          ","85.760300                     "
"2003","51805","02","5656","0140","04","Elem. Schools","N","Sun Prairie Area","Westside El","PreK-12","433                           ","68                            ","15.704300                     ","365                           ","84.295600                     "
"2003","50118","02","5656","0200","04","Mid/Jr Hi Schools","N","Sun Prairie Area","Prairie View Mid","PreK-12","557                           ","93                            ","16.696500                     ","464                           ","83.303400                     "
"2003","50119","02","5656","0210","04","Mid/Jr Hi Schools","N","Sun Prairie Area","Patrick Marsh Mid","PreK-12","582                           ","86                            ","14.776600                     ","496                           ","85.223300                     "
"2003","54652","02","5656","0400","04","High Schools","Y","Sun Prairie Area","Sun Prairie Alternative Hi","PreK-12","37                            ","2                             ","5.405400                      ","35                            ","94.594500                     "
"2003","54675","02","5656","9406","04","High Schools","Y","Sun Prairie Area","Dane County Transition Sch","PreK-12","8                             ","3                             ","37.500000                     ","5                             ","62.500000                     "
"2003","53500","02","5817","","03","High Schools","N","Twin Lakes #4","","PreK-12","0                             ","*                             ","*                             ","*                             ","*                             "
"2003","53500","02","5817","","03","Mid/Jr Hi Schools","N","Twin Lakes #4","","PreK-12","0                             ","*                             ","*                             ","*                             ","*                             "
"2003","53500","02","5817","","03","Elem. Schools","N","Twin Lakes #4","","PreK-12","386                           ","59                            ","15.284900                     ","327                           ","84.715000                     "
"2003","53500","02","5817","","03","El/Sec Combined Schls","N","Twin Lakes #4","","PreK-12","0                             ","*                             ","*                             ","*                             ","*                             "
"2003","52260","02","5817","0020","04","Elem. Schools","N","Twin Lakes #4","Lakewood El","PreK-12","386                           ","59                            ","15.284900                     ","327                           ","84.715000                     "
"2003","53501","02","5852","","03","El/Sec Combined Schls","N","Union Grove UHS","","PreK-12","0                             ","*                             ","*                             ","*                             ","*                             "
"2003","53501","02","5852","","03","Elem. Schools","N","Union Grove UHS","","PreK-12","0                             ","*                             ","*                             ","*                             ","*                             "
"2003","53501","02","5852","","03","Mid/Jr Hi Schools","N","Union Grove UHS","","PreK-12","0                             ","*                             ","*                             ","*                             ","*                             "
"2003","53501","02","5852","","03","High Schools","N","Union Grove UHS","","PreK-12","684                           ","83                            ","12.134500                     ","601                           ","87.865400                     "
"2003","52261","02","5852","0020","04","High Schools","N","Union Grove UHS","Union Grove Hi","PreK-12","684                           ","83                            ","12.134500                     ","601                           ","87.865400                     "
"2003","53502","02","5859","","03","High Schools","N","Union Grove J1","","PreK-12","0                             ","*                             ","*                             ","*                             ","*                             "
"2003","53502","02","5859","","03","Mid/Jr Hi Schools","N","Union Grove J1","","PreK-12","274                           ","43                            ","15.693400                     ","231                           ","84.306500                     "
"2003","53502","02","5859","","03","Elem. Schools","N","Union Grove J1","","PreK-12","316                           ","52                            ","16.455600                     ","264                           ","83.544300                     "
"2003","53502","02","5859","","03","El/Sec Combined Schls","N","Union Grove J1","","PreK-12","0                             ","*                             ","*                             ","*                             ","*                             "
"2003","52262","02","5859","0020","04","Elem. Schools","N","Union Grove J1","Union Grove El","PreK-12","316                           ","52                            ","16.455600                     ","264                           ","83.544300                     "
"2003","52263","02","5859","0040","04","Mid/Jr Hi Schools","N","Union Grove J1","Union Grove Mid","PreK-12","274                           ","43                            ","15.693400                     ","231                           ","84.306500                     "
"2003","53545","02","5901","","03","El/Sec Combined Schls","N","Verona Area","","PreK-12","0                             ","*                             ","*                             ","*                             ","*                             "
"2003","53545","02","5901","","03","Elem. Schools","N","Verona Area","","PreK-12","2093                          ","250                           ","11.944500                     ","1843                          ","88.055400                     "
"2003","53545","02","5901","","03","Mid/Jr Hi Schools","N","Verona Area","","PreK-12","1023                          ","133                           ","13.000900                     ","890                           ","86.999000                     "
"2003","53545","02","5901","","03","High Schools","N","Verona Area","","PreK-12","1329                          ","152                           ","11.437100                     ","1177                          ","88.562800                     "
"2003","50187","02","5901","0050","04","Mid/Jr Hi Schools","N","Verona Area","Savanna Oaks Mid","PreK-12","480                           ","65                            ","13.541600                     ","415                           ","86.458300                     "
"2003","52531","02","5901","0060","04","Elem. Schools","N","Verona Area","Stoner Prairie El","PreK-12","461                           ","52                            ","11.279800                     ","409                           ","88.720100                     "
"2003","50188","02","5901","0070","04","Elem. Schools","Y","Verona Area","Core Knowledge Charter School","PreK-12","350                           ","27                            ","7.714200                      ","323                           ","92.285700                     "
"2003","52509","02","5901","0080","04","Elem. Schools","N","Verona Area","Sugar Creek El","PreK-12","553                           ","61                            ","11.030700                     ","492                           ","88.969200                     "
"2003","52510","02","5901","0090","04","Elem. Schools","N","Verona Area","Country View El","PreK-12","605                           ","79                            ","13.057800                     ","526                           ","86.942100                     "
"2003","52511","02","5901","0100","04","High Schools","N","Verona Area","Verona Area Hi","PreK-12","1329                          ","152                           ","11.437100                     ","1177                          ","88.562800                     "
"2003","54508","02","5901","0110","04","Elem. Schools","N","Verona Area","Early Childhood School","PreK-12","27                            ","21                            ","77.777700                     ","6                             ","22.222200                     "
"2003","52512","02","5901","0120","04","Mid/Jr Hi Schools","N","Verona Area","Badger Ridge Middle School","PreK-12","543                           ","68                            ","12.523000                     ","475                           ","87.476900                     "
"2003","50182","02","5901","0140","04","Elem. Schools","Y","Verona Area","New Century School","PreK-12","97                            ","10                            ","10.309200                     ","87                            ","89.690700                     "
"2003","54712","02","5901","9406","4C","High Schools","Y","Verona Area","Dane County Transition Sch","PreK-12","3                             ","*                             ","*                             ","*                             ","*                             "
"2003","53505","02","6013","","03","High Schools","N","Big Foot UHS","","PreK-12","563                           ","75                            ","13.321400                     ","488                           ","86.678500                     "
"2003","53505","02","6013","","03","Mid/Jr Hi Schools","N","Big Foot UHS","","PreK-12","0                             ","*                             ","*                             ","*                             ","*                             "
"2003","53505","02","6013","","03","Elem. Schools","N","Big Foot UHS","","PreK-12","0                             ","*                             ","*                             ","*                             ","*                             "
"2003","53505","02","6013","","03","El/Sec Combined Schls","N","Big Foot UHS","","PreK-12","0                             ","*                             ","*                             ","*                             ","*                             "
"2003","52268","02","6013","0020","04","High Schools","N","Big Foot UHS","Big Foot Hi","PreK-12","553                           ","75                            ","13.562300                     ","478                           ","86.437600                     "
"2003","54714","02","6013","9401","4C","High Schools","Y","Big Foot UHS","Walworth Co Educ Alt Hi","PreK-12","10                            ","0                             ","0.000000                      ","10                            ","100.000000                    "
"2003","53506","02","6022","","03","El/Sec Combined Schls","N","Walworth J1","","PreK-12","0                             ","*                             ","*                             ","*                             ","*                             "
"2003","53506","02","6022","","03","Elem. Schools","N","Walworth J1","","PreK-12","540                           ","54                            ","10.000000                     ","486                           ","90.000000                     "
"2003","53506","02","6022","","03","Mid/Jr Hi Schools","N","Walworth J1","","PreK-12","0                             ","*                             ","*                             ","*                             ","*                             "
"2003","53506","02","6022","","03","High Schools","N","Walworth J1","","PreK-12","0                             ","*                             ","*                             ","*                             ","*                             "
"2003","52269","02","6022","0020","04","Elem. Schools","N","Walworth J1","Walworth El","PreK-12","540                           ","54                            ","10.000000                     ","486                           ","90.000000                     "
"2003","53507","02","6083","","03","High Schools","N","Waterford UHS","","PreK-12","1058                          ","113                           ","10.680500                     ","945                           ","89.319400                     "
"2003","53507","02","6083","","03","Mid/Jr Hi Schools","N","Waterford UHS","","PreK-12","0                             ","*                             ","*                             ","*                             ","*                             "
"2003","53507","02","6083","","03","Elem. Schools","N","Waterford UHS","","PreK-12","0                             ","*                             ","*                             ","*                             ","*                             "
"2003","53507","02","6083","","03","El/Sec Combined Schls","N","Waterford UHS","","PreK-12","0                             ","*                             ","*                             ","*                             ","*                             "
"2003","52271","02","6083","0020","04","High Schools","N","Waterford UHS","Waterford Hi","PreK-12","1058                          ","113                           ","10.680500                     ","945                           ","89.319400                     "
"2003","53508","02","6104","","03","El/Sec Combined Schls","N","Washington-Caldwell","","PreK-12","0                             ","*                             ","*                             ","*                             ","*                             "
"2003","53508","02","6104","","03","Elem. Schools","N","Washington-Caldwell","","PreK-12","218                           ","30                            ","13.761400                     ","188                           ","86.238500                     "
"2003","53508","02","6104","","03","Mid/Jr Hi Schools","N","Washington-Caldwell","","PreK-12","0                             ","*                             ","*                             ","*                             ","*                             "
"2003","53508","02","6104","","03","High Schools","N","Washington-Caldwell","","PreK-12","0                             ","*                             ","*                             ","*                             ","*                             "
"2003","52272","02","6104","0020","04","Elem. Schools","N","Washington-Caldwell","Washington El","PreK-12","218                           ","30                            ","13.761400                     ","188                           ","86.238500                     "
"2003","53509","02","6113","","03","High Schools","N","Waterford Graded J1","","PreK-12","0                             ","*                             ","*                             ","*                             ","*                             "
"2003","53509","02","6113","","03","Mid/Jr Hi Schools","N","Waterford Graded J1","","PreK-12","355                           ","45                            ","12.676000                     ","310                           ","87.323900                     "
"2003","53509","02","6113","","03","Elem. Schools","N","Waterford Graded J1","","PreK-12","1092                          ","157                           ","14.377200                     ","935                           ","85.622700                     "
"2003","53509","02","6113","","03","El/Sec Combined Schls","N","Waterford Graded J1","","PreK-12","0                             ","*                             ","*                             ","*                             ","*                             "
"2003","52273","02","6113","0010","04","Mid/Jr Hi Schools","N","Waterford Graded J1","Fox River Mid","PreK-12","355                           ","45                            ","12.676000                     ","310                           ","87.323900                     "
"2003","52274","02","6113","0015","04","Elem. Schools","N","Waterford Graded J1","Evergreen El","PreK-12","427                           ","75                            ","17.564400                     ","352                           ","82.435500                     "
"2003","54660","02","6113","0100","04","Elem. Schools","N","Waterford Graded J1","Trailside El","PreK-12","313                           ","37                            ","11.821000                     ","276                           ","88.178900                     "
"2003","54661","02","6113","0110","04","Elem. Schools","N","Waterford Graded J1","Woodfield El","PreK-12","352                           ","45                            ","12.784000                     ","307                           ","87.215900                     "
"2003","53546","02","6118","","03","El/Sec Combined Schls","N","Waterloo","","PreK-12","0                             ","*                             ","*                             ","*                             ","*                             "
"2003","53546","02","6118","","03","Elem. Schools","N","Waterloo","","PreK-12","426                           ","69                            ","16.197100                     ","357                           ","83.802800                     "
"2003","53546","02","6118","","03","Mid/Jr Hi Schools","N","Waterloo","","PreK-12","161                           ","23                            ","14.285700                     ","138                           ","85.714200                     "
"2003","53546","02","6118","","03","High Schools","N","Waterloo","","PreK-12","320                           ","45                            ","14.062500                     ","275                           ","85.937500                     "
"2003","52513","02","6118","0020","04","Elem. Schools","N","Waterloo","Waterloo El","PreK-12","426                           ","69                            ","16.197100                     ","357                           ","83.802800                     "
"2003","52514","02","6118","0040","04","High Schools","N","Waterloo","Waterloo Hi","PreK-12","320                           ","45                            ","14.062500                     ","275                           ","85.937500                     "
"2003","54504","02","6118","0300","04","Mid/Jr Hi Schools","N","Waterloo","Waterloo Middle School","PreK-12","161                           ","23                            ","14.285700                     ","138                           ","85.714200                     "
"2003","54715","02","6118","9403","4C","High Schools","Y","Waterloo","Jefferson County Alternative Sch","PreK-12","0                             ","*                             ","*                             ","*                             ","*                             "
"2003","54716","02","6118","9406","4C","High Schools","Y","Waterloo","Dane County Transition Sch","PreK-12","2                             ","*                             ","*                             ","*                             ","*                             "
"2003","53268","02","6125","","03","High Schools","N","Watertown","","PreK-12","1479                          ","232                           ","15.686200                     ","1247                          ","84.313700                     "
"2003","53268","02","6125","","03","Mid/Jr Hi Schools","N","Watertown","","PreK-12","826                           ","151                           ","18.280800                     ","675                           ","81.719100                     "
"2003","53268","02","6125","","03","Elem. Schools","N","Watertown","","PreK-12","1407                          ","304                           ","21.606200                     ","1103                          ","78.393700                     "
"2003","53268","02","6125","","03","El/Sec Combined Schls","N","Watertown","","PreK-12","0                             ","*                             ","*                             ","*                             ","*                             "
"2003","52258","02","6125","0020","04","Elem. Schools","N","Watertown","Concord El","PreK-12","45                            ","0                             ","0.000000                      ","45                            ","100.000000                    "
"2003","51397","02","6125","0040","04","Elem. Schools","N","Watertown","Douglas El","PreK-12","339                           ","84                            ","24.778700                     ","255                           ","75.221200                     "
"2003","51398","02","6125","0060","04","Elem. Schools","N","Watertown","Lebanon El","PreK-12","58                            ","3                             ","5.172400                      ","55                            ","94.827500                     "
"2003","51382","02","6125","0080","04","Elem. Schools","N","Watertown","Lincoln El","PreK-12","185                           ","38                            ","20.540500                     ","147                           ","79.459400                     "
"2003","51383","02","6125","0090","04","Mid/Jr Hi Schools","N","Watertown","Riverside Mid","PreK-12","826                           ","151                           ","18.280800                     ","675                           ","81.719100                     "
"2003","51384","02","6125","0100","04","Elem. Schools","N","Watertown","Schurz El","PreK-12","307                           ","41                            ","13.355000                     ","266                           ","86.644900                     "
"2003","51385","02","6125","0140","04","High Schools","N","Watertown","Watertown Hi","PreK-12","1479                          ","232                           ","15.686200                     ","1247                          ","84.313700                     "
"2003","51386","02","6125","0160","04","Elem. Schools","N","Watertown","Webster El","PreK-12","473                           ","138                           ","29.175400                     ","335                           ","70.824500                     "
"2003","54794","02","6125","9403","4C","High Schools","Y","Watertown","Jefferson County Alternative Sch","PreK-12","3                             ","*                             ","*                             ","*                             ","*                             "
"2003","53547","02","6181","","03","El/Sec Combined Schls","N","Waunakee Community","","PreK-12","0                             ","*                             ","*                             ","*                             ","*                             "
"2003","53547","02","6181","","03","Elem. Schools","N","Waunakee Community","","PreK-12","1544                          ","217                           ","14.054400                     ","1327                          ","85.945500                     "
"2003","53547","02","6181","","03","Mid/Jr Hi Schools","N","Waunakee Community","","PreK-12","518                           ","71                            ","13.706500                     ","447                           ","86.293400                     "
"2003","53547","02","6181","","03","High Schools","N","Waunakee Community","","PreK-12","896                           ","105                           ","11.718700                     ","791                           ","88.281200                     "
"2003","52516","02","6181","0020","04","Elem. Schools","N","Waunakee Community","Waunakee Intermediate","PreK-12","430                           ","50                            ","11.627900                     ","380                           ","88.372000                     "
"2003","52517","02","6181","0040","04","High Schools","N","Waunakee Community","Waunakee Hi","PreK-12","896                           ","105                           ","11.718700                     ","791                           ","88.281200                     "
"2003","52518","02","6181","0060","04","Mid/Jr Hi Schools","N","Waunakee Community","Waunakee Mid","PreK-12","518                           ","71                            ","13.706500                     ","447                           ","86.293400                     "
"2003","52519","02","6181","0080","04","Elem. Schools","N","Waunakee Community","Waunakee Heritage El","PreK-12","478                           ","74                            ","15.481100                     ","404                           ","84.518800                     "
"2003","53195","02","6181","0100","04","Elem. Schools","N","Waunakee Community","Waunakee Prairie El","PreK-12","636                           ","93                            ","14.622600                     ","543                           ","85.377300                     "
"2003","54717","02","6181","9406","4C","High Schools","Y","Waunakee Community","Dane County Transition Sch","PreK-12","5                             ","*                             ","*                             ","*                             ","*                             "
"2003","53273","02","6412","","03","High Schools","N","Wheatland J1","","PreK-12","0                             ","*                             ","*                             ","*                             ","*                             "
"2003","53273","02","6412","","03","Mid/Jr Hi Schools","N","Wheatland J1","","PreK-12","0                             ","*                             ","*                             ","*                             ","*                             "
"2003","53273","02","6412","","03","Elem. Schools","N","Wheatland J1","","PreK-12","490                           ","73                            ","14.897900                     ","417                           ","85.102000                     "
"2003","53273","02","6412","","03","El/Sec Combined Schls","N","Wheatland J1","","PreK-12","0                             ","*                             ","*                             ","*                             ","*                             "
"2003","51407","02","6412","0020","04","Elem. Schools","N","Wheatland J1","Wheatland Center El","PreK-12","490                           ","73                            ","14.897900                     ","417                           ","85.102000                     "
"2003","53314","02","6461","","03","El/Sec Combined Schls","N","Whitewater","","PreK-12","0                             ","*                             ","*                             ","*                             ","*                             "
"2003","53314","02","6461","","03","Elem. Schools","N","Whitewater","","PreK-12","882                           ","133                           ","15.079300                     ","749                           ","84.920600                     "
"2003","53314","02","6461","","03","Mid/Jr Hi Schools","N","Whitewater","","PreK-12","455                           ","48                            ","10.549400                     ","407                           ","89.450500                     "
"2003","53314","02","6461","","03","High Schools","N","Whitewater","","PreK-12","755                           ","77                            ","10.198600                     ","678                           ","89.801300                     "
"2003","51609","02","6461","0020","04","Mid/Jr Hi Schools","N","Whitewater","Whitewater Mid","PreK-12","455                           ","48                            ","10.549400                     ","407                           ","89.450500                     "
"2003","51613","02","6461","0040","04","Elem. Schools","N","Whitewater","Lakeview El","PreK-12","220                           ","41                            ","18.636300                     ","179                           ","81.363600                     "
"2003","51610","02","6461","0080","04","Elem. Schools","N","Whitewater","Lincoln El","PreK-12","385                           ","55                            ","14.285700                     ","330                           ","85.714200                     "
"2003","51611","02","6461","0120","04","Elem. Schools","N","Whitewater","Washington El","PreK-12","277                           ","37                            ","13.357400                     ","240                           ","86.642500                     "
"2003","51612","02","6461","0140","04","High Schools","N","Whitewater","Whitewater Hi","PreK-12","755                           ","77                            ","10.198600                     ","678                           ","89.801300                     "
"2003","53315","02","6482","","03","High Schools","N","Williams Bay","","PreK-12","172                           ","19                            ","11.046500                     ","153                           ","88.953400                     "
"2003","53315","02","6482","","03","Mid/Jr Hi Schools","N","Williams Bay","","PreK-12","89                            ","0                             ","0.000000                      ","89                            ","100.000000                    "
"2003","53315","02","6482","","03","Elem. Schools","N","Williams Bay","","PreK-12","220                           ","41                            ","18.636300                     ","179                           ","81.363600                     "
"2003","53315","02","6482","","03","El/Sec Combined Schls","N","Williams Bay","","PreK-12","0                             ","*                             ","*                             ","*                             ","*                             "
"2003","51614","02","6482","0020","04","Elem. Schools","N","Williams Bay","Williams Bay El","PreK-12","220                           ","41                            ","18.636300                     ","179                           ","81.363600                     "
"2003","54565","02","6482","0030","04","","N","Williams Bay","Williams Bay Jr","PreK-12","0                             ","*                             ","*                             ","*                             ","*                             "
"2003","51615","02","6482","0040","04","High Schools","N","Williams Bay","Williams Bay Hi","PreK-12","172                           ","19                            ","11.046500                     ","153                           ","88.953400                     "
"2003","54798","02","6482","9401","4C","High Schools","Y","Williams Bay","Walworth Co Educ Alt Hi","PreK-12","2                             ","*                             ","*                             ","*                             ","*                             "
"2003","53317","02","6545","","03","El/Sec Combined Schls","N","Wilmot UHS","","PreK-12","0                             ","*                             ","*                             ","*                             ","*                             "
"2003","53317","02","6545","","03","Elem. Schools","N","Wilmot UHS","","PreK-12","0                             ","*                             ","*                             ","*                             ","*                             "
"2003","53317","02","6545","","03","Mid/Jr Hi Schools","N","Wilmot UHS","","PreK-12","0                             ","*                             ","*                             ","*                             ","*                             "
"2003","53317","02","6545","","03","High Schools","N","Wilmot UHS","","PreK-12","1118                          ","149                           ","13.327300                     ","969                           ","86.672600                     "
"2003","51617","02","6545","0020","04","High Schools","N","Wilmot UHS","Wilmot Hi","PreK-12","1118                          ","149                           ","13.327300                     ","969                           ","86.672600                     "
"2003","53503","02","6748","","03","High Schools","N","Yorkville J2","","PreK-12","0                             ","*                             ","*                             ","*                             ","*                             "
"2003","53503","02","6748","","03","Mid/Jr Hi Schools","N","Yorkville J2","","PreK-12","0                             ","*                             ","*                             ","*                             ","*                             "
"2003","53503","02","6748","","03","Elem. Schools","N","Yorkville J2","","PreK-12","386                           ","36                            ","9.326400                      ","350                           ","90.673500                     "
"2003","53503","02","6748","","03","El/Sec Combined Schls","N","Yorkville J2","","PreK-12","0                             ","*                             ","*                             ","*                             ","*                             "
"2003","52264","02","6748","0020","04","Elem. Schools","N","Yorkville J2","Yorkville El","PreK-12","386                           ","36                            ","9.326400                      ","350                           ","90.673500                     "
