"year","agency_key","CESA","district_number","school_number","agency_type","school_type","charter","district_name","school_name","grade_label","total_enrollment_prek-12","number_female","percent_female","number_male","percent_male","number_am_ind","percent_am_ind","number_asian","percent_asian","number_black","percent_black","number_hispanic","percent_hispanic","number_white","percent_white"
"1997","05385","06","0147","","03","Elem      ","N","Appleton Area","","Elementary School Type/ Prek-12","7509",3627,"48.302000                     ",3882,"51.697900                     ",29,"0.386200                      ",747,"9.948000                      ",71,"0.945500                      ",102,"1.358300                      ",6560,"87.361800                     "
"1997","05385","06","0147","","03","Mid/Jr Hi ","N","Appleton Area","","Middle/Junior High School Type/ Prek-12","2473",1223,"49.454100                     ",1250,"50.545800                     ",13,"0.525600                      ",191,"7.723400                      ",23,"0.930000                      ",26,"1.051300                      ",2220,"89.769500                     "
"1997","05385","06","0147","","03","High      ","N","Appleton Area","","High School Type/ PreK-12","4334",2126,"49.053900                     ",2208,"50.946000                     ",27,"0.622900                      ",257,"5.929800                      ",38,"0.876700                      ",59,"1.361300                      ",3953,"91.209000                     "
"1997","05385","06","0147","","03","El/Sec    ","N","Appleton Area","","Combined Elementary/Secondary School Type/ Prek-12","0",0,"--                            ",0,"--                            ",0,"--                            ",0,"--                            ",0,"--                            ",0,"--                            ",0,"--                            "
"1997","05385","06","0147","","03","Summary   ","N","Appleton Area","","Grades PreK-12","14316",6976,"48.728600                     ",7340,"51.271300                     ",69,"0.481900                      ",1195,"8.347300                      ",132,"0.922000                      ",187,"1.306200                      ",12733,"88.942400                     "
"1997","07315","06","0147","0020","04","High      ","N","Appleton Area","East Hi","Grades PreK-12","1469",709,"48.264100                     ",760,"51.735800                     ",9,"0.612600                      ",71,"4.833200                      ",12,"0.816800                      ",19,"1.293300                      ",1358,"92.443800                     "
"1997","08494","06","0147","0030","04","High      ","N","Appleton Area","North Hi","Grades PreK-12","1467",715,"48.738900                     ",752,"51.261000                     ",10,"0.681600                      ",133,"9.066100                      ",8,"0.545300                      ",14,"0.954300                      ",1302,"88.752500                     "
"1997","07314","06","0147","0040","04","High      ","N","Appleton Area","West Hi","Grades PreK-12","1323",677,"51.171500                     ",646,"48.828400                     ",6,"0.453500                      ",48,"3.628100                      ",18,"1.360500                      ",25,"1.889600                      ",1226,"92.668100                     "
"1997","07296","06","0147","0060","04","Elem      ","N","Appleton Area","Badger El","Grades PreK-12","309",141,"45.631000                     ",168,"54.368900                     ",0,"0.000000                      ",4,"1.294400                      ",12,"3.883400                      ",2,"0.647200                      ",291,"94.174700                     "
"1997","07297","06","0147","0080","04","Elem      ","N","Appleton Area","Columbus El","Grades PreK-12","290",146,"50.344800                     ",144,"49.655100                     ",0,"0.000000                      ",106,"36.551700                     ",0,"0.000000                      ",1,"0.344800                      ",183,"63.103400                     "
"1997","07298","06","0147","0100","04","Elem      ","N","Appleton Area","Edison El","Grades PreK-12","413",206,"49.878900                     ",207,"50.121000                     ",5,"1.210600                      ",89,"21.549600                     ",10,"2.421300                      ",4,"0.968500                      ",305,"73.849800                     "
"1997","07299","06","0147","0120","04","Mid/Jr Hi ","N","Appleton Area","Einstein Mid","Grades PreK-12","608",290,"47.697300                     ",318,"52.302600                     ",3,"0.493400                      ",20,"3.289400                      ",3,"0.493400                      ",2,"0.328900                      ",580,"95.394700                     "
"1997","07300","06","0147","0130","04","Elem      ","N","Appleton Area","Edna Ferber El","Grades PreK-12","551",274,"49.727700                     ",277,"50.272200                     ",6,"1.088900                      ",43,"7.803900                      ",1,"0.181400                      ",0,"0.000000                      ",501,"90.925500                     "
"1997","07301","06","0147","0140","04","Elem      ","N","Appleton Area","Foster El","Grades PreK-12","257",127,"49.416300                     ",130,"50.583600                     ",3,"1.167300                      ",57,"22.178900                     ",4,"1.556400                      ",5,"1.945500                      ",188,"73.151700                     "
"1997","07302","06","0147","0160","04","Elem      ","N","Appleton Area","Franklin El","Grades PreK-12","471",251,"53.290800                     ",220,"46.709100                     ",1,"0.212300                      ",13,"2.760000                      ",0,"0.000000                      ",0,"0.000000                      ",457,"97.027600                     "
"1997","07303","06","0147","0180","04","Elem      ","N","Appleton Area","Highlands El","Grades PreK-12","693",329,"47.474700                     ",364,"52.525200                     ",3,"0.432900                      ",38,"5.483400                      ",7,"1.010100                      ",25,"3.607500                      ",620,"89.466000                     "
"1997","07316","06","0147","0190","04","Elem      ","N","Appleton Area","Horizons El","Grades PreK-12","480",254,"52.916600                     ",226,"47.083300                     ",2,"0.416600                      ",24,"5.000000                      ",14,"2.916600                      ",6,"1.250000                      ",434,"90.416600                     "
"1997","07317","06","0147","0195","04","Elem      ","N","Appleton Area","Houdini El","Grades PreK-12","658",295,"44.832800                     ",363,"55.167100                     ",0,"0.000000                      ",11,"1.671700                      ",3,"0.455900                      ",7,"1.063800                      ",637,"96.808500                     "
"1997","07304","06","0147","0200","04","Elem      ","N","Appleton Area","Huntley El","Grades PreK-12","575",263,"45.739100                     ",312,"54.260800                     ",1,"0.173900                      ",22,"3.826000                      ",0,"0.000000                      ",6,"1.043400                      ",546,"94.956500                     "
"1997","07318","06","0147","0220","04","Elem      ","N","Appleton Area","Janet Berry El","Grades PreK-12","425",193,"45.411700                     ",232,"54.588200                     ",0,"0.000000                      ",9,"2.117600                      ",0,"0.000000                      ",3,"0.705800                      ",413,"97.176400                     "
"1997","07305","06","0147","0240","04","Elem      ","N","Appleton Area","Jefferson El","Grades PreK-12","473",235,"49.682800                     ",238,"50.317100                     ",1,"0.211400                      ",121,"25.581300                     ",2,"0.422800                      ",21,"4.439700                      ",328,"69.344600                     "
"1997","07306","06","0147","0260","04","Elem      ","N","Appleton Area","Johnston El","Grades PreK-12","562",280,"49.822000                     ",282,"50.177900                     ",1,"0.177900                      ",29,"5.160100                      ",5,"0.889600                      ",4,"0.711700                      ",523,"93.060400                     "
"1997","07307","06","0147","0280","04","Elem      ","N","Appleton Area","Lincoln El","Grades PreK-12","437",208,"47.597200                     ",229,"52.402700                     ",4,"0.915300                      ",130,"29.748200                     ",6,"1.372900                      ",8,"1.830600                      ",289,"66.132700                     "
"1997","07308","06","0147","0300","04","Mid/Jr Hi ","N","Appleton Area","Madison Mid","Grades PreK-12","732",374,"51.092800                     ",358,"48.907100                     ",2,"0.273200                      ",41,"5.601000                      ",9,"1.229500                      ",3,"0.409800                      ",677,"92.486300                     "
"1997","07309","06","0147","0320","04","Elem      ","N","Appleton Area","McKinley El","Grades PreK-12","593",289,"48.735200                     ",304,"51.264700                     ",1,"0.168600                      ",32,"5.396200                      ",3,"0.505900                      ",4,"0.674500                      ",553,"93.254600                     "
"1997","07310","06","0147","0340","04","Elem      ","N","Appleton Area","Richmond El","Grades PreK-12","277",123,"44.404300                     ",154,"55.595600                     ",1,"0.361000                      ",15,"5.415100                      ",3,"1.083000                      ",5,"1.805000                      ",253,"91.335700                     "
"1997","07311","06","0147","0360","04","Mid/Jr Hi ","N","Appleton Area","Roosevelt Mid","Grades PreK-12","483",241,"49.896400                     ",242,"50.103500                     ",3,"0.621100                      ",76,"15.734900                     ",1,"0.207000                      ",9,"1.863300                      ",394,"81.573400                     "
"1997","07312","06","0147","0380","04","Elem      ","N","Appleton Area","Twin Willows P-K","Grades PreK-12","45",13,"28.888800                     ",32,"71.111100                     ",0,"0.000000                      ",4,"8.888800                      ",1,"2.222200                      ",1,"2.222200                      ",39,"86.666600                     "
"1997","09569","06","0147","0400","04","High      ","Y","Appleton Area","Appleton Central Alternative Hi","Grades PreK-12","75",25,"33.333300                     ",50,"66.666600                     ",2,"2.666600                      ",5,"6.666600                      ",0,"0.000000                      ",1,"1.333300                      ",67,"89.333300                     "
"1997","07313","06","0147","0410","04","Mid/Jr Hi ","N","Appleton Area","Wilson Mid","Grades PreK-12","650",318,"48.923000                     ",332,"51.076900                     ",5,"0.769200                      ",54,"8.307600                      ",10,"1.538400                      ",12,"1.846100                      ",569,"87.538400                     "
"1997","05180","06","0336","","03","Elem      ","N","Beaver Dam","","Elementary School Type/ Prek-12","1496",718,"47.994600                     ",778,"52.005300                     ",18,"1.203200                      ",26,"1.737900                      ",4,"0.267300                      ",73,"4.879600                      ",1375,"91.911700                     "
"1997","05180","06","0336","","03","Mid/Jr Hi ","N","Beaver Dam","","Middle/Junior High School Type/ Prek-12","711",339,"47.679300                     ",372,"52.320600                     ",2,"0.281200                      ",6,"0.843800                      ",2,"0.281200                      ",23,"3.234800                      ",678,"95.358600                     "
"1997","05180","06","0336","","03","High      ","N","Beaver Dam","","High School Type/ PreK-12","1045",529,"50.622000                     ",516,"49.377900                     ",3,"0.287000                      ",9,"0.861200                      ",5,"0.478400                      ",26,"2.488000                      ",1002,"95.885100                     "
"1997","05180","06","0336","","03","El/Sec    ","N","Beaver Dam","","Combined Elementary/Secondary School Type/ Prek-12","123",53,"43.089400                     ",70,"56.910500                     ",1,"0.813000                      ",0,"0.000000                      ",0,"0.000000                      ",6,"4.878000                      ",116,"94.308900                     "
"1997","05180","06","0336","","03","Summary   ","N","Beaver Dam","","Grades PreK-12","3375",1639,"48.562900                     ",1736,"51.437000                     ",24,"0.711100                      ",41,"1.214800                      ",11,"0.325900                      ",128,"3.792500                      ",3171,"93.955500                     "
"1997","06398","06","0336","0020","04","Mid/Jr Hi ","N","Beaver Dam","Beaver Dam Mid","Grades PreK-12","711",339,"47.679300                     ",372,"52.320600                     ",2,"0.281200                      ",6,"0.843800                      ",2,"0.281200                      ",23,"3.234800                      ",678,"95.358600                     "
"1997","06399","06","0336","0040","04","High      ","N","Beaver Dam","Beaver Dam Hi","Grades PreK-12","1045",529,"50.622000                     ",516,"49.377900                     ",3,"0.287000                      ",9,"0.861200                      ",5,"0.478400                      ",26,"2.488000                      ",1002,"95.885100                     "
"1997","05491","06","0336","0060","04","Elem      ","N","Beaver Dam","Hyland Prairie El","Grades PreK-12","105",53,"50.476100                     ",52,"49.523800                     ",0,"0.000000                      ",2,"1.904700                      ",0,"0.000000                      ",0,"0.000000                      ",103,"98.095200                     "
"1997","06400","06","0336","0080","04","Elem      ","N","Beaver Dam","Jefferson El","Grades PreK-12","369",174,"47.154400                     ",195,"52.845500                     ",6,"1.626000                      ",6,"1.626000                      ",2,"0.542000                      ",29,"7.859000                      ",326,"88.346800                     "
"1997","06401","06","0336","0100","04","Elem      ","N","Beaver Dam","Lincoln El","Grades PreK-12","268",133,"49.626800                     ",135,"50.373100                     ",3,"1.119400                      ",5,"1.865600                      ",0,"0.000000                      ",21,"7.835800                      ",239,"89.179100                     "
"1997","06402","06","0336","0120","04","Elem      ","N","Beaver Dam","South Beaver Dam El","Grades PreK-12","131",60,"45.801500                     ",71,"54.198400                     ",3,"2.290000                      ",2,"1.526700                      ",0,"0.000000                      ",4,"3.053400                      ",122,"93.129700                     "
"1997","06403","06","0336","0140","04","Elem      ","N","Beaver Dam","Trenton El","Grades PreK-12","119",58,"48.739400                     ",61,"51.260500                     ",0,"0.000000                      ",0,"0.000000                      ",0,"0.000000                      ",0,"0.000000                      ",119,"100.000000                    "
"1997","06404","06","0336","0160","04","Elem      ","N","Beaver Dam","Washington El","Grades PreK-12","316",147,"46.518900                     ",169,"53.481000                     ",3,"0.949300                      ",11,"3.481000                      ",2,"0.632900                      ",10,"3.164500                      ",290,"91.772100                     "
"1997","06405","06","0336","0180","04","Elem      ","N","Beaver Dam","Wilson El","Grades PreK-12","188",93,"49.468000                     ",95,"50.531900                     ",3,"1.595700                      ",0,"0.000000                      ",0,"0.000000                      ",9,"4.787200                      ",176,"93.617000                     "
"1997","08453","06","0336","0200","04","El/Sec    ","Y","Beaver Dam","Beaver Dam Charter Sch","Grades PreK-12","123",53,"43.089400                     ",70,"56.910500                     ",1,"0.813000                      ",0,"0.000000                      ",0,"0.000000                      ",6,"4.878000                      ",116,"94.308900                     "
"1997","05386","06","0434","","03","Elem      ","N","Berlin Area","","Elementary School Type/ Prek-12","782",380,"48.593300                     ",402,"51.406600                     ",0,"0.000000                      ",31,"3.964100                      ",1,"0.127800                      ",82,"10.485900                     ",668,"85.421900                     "
"1997","05386","06","0434","","03","Mid/Jr Hi ","N","Berlin Area","","Middle/Junior High School Type/ Prek-12","437",207,"47.368400                     ",230,"52.631500                     ",0,"0.000000                      ",14,"3.203600                      ",1,"0.228800                      ",36,"8.237900                      ",386,"88.329500                     "
"1997","05386","06","0434","","03","High      ","N","Berlin Area","","High School Type/ PreK-12","664",330,"49.698700                     ",334,"50.301200                     ",0,"0.000000                      ",10,"1.506000                      ",0,"0.000000                      ",16,"2.409600                      ",638,"96.084300                     "
"1997","05386","06","0434","","03","El/Sec    ","N","Berlin Area","","Combined Elementary/Secondary School Type/ Prek-12","0",0,"--                            ",0,"--                            ",0,"--                            ",0,"--                            ",0,"--                            ",0,"--                            ",0,"--                            "
"1997","05386","06","0434","","03","Summary   ","N","Berlin Area","","Grades PreK-12","1883",917,"48.698800                     ",966,"51.301100                     ",0,"0.000000                      ",55,"2.920800                      ",2,"0.106200                      ",134,"7.116300                      ",1692,"89.856600                     "
"1997","07319","06","0434","0040","04","High      ","N","Berlin Area","Berlin Hi","Grades PreK-12","664",330,"49.698700                     ",334,"50.301200                     ",0,"0.000000                      ",10,"1.506000                      ",0,"0.000000                      ",16,"2.409600                      ",638,"96.084300                     "
"1997","07320","06","0434","0060","04","Elem      ","N","Berlin Area","Clay El","Grades PreK-12","711",340,"47.819900                     ",371,"52.180000                     ",0,"0.000000                      ",31,"4.360000                      ",1,"0.140600                      ",81,"11.392400                     ",598,"84.106800                     "
"1997","07321","06","0434","0080","04","Mid/Jr Hi ","N","Berlin Area","Clay Mid","Grades PreK-12","437",207,"47.368400                     ",230,"52.631500                     ",0,"0.000000                      ",14,"3.203600                      ",1,"0.228800                      ",36,"8.237900                      ",386,"88.329500                     "
"1997","07393","06","0434","0100","04","Elem      ","N","Berlin Area","Poy Sippi El","Grades PreK-12","71",40,"56.338000                     ",31,"43.661900                     ",0,"0.000000                      ",0,"0.000000                      ",0,"0.000000                      ",1,"1.408400                      ",70,"98.591500                     "
"1997","05002","06","0910","","03","Elem      ","N","Campbellsport","","Elementary School Type/ Prek-12","1075",536,"49.860400                     ",539,"50.139500                     ",0,"0.000000                      ",6,"0.558100                      ",1,"0.093000                      ",7,"0.651100                      ",1061,"98.697600                     "
"1997","05002","06","0910","","03","Mid/Jr Hi ","N","Campbellsport","","Middle/Junior High School Type/ Prek-12","0",0,"--                            ",0,"--                            ",0,"--                            ",0,"--                            ",0,"--                            ",0,"--                            ",0,"--                            "
"1997","05002","06","0910","","03","High      ","N","Campbellsport","","High School Type/ PreK-12","656",311,"47.408500                     ",345,"52.591400                     ",0,"0.000000                      ",1,"0.152400                      ",0,"0.000000                      ",2,"0.304800                      ",653,"99.542600                     "
"1997","05002","06","0910","","03","El/Sec    ","N","Campbellsport","","Combined Elementary/Secondary School Type/ Prek-12","0",0,"--                            ",0,"--                            ",0,"--                            ",0,"--                            ",0,"--                            ",0,"--                            ",0,"--                            "
"1997","05002","06","0910","","03","Summary   ","N","Campbellsport","","Grades PreK-12","1731",847,"48.931200                     ",884,"51.068700                     ",0,"0.000000                      ",7,"0.404300                      ",1,"0.057700                      ",9,"0.519900                      ",1714,"99.017900                     "
"1997","05433","06","0910","0020","04","Elem      ","N","Campbellsport","Campbellsport El","Grades PreK-12","654",328,"50.152900                     ",326,"49.847000                     ",0,"0.000000                      ",1,"0.152900                      ",0,"0.000000                      ",2,"0.305800                      ",651,"99.541200                     "
"1997","05434","06","0910","0040","04","High      ","N","Campbellsport","Campbellsport Hi","Grades PreK-12","656",311,"47.408500                     ",345,"52.591400                     ",0,"0.000000                      ",1,"0.152400                      ",0,"0.000000                      ",2,"0.304800                      ",653,"99.542600                     "
"1997","05453","06","0910","0080","04","Elem      ","N","Campbellsport","Eden El","Grades PreK-12","421",208,"49.406100                     ",213,"50.593800                     ",0,"0.000000                      ",5,"1.187600                      ",1,"0.237500                      ",5,"1.187600                      ",410,"97.387100                     "
"1997","05010","06","1687","","03","Elem      ","N","Erin","","Elementary School Type/ Prek-12","323",153,"47.368400                     ",170,"52.631500                     ",0,"0.000000                      ",0,"0.000000                      ",1,"0.309500                      ",0,"0.000000                      ",322,"99.690400                     "
"1997","05010","06","1687","","03","Mid/Jr Hi ","N","Erin","","Middle/Junior High School Type/ Prek-12","0",0,"--                            ",0,"--                            ",0,"--                            ",0,"--                            ",0,"--                            ",0,"--                            ",0,"--                            "
"1997","05010","06","1687","","03","High      ","N","Erin","","High School Type/ PreK-12","0",0,"--                            ",0,"--                            ",0,"--                            ",0,"--                            ",0,"--                            ",0,"--                            ",0,"--                            "
"1997","05010","06","1687","","03","El/Sec    ","N","Erin","","Combined Elementary/Secondary School Type/ Prek-12","0",0,"--                            ",0,"--                            ",0,"--                            ",0,"--                            ",0,"--                            ",0,"--                            ",0,"--                            "
"1997","05010","06","1687","","03","Summary   ","N","Erin","","Grades PreK-12","323",153,"47.368400                     ",170,"52.631500                     ",0,"0.000000                      ",0,"0.000000                      ",1,"0.309500                      ",0,"0.000000                      ",322,"99.690400                     "
"1997","05470","06","1687","0020","04","Elem      ","N","Erin","Erin El","Grades PreK-12","323",153,"47.368400                     ",170,"52.631500                     ",0,"0.000000                      ",0,"0.000000                      ",1,"0.309500                      ",0,"0.000000                      ",322,"99.690400                     "
"1997","05388","06","1862","","03","Elem      ","N","Fond du Lac","","Elementary School Type/ Prek-12","4096",1966,"47.998000                     ",2130,"52.001900                     ",22,"0.537100                      ",142,"3.466700                      ",64,"1.562500                      ",105,"2.563400                      ",3763,"91.870100                     "
"1997","05388","06","1862","","03","Mid/Jr Hi ","N","Fond du Lac","","Middle/Junior High School Type/ Prek-12","1747",823,"47.109300                     ",924,"52.890600                     ",4,"0.228900                      ",43,"2.461300                      ",15,"0.858600                      ",33,"1.888900                      ",1652,"94.562100                     "
"1997","05388","06","1862","","03","High      ","N","Fond du Lac","","High School Type/ PreK-12","1674",804,"48.028600                     ",870,"51.971300                     ",6,"0.358400                      ",50,"2.986800                      ",9,"0.537600                      ",38,"2.270000                      ",1571,"93.847000                     "
"1997","05388","06","1862","","03","El/Sec    ","N","Fond du Lac","","Combined Elementary/Secondary School Type/ Prek-12","0",0,"--                            ",0,"--                            ",0,"--                            ",0,"--                            ",0,"--                            ",0,"--                            ",0,"--                            "
"1997","05388","06","1862","","03","Summary   ","N","Fond du Lac","","Grades PreK-12","7517",3593,"47.798300                     ",3924,"52.201600                     ",32,"0.425700                      ",235,"3.126200                      ",88,"1.170600                      ",176,"2.341300                      ",6986,"92.936000                     "
"1997","07328","06","1862","0030","04","Elem      ","N","Fond du Lac","Chegwin El","Grades PreK-12","481",250,"51.975000                     ",231,"48.024900                     ",3,"0.623700                      ",35,"7.276500                      ",6,"1.247400                      ",22,"4.573800                      ",415,"86.278500                     "
"1997","07329","06","1862","0080","04","Elem      ","N","Fond du Lac","Evans El","Grades PreK-12","410",203,"49.512100                     ",207,"50.487800                     ",0,"0.000000                      ",11,"2.682900                      ",13,"3.170700                      ",8,"1.951200                      ",378,"92.195100                     "
"1997","07330","06","1862","0090","04","Elem      ","N","Fond du Lac","Fahey","Grades PreK-12","58",12,"20.689600                     ",46,"79.310300                     ",0,"0.000000                      ",3,"5.172400                      ",1,"1.724100                      ",1,"1.724100                      ",53,"91.379300                     "
"1997","07331","06","1862","0120","04","Elem      ","N","Fond du Lac","Franklin El","Grades PreK-12","317",150,"47.318600                     ",167,"52.681300                     ",2,"0.630900                      ",26,"8.201800                      ",16,"5.047300                      ",20,"6.309100                      ",253,"79.810700                     "
"1997","07332","06","1862","0140","04","High      ","N","Fond du Lac","Goodrich Hi","Grades PreK-12","1674",804,"48.028600                     ",870,"51.971300                     ",6,"0.358400                      ",50,"2.986800                      ",9,"0.537600                      ",38,"2.270000                      ",1571,"93.847000                     "
"1997","07333","06","1862","0200","04","Elem      ","N","Fond du Lac","Lakeshore El","Grades PreK-12","560",266,"47.500000                     ",294,"52.500000                     ",0,"0.000000                      ",10,"1.785700                      ",2,"0.357100                      ",2,"0.357100                      ",546,"97.500000                     "
"1997","07334","06","1862","0230","04","Elem      ","N","Fond du Lac","Parkside El","Grades PreK-12","372",185,"49.731100                     ",187,"50.268800                     ",6,"1.612900                      ",31,"8.333300                      ",7,"1.881700                      ",9,"2.419300                      ",319,"85.752600                     "
"1997","07335","06","1862","0240","04","Elem      ","N","Fond du Lac","Pier El","Grades PreK-12","472",222,"47.033800                     ",250,"52.966100                     ",5,"1.059300                      ",15,"3.177900                      ",12,"2.542300                      ",9,"1.906700                      ",431,"91.313500                     "
"1997","07336","06","1862","0260","04","Elem      ","N","Fond du Lac","Roberts El","Grades PreK-12","495",242,"48.888800                     ",253,"51.111100                     ",3,"0.606000                      ",9,"1.818100                      ",4,"0.808000                      ",8,"1.616100                      ",471,"95.151500                     "
"1997","07337","06","1862","0280","04","Elem      ","N","Fond du Lac","Rosenow El","Grades PreK-12","445",213,"47.865100                     ",232,"52.134800                     ",2,"0.449400                      ",0,"0.000000                      ",1,"0.224700                      ",14,"3.146000                      ",428,"96.179700                     "
"1997","07338","06","1862","0300","04","Mid/Jr Hi ","N","Fond du Lac","Sabish Jr","Grades PreK-12","625",322,"51.520000                     ",303,"48.480000                     ",2,"0.320000                      ",28,"4.480000                      ",6,"0.960000                      ",13,"2.080000                      ",576,"92.160000                     "
"1997","07339","06","1862","0335","04","Mid/Jr Hi ","N","Fond du Lac","Theisen Jr","Grades PreK-12","614",267,"43.485300                     ",347,"56.514600                     ",0,"0.000000                      ",8,"1.302900                      ",8,"1.302900                      ",9,"1.465700                      ",589,"95.928300                     "
"1997","07340","06","1862","0360","04","Elem      ","N","Fond du Lac","Waters El","Grades PreK-12","486",223,"45.884700                     ",263,"54.115200                     ",1,"0.205700                      ",2,"0.411500                      ",2,"0.411500                      ",12,"2.469100                      ",469,"96.502000                     "
"1997","07341","06","1862","0365","04","Mid/Jr Hi ","N","Fond du Lac","Woodworth Jr","Grades PreK-12","508",234,"46.062900                     ",274,"53.937000                     ",2,"0.393700                      ",7,"1.377900                      ",1,"0.196800                      ",11,"2.165300                      ",487,"95.866100                     "
"1997","05223","06","1953","","03","Elem      ","N","Freedom Area","","Elementary School Type/ Prek-12","613",278,"45.350700                     ",335,"54.649200                     ",53,"8.646000                      ",3,"0.489300                      ",0,"0.000000                      ",3,"0.489300                      ",554,"90.375200                     "
"1997","05223","06","1953","","03","Mid/Jr Hi ","N","Freedom Area","","Middle/Junior High School Type/ Prek-12","304",142,"46.710500                     ",162,"53.289400                     ",17,"5.592100                      ",3,"0.986800                      ",0,"0.000000                      ",0,"0.000000                      ",284,"93.421000                     "
"1997","05223","06","1953","","03","High      ","N","Freedom Area","","High School Type/ PreK-12","514",230,"44.747000                     ",284,"55.252900                     ",21,"4.085600                      ",1,"0.194500                      ",0,"0.000000                      ",1,"0.194500                      ",491,"95.525200                     "
"1997","05223","06","1953","","03","El/Sec    ","N","Freedom Area","","Combined Elementary/Secondary School Type/ Prek-12","0",0,"--                            ",0,"--                            ",0,"--                            ",0,"--                            ",0,"--                            ",0,"--                            ",0,"--                            "
"1997","05223","06","1953","","03","Summary   ","N","Freedom Area","","Grades PreK-12","1431",650,"45.422700                     ",781,"54.577200                     ",91,"6.359100                      ",7,"0.489100                      ",0,"0.000000                      ",4,"0.279500                      ",1329,"92.872100                     "
"1997","06567","06","1953","0020","04","Elem      ","N","Freedom Area","Freedom El","Grades PreK-12","613",278,"45.350700                     ",335,"54.649200                     ",53,"8.646000                      ",3,"0.489300                      ",0,"0.000000                      ",3,"0.489300                      ",554,"90.375200                     "
"1997","06568","06","1953","0040","04","Mid/Jr Hi ","N","Freedom Area","Freedom Mid","Grades PreK-12","304",142,"46.710500                     ",162,"53.289400                     ",17,"5.592100                      ",3,"0.986800                      ",0,"0.000000                      ",0,"0.000000                      ",284,"93.421000                     "
"1997","07433","06","1953","0060","04","High      ","N","Freedom Area","Freedom Hi","Grades PreK-12","514",230,"44.747000                     ",284,"55.252900                     ",21,"4.085600                      ",1,"0.194500                      ",0,"0.000000                      ",1,"0.194500                      ",491,"95.525200                     "
"1997","05390","06","2310","","03","Elem      ","N","Green Lake","","Elementary School Type/ Prek-12","216",101,"46.759200                     ",115,"53.240700                     ",0,"0.000000                      ",0,"0.000000                      ",0,"0.000000                      ",0,"0.000000                      ",216,"100.000000                    "
"1997","05390","06","2310","","03","Mid/Jr Hi ","N","Green Lake","","Middle/Junior High School Type/ Prek-12","0",0,"--                            ",0,"--                            ",0,"--                            ",0,"--                            ",0,"--                            ",0,"--                            ",0,"--                            "
"1997","05390","06","2310","","03","High      ","N","Green Lake","","High School Type/ PreK-12","217",96,"44.239600                     ",121,"55.760300                     ",0,"0.000000                      ",0,"0.000000                      ",0,"0.000000                      ",1,"0.460800                      ",216,"99.539100                     "
"1997","05390","06","2310","","03","El/Sec    ","N","Green Lake","","Combined Elementary/Secondary School Type/ Prek-12","0",0,"--                            ",0,"--                            ",0,"--                            ",0,"--                            ",0,"--                            ",0,"--                            ",0,"--                            "
"1997","05390","06","2310","","03","Summary   ","N","Green Lake","","Grades PreK-12","433",197,"45.496500                     ",236,"54.503400                     ",0,"0.000000                      ",0,"0.000000                      ",0,"0.000000                      ",1,"0.230900                      ",432,"99.769000                     "
"1997","07346","06","2310","0020","04","Elem      ","N","Green Lake","Green Lake El","Grades PreK-12","216",101,"46.759200                     ",115,"53.240700                     ",0,"0.000000                      ",0,"0.000000                      ",0,"0.000000                      ",0,"0.000000                      ",216,"100.000000                    "
"1997","07347","06","2310","0040","04","High      ","N","Green Lake","Green Lake Hi","Grades PreK-12","217",96,"44.239600                     ",121,"55.760300                     ",0,"0.000000                      ",0,"0.000000                      ",0,"0.000000                      ",1,"0.460800                      ",216,"99.539100                     "
"1997","05011","06","2436","","03","Elem      ","N","Hartford UHS","","Elementary School Type/ Prek-12","0",0,"--                            ",0,"--                            ",0,"--                            ",0,"--                            ",0,"--                            ",0,"--                            ",0,"--                            "
"1997","05011","06","2436","","03","Mid/Jr Hi ","N","Hartford UHS","","Middle/Junior High School Type/ Prek-12","0",0,"--                            ",0,"--                            ",0,"--                            ",0,"--                            ",0,"--                            ",0,"--                            ",0,"--                            "
"1997","05011","06","2436","","03","High      ","N","Hartford UHS","","High School Type/ PreK-12","1588",738,"46.473500                     ",850,"53.526400                     ",8,"0.503700                      ",12,"0.755600                      ",3,"0.188900                      ",22,"1.385300                      ",1543,"97.166200                     "
"1997","05011","06","2436","","03","El/Sec    ","N","Hartford UHS","","Combined Elementary/Secondary School Type/ Prek-12","0",0,"--                            ",0,"--                            ",0,"--                            ",0,"--                            ",0,"--                            ",0,"--                            ",0,"--                            "
"1997","05011","06","2436","","03","Summary   ","N","Hartford UHS","","Grades PreK-12","1588",738,"46.473500                     ",850,"53.526400                     ",8,"0.503700                      ",12,"0.755600                      ",3,"0.188900                      ",22,"1.385300                      ",1543,"97.166200                     "
"1997","05471","06","2436","0020","04","High      ","N","Hartford UHS","Hartford Hi","Grades PreK-12","1588",738,"46.473500                     ",850,"53.526400                     ",8,"0.503700                      ",12,"0.755600                      ",3,"0.188900                      ",22,"1.385300                      ",1543,"97.166200                     "
"1997","05012","06","2443","","03","Elem      ","N","Hartford J1","","Elementary School Type/ Prek-12","1014",483,"47.633100                     ",531,"52.366800                     ",5,"0.493000                      ",4,"0.394400                      ",11,"1.084800                      ",31,"3.057100                      ",963,"94.970400                     "
"1997","05012","06","2443","","03","Mid/Jr Hi ","N","Hartford J1","","Middle/Junior High School Type/ Prek-12","552",258,"46.739100                     ",294,"53.260800                     ",4,"0.724600                      ",1,"0.181100                      ",2,"0.362300                      ",18,"3.260800                      ",527,"95.471000                     "
"1997","05012","06","2443","","03","High      ","N","Hartford J1","","High School Type/ PreK-12","0",0,"--                            ",0,"--                            ",0,"--                            ",0,"--                            ",0,"--                            ",0,"--                            ",0,"--                            "
"1997","05012","06","2443","","03","El/Sec    ","N","Hartford J1","","Combined Elementary/Secondary School Type/ Prek-12","0",0,"--                            ",0,"--                            ",0,"--                            ",0,"--                            ",0,"--                            ",0,"--                            ",0,"--                            "
"1997","05012","06","2443","","03","Summary   ","N","Hartford J1","","Grades PreK-12","1566",741,"47.318000                     ",825,"52.681900                     ",9,"0.574700                      ",5,"0.319200                      ",13,"0.830100                      ",49,"3.128900                      ",1490,"95.146800                     "
"1997","05472","06","2443","0020","04","Mid/Jr Hi ","N","Hartford J1","Central Mid","Grades PreK-12","552",258,"46.739100                     ",294,"53.260800                     ",4,"0.724600                      ",1,"0.181100                      ",2,"0.362300                      ",18,"3.260800                      ",527,"95.471000                     "
"1997","05473","06","2443","0040","04","Elem      ","N","Hartford J1","Lincoln El","Grades PreK-12","484",241,"49.793300                     ",243,"50.206600                     ",3,"0.619800                      ",3,"0.619800                      ",7,"1.446200                      ",28,"5.785100                      ",443,"91.528900                     "
"1997","05474","06","2443","0050","04","Elem      ","N","Hartford J1","Rossman El","Grades PreK-12","530",242,"45.660300                     ",288,"54.339600                     ",2,"0.377300                      ",1,"0.188600                      ",4,"0.754700                      ",3,"0.566000                      ",520,"98.113200                     "
"1997","05026","06","2523","","03","Elem      ","N","Herman #22","","Elementary School Type/ Prek-12","136",67,"49.264700                     ",69,"50.735200                     ",0,"0.000000                      ",0,"0.000000                      ",0,"0.000000                      ",0,"0.000000                      ",136,"100.000000                    "
"1997","05026","06","2523","","03","Mid/Jr Hi ","N","Herman #22","","Middle/Junior High School Type/ Prek-12","0",0,"--                            ",0,"--                            ",0,"--                            ",0,"--                            ",0,"--                            ",0,"--                            ",0,"--                            "
"1997","05026","06","2523","","03","High      ","N","Herman #22","","High School Type/ PreK-12","0",0,"--                            ",0,"--                            ",0,"--                            ",0,"--                            ",0,"--                            ",0,"--                            ",0,"--                            "
"1997","05026","06","2523","","03","El/Sec    ","N","Herman #22","","Combined Elementary/Secondary School Type/ Prek-12","0",0,"--                            ",0,"--                            ",0,"--                            ",0,"--                            ",0,"--                            ",0,"--                            ",0,"--                            "
"1997","05026","06","2523","","03","Summary   ","N","Herman #22","","Grades PreK-12","136",67,"49.264700                     ",69,"50.735200                     ",0,"0.000000                      ",0,"0.000000                      ",0,"0.000000                      ",0,"0.000000                      ",136,"100.000000                    "
"1997","05512","06","2523","0020","04","Elem      ","N","Herman #22","Herman El","Grades PreK-12","136",67,"49.264700                     ",69,"50.735200                     ",0,"0.000000                      ",0,"0.000000                      ",0,"0.000000                      ",0,"0.000000                      ",136,"100.000000                    "
"1997","05017","06","2576","","03","Elem      ","N","Horicon","","Elementary School Type/ Prek-12","482",232,"48.132700                     ",250,"51.867200                     ",1,"0.207400                      ",1,"0.207400                      ",0,"0.000000                      ",5,"1.037300                      ",475,"98.547700                     "
"1997","05017","06","2576","","03","Mid/Jr Hi ","N","Horicon","","Middle/Junior High School Type/ Prek-12","266",136,"51.127800                     ",130,"48.872100                     ",1,"0.375900                      ",2,"0.751800                      ",1,"0.375900                      ",8,"3.007500                      ",254,"95.488700                     "
"1997","05017","06","2576","","03","High      ","N","Horicon","","High School Type/ PreK-12","438",212,"48.401800                     ",226,"51.598100                     ",3,"0.684900                      ",0,"0.000000                      ",0,"0.000000                      ",21,"4.794500                      ",414,"94.520500                     "
"1997","05017","06","2576","","03","El/Sec    ","N","Horicon","","Combined Elementary/Secondary School Type/ Prek-12","0",0,"--                            ",0,"--                            ",0,"--                            ",0,"--                            ",0,"--                            ",0,"--                            ",0,"--                            "
"1997","05017","06","2576","","03","Summary   ","N","Horicon","","Grades PreK-12","1186",580,"48.903800                     ",606,"51.096100                     ",5,"0.421500                      ",3,"0.252900                      ",1,"0.084300                      ",34,"2.866700                      ",1143,"96.374300                     "
"1997","05481","06","2576","0040","04","Elem      ","N","Horicon","Van Brunt El","Grades PreK-12","482",232,"48.132700                     ",250,"51.867200                     ",1,"0.207400                      ",1,"0.207400                      ",0,"0.000000                      ",5,"1.037300                      ",475,"98.547700                     "
"1997","05482","06","2576","0060","04","High      ","N","Horicon","Horicon Hi","Grades PreK-12","438",212,"48.401800                     ",226,"51.598100                     ",3,"0.684900                      ",0,"0.000000                      ",0,"0.000000                      ",21,"4.794500                      ",414,"94.520500                     "
"1997","05483","06","2576","0080","04","Mid/Jr Hi ","N","Horicon","Van Brunt Mid","Grades PreK-12","266",136,"51.127800                     ",130,"48.872100                     ",1,"0.375900                      ",2,"0.751800                      ",1,"0.375900                      ",8,"3.007500                      ",254,"95.488700                     "
"1997","05425","06","2583","","03","Elem      ","N","Hortonville","","Elementary School Type/ Prek-12","1017",497,"48.869200                     ",520,"51.130700                     ",7,"0.688200                      ",23,"2.261500                      ",2,"0.196600                      ",3,"0.294900                      ",982,"96.558500                     "
"1997","05425","06","2583","","03","Mid/Jr Hi ","N","Hortonville","","Middle/Junior High School Type/ Prek-12","525",254,"48.380900                     ",271,"51.619000                     ",3,"0.571400                      ",10,"1.904700                      ",1,"0.190400                      ",3,"0.571400                      ",508,"96.761900                     "
"1997","05425","06","2583","","03","High      ","N","Hortonville","","High School Type/ PreK-12","688",340,"49.418600                     ",348,"50.581300                     ",0,"0.000000                      ",12,"1.744100                      ",0,"0.000000                      ",2,"0.290600                      ",674,"97.965100                     "
"1997","05425","06","2583","","03","El/Sec    ","N","Hortonville","","Combined Elementary/Secondary School Type/ Prek-12","0",0,"--                            ",0,"--                            ",0,"--                            ",0,"--                            ",0,"--                            ",0,"--                            ",0,"--                            "
"1997","05425","06","2583","","03","Summary   ","N","Hortonville","","Grades PreK-12","2230",1091,"48.923700                     ",1139,"51.076200                     ",10,"0.448400                      ",45,"2.017900                      ",3,"0.134500                      ",8,"0.358700                      ",2164,"97.040300                     "
"1997","07348","06","2583","0010","04","Elem      ","N","Hortonville","Greenville El","Grades PreK-12","620",281,"45.322500                     ",339,"54.677400                     ",2,"0.322500                      ",4,"0.645100                      ",2,"0.322500                      ",2,"0.322500                      ",610,"98.387000                     "
"1997","07349","06","2583","0020","04","Elem      ","N","Hortonville","Hortonville El","Grades PreK-12","397",216,"54.408000                     ",181,"45.591900                     ",5,"1.259400                      ",19,"4.785800                      ",0,"0.000000                      ",1,"0.251800                      ",372,"93.702700                     "
"1997","07350","06","2583","0030","04","Mid/Jr Hi ","N","Hortonville","Hortonville Mid","Grades PreK-12","525",254,"48.380900                     ",271,"51.619000                     ",3,"0.571400                      ",10,"1.904700                      ",1,"0.190400                      ",3,"0.571400                      ",508,"96.761900                     "
"1997","07351","06","2583","0040","04","High      ","N","Hortonville","Hortonville Hi","Grades PreK-12","688",340,"49.418600                     ",348,"50.581300                     ",0,"0.000000                      ",12,"1.744100                      ",0,"0.000000                      ",2,"0.290600                      ",674,"97.965100                     "
"1997","05019","06","2625","","03","Elem      ","N","Hustisford","","Elementary School Type/ Prek-12","230",118,"51.304300                     ",112,"48.695600                     ",0,"0.000000                      ",0,"0.000000                      ",0,"0.000000                      ",1,"0.434700                      ",229,"99.565200                     "
"1997","05019","06","2625","","03","Mid/Jr Hi ","N","Hustisford","","Middle/Junior High School Type/ Prek-12","0",0,"--                            ",0,"--                            ",0,"--                            ",0,"--                            ",0,"--                            ",0,"--                            ",0,"--                            "
"1997","05019","06","2625","","03","High      ","N","Hustisford","","High School Type/ PreK-12","244",135,"55.327800                     ",109,"44.672100                     ",0,"0.000000                      ",0,"0.000000                      ",0,"0.000000                      ",0,"0.000000                      ",244,"100.000000                    "
"1997","05019","06","2625","","03","El/Sec    ","N","Hustisford","","Combined Elementary/Secondary School Type/ Prek-12","0",0,"--                            ",0,"--                            ",0,"--                            ",0,"--                            ",0,"--                            ",0,"--                            ",0,"--                            "
"1997","05019","06","2625","","03","Summary   ","N","Hustisford","","Grades PreK-12","474",253,"53.375500                     ",221,"46.624400                     ",0,"0.000000                      ",0,"0.000000                      ",0,"0.000000                      ",1,"0.210900                      ",473,"99.789000                     "
"1997","05485","06","2625","0020","04","Elem      ","N","Hustisford","John Hustis El","Grades PreK-12","230",118,"51.304300                     ",112,"48.695600                     ",0,"0.000000                      ",0,"0.000000                      ",0,"0.000000                      ",1,"0.434700                      ",229,"99.565200                     "
"1997","05486","06","2625","0040","04","High      ","N","Hustisford","Hustisford Hi","Grades PreK-12","244",135,"55.327800                     ",109,"44.672100                     ",0,"0.000000                      ",0,"0.000000                      ",0,"0.000000                      ",0,"0.000000                      ",244,"100.000000                    "
"1997","05021","06","2744","","03","Elem      ","N","Dodgeland","","Elementary School Type/ Prek-12","393",182,"46.310400                     ",211,"53.689500                     ",1,"0.254400                      ",7,"1.781100                      ",0,"0.000000                      ",9,"2.290000                      ",376,"95.674300                     "
"1997","05021","06","2744","","03","Mid/Jr Hi ","N","Dodgeland","","Middle/Junior High School Type/ Prek-12","235",104,"44.255300                     ",131,"55.744600                     ",2,"0.851000                      ",2,"0.851000                      ",0,"0.000000                      ",5,"2.127600                      ",226,"96.170200                     "
"1997","05021","06","2744","","03","High      ","N","Dodgeland","","High School Type/ PreK-12","348",170,"48.850500                     ",178,"51.149400                     ",1,"0.287300                      ",3,"0.862000                      ",0,"0.000000                      ",6,"1.724100                      ",338,"97.126400                     "
"1997","05021","06","2744","","03","El/Sec    ","N","Dodgeland","","Combined Elementary/Secondary School Type/ Prek-12","0",0,"--                            ",0,"--                            ",0,"--                            ",0,"--                            ",0,"--                            ",0,"--                            ",0,"--                            "
"1997","05021","06","2744","","03","Summary   ","N","Dodgeland","","Grades PreK-12","976",456,"46.721300                     ",520,"53.278600                     ",4,"0.409800                      ",12,"1.229500                      ",0,"0.000000                      ",20,"2.049100                      ",940,"96.311400                     "
"1997","05449","06","2744","0020","04","Elem      ","N","Dodgeland","Clyman El","Grades PreK-12","101",45,"44.554400                     ",56,"55.445500                     ",1,"0.990000                      ",0,"0.000000                      ",0,"0.000000                      ",6,"5.940500                      ",94,"93.069300                     "
"1997","05492","06","2744","0022","04","High      ","N","Dodgeland","Dodgeland Hi","Grades PreK-12","348",170,"48.850500                     ",178,"51.149400                     ",1,"0.287300                      ",3,"0.862000                      ",0,"0.000000                      ",6,"1.724100                      ",338,"97.126400                     "
"1997","06238","06","2744","0025","04","Mid/Jr Hi ","N","Dodgeland","Dodgeland Mid","Grades PreK-12","235",104,"44.255300                     ",131,"55.744600                     ",2,"0.851000                      ",2,"0.851000                      ",0,"0.000000                      ",5,"2.127600                      ",226,"96.170200                     "
"1997","06183","06","2744","0030","04","Elem      ","N","Dodgeland","Lowell El","Grades PreK-12","140",74,"52.857100                     ",66,"47.142800                     ",0,"0.000000                      ",1,"0.714200                      ",0,"0.000000                      ",1,"0.714200                      ",138,"98.571400                     "
"1997","05493","06","2744","0040","04","Elem      ","N","Dodgeland","Juneau El","Grades PreK-12","152",63,"41.447300                     ",89,"58.552600                     ",0,"0.000000                      ",6,"3.947300                      ",0,"0.000000                      ",2,"1.315700                      ",144,"94.736800                     "
"1997","05222","06","2758","","03","Elem      ","N","Kaukauna Area","","Elementary School Type/ Prek-12","1569",771,"49.139500                     ",798,"50.860400                     ",22,"1.402100                      ",82,"5.226200                      ",11,"0.701000                      ",10,"0.637300                      ",1444,"92.033100                     "
"1997","05222","06","2758","","03","Mid/Jr Hi ","N","Kaukauna Area","","Middle/Junior High School Type/ Prek-12","747",356,"47.657200                     ",391,"52.342700                     ",12,"1.606400                      ",31,"4.149900                      ",3,"0.401600                      ",3,"0.401600                      ",698,"93.440400                     "
"1997","05222","06","2758","","03","High      ","N","Kaukauna Area","","High School Type/ PreK-12","1219",589,"48.318200                     ",630,"51.681700                     ",7,"0.574200                      ",33,"2.707100                      ",2,"0.164000                      ",2,"0.164000                      ",1175,"96.390400                     "
"1997","05222","06","2758","","03","El/Sec    ","N","Kaukauna Area","","Combined Elementary/Secondary School Type/ Prek-12","0",0,"--                            ",0,"--                            ",0,"--                            ",0,"--                            ",0,"--                            ",0,"--                            ",0,"--                            "
"1997","05222","06","2758","","03","Summary   ","N","Kaukauna Area","","Grades PreK-12","3535",1716,"48.543100                     ",1819,"51.456800                     ",41,"1.159800                      ",146,"4.130100                      ",16,"0.452600                      ",15,"0.424300                      ",3317,"93.833000                     "
"1997","06561","06","2758","0040","04","High      ","N","Kaukauna Area","Kaukauna Hi","Grades PreK-12","1219",589,"48.318200                     ",630,"51.681700                     ",7,"0.574200                      ",33,"2.707100                      ",2,"0.164000                      ",2,"0.164000                      ",1175,"96.390400                     "
"1997","06562","06","2758","0050","04","Elem      ","N","Kaukauna Area","Dr H B Tanner El","Grades PreK-12","549",270,"49.180300                     ",279,"50.819600                     ",11,"2.003600                      ",15,"2.732200                      ",3,"0.546400                      ",5,"0.910700                      ",515,"93.806900                     "
"1997","06563","06","2758","0060","04","Elem      ","N","Kaukauna Area","Nicolet El","Grades PreK-12","194",98,"50.515400                     ",96,"49.484500                     ",1,"0.515400                      ",54,"27.835000                     ",4,"2.061800                      ",0,"0.000000                      ",135,"69.587600                     "
"1997","06564","06","2758","0080","04","Elem      ","N","Kaukauna Area","Park El","Grades PreK-12","329",147,"44.680800                     ",182,"55.319100                     ",2,"0.607900                      ",8,"2.431600                      ",1,"0.303900                      ",0,"0.000000                      ",318,"96.656500                     "
"1997","06565","06","2758","0100","04","Mid/Jr Hi ","N","Kaukauna Area","Quinney Mid","Grades PreK-12","747",356,"47.657200                     ",391,"52.342700                     ",12,"1.606400                      ",31,"4.149900                      ",3,"0.401600                      ",3,"0.401600                      ",698,"93.440400                     "
"1997","06566","06","2758","0120","04","Elem      ","N","Kaukauna Area","Haen El","Grades PreK-12","497",256,"51.509000                     ",241,"48.490900                     ",8,"1.609600                      ",5,"1.006000                      ",3,"0.603600                      ",5,"1.006000                      ",476,"95.774600                     "
"1997","05022","06","2800","","03","Elem      ","N","Kewaskum","","Elementary School Type/ Prek-12","810",394,"48.641900                     ",416,"51.358000                     ",4,"0.493800                      ",3,"0.370300                      ",3,"0.370300                      ",9,"1.111100                      ",791,"97.654300                     "
"1997","05022","06","2800","","03","Mid/Jr Hi ","N","Kewaskum","","Middle/Junior High School Type/ Prek-12","432",209,"48.379600                     ",223,"51.620300                     ",2,"0.462900                      ",1,"0.231400                      ",0,"0.000000                      ",5,"1.157400                      ",424,"98.148100                     "
"1997","05022","06","2800","","03","High      ","N","Kewaskum","","High School Type/ PreK-12","703",350,"49.786600                     ",353,"50.213300                     ",6,"0.853400                      ",0,"0.000000                      ",1,"0.142200                      ",6,"0.853400                      ",690,"98.150700                     "
"1997","05022","06","2800","","03","El/Sec    ","N","Kewaskum","","Combined Elementary/Secondary School Type/ Prek-12","0",0,"--                            ",0,"--                            ",0,"--                            ",0,"--                            ",0,"--                            ",0,"--                            ",0,"--                            "
"1997","05022","06","2800","","03","Summary   ","N","Kewaskum","","Grades PreK-12","1945",953,"48.997400                     ",992,"51.002500                     ",12,"0.616900                      ",4,"0.205600                      ",4,"0.205600                      ",20,"1.028200                      ",1905,"97.943400                     "
"1997","05497","06","2800","0040","04","Elem      ","N","Kewaskum","Farmington El","Grades PreK-12","280",134,"47.857100                     ",146,"52.142800                     ",1,"0.357100                      ",1,"0.357100                      ",0,"0.000000                      ",1,"0.357100                      ",277,"98.928500                     "
"1997","05494","06","2800","0060","04","Elem      ","N","Kewaskum","Kewaskum El","Grades PreK-12","413",205,"49.636800                     ",208,"50.363100                     ",3,"0.726300                      ",2,"0.484200                      ",3,"0.726300                      ",8,"1.937000                      ",397,"96.125900                     "
"1997","05495","06","2800","0080","04","High      ","N","Kewaskum","Kewaskum Hi","Grades PreK-12","703",350,"49.786600                     ",353,"50.213300                     ",6,"0.853400                      ",0,"0.000000                      ",1,"0.142200                      ",6,"0.853400                      ",690,"98.150700                     "
"1997","05496","06","2800","0090","04","Mid/Jr Hi ","N","Kewaskum","Kewaskum Mid","Grades PreK-12","432",209,"48.379600                     ",223,"51.620300                     ",2,"0.462900                      ",1,"0.231400                      ",0,"0.000000                      ",5,"1.157400                      ",424,"98.148100                     "
"1997","05435","06","2800","0100","04","Elem      ","N","Kewaskum","Wayne El","Grades PreK-12","117",55,"47.008500                     ",62,"52.991400                     ",0,"0.000000                      ",0,"0.000000                      ",0,"0.000000                      ",0,"0.000000                      ",117,"100.000000                    "
"1997","05225","06","2835","","03","Elem      ","N","Kimberly Area","","Elementary School Type/ Prek-12","1346",651,"48.365500                     ",695,"51.634400                     ",4,"0.297100                      ",21,"1.560100                      ",5,"0.371400                      ",8,"0.594300                      ",1308,"97.176800                     "
"1997","05225","06","2835","","03","Mid/Jr Hi ","N","Kimberly Area","","Middle/Junior High School Type/ Prek-12","558",301,"53.942600                     ",257,"46.057300                     ",0,"0.000000                      ",7,"1.254400                      ",0,"0.000000                      ",2,"0.358400                      ",549,"98.387000                     "
"1997","05225","06","2835","","03","High      ","N","Kimberly Area","","High School Type/ PreK-12","705",343,"48.652400                     ",362,"51.347500                     ",1,"0.141800                      ",11,"1.560200                      ",4,"0.567300                      ",8,"1.134700                      ",681,"96.595700                     "
"1997","05225","06","2835","","03","El/Sec    ","N","Kimberly Area","","Combined Elementary/Secondary School Type/ Prek-12","0",0,"--                            ",0,"--                            ",0,"--                            ",0,"--                            ",0,"--                            ",0,"--                            ",0,"--                            "
"1997","05225","06","2835","","03","Summary   ","N","Kimberly Area","","Grades PreK-12","2609",1295,"49.635800                     ",1314,"50.364100                     ",5,"0.191600                      ",39,"1.494800                      ",9,"0.344900                      ",18,"0.689900                      ",2538,"97.278600                     "
"1997","06538","06","2835","0020","04","Elem      ","N","Kimberly Area","Janssen El","Grades PreK-12","361",172,"47.645400                     ",189,"52.354500                     ",1,"0.277000                      ",4,"1.108000                      ",2,"0.554000                      ",0,"0.000000                      ",354,"98.060900                     "
"1997","06572","06","2835","0040","04","Mid/Jr Hi ","N","Kimberly Area","Gerritts Mid","Grades PreK-12","558",301,"53.942600                     ",257,"46.057300                     ",0,"0.000000                      ",7,"1.254400                      ",0,"0.000000                      ",2,"0.358400                      ",549,"98.387000                     "
"1997","09573","06","2835","0060","04","Elem      ","N","Kimberly Area","Sunrise El","Grades PreK-12","522",250,"47.892700                     ",272,"52.107200                     ",0,"0.000000                      ",0,"0.000000                      ",1,"0.191500                      ",0,"0.000000                      ",521,"99.808400                     "
"1997","06573","06","2835","0080","04","High      ","N","Kimberly Area","Kimberly Hi","Grades PreK-12","705",343,"48.652400                     ",362,"51.347500                     ",1,"0.141800                      ",11,"1.560200                      ",4,"0.567300                      ",8,"1.134700                      ",681,"96.595700                     "
"1997","06574","06","2835","0110","04","Elem      ","N","Kimberly Area","Westside El","Grades PreK-12","463",229,"49.460000                     ",234,"50.539900                     ",3,"0.647900                      ",17,"3.671700                      ",2,"0.431900                      ",8,"1.727800                      ",433,"93.520500                     "
"1997","05226","06","3129","","03","Elem      ","N","Little Chute Area","","Elementary School Type/ Prek-12","597",278,"46.566100                     ",319,"53.433800                     ",0,"0.000000                      ",0,"0.000000                      ",0,"0.000000                      ",0,"0.000000                      ",597,"100.000000                    "
"1997","05226","06","3129","","03","Mid/Jr Hi ","N","Little Chute Area","","Middle/Junior High School Type/ Prek-12","283",143,"50.530000                     ",140,"49.469900                     ",0,"0.000000                      ",0,"0.000000                      ",0,"0.000000                      ",0,"0.000000                      ",283,"100.000000                    "
"1997","05226","06","3129","","03","High      ","N","Little Chute Area","","High School Type/ PreK-12","496",237,"47.782200                     ",259,"52.217700                     ",3,"0.604800                      ",0,"0.000000                      ",1,"0.201600                      ",0,"0.000000                      ",492,"99.193500                     "
"1997","05226","06","3129","","03","El/Sec    ","N","Little Chute Area","","Combined Elementary/Secondary School Type/ Prek-12","0",0,"--                            ",0,"--                            ",0,"--                            ",0,"--                            ",0,"--                            ",0,"--                            ",0,"--                            "
"1997","05226","06","3129","","03","Summary   ","N","Little Chute Area","","Grades PreK-12","1376",658,"47.819700                     ",718,"52.180200                     ",3,"0.218000                      ",0,"0.000000                      ",1,"0.072600                      ",0,"0.000000                      ",1372,"99.709300                     "
"1997","06580","06","3129","0020","04","Elem      ","N","Little Chute Area","Little Chute El","Grades PreK-12","597",278,"46.566100                     ",319,"53.433800                     ",0,"0.000000                      ",0,"0.000000                      ",0,"0.000000                      ",0,"0.000000                      ",597,"100.000000                    "
"1997","06581","06","3129","0040","04","High      ","N","Little Chute Area","Little Chute Hi","Grades PreK-12","496",237,"47.782200                     ",259,"52.217700                     ",3,"0.604800                      ",0,"0.000000                      ",1,"0.201600                      ",0,"0.000000                      ",492,"99.193500                     "
"1997","06582","06","3129","0060","04","Mid/Jr Hi ","N","Little Chute Area","Little Chute Mid","Grades PreK-12","283",143,"50.530000                     ",140,"49.469900                     ",0,"0.000000                      ",0,"0.000000                      ",0,"0.000000                      ",0,"0.000000                      ",283,"100.000000                    "
"1997","05025","06","3171","","03","Elem      ","N","Lomira","","Elementary School Type/ Prek-12","502",238,"47.410300                     ",264,"52.589600                     ",0,"0.000000                      ",0,"0.000000                      ",0,"0.000000                      ",13,"2.589600                      ",489,"97.410300                     "
"1997","05025","06","3171","","03","Mid/Jr Hi ","N","Lomira","","Middle/Junior High School Type/ Prek-12","155",58,"37.419300                     ",97,"62.580600                     ",0,"0.000000                      ",0,"0.000000                      ",0,"0.000000                      ",3,"1.935400                      ",152,"98.064500                     "
"1997","05025","06","3171","","03","High      ","N","Lomira","","High School Type/ PreK-12","357",169,"47.338900                     ",188,"52.661000                     ",0,"0.000000                      ",1,"0.280100                      ",2,"0.560200                      ",7,"1.960700                      ",347,"97.198800                     "
"1997","05025","06","3171","","03","El/Sec    ","N","Lomira","","Combined Elementary/Secondary School Type/ Prek-12","0",0,"--                            ",0,"--                            ",0,"--                            ",0,"--                            ",0,"--                            ",0,"--                            ",0,"--                            "
"1997","05025","06","3171","","03","Summary   ","N","Lomira","","Grades PreK-12","1014",465,"45.857900                     ",549,"54.142000                     ",0,"0.000000                      ",1,"0.098600                      ",2,"0.197200                      ",23,"2.268200                      ",988,"97.435800                     "
"1997","05508","06","3171","0040","04","Elem      ","N","Lomira","Lomira El","Grades PreK-12","316",155,"49.050600                     ",161,"50.949300                     ",0,"0.000000                      ",0,"0.000000                      ",0,"0.000000                      ",12,"3.797400                      ",304,"96.202500                     "
"1997","05509","06","3171","0060","04","High      ","N","Lomira","Lomira Hi","Grades PreK-12","357",169,"47.338900                     ",188,"52.661000                     ",0,"0.000000                      ",1,"0.280100                      ",2,"0.560200                      ",7,"1.960700                      ",347,"97.198800                     "
"1997","05510","06","3171","0070","04","Mid/Jr Hi ","N","Lomira","Lomira Jr","Grades PreK-12","155",58,"37.419300                     ",97,"62.580600                     ",0,"0.000000                      ",0,"0.000000                      ",0,"0.000000                      ",3,"1.935400                      ",152,"98.064500                     "
"1997","05599","06","3171","0080","04","Elem      ","N","Lomira","Theresa El","Grades PreK-12","186",83,"44.623600                     ",103,"55.376300                     ",0,"0.000000                      ",0,"0.000000                      ",0,"0.000000                      ",1,"0.537600                      ",185,"99.462300                     "
"1997","05392","06","3276","","03","Elem      ","N","Manawa","","Elementary School Type/ Prek-12","349",171,"48.997100                     ",178,"51.002800                     ",0,"0.000000                      ",0,"0.000000                      ",0,"0.000000                      ",6,"1.719100                      ",343,"98.280800                     "
"1997","05392","06","3276","","03","Mid/Jr Hi ","N","Manawa","","Middle/Junior High School Type/ Prek-12","305",141,"46.229500                     ",164,"53.770400                     ",0,"0.000000                      ",0,"0.000000                      ",0,"0.000000                      ",2,"0.655700                      ",303,"99.344200                     "
"1997","05392","06","3276","","03","High      ","N","Manawa","","High School Type/ PreK-12","329",160,"48.632200                     ",169,"51.367700                     ",0,"0.000000                      ",0,"0.000000                      ",0,"0.000000                      ",2,"0.607900                      ",327,"99.392000                     "
"1997","05392","06","3276","","03","El/Sec    ","N","Manawa","","Combined Elementary/Secondary School Type/ Prek-12","0",0,"--                            ",0,"--                            ",0,"--                            ",0,"--                            ",0,"--                            ",0,"--                            ",0,"--                            "
"1997","05392","06","3276","","03","Summary   ","N","Manawa","","Grades PreK-12","983",472,"48.016200                     ",511,"51.983700                     ",0,"0.000000                      ",0,"0.000000                      ",0,"0.000000                      ",10,"1.017200                      ",973,"98.982700                     "
"1997","07354","06","3276","0040","04","High      ","N","Manawa","Little Wolf Hi","Grades PreK-12","329",160,"48.632200                     ",169,"51.367700                     ",0,"0.000000                      ",0,"0.000000                      ",0,"0.000000                      ",2,"0.607900                      ",327,"99.392000                     "
"1997","07355","06","3276","0060","04","Elem      ","N","Manawa","Manawa El","Grades PreK-12","349",171,"48.997100                     ",178,"51.002800                     ",0,"0.000000                      ",0,"0.000000                      ",0,"0.000000                      ",6,"1.719100                      ",343,"98.280800                     "
"1997","07356","06","3276","0080","04","Mid/Jr Hi ","N","Manawa","Manawa Mid","Grades PreK-12","305",141,"46.229500                     ",164,"53.770400                     ",0,"0.000000                      ",0,"0.000000                      ",0,"0.000000                      ",2,"0.655700                      ",303,"99.344200                     "
"1997","05186","06","3325","","03","Elem      ","N","Markesan","","Elementary School Type/ Prek-12","360",167,"46.388800                     ",193,"53.611100                     ",0,"0.000000                      ",0,"0.000000                      ",2,"0.555500                      ",8,"2.222200                      ",350,"97.222200                     "
"1997","05186","06","3325","","03","Mid/Jr Hi ","N","Markesan","","Middle/Junior High School Type/ Prek-12","382",195,"51.047100                     ",187,"48.952800                     ",0,"0.000000                      ",0,"0.000000                      ",0,"0.000000                      ",19,"4.973800                      ",363,"95.026100                     "
"1997","05186","06","3325","","03","High      ","N","Markesan","","High School Type/ PreK-12","405",206,"50.864100                     ",199,"49.135800                     ",0,"0.000000                      ",2,"0.493800                      ",1,"0.246900                      ",18,"4.444400                      ",384,"94.814800                     "
"1997","05186","06","3325","","03","El/Sec    ","N","Markesan","","Combined Elementary/Secondary School Type/ Prek-12","0",0,"--                            ",0,"--                            ",0,"--                            ",0,"--                            ",0,"--                            ",0,"--                            ",0,"--                            "
"1997","05186","06","3325","","03","Summary   ","N","Markesan","","Grades PreK-12","1147",568,"49.520400                     ",579,"50.479500                     ",0,"0.000000                      ",2,"0.174300                      ",3,"0.261500                      ",45,"3.923200                      ",1097,"95.640800                     "
"1997","06432","06","3325","0025","04","Mid/Jr Hi ","N","Markesan","Markesan Mid","Grades PreK-12","382",195,"51.047100                     ",187,"48.952800                     ",0,"0.000000                      ",0,"0.000000                      ",0,"0.000000                      ",19,"4.973800                      ",363,"95.026100                     "
"1997","06433","06","3325","0100","04","Elem      ","N","Markesan","Markesan El","Grades PreK-12","360",167,"46.388800                     ",193,"53.611100                     ",0,"0.000000                      ",0,"0.000000                      ",2,"0.555500                      ",8,"2.222200                      ",350,"97.222200                     "
"1997","06434","06","3325","0120","04","High      ","N","Markesan","Markesan Hi","Grades PreK-12","405",206,"50.864100                     ",199,"49.135800                     ",0,"0.000000                      ",2,"0.493800                      ",1,"0.246900                      ",18,"4.444400                      ",384,"94.814800                     "
"1997","05027","06","3367","","03","Elem      ","N","Mayville","","Elementary School Type/ Prek-12","314",137,"43.630500                     ",177,"56.369400                     ",2,"0.636900                      ",2,"0.636900                      ",1,"0.318400                      ",8,"2.547700                      ",301,"95.859800                     "
"1997","05027","06","3367","","03","Mid/Jr Hi ","N","Mayville","","Middle/Junior High School Type/ Prek-12","401",181,"45.137100                     ",220,"54.862800                     ",4,"0.997500                      ",2,"0.498700                      ",1,"0.249300                      ",5,"1.246800                      ",389,"97.007400                     "
"1997","05027","06","3367","","03","High      ","N","Mayville","","High School Type/ PreK-12","505",250,"49.504900                     ",255,"50.495000                     ",0,"0.000000                      ",5,"0.990000                      ",0,"0.000000                      ",2,"0.396000                      ",498,"98.613800                     "
"1997","05027","06","3367","","03","El/Sec    ","N","Mayville","","Combined Elementary/Secondary School Type/ Prek-12","0",0,"--                            ",0,"--                            ",0,"--                            ",0,"--                            ",0,"--                            ",0,"--                            ",0,"--                            "
"1997","05027","06","3367","","03","Summary   ","N","Mayville","","Grades PreK-12","1220",568,"46.557300                     ",652,"53.442600                     ",6,"0.491800                      ",9,"0.737700                      ",2,"0.163900                      ",15,"1.229500                      ",1188,"97.377000                     "
"1997","05513","06","3367","0060","04","Mid/Jr Hi ","N","Mayville","Mayville Mid","Grades PreK-12","401",181,"45.137100                     ",220,"54.862800                     ",4,"0.997500                      ",2,"0.498700                      ",1,"0.249300                      ",5,"1.246800                      ",389,"97.007400                     "
"1997","05514","06","3367","0080","04","High      ","N","Mayville","Mayville Hi","Grades PreK-12","505",250,"49.504900                     ",255,"50.495000                     ",0,"0.000000                      ",5,"0.990000                      ",0,"0.000000                      ",2,"0.396000                      ",498,"98.613800                     "
"1997","05515","06","3367","0090","04","Elem      ","N","Mayville","Parkview El","Grades PreK-12","314",137,"43.630500                     ",177,"56.369400                     ",2,"0.636900                      ",2,"0.636900                      ",1,"0.318400                      ",8,"2.547700                      ",301,"95.859800                     "
"1997","05394","06","3430","","03","Elem      ","N","Menasha","","Elementary School Type/ Prek-12","1721",830,"48.227700                     ",891,"51.772200                     ",30,"1.743100                      ",83,"4.822700                      ",22,"1.278300                      ",75,"4.357900                      ",1511,"87.797700                     "
"1997","05394","06","3430","","03","Mid/Jr Hi ","N","Menasha","","Middle/Junior High School Type/ Prek-12","825",371,"44.969600                     ",454,"55.030300                     ",9,"1.090900                      ",29,"3.515100                      ",5,"0.606000                      ",27,"3.272700                      ",755,"91.515100                     "
"1997","05394","06","3430","","03","High      ","N","Menasha","","High School Type/ PreK-12","1142",534,"46.760000                     ",608,"53.239900                     ",5,"0.437800                      ",25,"2.189100                      ",4,"0.350200                      ",18,"1.576100                      ",1090,"95.446500                     "
"1997","05394","06","3430","","03","El/Sec    ","N","Menasha","","Combined Elementary/Secondary School Type/ Prek-12","0",0,"--                            ",0,"--                            ",0,"--                            ",0,"--                            ",0,"--                            ",0,"--                            ",0,"--                            "
"1997","05394","06","3430","","03","Summary   ","N","Menasha","","Grades PreK-12","3688",1735,"47.044400                     ",1953,"52.955500                     ",44,"1.193000                      ",137,"3.714700                      ",31,"0.840500                      ",120,"3.253700                      ",3356,"90.997800                     "
"1997","07360","06","3430","0020","04","Mid/Jr Hi ","N","Menasha","Maplewood Mid","Grades PreK-12","825",371,"44.969600                     ",454,"55.030300                     ",9,"1.090900                      ",29,"3.515100                      ",5,"0.606000                      ",27,"3.272700                      ",755,"91.515100                     "
"1997","07361","06","3430","0040","04","Elem      ","N","Menasha","Butte des Morts El","Grades PreK-12","475",240,"50.526300                     ",235,"49.473600                     ",3,"0.631500                      ",42,"8.842100                      ",1,"0.210500                      ",26,"5.473600                      ",403,"84.842100                     "
"1997","07362","06","3430","0060","04","Elem      ","N","Menasha","Clovis Grove El","Grades PreK-12","373",174,"46.648700                     ",199,"53.351200                     ",7,"1.876600                      ",11,"2.949000                      ",4,"1.072300                      ",5,"1.340400                      ",346,"92.761300                     "
"1997","07363","06","3430","0080","04","Elem      ","N","Menasha","Jefferson El","Grades PreK-12","211",98,"46.445400                     ",113,"53.554500                     ",7,"3.317500                      ",8,"3.791400                      ",2,"0.947800                      ",8,"3.791400                      ",186,"88.151600                     "
"1997","07364","06","3430","0100","04","High      ","N","Menasha","Menasha Hi","Grades PreK-12","1142",534,"46.760000                     ",608,"53.239900                     ",5,"0.437800                      ",25,"2.189100                      ",4,"0.350200                      ",18,"1.576100                      ",1090,"95.446500                     "
"1997","07365","06","3430","0120","04","Elem      ","N","Menasha","Gegan El","Grades PreK-12","455",227,"49.890100                     ",228,"50.109800                     ",11,"2.417500                      ",17,"3.736200                      ",12,"2.637300                      ",24,"5.274700                      ",391,"85.934000                     "
"1997","07366","06","3430","0140","04","Elem      ","N","Menasha","Nicolet El","Grades PreK-12","136",64,"47.058800                     ",72,"52.941100                     ",1,"0.735200                      ",4,"2.941100                      ",3,"2.205800                      ",6,"4.411700                      ",122,"89.705800                     "
"1997","08503","06","3430","0160","04","Elem      ","N","Menasha","Banta Sch","Grades PreK-12","71",27,"38.028100                     ",44,"61.971800                     ",1,"1.408400                      ",1,"1.408400                      ",0,"0.000000                      ",6,"8.450700                      ",63,"88.732300                     "
"1997","05395","06","3892","","03","Elem      ","N","Neenah","","Elementary School Type/ Prek-12","2987",1414,"47.338400                     ",1573,"52.661500                     ",38,"1.272100                      ",50,"1.673900                      ",24,"0.803400                      ",39,"1.305600                      ",2836,"94.944700                     "
"1997","05395","06","3892","","03","Mid/Jr Hi ","N","Neenah","","Middle/Junior High School Type/ Prek-12","1574",807,"51.270600                     ",767,"48.729300                     ",7,"0.444700                      ",20,"1.270600                      ",9,"0.571700                      ",25,"1.588300                      ",1513,"96.124500                     "
"1997","05395","06","3892","","03","High      ","N","Neenah","","High School Type/ PreK-12","2001",947,"47.326300                     ",1054,"52.673600                     ",9,"0.449700                      ",34,"1.699100                      ",9,"0.449700                      ",18,"0.899500                      ",1931,"96.501700                     "
"1997","05395","06","3892","","03","El/Sec    ","N","Neenah","","Combined Elementary/Secondary School Type/ Prek-12","0",0,"--                            ",0,"--                            ",0,"--                            ",0,"--                            ",0,"--                            ",0,"--                            ",0,"--                            "
"1997","05395","06","3892","","03","Summary   ","N","Neenah","","Grades PreK-12","6562",3168,"48.277900                     ",3394,"51.722000                     ",54,"0.822900                      ",104,"1.584800                      ",42,"0.640000                      ",82,"1.249600                      ",6280,"95.702500                     "
"1997","07367","06","3892","0040","04","Elem      ","N","Neenah","Clayton El","Grades PreK-12","334",143,"42.814300                     ",191,"57.185600                     ",0,"0.000000                      ",6,"1.796400                      ",0,"0.000000                      ",2,"0.598800                      ",326,"97.604700                     "
"1997","07368","06","3892","0060","04","Elem      ","N","Neenah","Coolidge El","Grades PreK-12","414",191,"46.135200                     ",223,"53.864700                     ",0,"0.000000                      ",9,"2.173900                      ",3,"0.724600                      ",5,"1.207700                      ",397,"95.893700                     "
"1997","07369","06","3892","0080","04","Elem      ","N","Neenah","Hoover El","Grades PreK-12","190",97,"51.052600                     ",93,"48.947300                     ",10,"5.263100                      ",3,"1.578900                      ",1,"0.526300                      ",5,"2.631500                      ",171,"90.000000                     "
"1997","07370","06","3892","0100","04","Elem      ","N","Neenah","Lakeview El","Grades PreK-12","399",202,"50.626500                     ",197,"49.373400                     ",12,"3.007500                      ",7,"1.754300                      ",4,"1.002500                      ",2,"0.501200                      ",374,"93.734300                     "
"1997","07371","06","3892","0180","04","High      ","N","Neenah","Neenah Hi","Grades PreK-12","2001",947,"47.326300                     ",1054,"52.673600                     ",9,"0.449700                      ",34,"1.699100                      ",9,"0.449700                      ",18,"0.899500                      ",1931,"96.501700                     "
"1997","07372","06","3892","0200","04","Elem      ","N","Neenah","Roosevelt El","Grades PreK-12","181",90,"49.723700                     ",91,"50.276200                     ",3,"1.657400                      ",7,"3.867400                      ",0,"0.000000                      ",1,"0.552400                      ",170,"93.922600                     "
"1997","07373","06","3892","0210","04","Mid/Jr Hi ","N","Neenah","Shattuck Mid","Grades PreK-12","969",505,"52.115500                     ",464,"47.884400                     ",5,"0.515900                      ",18,"1.857500                      ",7,"0.722300                      ",19,"1.960700                      ",920,"94.943200                     "
"1997","07374","06","3892","0215","04","Mid/Jr Hi ","N","Neenah","Horace Mann Mid","Grades PreK-12","605",302,"49.917300                     ",303,"50.082600                     ",2,"0.330500                      ",2,"0.330500                      ",2,"0.330500                      ",6,"0.991700                      ",593,"98.016500                     "
"1997","07375","06","3892","0220","04","Elem      ","N","Neenah","Spring Road El","Grades PreK-12","352",175,"49.715900                     ",177,"50.284000                     ",0,"0.000000                      ",3,"0.852200                      ",0,"0.000000                      ",3,"0.852200                      ",346,"98.295400                     "
"1997","07376","06","3892","0240","04","Elem      ","N","Neenah","Taft El","Grades PreK-12","271",125,"46.125400                     ",146,"53.874500                     ",4,"1.476000                      ",2,"0.738000                      ",5,"1.845000                      ",1,"0.369000                      ",259,"95.571900                     "
"1997","07377","06","3892","0260","04","Elem      ","N","Neenah","Tullar El","Grades PreK-12","393",177,"45.038100                     ",216,"54.961800                     ",1,"0.254400                      ",2,"0.508900                      ",4,"1.017800                      ",3,"0.763300                      ",383,"97.455400                     "
"1997","07378","06","3892","0280","04","Elem      ","N","Neenah","Washington El","Grades PreK-12","212",99,"46.698100                     ",113,"53.301800                     ",4,"1.886700                      ",6,"2.830100                      ",6,"2.830100                      ",14,"6.603700                      ",182,"85.849000                     "
"1997","07379","06","3892","0300","04","Elem      ","N","Neenah","Wilson El","Grades PreK-12","241",115,"47.717800                     ",126,"52.282100                     ",4,"1.659700                      ",5,"2.074600                      ",1,"0.414900                      ",3,"1.244800                      ",228,"94.605800                     "
"1997","05407","06","3913","","03","Elem      ","N","Neosho J3","","Elementary School Type/ Prek-12","260",122,"46.923000                     ",138,"53.076900                     ",0,"0.000000                      ",0,"0.000000                      ",0,"0.000000                      ",0,"0.000000                      ",260,"100.000000                    "
"1997","05407","06","3913","","03","Mid/Jr Hi ","N","Neosho J3","","Middle/Junior High School Type/ Prek-12","0",0,"--                            ",0,"--                            ",0,"--                            ",0,"--                            ",0,"--                            ",0,"--                            ",0,"--                            "
"1997","05407","06","3913","","03","High      ","N","Neosho J3","","High School Type/ PreK-12","0",0,"--                            ",0,"--                            ",0,"--                            ",0,"--                            ",0,"--                            ",0,"--                            ",0,"--                            "
"1997","05407","06","3913","","03","El/Sec    ","N","Neosho J3","","Combined Elementary/Secondary School Type/ Prek-12","0",0,"--                            ",0,"--                            ",0,"--                            ",0,"--                            ",0,"--                            ",0,"--                            ",0,"--                            "
"1997","05407","06","3913","","03","Summary   ","N","Neosho J3","","Grades PreK-12","260",122,"46.923000                     ",138,"53.076900                     ",0,"0.000000                      ",0,"0.000000                      ",0,"0.000000                      ",0,"0.000000                      ",260,"100.000000                    "
"1997","05524","06","3913","0020","04","Elem      ","N","Neosho J3","Neosho El","Grades PreK-12","260",122,"46.923000                     ",138,"53.076900                     ",0,"0.000000                      ",0,"0.000000                      ",0,"0.000000                      ",0,"0.000000                      ",260,"100.000000                    "
"1997","05396","06","3955","","03","Elem      ","N","New London","","Elementary School Type/ Prek-12","1204",560,"46.511600                     ",644,"53.488300                     ",0,"0.000000                      ",6,"0.498300                      ",4,"0.332200                      ",21,"1.744100                      ",1173,"97.425200                     "
"1997","05396","06","3955","","03","Mid/Jr Hi ","N","New London","","Middle/Junior High School Type/ Prek-12","640",298,"46.562500                     ",342,"53.437500                     ",3,"0.468700                      ",1,"0.156200                      ",1,"0.156200                      ",14,"2.187500                      ",621,"97.031200                     "
"1997","05396","06","3955","","03","High      ","N","New London","","High School Type/ PreK-12","673",342,"50.817200                     ",331,"49.182700                     ",3,"0.445700                      ",6,"0.891500                      ",1,"0.148500                      ",14,"2.080200                      ",649,"96.433800                     "
"1997","05396","06","3955","","03","El/Sec    ","N","New London","","Combined Elementary/Secondary School Type/ Prek-12","0",0,"--                            ",0,"--                            ",0,"--                            ",0,"--                            ",0,"--                            ",0,"--                            ",0,"--                            "
"1997","05396","06","3955","","03","Summary   ","N","New London","","Grades PreK-12","2517",1200,"47.675800                     ",1317,"52.324100                     ",6,"0.238300                      ",13,"0.516400                      ",6,"0.238300                      ",49,"1.946700                      ",2443,"97.059900                     "
"1997","07381","06","3955","0040","04","Elem      ","N","New London","Lincoln El","Grades PreK-12","370",179,"48.378300                     ",191,"51.621600                     ",0,"0.000000                      ",2,"0.540500                      ",1,"0.270200                      ",9,"2.432400                      ",358,"96.756700                     "
"1997","07382","06","3955","0080","04","High      ","N","New London","New London Hi","Grades PreK-12","673",342,"50.817200                     ",331,"49.182700                     ",3,"0.445700                      ",6,"0.891500                      ",1,"0.148500                      ",14,"2.080200                      ",649,"96.433800                     "
"1997","07383","06","3955","0090","04","Elem      ","N","New London","Parkview El","Grades PreK-12","361",157,"43.490300                     ",204,"56.509600                     ",0,"0.000000                      ",4,"1.108000                      ",2,"0.554000                      ",10,"2.770000                      ",345,"95.567800                     "
"1997","07396","06","3955","0100","04","Elem      ","N","New London","Readfield El","Grades PreK-12","252",131,"51.984100                     ",121,"48.015800                     ",0,"0.000000                      ",0,"0.000000                      ",1,"0.396800                      ",0,"0.000000                      ",251,"99.603100                     "
"1997","07384","06","3955","0120","04","Elem      ","N","New London","Sugar Bush El","Grades PreK-12","221",93,"42.081400                     ",128,"57.918500                     ",0,"0.000000                      ",0,"0.000000                      ",0,"0.000000                      ",2,"0.904900                      ",219,"99.095000                     "
"1997","07385","06","3955","0140","04","Mid/Jr Hi ","N","New London","Washington Jr","Grades PreK-12","640",298,"46.562500                     ",342,"53.437500                     ",3,"0.468700                      ",1,"0.156200                      ",1,"0.156200                      ",14,"2.187500                      ",621,"97.031200                     "
"1997","05389","06","3983","","03","Elem      ","N","North Fond du Lac","","Elementary School Type/ Prek-12","594",281,"47.306300                     ",313,"52.693600                     ",2,"0.336700                      ",0,"0.000000                      ",2,"0.336700                      ",5,"0.841700                      ",585,"98.484800                     "
"1997","05389","06","3983","","03","Mid/Jr Hi ","N","North Fond du Lac","","Middle/Junior High School Type/ Prek-12","290",123,"42.413700                     ",167,"57.586200                     ",0,"0.000000                      ",1,"0.344800                      ",2,"0.689600                      ",2,"0.689600                      ",285,"98.275800                     "
"1997","05389","06","3983","","03","High      ","N","North Fond du Lac","","High School Type/ PreK-12","408",188,"46.078400                     ",220,"53.921500                     ",4,"0.980300                      ",1,"0.245000                      ",3,"0.735200                      ",0,"0.000000                      ",400,"98.039200                     "
"1997","05389","06","3983","","03","El/Sec    ","N","North Fond du Lac","","Combined Elementary/Secondary School Type/ Prek-12","0",0,"--                            ",0,"--                            ",0,"--                            ",0,"--                            ",0,"--                            ",0,"--                            ",0,"--                            "
"1997","05389","06","3983","","03","Summary   ","N","North Fond du Lac","","Grades PreK-12","1292",592,"45.820400                     ",700,"54.179500                     ",6,"0.464300                      ",2,"0.154700                      ",7,"0.541700                      ",7,"0.541700                      ",1270,"98.297200                     "
"1997","07342","06","3983","0020","04","Mid/Jr Hi ","N","North Fond du Lac","Bessie Allen Mid","Grades PreK-12","290",123,"42.413700                     ",167,"57.586200                     ",0,"0.000000                      ",1,"0.344800                      ",2,"0.689600                      ",2,"0.689600                      ",285,"98.275800                     "
"1997","07343","06","3983","0055","04","Elem      ","N","North Fond du Lac","Friendship Learning El","Grades PreK-12","594",281,"47.306300                     ",313,"52.693600                     ",2,"0.336700                      ",0,"0.000000                      ",2,"0.336700                      ",5,"0.841700                      ",585,"98.484800                     "
"1997","07344","06","3983","0060","04","High      ","N","North Fond du Lac","Horace Mann Hi","Grades PreK-12","408",188,"46.078400                     ",220,"53.921500                     ",4,"0.980300                      ",1,"0.245000                      ",3,"0.735200                      ",0,"0.000000                      ",400,"98.039200                     "
"1997","05032","06","4025","","03","Elem      ","N","Oakfield","","Elementary School Type/ Prek-12","328",174,"53.048700                     ",154,"46.951200                     ",3,"0.914600                      ",1,"0.304800                      ",9,"2.743900                      ",12,"3.658500                      ",303,"92.378000                     "
"1997","05032","06","4025","","03","Mid/Jr Hi ","N","Oakfield","","Middle/Junior High School Type/ Prek-12","110",58,"52.727200                     ",52,"47.272700                     ",2,"1.818100                      ",2,"1.818100                      ",0,"0.000000                      ",6,"5.454500                      ",100,"90.909000                     "
"1997","05032","06","4025","","03","High      ","N","Oakfield","","High School Type/ PreK-12","225",114,"50.666600                     ",111,"49.333300                     ",7,"3.111100                      ",1,"0.444400                      ",1,"0.444400                      ",8,"3.555500                      ",208,"92.444400                     "
"1997","05032","06","4025","","03","El/Sec    ","N","Oakfield","","Combined Elementary/Secondary School Type/ Prek-12","0",0,"--                            ",0,"--                            ",0,"--                            ",0,"--                            ",0,"--                            ",0,"--                            ",0,"--                            "
"1997","05032","06","4025","","03","Summary   ","N","Oakfield","","Grades PreK-12","663",346,"52.187000                     ",317,"47.812900                     ",12,"1.809900                      ",4,"0.603300                      ",10,"1.508200                      ",26,"3.921500                      ",611,"92.156800                     "
"1997","07425","06","4025","0030","04","Elem      ","N","Oakfield","Reynolds El","Grades PreK-12","328",174,"53.048700                     ",154,"46.951200                     ",3,"0.914600                      ",1,"0.304800                      ",9,"2.743900                      ",12,"3.658500                      ",303,"92.378000                     "
"1997","05529","06","4025","0060","04","High      ","N","Oakfield","Oakfield Hi","Grades PreK-12","225",114,"50.666600                     ",111,"49.333300                     ",7,"3.111100                      ",1,"0.444400                      ",1,"0.444400                      ",8,"3.555500                      ",208,"92.444400                     "
"1997","05530","06","4025","0080","04","Mid/Jr Hi ","N","Oakfield","Oakfield Mid","Grades PreK-12","110",58,"52.727200                     ",52,"47.272700                     ",2,"1.818100                      ",2,"1.818100                      ",0,"0.000000                      ",6,"5.454500                      ",100,"90.909000                     "
"1997","05397","06","4088","","03","Elem      ","N","Omro","","Elementary School Type/ Prek-12","555",260,"46.846800                     ",295,"53.153100                     ",2,"0.360300                      ",2,"0.360300                      ",1,"0.180100                      ",9,"1.621600                      ",541,"97.477400                     "
"1997","05397","06","4088","","03","Mid/Jr Hi ","N","Omro","","Middle/Junior High School Type/ Prek-12","290",135,"46.551700                     ",155,"53.448200                     ",1,"0.344800                      ",0,"0.000000                      ",0,"0.000000                      ",8,"2.758600                      ",281,"96.896500                     "
"1997","05397","06","4088","","03","High      ","N","Omro","","High School Type/ PreK-12","376",172,"45.744600                     ",204,"54.255300                     ",2,"0.531900                      ",2,"0.531900                      ",0,"0.000000                      ",9,"2.393600                      ",363,"96.542500                     "
"1997","05397","06","4088","","03","El/Sec    ","N","Omro","","Combined Elementary/Secondary School Type/ Prek-12","0",0,"--                            ",0,"--                            ",0,"--                            ",0,"--                            ",0,"--                            ",0,"--                            ",0,"--                            "
"1997","05397","06","4088","","03","Summary   ","N","Omro","","Grades PreK-12","1221",567,"46.437300                     ",654,"53.562600                     ",5,"0.409500                      ",4,"0.327600                      ",1,"0.081900                      ",26,"2.129400                      ",1185,"97.051500                     "
"1997","07386","06","4088","0020","04","Elem      ","N","Omro","Enterprise El","Grades PreK-12","114",48,"42.105200                     ",66,"57.894700                     ",1,"0.877100                      ",0,"0.000000                      ",0,"0.000000                      ",1,"0.877100                      ",112,"98.245600                     "
"1997","07387","06","4088","0040","04","Elem      ","N","Omro","Patch El","Grades PreK-12","372",178,"47.849400                     ",194,"52.150500                     ",0,"0.000000                      ",2,"0.537600                      ",1,"0.268800                      ",5,"1.344000                      ",364,"97.849400                     "
"1997","07388","06","4088","0060","04","High      ","N","Omro","Omro Hi","Grades PreK-12","376",172,"45.744600                     ",204,"54.255300                     ",2,"0.531900                      ",2,"0.531900                      ",0,"0.000000                      ",9,"2.393600                      ",363,"96.542500                     "
"1997","07389","06","4088","0080","04","Mid/Jr Hi ","N","Omro","Omro Mid","Grades PreK-12","290",135,"46.551700                     ",155,"53.448200                     ",1,"0.344800                      ",0,"0.000000                      ",0,"0.000000                      ",8,"2.758600                      ",281,"96.896500                     "
"1997","07271","06","4088","0100","04","Elem      ","N","Omro","Omro Junction El","Grades PreK-12","69",34,"49.275300                     ",35,"50.724600                     ",1,"1.449200                      ",0,"0.000000                      ",0,"0.000000                      ",3,"4.347800                      ",65,"94.202800                     "
"1997","05383","06","4179","","03","Elem      ","N","Oshkosh Area","","Elementary School Type/ Prek-12","5117",2474,"48.348600                     ",2643,"51.651300                     ",18,"0.351700                      ",501,"9.790800                      ",108,"2.110600                      ",80,"1.563400                      ",4410,"86.183300                     "
"1997","05383","06","4179","","03","Mid/Jr Hi ","N","Oshkosh Area","","Middle/Junior High School Type/ Prek-12","2359",1163,"49.300500                     ",1196,"50.699400                     ",9,"0.381500                      ",152,"6.443400                      ",30,"1.271700                      ",34,"1.441200                      ",2134,"90.462000                     "
"1997","05383","06","4179","","03","High      ","N","Oshkosh Area","","High School Type/ PreK-12","3044",1535,"50.427000                     ",1509,"49.572900                     ",23,"0.755500                      ",159,"5.223300                      ",29,"0.952600                      ",29,"0.952600                      ",2804,"92.115600                     "
"1997","05383","06","4179","","03","El/Sec    ","N","Oshkosh Area","","Combined Elementary/Secondary School Type/ Prek-12","0",0,"--                            ",0,"--                            ",0,"--                            ",0,"--                            ",0,"--                            ",0,"--                            ",0,"--                            "
"1997","05383","06","4179","","03","Summary   ","N","Oshkosh Area","","Grades PreK-12","10520",5172,"49.163400                     ",5348,"50.836500                     ",50,"0.475200                      ",812,"7.718600                      ",167,"1.587400                      ",143,"1.359300                      ",9348,"88.859300                     "
"1997","07272","06","4179","0060","04","Elem      ","N","Oshkosh Area","E Cook El","Grades PreK-12","284",136,"47.887300                     ",148,"52.112600                     ",0,"0.000000                      ",11,"3.873200                      ",8,"2.816900                      ",1,"0.352100                      ",264,"92.957700                     "
"1997","07273","06","4179","0080","04","Elem      ","N","Oshkosh Area","Franklin El","Grades PreK-12","497",251,"50.503000                     ",246,"49.496900                     ",0,"0.000000                      ",2,"0.402400                      ",9,"1.810800                      ",0,"0.000000                      ",486,"97.786700                     "
"1997","07291","06","4179","0120","04","Elem      ","N","Oshkosh Area","Green Meadow El","Grades PreK-12","125",52,"41.600000                     ",73,"58.400000                     ",0,"0.000000                      ",3,"2.400000                      ",0,"0.000000                      ",1,"0.800000                      ",121,"96.800000                     "
"1997","07274","06","4179","0130","04","Elem      ","N","Oshkosh Area","Shapiro El","Grades PreK-12","550",275,"50.000000                     ",275,"50.000000                     ",2,"0.363600                      ",10,"1.818100                      ",3,"0.545400                      ",5,"0.909000                      ",530,"96.363600                     "
"1997","07275","06","4179","0140","04","Elem      ","N","Oshkosh Area","Jefferson El","Grades PreK-12","245",116,"47.346900                     ",129,"52.653000                     ",3,"1.224400                      ",68,"27.755100                     ",1,"0.408100                      ",10,"4.081600                      ",163,"66.530600                     "
"1997","07276","06","4179","0160","04","Elem      ","N","Oshkosh Area","Lakeside El","Grades PreK-12","194",91,"46.907200                     ",103,"53.092700                     ",0,"0.000000                      ",3,"1.546300                      ",1,"0.515400                      ",1,"0.515400                      ",189,"97.422600                     "
"1997","07277","06","4179","0180","04","Elem      ","N","Oshkosh Area","Lincoln El","Grades PreK-12","171",76,"44.444400                     ",95,"55.555500                     ",0,"0.000000                      ",33,"19.298200                     ",13,"7.602300                      ",6,"3.508700                      ",119,"69.590600                     "
"1997","07278","06","4179","0220","04","Elem      ","N","Oshkosh Area","Merrill El","Grades PreK-12","364",184,"50.549400                     ",180,"49.450500                     ",0,"0.000000                      ",134,"36.813100                     ",10,"2.747200                      ",14,"3.846100                      ",206,"56.593400                     "
"1997","07279","06","4179","0240","04","Mid/Jr Hi ","N","Oshkosh Area","Merrill Mid","Grades PreK-12","581",286,"49.225400                     ",295,"50.774500                     ",2,"0.344200                      ",57,"9.810600                      ",9,"1.549000                      ",14,"2.409600                      ",499,"85.886400                     "
"1997","07280","06","4179","0260","04","Elem      ","N","Oshkosh Area","Oaklawn El","Grades PreK-12","273",133,"48.717900                     ",140,"51.282000                     ",2,"0.732600                      ",5,"1.831500                      ",10,"3.663000                      ",5,"1.831500                      ",251,"91.941300                     "
"1997","07292","06","4179","0280","04","Elem      ","N","Oshkosh Area","Oakwood El","Grades PreK-12","507",243,"47.928900                     ",264,"52.071000                     ",0,"0.000000                      ",7,"1.380600                      ",10,"1.972300                      ",2,"0.394400                      ",488,"96.252400                     "
"1997","07281","06","4179","0290","04","High      ","N","Oshkosh Area","North Hi","Grades PreK-12","1394",709,"50.860800                     ",685,"49.139100                     ",16,"1.147700                      ",118,"8.464800                      ",16,"1.147700                      ",20,"1.434700                      ",1224,"87.804800                     "
"1997","07282","06","4179","0300","04","High      ","N","Oshkosh Area","West Hi","Grades PreK-12","1650",826,"50.060600                     ",824,"49.939300                     ",7,"0.424200                      ",41,"2.484800                      ",13,"0.787800                      ",9,"0.545400                      ",1580,"95.757500                     "
"1997","07283","06","4179","0320","04","Mid/Jr Hi ","N","Oshkosh Area","Tipler Mid","Grades PreK-12","714",332,"46.498500                     ",382,"53.501400                     ",0,"0.000000                      ",21,"2.941100                      ",9,"1.260500                      ",3,"0.420100                      ",681,"95.378100                     "
"1997","07284","06","4179","0340","04","Elem      ","N","Oshkosh Area","Read El","Grades PreK-12","377",183,"48.541100                     ",194,"51.458800                     ",0,"0.000000                      ",6,"1.591500                      ",11,"2.917700                      ",4,"1.061000                      ",356,"94.429700                     "
"1997","07285","06","4179","0360","04","Elem      ","N","Oshkosh Area","Roosevelt El","Grades PreK-12","437",207,"47.368400                     ",230,"52.631500                     ",4,"0.915300                      ",71,"16.247100                     ",16,"3.661300                      ",12,"2.745900                      ",334,"76.430200                     "
"1997","07286","06","4179","0400","04","Elem      ","N","Oshkosh Area","Smith El","Grades PreK-12","237",112,"47.257300                     ",125,"52.742600                     ",5,"2.109700                      ",12,"5.063200                      ",2,"0.843800                      ",6,"2.531600                      ",212,"89.451400                     "
"1997","07287","06","4179","0440","04","Mid/Jr Hi ","N","Oshkosh Area","South Park Mid","Grades PreK-12","583",276,"47.341300                     ",307,"52.658600                     ",7,"1.200600                      ",24,"4.116600                      ",2,"0.343000                      ",11,"1.886700                      ",539,"92.452800                     "
"1997","07293","06","4179","0460","04","Elem      ","N","Oshkosh Area","Sunset El","Grades PreK-12","155",72,"46.451600                     ",83,"53.548300                     ",0,"0.000000                      ",4,"2.580600                      ",4,"2.580600                      ",1,"0.645100                      ",146,"94.193500                     "
"1997","07288","06","4179","0480","04","Elem      ","N","Oshkosh Area","Washington El","Grades PreK-12","345",169,"48.985500                     ",176,"51.014400                     ",2,"0.579700                      ",45,"13.043400                     ",8,"2.318800                      ",8,"2.318800                      ",282,"81.739100                     "
"1997","07289","06","4179","0500","04","Mid/Jr Hi ","N","Oshkosh Area","Webster Stanley Mid","Grades PreK-12","481",269,"55.925100                     ",212,"44.074800                     ",0,"0.000000                      ",50,"10.395000                     ",10,"2.079000                      ",6,"1.247400                      ",415,"86.278500                     "
"1997","07290","06","4179","0520","04","Elem      ","N","Oshkosh Area","Webster Stanley El","Grades PreK-12","356",174,"48.876400                     ",182,"51.123500                     ",0,"0.000000                      ",87,"24.438200                     ",2,"0.561700                      ",4,"1.123500                      ",263,"73.876400                     "
"1997","05040","06","4820","","03","Elem      ","N","Richfield J1","","Elementary School Type/ Prek-12","436",206,"47.247700                     ",230,"52.752200                     ",0,"0.000000                      ",3,"0.688000                      ",1,"0.229300                      ",1,"0.229300                      ",431,"98.853200                     "
"1997","05040","06","4820","","03","Mid/Jr Hi ","N","Richfield J1","","Middle/Junior High School Type/ Prek-12","0",0,"--                            ",0,"--                            ",0,"--                            ",0,"--                            ",0,"--                            ",0,"--                            ",0,"--                            "
"1997","05040","06","4820","","03","High      ","N","Richfield J1","","High School Type/ PreK-12","0",0,"--                            ",0,"--                            ",0,"--                            ",0,"--                            ",0,"--                            ",0,"--                            ",0,"--                            "
"1997","05040","06","4820","","03","El/Sec    ","N","Richfield J1","","Combined Elementary/Secondary School Type/ Prek-12","0",0,"--                            ",0,"--                            ",0,"--                            ",0,"--                            ",0,"--                            ",0,"--                            ",0,"--                            "
"1997","05040","06","4820","","03","Summary   ","N","Richfield J1","","Grades PreK-12","436",206,"47.247700                     ",230,"52.752200                     ",0,"0.000000                      ",3,"0.688000                      ",1,"0.229300                      ",1,"0.229300                      ",431,"98.853200                     "
"1997","05560","06","4820","0020","04","Elem      ","N","Richfield J1","Richfield El","Grades PreK-12","312",149,"47.756400                     ",163,"52.243500                     ",0,"0.000000                      ",1,"0.320500                      ",1,"0.320500                      ",0,"0.000000                      ",310,"99.358900                     "
"1997","05450","06","4820","0040","04","Elem      ","N","Richfield J1","Plat El","Grades PreK-12","124",57,"45.967700                     ",67,"54.032200                     ",0,"0.000000                      ",2,"1.612900                      ",0,"0.000000                      ",1,"0.806400                      ",121,"97.580600                     "
"1997","05018","06","4843","","03","Elem      ","N","Richfield J11","","Elementary School Type/ Prek-12","242",113,"46.694200                     ",129,"53.305700                     ",0,"0.000000                      ",6,"2.479300                      ",2,"0.826400                      ",0,"0.000000                      ",234,"96.694200                     "
"1997","05018","06","4843","","03","Mid/Jr Hi ","N","Richfield J11","","Middle/Junior High School Type/ Prek-12","0",0,"--                            ",0,"--                            ",0,"--                            ",0,"--                            ",0,"--                            ",0,"--                            ",0,"--                            "
"1997","05018","06","4843","","03","High      ","N","Richfield J11","","High School Type/ PreK-12","0",0,"--                            ",0,"--                            ",0,"--                            ",0,"--                            ",0,"--                            ",0,"--                            ",0,"--                            "
"1997","05018","06","4843","","03","El/Sec    ","N","Richfield J11","","Combined Elementary/Secondary School Type/ Prek-12","0",0,"--                            ",0,"--                            ",0,"--                            ",0,"--                            ",0,"--                            ",0,"--                            ",0,"--                            "
"1997","05018","06","4843","","03","Summary   ","N","Richfield J11","","Grades PreK-12","242",113,"46.694200                     ",129,"53.305700                     ",0,"0.000000                      ",6,"2.479300                      ",2,"0.826400                      ",0,"0.000000                      ",234,"96.694200                     "
"1997","05484","06","4843","0020","04","Elem      ","N","Richfield J11","Friess Lake Sch","Grades PreK-12","242",113,"46.694200                     ",129,"53.305700                     ",0,"0.000000                      ",6,"2.479300                      ",2,"0.826400                      ",0,"0.000000                      ",234,"96.694200                     "
"1997","05400","06","4872","","03","Elem      ","N","Ripon","","Elementary School Type/ Prek-12","691",326,"47.178000                     ",365,"52.821900                     ",1,"0.144700                      ",5,"0.723500                      ",3,"0.434100                      ",11,"1.591800                      ",671,"97.105600                     "
"1997","05400","06","4872","","03","Mid/Jr Hi ","N","Ripon","","Middle/Junior High School Type/ Prek-12","427",199,"46.604200                     ",228,"53.395700                     ",1,"0.234100                      ",5,"1.170900                      ",1,"0.234100                      ",6,"1.405100                      ",414,"96.955500                     "
"1997","05400","06","4872","","03","High      ","N","Ripon","","High School Type/ PreK-12","533",281,"52.720400                     ",252,"47.279500                     ",0,"0.000000                      ",7,"1.313300                      ",0,"0.000000                      ",4,"0.750400                      ",522,"97.936200                     "
"1997","05400","06","4872","","03","El/Sec    ","N","Ripon","","Combined Elementary/Secondary School Type/ Prek-12","0",0,"--                            ",0,"--                            ",0,"--                            ",0,"--                            ",0,"--                            ",0,"--                            ",0,"--                            "
"1997","05400","06","4872","","03","Summary   ","N","Ripon","","Grades PreK-12","1651",806,"48.818800                     ",845,"51.181100                     ",2,"0.121100                      ",17,"1.029600                      ",4,"0.242200                      ",21,"1.271900                      ",1607,"97.334900                     "
"1997","07398","06","4872","0040","04","Elem      ","N","Ripon","Alice Callan El","Grades PreK-12","129",72,"55.813900                     ",57,"44.186000                     ",0,"0.000000                      ",2,"1.550300                      ",0,"0.000000                      ",3,"2.325500                      ",124,"96.124000                     "
"1997","07399","06","4872","0100","04","Elem      ","N","Ripon","Murray Park El","Grades PreK-12","355",161,"45.352100                     ",194,"54.647800                     ",1,"0.281600                      ",2,"0.563300                      ",2,"0.563300                      ",7,"1.971800                      ",343,"96.619700                     "
"1997","07400","06","4872","0120","04","High      ","N","Ripon","Ripon Hi","Grades PreK-12","533",281,"52.720400                     ",252,"47.279500                     ",0,"0.000000                      ",7,"1.313300                      ",0,"0.000000                      ",4,"0.750400                      ",522,"97.936200                     "
"1997","07401","06","4872","0140","04","Mid/Jr Hi ","N","Ripon","Ripon Mid","Grades PreK-12","427",199,"46.604200                     ",228,"53.395700                     ",1,"0.234100                      ",5,"1.170900                      ",1,"0.234100                      ",6,"1.405100                      ",414,"96.955500                     "
"1997","07402","06","4872","0160","04","Elem      ","N","Ripon","Roosevelt El","Grades PreK-12","129",54,"41.860400                     ",75,"58.139500                     ",0,"0.000000                      ",1,"0.775100                      ",1,"0.775100                      ",1,"0.775100                      ",126,"97.674400                     "
"1997","07403","06","4872","0180","04","Elem      ","N","Ripon","Wayside El","Grades PreK-12","78",39,"50.000000                     ",39,"50.000000                     ",0,"0.000000                      ",0,"0.000000                      ",0,"0.000000                      ",0,"0.000000                      ",78,"100.000000                    "
"1997","05401","06","4956","","03","Elem      ","N","Rosendale-Brandon","","Elementary School Type/ Prek-12","451",230,"50.997700                     ",221,"49.002200                     ",1,"0.221700                      ",9,"1.995500                      ",2,"0.443400                      ",0,"0.000000                      ",439,"97.339200                     "
"1997","05401","06","4956","","03","Mid/Jr Hi ","N","Rosendale-Brandon","","Middle/Junior High School Type/ Prek-12","259",140,"54.054000                     ",119,"45.945900                     ",0,"0.000000                      ",5,"1.930500                      ",0,"0.000000                      ",0,"0.000000                      ",254,"98.069400                     "
"1997","05401","06","4956","","03","High      ","N","Rosendale-Brandon","","High School Type/ PreK-12","364",190,"52.197800                     ",174,"47.802100                     ",1,"0.274700                      ",0,"0.000000                      ",1,"0.274700                      ",1,"0.274700                      ",361,"99.175800                     "
"1997","05401","06","4956","","03","El/Sec    ","N","Rosendale-Brandon","","Combined Elementary/Secondary School Type/ Prek-12","0",0,"--                            ",0,"--                            ",0,"--                            ",0,"--                            ",0,"--                            ",0,"--                            ",0,"--                            "
"1997","05401","06","4956","","03","Summary   ","N","Rosendale-Brandon","","Grades PreK-12","1074",560,"52.141500                     ",514,"47.858400                     ",2,"0.186200                      ",14,"1.303500                      ",3,"0.279300                      ",1,"0.093100                      ",1054,"98.137800                     "
"1997","06406","06","4956","0025","04","Elem      ","N","Rosendale-Brandon","Brandon El","Grades PreK-12","209",105,"50.239200                     ",104,"49.760700                     ",0,"0.000000                      ",9,"4.306200                      ",1,"0.478400                      ",0,"0.000000                      ",199,"95.215300                     "
"1997","06407","06","4956","0030","04","Mid/Jr Hi ","N","Rosendale-Brandon","Brandon Mid","Grades PreK-12","126",66,"52.380900                     ",60,"47.619000                     ",0,"0.000000                      ",3,"2.380900                      ",0,"0.000000                      ",0,"0.000000                      ",123,"97.619000                     "
"1997","07404","06","4956","0050","04","High      ","N","Rosendale-Brandon","Laconia Hi","Grades PreK-12","364",190,"52.197800                     ",174,"47.802100                     ",1,"0.274700                      ",0,"0.000000                      ",1,"0.274700                      ",1,"0.274700                      ",361,"99.175800                     "
"1997","07405","06","4956","0060","04","Elem      ","N","Rosendale-Brandon","Rosendale El","Grades PreK-12","242",125,"51.652800                     ",117,"48.347100                     ",1,"0.413200                      ",0,"0.000000                      ",1,"0.413200                      ",0,"0.000000                      ",240,"99.173500                     "
"1997","07406","06","4956","0080","04","Mid/Jr Hi ","N","Rosendale-Brandon","Rosendale Mid","Grades PreK-12","133",74,"55.639000                     ",59,"44.360900                     ",0,"0.000000                      ",2,"1.503700                      ",0,"0.000000                      ",0,"0.000000                      ",131,"98.496200                     "
"1997","05041","06","4998","","03","Elem      ","N","Rubicon J6","","Elementary School Type/ Prek-12","155",77,"49.677400                     ",78,"50.322500                     ",0,"0.000000                      ",2,"1.290300                      ",0,"0.000000                      ",4,"2.580600                      ",149,"96.129000                     "
"1997","05041","06","4998","","03","Mid/Jr Hi ","N","Rubicon J6","","Middle/Junior High School Type/ Prek-12","0",0,"--                            ",0,"--                            ",0,"--                            ",0,"--                            ",0,"--                            ",0,"--                            ",0,"--                            "
"1997","05041","06","4998","","03","High      ","N","Rubicon J6","","High School Type/ PreK-12","0",0,"--                            ",0,"--                            ",0,"--                            ",0,"--                            ",0,"--                            ",0,"--                            ",0,"--                            "
"1997","05041","06","4998","","03","El/Sec    ","N","Rubicon J6","","Combined Elementary/Secondary School Type/ Prek-12","0",0,"--                            ",0,"--                            ",0,"--                            ",0,"--                            ",0,"--                            ",0,"--                            ",0,"--                            "
"1997","05041","06","4998","","03","Summary   ","N","Rubicon J6","","Grades PreK-12","155",77,"49.677400                     ",78,"50.322500                     ",0,"0.000000                      ",2,"1.290300                      ",0,"0.000000                      ",4,"2.580600                      ",149,"96.129000                     "
"1997","05562","06","4998","0020","04","Elem      ","N","Rubicon J6","Saylesville El","Grades PreK-12","155",77,"49.677400                     ",78,"50.322500                     ",0,"0.000000                      ",2,"1.290300                      ",0,"0.000000                      ",4,"2.580600                      ",149,"96.129000                     "
"1997","05236","06","5348","","03","Elem      ","N","Shiocton","","Elementary School Type/ Prek-12","556",263,"47.302100                     ",293,"52.697800                     ",0,"0.000000                      ",2,"0.359700                      ",2,"0.359700                      ",31,"5.575500                      ",521,"93.705000                     "
"1997","05236","06","5348","","03","Mid/Jr Hi ","N","Shiocton","","Middle/Junior High School Type/ Prek-12","0",0,"--                            ",0,"--                            ",0,"--                            ",0,"--                            ",0,"--                            ",0,"--                            ",0,"--                            "
"1997","05236","06","5348","","03","High      ","N","Shiocton","","High School Type/ PreK-12","248",107,"43.145100                     ",141,"56.854800                     ",2,"0.806400                      ",0,"0.000000                      ",0,"0.000000                      ",19,"7.661200                      ",227,"91.532200                     "
"1997","05236","06","5348","","03","El/Sec    ","N","Shiocton","","Combined Elementary/Secondary School Type/ Prek-12","0",0,"--                            ",0,"--                            ",0,"--                            ",0,"--                            ",0,"--                            ",0,"--                            ",0,"--                            "
"1997","05236","06","5348","","03","Summary   ","N","Shiocton","","Grades PreK-12","804",370,"46.019900                     ",434,"53.980000                     ",2,"0.248700                      ",2,"0.248700                      ",2,"0.248700                      ",50,"6.218900                      ",748,"93.034800                     "
"1997","06618","06","5348","0020","04","Elem      ","N","Shiocton","Shiocton El","Grades PreK-12","556",263,"47.302100                     ",293,"52.697800                     ",0,"0.000000                      ",2,"0.359700                      ",2,"0.359700                      ",31,"5.575500                      ",521,"93.705000                     "
"1997","06619","06","5348","0040","04","High      ","N","Shiocton","Shiocton Hi","Grades PreK-12","248",107,"43.145100                     ",141,"56.854800                     ",2,"0.806400                      ",0,"0.000000                      ",0,"0.000000                      ",19,"7.661200                      ",227,"91.532200                     "
"1997","05045","06","5390","","03","Elem      ","N","Slinger","","Elementary School Type/ Prek-12","1244",593,"47.668800                     ",651,"52.331100                     ",2,"0.160700                      ",1,"0.080300                      ",2,"0.160700                      ",4,"0.321500                      ",1235,"99.276500                     "
"1997","05045","06","5390","","03","Mid/Jr Hi ","N","Slinger","","Middle/Junior High School Type/ Prek-12","627",313,"49.920200                     ",314,"50.079700                     ",4,"0.637900                      ",4,"0.637900                      ",0,"0.000000                      ",3,"0.478400                      ",616,"98.245600                     "
"1997","05045","06","5390","","03","High      ","N","Slinger","","High School Type/ PreK-12","774",358,"46.253200                     ",416,"53.746700                     ",3,"0.387500                      ",5,"0.645900                      ",3,"0.387500                      ",3,"0.387500                      ",760,"98.191200                     "
"1997","05045","06","5390","","03","El/Sec    ","N","Slinger","","Combined Elementary/Secondary School Type/ Prek-12","0",0,"--                            ",0,"--                            ",0,"--                            ",0,"--                            ",0,"--                            ",0,"--                            ",0,"--                            "
"1997","05045","06","5390","","03","Summary   ","N","Slinger","","Grades PreK-12","2645",1264,"47.788200                     ",1381,"52.211700                     ",9,"0.340200                      ",10,"0.378000                      ",5,"0.189000                      ",10,"0.378000                      ",2611,"98.714500                     "
"1997","05428","06","5390","0010","04","Elem      ","N","Slinger","Allenton El","Grades PreK-12","487",221,"45.379800                     ",266,"54.620100                     ",0,"0.000000                      ",1,"0.205300                      ",2,"0.410600                      ",1,"0.205300                      ",483,"99.178600                     "
"1997","05589","06","5390","0020","04","Elem      ","N","Slinger","Slinger El","Grades PreK-12","757",372,"49.141300                     ",385,"50.858600                     ",2,"0.264200                      ",0,"0.000000                      ",0,"0.000000                      ",3,"0.396300                      ",752,"99.339400                     "
"1997","05591","06","5390","0060","04","Mid/Jr Hi ","N","Slinger","Slinger Mid","Grades PreK-12","627",313,"49.920200                     ",314,"50.079700                     ",4,"0.637900                      ",4,"0.637900                      ",0,"0.000000                      ",3,"0.478400                      ",616,"98.245600                     "
"1997","05592","06","5390","0080","04","High      ","N","Slinger","Slinger Hi","Grades PreK-12","774",358,"46.253200                     ",416,"53.746700                     ",3,"0.387500                      ",5,"0.645900                      ",3,"0.387500                      ",3,"0.387500                      ",760,"98.191200                     "
"1997","05195","06","6216","","03","Elem      ","N","Waupun","","Elementary School Type/ Prek-12","1155",527,"45.627700                     ",628,"54.372200                     ",1,"0.086500                      ",2,"0.173100                      ",6,"0.519400                      ",19,"1.645000                      ",1127,"97.575700                     "
"1997","05195","06","6216","","03","Mid/Jr Hi ","N","Waupun","","Middle/Junior High School Type/ Prek-12","611",300,"49.099800                     ",311,"50.900100                     ",1,"0.163600                      ",2,"0.327300                      ",0,"0.000000                      ",14,"2.291300                      ",594,"97.217600                     "
"1997","05195","06","6216","","03","High      ","N","Waupun","","High School Type/ PreK-12","775",376,"48.516100                     ",399,"51.483800                     ",0,"0.000000                      ",4,"0.516100                      ",1,"0.129000                      ",12,"1.548300                      ",758,"97.806400                     "
"1997","05195","06","6216","","03","El/Sec    ","N","Waupun","","Combined Elementary/Secondary School Type/ Prek-12","0",0,"--                            ",0,"--                            ",0,"--                            ",0,"--                            ",0,"--                            ",0,"--                            ",0,"--                            "
"1997","05195","06","6216","","03","Summary   ","N","Waupun","","Grades PreK-12","2541",1203,"47.343500                     ",1338,"52.656400                     ",2,"0.078700                      ",8,"0.314800                      ",7,"0.275400                      ",45,"1.770900                      ",2479,"97.560000                     "
"1997","06461","06","6216","0020","04","Elem      ","N","Waupun","Alto El","Grades PreK-12","143",74,"51.748200                     ",69,"48.251700                     ",0,"0.000000                      ",0,"0.000000                      ",0,"0.000000                      ",1,"0.699300                      ",142,"99.300600                     "
"1997","06408","06","6216","0040","04","Elem      ","N","Waupun","Amity El","Grades PreK-12","103",45,"43.689300                     ",58,"56.310600                     ",0,"0.000000                      ",0,"0.000000                      ",0,"0.000000                      ",0,"0.000000                      ",103,"100.000000                    "
"1997","06425","06","6216","0080","04","Elem      ","N","Waupun","Fox Lake El","Grades PreK-12","205",99,"48.292600                     ",106,"51.707300                     ",1,"0.487800                      ",0,"0.000000                      ",1,"0.487800                      ",3,"1.463400                      ",200,"97.560900                     "
"1997","06462","06","6216","0100","04","Elem      ","N","Waupun","Jefferson El","Grades PreK-12","289",126,"43.598600                     ",163,"56.401300                     ",0,"0.000000                      ",0,"0.000000                      ",2,"0.692000                      ",6,"2.076100                      ",281,"97.231800                     "
"1997","06463","06","6216","0160","04","Elem      ","N","Waupun","Washington El","Grades PreK-12","415",183,"44.096300                     ",232,"55.903600                     ",0,"0.000000                      ",2,"0.481900                      ",3,"0.722800                      ",9,"2.168600                      ",401,"96.626500                     "
"1997","06464","06","6216","0180","04","Mid/Jr Hi ","N","Waupun","Waupun Mid","Grades PreK-12","611",300,"49.099800                     ",311,"50.900100                     ",1,"0.163600                      ",2,"0.327300                      ",0,"0.000000                      ",14,"2.291300                      ",594,"97.217600                     "
"1997","06465","06","6216","0200","04","High      ","N","Waupun","Waupun Hi","Grades PreK-12","775",376,"48.516100                     ",399,"51.483800                     ",0,"0.000000                      ",4,"0.516100                      ",1,"0.129000                      ",12,"1.548300                      ",758,"97.806400                     "
"1997","05051","06","6307","","03","Elem      ","N","West Bend","","Elementary School Type/ Prek-12","2936",1367,"46.559900                     ",1569,"53.440000                     ",27,"0.919600                      ",26,"0.885500                      ",22,"0.749300                      ",65,"2.213800                      ",2796,"95.231600                     "
"1997","05051","06","6307","","03","Mid/Jr Hi ","N","West Bend","","Middle/Junior High School Type/ Prek-12","1452",701,"48.278200                     ",751,"51.721700                     ",15,"1.033000                      ",7,"0.482000                      ",9,"0.619800                      ",29,"1.997200                      ",1392,"95.867700                     "
"1997","05051","06","6307","","03","High      ","N","West Bend","","High School Type/ PreK-12","2528",1206,"47.705600                     ",1322,"52.294300                     ",16,"0.632900                      ",25,"0.988900                      ",12,"0.474600                      ",52,"2.056900                      ",2423,"95.846500                     "
"1997","05051","06","6307","","03","El/Sec    ","N","West Bend","","Combined Elementary/Secondary School Type/ Prek-12","0",0,"--                            ",0,"--                            ",0,"--                            ",0,"--                            ",0,"--                            ",0,"--                            ",0,"--                            "
"1997","05051","06","6307","","03","Summary   ","N","West Bend","","Grades PreK-12","6916",3274,"47.339500                     ",3642,"52.660400                     ",58,"0.838600                      ",58,"0.838600                      ",43,"0.621700                      ",146,"2.111000                      ",6611,"95.589900                     "
"1997","05612","06","6307","0010","04","Mid/Jr Hi ","N","West Bend","Badger Mid","Grades PreK-12","844",400,"47.393300                     ",444,"52.606600                     ",11,"1.303300                      ",3,"0.355400                      ",7,"0.829300                      ",19,"2.251100                      ",804,"95.260600                     "
"1997","05613","06","6307","0020","04","Elem      ","N","West Bend","Barton El","Grades PreK-12","447",215,"48.098400                     ",232,"51.901500                     ",4,"0.894800                      ",0,"0.000000                      ",1,"0.223700                      ",9,"2.013400                      ",433,"96.868000                     "
"1997","05614","06","6307","0040","04","Elem      ","N","West Bend","Decorah El","Grades PreK-12","404",181,"44.801900                     ",223,"55.198000                     ",5,"1.237600                      ",5,"1.237600                      ",9,"2.227700                      ",8,"1.980100                      ",377,"93.316800                     "
"1997","05615","06","6307","0050","04","High      ","N","West Bend","East Hi","Grades PreK-12","1240",567,"45.725800                     ",673,"54.274100                     ",5,"0.403200                      ",5,"0.403200                      ",8,"0.645100                      ",30,"2.419300                      ",1192,"96.129000                     "
"1997","05616","06","6307","0060","04","Elem      ","N","West Bend","Fair Park El","Grades PreK-12","481",221,"45.945900                     ",260,"54.054000                     ",4,"0.831600                      ",3,"0.623700                      ",4,"0.831600                      ",13,"2.702700                      ",457,"95.010300                     "
"1997","05617","06","6307","0070","04","Elem      ","N","West Bend","Green Tree El","Grades PreK-12","532",248,"46.616500                     ",284,"53.383400                     ",5,"0.939800                      ",9,"1.691700                      ",1,"0.187900                      ",13,"2.443600                      ",504,"94.736800                     "
"1997","05488","06","6307","0080","04","Elem      ","N","West Bend","Jackson El","Grades PreK-12","419",201,"47.971300                     ",218,"52.028600                     ",2,"0.477300                      ",3,"0.715900                      ",3,"0.715900                      ",5,"1.193300                      ",406,"96.897300                     "
"1997","05618","06","6307","0100","04","Elem      ","N","West Bend","McLane El","Grades PreK-12","565",267,"47.256600                     ",298,"52.743300                     ",6,"1.061900                      ",6,"1.061900                      ",1,"0.176900                      ",12,"2.123800                      ",540,"95.575200                     "
"1997","05619","06","6307","0160","04","Mid/Jr Hi ","N","West Bend","Silverbrook Mid","Grades PreK-12","608",301,"49.506500                     ",307,"50.493400                     ",4,"0.657800                      ",4,"0.657800                      ",2,"0.328900                      ",10,"1.644700                      ",588,"96.710500                     "
"1997","05620","06","6307","0180","04","Elem      ","N","West Bend","Silver Maple P-K","Grades PreK-12","88",34,"38.636300                     ",54,"61.363600                     ",1,"1.136300                      ",0,"0.000000                      ",3,"3.409000                      ",5,"5.681800                      ",79,"89.772700                     "
"1997","05621","06","6307","0200","04","High      ","N","West Bend","West Hi","Grades PreK-12","1288",639,"49.611800                     ",649,"50.388100                     ",11,"0.854000                      ",20,"1.552700                      ",4,"0.310500                      ",22,"1.708000                      ",1231,"95.574500                     "
"1997","05404","06","6384","","03","Elem      ","N","Weyauwega-Fremont","","Elementary School Type/ Prek-12","514",244,"47.470800                     ",270,"52.529100                     ",4,"0.778200                      ",1,"0.194500                      ",2,"0.389100                      ",2,"0.389100                      ",505,"98.249000                     "
"1997","05404","06","6384","","03","Mid/Jr Hi ","N","Weyauwega-Fremont","","Middle/Junior High School Type/ Prek-12","268",121,"45.149200                     ",147,"54.850700                     ",0,"0.000000                      ",0,"0.000000                      ",0,"0.000000                      ",0,"0.000000                      ",268,"100.000000                    "
"1997","05404","06","6384","","03","High      ","N","Weyauwega-Fremont","","High School Type/ PreK-12","404",186,"46.039600                     ",218,"53.960300                     ",3,"0.742500                      ",1,"0.247500                      ",0,"0.000000                      ",1,"0.247500                      ",399,"98.762300                     "
"1997","05404","06","6384","","03","El/Sec    ","N","Weyauwega-Fremont","","Combined Elementary/Secondary School Type/ Prek-12","0",0,"--                            ",0,"--                            ",0,"--                            ",0,"--                            ",0,"--                            ",0,"--                            ",0,"--                            "
"1997","05404","06","6384","","03","Summary   ","N","Weyauwega-Fremont","","Grades PreK-12","1186",551,"46.458600                     ",635,"53.541300                     ",7,"0.590200                      ",2,"0.168600                      ",2,"0.168600                      ",3,"0.252900                      ",1172,"98.819500                     "
"1997","07345","06","6384","0040","04","Elem      ","N","Weyauwega-Fremont","Fremont El","Grades PreK-12","115",57,"49.565200                     ",58,"50.434700                     ",2,"1.739100                      ",0,"0.000000                      ",0,"0.000000                      ",0,"0.000000                      ",113,"98.260800                     "
"1997","07416","06","6384","0080","04","Elem      ","N","Weyauwega-Fremont","Weyauwega El","Grades PreK-12","399",187,"46.867100                     ",212,"53.132800                     ",2,"0.501200                      ",1,"0.250600                      ",2,"0.501200                      ",2,"0.501200                      ",392,"98.245600                     "
"1997","07417","06","6384","0100","04","High      ","N","Weyauwega-Fremont","Weyauwega Hi","Grades PreK-12","404",186,"46.039600                     ",218,"53.960300                     ",3,"0.742500                      ",1,"0.247500                      ",0,"0.000000                      ",1,"0.247500                      ",399,"98.762300                     "
"1997","07418","06","6384","0120","04","Mid/Jr Hi ","N","Weyauwega-Fremont","Weyauwega Mid","Grades PreK-12","268",121,"45.149200                     ",147,"54.850700                     ",0,"0.000000                      ",0,"0.000000                      ",0,"0.000000                      ",0,"0.000000                      ",268,"100.000000                    "
"1997","05406","06","6608","","03","Elem      ","N","Winneconne Community","","Elementary School Type/ Prek-12","645",303,"46.976700                     ",342,"53.023200                     ",0,"0.000000                      ",0,"0.000000                      ",0,"0.000000                      ",1,"0.155000                      ",644,"99.844900                     "
"1997","05406","06","6608","","03","Mid/Jr Hi ","N","Winneconne Community","","Middle/Junior High School Type/ Prek-12","436",214,"49.082500                     ",222,"50.917400                     ",3,"0.688000                      ",0,"0.000000                      ",1,"0.229300                      ",0,"0.000000                      ",432,"99.082500                     "
"1997","05406","06","6608","","03","High      ","N","Winneconne Community","","High School Type/ PreK-12","520",245,"47.115300                     ",275,"52.884600                     ",3,"0.576900                      ",0,"0.000000                      ",0,"0.000000                      ",4,"0.769200                      ",513,"98.653800                     "
"1997","05406","06","6608","","03","El/Sec    ","N","Winneconne Community","","Combined Elementary/Secondary School Type/ Prek-12","0",0,"--                            ",0,"--                            ",0,"--                            ",0,"--                            ",0,"--                            ",0,"--                            ",0,"--                            "
"1997","05406","06","6608","","03","Summary   ","N","Winneconne Community","","Grades PreK-12","1601",762,"47.595200                     ",839,"52.404700                     ",6,"0.374700                      ",0,"0.000000                      ",1,"0.062400                      ",5,"0.312300                      ",1589,"99.250400                     "
"1997","07421","06","6608","0020","04","Elem      ","N","Winneconne Community","Winchester El","Grades PreK-12","133",66,"49.624000                     ",67,"50.375900                     ",0,"0.000000                      ",0,"0.000000                      ",0,"0.000000                      ",0,"0.000000                      ",133,"100.000000                    "
"1997","07422","06","6608","0040","04","Elem      ","N","Winneconne Community","Winneconne El","Grades PreK-12","512",237,"46.289000                     ",275,"53.710900                     ",0,"0.000000                      ",0,"0.000000                      ",0,"0.000000                      ",1,"0.195300                      ",511,"99.804600                     "
"1997","07423","06","6608","0060","04","High      ","N","Winneconne Community","Winneconne Hi","Grades PreK-12","520",245,"47.115300                     ",275,"52.884600                     ",3,"0.576900                      ",0,"0.000000                      ",0,"0.000000                      ",4,"0.769200                      ",513,"98.653800                     "
"1997","07424","06","6608","0080","04","Mid/Jr Hi ","N","Winneconne Community","Winneconne Mid","Grades PreK-12","436",214,"49.082500                     ",222,"50.917400                     ",3,"0.688000                      ",0,"0.000000                      ",1,"0.229300                      ",0,"0.000000                      ",432,"99.082500                     "
