"year","agency_key","CESA","district_number","school_number","agency_type","school_type","charter","district_name","school_name","grade_label","race_ethnicity","gender","total_enrollment_prek-12","pre-k_number","pre-k_percent","kinder_number","kinder_percent","grade_1_number","grade_1_percent","grade_2_number","grade_2_percent","grade_3_number","grade_3_percent","grade_4_number","grade_4_percent","grade_5_number","grade_5_percent","grade_6_number","grade_6_percent","grade_7_number","grade_7_percent","grade_8_number","grade_8_percent","grade_9_number","grade_9_percent","grade_10_number","grade_10_percent","grade_11_number","grade_11_percent","grade_12_number","grade_12_percent"
"1998","10385","06","0147","","03","Summary   ","N","Appleton Area","","Grades PreK-12","All Races","Both Genders","14483",282,"1.947100                      ",968,"6.683600                      ",1034,"7.139400                      ",975,"6.732000                      ",1094,"7.553600                      ",1137,"7.850500                      ",1120,"7.733200                      ",1100,"7.595100                      ",1099,"7.588200                      ",1144,"7.898900                      ",1203,"8.306200                      ",1070,"7.387900                      ",1115,"7.698600                      ",1142,"7.885100                      "
"1998","13590","06","0147","0020","04","High      ","N","Appleton Area","East Hi","Grades PreK-12","All Races","Both Genders","1505",0,"0.000000                      ",0,"0.000000                      ",0,"0.000000                      ",0,"0.000000                      ",0,"0.000000                      ",0,"0.000000                      ",0,"0.000000                      ",0,"0.000000                      ",0,"0.000000                      ",0,"0.000000                      ",398,"26.445100                     ",372,"24.717600                     ",377,"25.049800                     ",358,"23.787300                     "
"1998","15420","06","0147","0030","04","High      ","N","Appleton Area","North Hi","Grades PreK-12","All Races","Both Genders","1625",0,"0.000000                      ",0,"0.000000                      ",0,"0.000000                      ",0,"0.000000                      ",0,"0.000000                      ",0,"0.000000                      ",0,"0.000000                      ",0,"0.000000                      ",0,"0.000000                      ",0,"0.000000                      ",448,"27.569200                     ",379,"23.323000                     ",397,"24.430700                     ",401,"24.676900                     "
"1998","13589","06","0147","0040","04","High      ","N","Appleton Area","West Hi","Grades PreK-12","All Races","Both Genders","1313",0,"0.000000                      ",0,"0.000000                      ",0,"0.000000                      ",0,"0.000000                      ",0,"0.000000                      ",0,"0.000000                      ",0,"0.000000                      ",0,"0.000000                      ",0,"0.000000                      ",0,"0.000000                      ",355,"27.037300                     ",315,"23.990800                     ",306,"23.305400                     ",337,"25.666400                     "
"1998","13611","06","0147","0060","04","Elem      ","N","Appleton Area","Badger El","Grades PreK-12","All Races","Both Genders","292",0,"0.000000                      ",37,"12.671200                     ",36,"12.328700                     ",31,"10.616400                     ",54,"18.493100                     ",46,"15.753400                     ",41,"14.041000                     ",47,"16.095800                     ",0,"0.000000                      ",0,"0.000000                      ",0,"0.000000                      ",0,"0.000000                      ",0,"0.000000                      ",0,"0.000000                      "
"1998","13612","06","0147","0080","04","Elem      ","N","Appleton Area","Columbus El","Grades PreK-12","All Races","Both Genders","278",32,"11.510700                     ",35,"12.589900                     ",42,"15.107900                     ",37,"13.309300                     ",31,"11.151000                     ",39,"14.028700                     ",35,"12.589900                     ",27,"9.712200                      ",0,"0.000000                      ",0,"0.000000                      ",0,"0.000000                      ",0,"0.000000                      ",0,"0.000000                      ",0,"0.000000                      "
"1998","13613","06","0147","0100","04","Elem      ","N","Appleton Area","Edison El","Grades PreK-12","All Races","Both Genders","367",16,"4.359600                      ",43,"11.716600                     ",42,"11.444100                     ",60,"16.348700                     ",42,"11.444100                     ",59,"16.076200                     ",61,"16.621200                     ",44,"11.989100                     ",0,"0.000000                      ",0,"0.000000                      ",0,"0.000000                      ",0,"0.000000                      ",0,"0.000000                      ",0,"0.000000                      "
"1998","13614","06","0147","0120","04","Mid/Jr Hi ","N","Appleton Area","Einstein Mid","Grades PreK-12","All Races","Both Genders","650",0,"0.000000                      ",0,"0.000000                      ",0,"0.000000                      ",0,"0.000000                      ",0,"0.000000                      ",0,"0.000000                      ",0,"0.000000                      ",114,"17.538400                     ",270,"41.538400                     ",266,"40.923000                     ",0,"0.000000                      ",0,"0.000000                      ",0,"0.000000                      ",0,"0.000000                      "
"1998","13595","06","0147","0130","04","Elem      ","N","Appleton Area","Edna Ferber El","Grades PreK-12","All Races","Both Genders","565",18,"3.185800                      ",88,"15.575200                     ",88,"15.575200                     ",81,"14.336200                     ",92,"16.283100                     ",107,"18.938000                     ",91,"16.106100                     ",0,"0.000000                      ",0,"0.000000                      ",0,"0.000000                      ",0,"0.000000                      ",0,"0.000000                      ",0,"0.000000                      ",0,"0.000000                      "
"1998","13576","06","0147","0140","04","Elem      ","N","Appleton Area","Foster El","Grades PreK-12","All Races","Both Genders","268",0,"0.000000                      ",35,"13.059700                     ",46,"17.164100                     ",21,"7.835800                      ",34,"12.686500                     ",50,"18.656700                     ",37,"13.805900                     ",45,"16.791000                     ",0,"0.000000                      ",0,"0.000000                      ",0,"0.000000                      ",0,"0.000000                      ",0,"0.000000                      ",0,"0.000000                      "
"1998","13577","06","0147","0160","04","Elem      ","N","Appleton Area","Franklin El","Grades PreK-12","All Races","Both Genders","532",0,"0.000000                      ",71,"13.345800                     ",78,"14.661600                     ",69,"12.969900                     ",76,"14.285700                     ",87,"16.353300                     ",76,"14.285700                     ",75,"14.097700                     ",0,"0.000000                      ",0,"0.000000                      ",0,"0.000000                      ",0,"0.000000                      ",0,"0.000000                      ",0,"0.000000                      "
"1998","13578","06","0147","0180","04","Elem      ","N","Appleton Area","Highlands El","Grades PreK-12","All Races","Both Genders","712",26,"3.651600                      ",88,"12.359500                     ",95,"13.342600                     ",92,"12.921300                     ",108,"15.168500                     ",92,"12.921300                     ",100,"14.044900                     ",111,"15.589800                     ",0,"0.000000                      ",0,"0.000000                      ",0,"0.000000                      ",0,"0.000000                      ",0,"0.000000                      ",0,"0.000000                      "
"1998","13591","06","0147","0190","04","Elem      ","N","Appleton Area","Horizons El","Grades PreK-12","All Races","Both Genders","427",7,"1.639300                      ",52,"12.177900                     ",59,"13.817300                     ",53,"12.412100                     ",60,"14.051500                     ",64,"14.988200                     ",67,"15.690800                     ",65,"15.222400                     ",0,"0.000000                      ",0,"0.000000                      ",0,"0.000000                      ",0,"0.000000                      ",0,"0.000000                      ",0,"0.000000                      "
"1998","13592","06","0147","0195","04","Elem      ","N","Appleton Area","Houdini El","Grades PreK-12","All Races","Both Genders","660",9,"1.363600                      ",82,"12.424200                     ",101,"15.303000                     ",84,"12.727200                     ",85,"12.878700                     ",112,"16.969600                     ",95,"14.393900                     ",92,"13.939300                     ",0,"0.000000                      ",0,"0.000000                      ",0,"0.000000                      ",0,"0.000000                      ",0,"0.000000                      ",0,"0.000000                      "
"1998","13579","06","0147","0200","04","Elem      ","N","Appleton Area","Huntley El","Grades PreK-12","All Races","Both Genders","597",31,"5.192600                      ",68,"11.390200                     ",69,"11.557700                     ",74,"12.395300                     ",93,"15.577800                     ",79,"13.232800                     ",85,"14.237800                     ",98,"16.415400                     ",0,"0.000000                      ",0,"0.000000                      ",0,"0.000000                      ",0,"0.000000                      ",0,"0.000000                      ",0,"0.000000                      "
"1998","13593","06","0147","0220","04","Elem      ","N","Appleton Area","Janet Berry El","Grades PreK-12","All Races","Both Genders","450",21,"4.666600                      ",61,"13.555500                     ",58,"12.888800                     ",69,"15.333300                     ",64,"14.222200                     ",70,"15.555500                     ",57,"12.666600                     ",50,"11.111100                     ",0,"0.000000                      ",0,"0.000000                      ",0,"0.000000                      ",0,"0.000000                      ",0,"0.000000                      ",0,"0.000000                      "
"1998","13580","06","0147","0240","04","Elem      ","N","Appleton Area","Jefferson El","Grades PreK-12","All Races","Both Genders","476",16,"3.361300                      ",58,"12.184800                     ",79,"16.596600                     ",64,"13.445300                     ",71,"14.915900                     ",56,"11.764700                     ",73,"15.336100                     ",59,"12.394900                     ",0,"0.000000                      ",0,"0.000000                      ",0,"0.000000                      ",0,"0.000000                      ",0,"0.000000                      ",0,"0.000000                      "
"1998","13581","06","0147","0260","04","Elem      ","N","Appleton Area","Johnston El","Grades PreK-12","All Races","Both Genders","571",4,"0.700500                      ",77,"13.485100                     ",69,"12.084000                     ",76,"13.309900                     ",84,"14.711000                     ",86,"15.061200                     ",95,"16.637400                     ",80,"14.010500                     ",0,"0.000000                      ",0,"0.000000                      ",0,"0.000000                      ",0,"0.000000                      ",0,"0.000000                      ",0,"0.000000                      "
"1998","13582","06","0147","0280","04","Elem      ","N","Appleton Area","Lincoln El","Grades PreK-12","All Races","Both Genders","432",23,"5.324000                      ",73,"16.898100                     ",73,"16.898100                     ",55,"12.731400                     ",71,"16.435100                     ",63,"14.583300                     ",74,"17.129600                     ",0,"0.000000                      ",0,"0.000000                      ",0,"0.000000                      ",0,"0.000000                      ",0,"0.000000                      ",0,"0.000000                      ",0,"0.000000                      "
"1998","13583","06","0147","0300","04","Mid/Jr Hi ","N","Appleton Area","Madison Mid","Grades PreK-12","All Races","Both Genders","708",0,"0.000000                      ",0,"0.000000                      ",0,"0.000000                      ",0,"0.000000                      ",0,"0.000000                      ",0,"0.000000                      ",0,"0.000000                      ",0,"0.000000                      ",356,"50.282400                     ",352,"49.717500                     ",0,"0.000000                      ",0,"0.000000                      ",0,"0.000000                      ",0,"0.000000                      "
"1998","13584","06","0147","0320","04","Elem      ","N","Appleton Area","McKinley El","Grades PreK-12","All Races","Both Genders","575",34,"5.913000                      ",58,"10.086900                     ",66,"11.478200                     ",71,"12.347800                     ",91,"15.826000                     ",86,"14.956500                     ",83,"14.434700                     ",86,"14.956500                     ",0,"0.000000                      ",0,"0.000000                      ",0,"0.000000                      ",0,"0.000000                      ",0,"0.000000                      ",0,"0.000000                      "
"1998","13585","06","0147","0340","04","Elem      ","N","Appleton Area","Richmond El","Grades PreK-12","All Races","Both Genders","286",0,"0.000000                      ",42,"14.685300                     ",33,"11.538400                     ",38,"13.286700                     ",38,"13.286700                     ",41,"14.335600                     ",50,"17.482500                     ",44,"15.384600                     ",0,"0.000000                      ",0,"0.000000                      ",0,"0.000000                      ",0,"0.000000                      ",0,"0.000000                      ",0,"0.000000                      "
"1998","13586","06","0147","0360","04","Mid/Jr Hi ","N","Appleton Area","Roosevelt Mid","Grades PreK-12","All Races","Both Genders","465",0,"0.000000                      ",0,"0.000000                      ",0,"0.000000                      ",0,"0.000000                      ",0,"0.000000                      ",0,"0.000000                      ",0,"0.000000                      ",0,"0.000000                      ",221,"47.526800                     ",244,"52.473100                     ",0,"0.000000                      ",0,"0.000000                      ",0,"0.000000                      ",0,"0.000000                      "
"1998","13587","06","0147","0380","04","Elem      ","N","Appleton Area","Twin Willows P-K","Grades PreK-12","All Races","Both Genders","45",45,"100.000000                    ",0,"0.000000                      ",0,"0.000000                      ",0,"0.000000                      ",0,"0.000000                      ",0,"0.000000                      ",0,"0.000000                      ",0,"0.000000                      ",0,"0.000000                      ",0,"0.000000                      ",0,"0.000000                      ",0,"0.000000                      ",0,"0.000000                      ",0,"0.000000                      "
"1998","17512","06","0147","0400","04","High      ","Y","Appleton Area","Appleton Central Alternative Hi","Grades PreK-12","All Races","Both Genders","87",0,"0.000000                      ",0,"0.000000                      ",0,"0.000000                      ",0,"0.000000                      ",0,"0.000000                      ",0,"0.000000                      ",0,"0.000000                      ",0,"0.000000                      ",0,"0.000000                      ",0,"0.000000                      ",2,"2.298800                      ",4,"4.597700                      ",35,"40.229800                     ",46,"52.873500                     "
"1998","13588","06","0147","0410","04","Mid/Jr Hi ","N","Appleton Area","Wilson Mid","Grades PreK-12","All Races","Both Genders","597",0,"0.000000                      ",0,"0.000000                      ",0,"0.000000                      ",0,"0.000000                      ",0,"0.000000                      ",0,"0.000000                      ",0,"0.000000                      ",63,"10.552700                     ",252,"42.211000                     ",282,"47.236100                     ",0,"0.000000                      ",0,"0.000000                      ",0,"0.000000                      ",0,"0.000000                      "
"1998","10180","06","0336","","03","Summary   ","N","Beaver Dam","","Grades PreK-12","All Races","Both Genders","3394",70,"2.062400                      ",208,"6.128400                      ",244,"7.189100                      ",221,"6.511400                      ",250,"7.365900                      ",250,"7.365900                      ",257,"7.572100                      ",247,"7.277500                      ",253,"7.454300                      ",247,"7.277500                      ",281,"8.279300                      ",287,"8.456000                      ",295,"8.691800                      ",284,"8.367700                      "
"1998","14478","06","0336","0020","04","Mid/Jr Hi ","N","Beaver Dam","Beaver Dam Mid","Grades PreK-12","All Races","Both Genders","734",0,"0.000000                      ",0,"0.000000                      ",0,"0.000000                      ",0,"0.000000                      ",0,"0.000000                      ",0,"0.000000                      ",0,"0.000000                      ",246,"33.514900                     ",250,"34.059900                     ",238,"32.425000                     ",0,"0.000000                      ",0,"0.000000                      ",0,"0.000000                      ",0,"0.000000                      "
"1998","14479","06","0336","0040","04","High      ","N","Beaver Dam","Beaver Dam Hi","Grades PreK-12","All Races","Both Genders","1021",0,"0.000000                      ",0,"0.000000                      ",0,"0.000000                      ",0,"0.000000                      ",0,"0.000000                      ",0,"0.000000                      ",0,"0.000000                      ",0,"0.000000                      ",0,"0.000000                      ",0,"0.000000                      ",276,"27.032300                     ",273,"26.738400                     ",266,"26.052800                     ",206,"20.176200                     "
"1998","15334","06","0336","0060","04","Elem      ","N","Beaver Dam","Hyland Prairie El","Grades PreK-12","All Races","Both Genders","97",0,"0.000000                      ",34,"35.051500                     ",16,"16.494800                     ",7,"7.216400                      ",15,"15.463900                     ",9,"9.278300                      ",16,"16.494800                     ",0,"0.000000                      ",0,"0.000000                      ",0,"0.000000                      ",0,"0.000000                      ",0,"0.000000                      ",0,"0.000000                      ",0,"0.000000                      "
"1998","14480","06","0336","0080","04","Elem      ","N","Beaver Dam","Jefferson El","Grades PreK-12","All Races","Both Genders","388",40,"10.309200                     ",59,"15.206100                     ",52,"13.402000                     ",61,"15.721600                     ",62,"15.979300                     ",59,"15.206100                     ",55,"14.175200                     ",0,"0.000000                      ",0,"0.000000                      ",0,"0.000000                      ",0,"0.000000                      ",0,"0.000000                      ",0,"0.000000                      ",0,"0.000000                      "
"1998","14481","06","0336","0100","04","Elem      ","N","Beaver Dam","Lincoln El","Grades PreK-12","All Races","Both Genders","276",0,"0.000000                      ",31,"11.231800                     ",50,"18.115900                     ",42,"15.217300                     ",54,"19.565200                     ",49,"17.753600                     ",50,"18.115900                     ",0,"0.000000                      ",0,"0.000000                      ",0,"0.000000                      ",0,"0.000000                      ",0,"0.000000                      ",0,"0.000000                      ",0,"0.000000                      "
"1998","14462","06","0336","0120","04","Elem      ","N","Beaver Dam","South Beaver Dam El","Grades PreK-12","All Races","Both Genders","145",30,"20.689600                     ",0,"0.000000                      ",23,"15.862000                     ",22,"15.172400                     ",15,"10.344800                     ",32,"22.068900                     ",23,"15.862000                     ",0,"0.000000                      ",0,"0.000000                      ",0,"0.000000                      ",0,"0.000000                      ",0,"0.000000                      ",0,"0.000000                      ",0,"0.000000                      "
"1998","14444","06","0336","0140","04","Elem      ","N","Beaver Dam","Trenton El","Grades PreK-12","All Races","Both Genders","120",0,"0.000000                      ",0,"0.000000                      ",26,"21.666600                     ",17,"14.166600                     ",27,"22.500000                     ",28,"23.333300                     ",22,"18.333300                     ",0,"0.000000                      ",0,"0.000000                      ",0,"0.000000                      ",0,"0.000000                      ",0,"0.000000                      ",0,"0.000000                      ",0,"0.000000                      "
"1998","14445","06","0336","0160","04","Elem      ","N","Beaver Dam","Washington El","Grades PreK-12","All Races","Both Genders","311",0,"0.000000                      ",45,"14.469400                     ",51,"16.398700                     ",46,"14.790900                     ",52,"16.720200                     ",50,"16.077100                     ",67,"21.543400                     ",0,"0.000000                      ",0,"0.000000                      ",0,"0.000000                      ",0,"0.000000                      ",0,"0.000000                      ",0,"0.000000                      ",0,"0.000000                      "
"1998","14446","06","0336","0180","04","Elem      ","N","Beaver Dam","Wilson El","Grades PreK-12","All Races","Both Genders","163",0,"0.000000                      ",39,"23.926300                     ",26,"15.950900                     ",26,"15.950900                     ",25,"15.337400                     ",23,"14.110400                     ",24,"14.723900                     ",0,"0.000000                      ",0,"0.000000                      ",0,"0.000000                      ",0,"0.000000                      ",0,"0.000000                      ",0,"0.000000                      ",0,"0.000000                      "
"1998","15409","06","0336","0200","04","El/Sec    ","Y","Beaver Dam","Beaver Dam Charter Sch","Grades PreK-12","All Races","Both Genders","139",0,"0.000000                      ",0,"0.000000                      ",0,"0.000000                      ",0,"0.000000                      ",0,"0.000000                      ",0,"0.000000                      ",0,"0.000000                      ",1,"0.719400                      ",3,"2.158200                      ",9,"6.474800                      ",5,"3.597100                      ",14,"10.071900                     ",29,"20.863300                     ",78,"56.115100                     "
"1998","10386","06","0434","","03","Summary   ","N","Berlin Area","","Grades PreK-12","All Races","Both Genders","1893",29,"1.531900                      ",129,"6.814500                      ",117,"6.180600                      ",125,"6.603200                      ",124,"6.550400                      ",141,"7.448400                      ",137,"7.237100                      ",134,"7.078700                      ",139,"7.342800                      ",150,"7.923900                      ",187,"9.878400                      ",161,"8.505000                      ",152,"8.029500                      ",168,"8.874800                      "
"1998","13594","06","0434","0040","04","High      ","N","Berlin Area","Berlin Hi","Grades PreK-12","All Races","Both Genders","668",0,"0.000000                      ",0,"0.000000                      ",0,"0.000000                      ",0,"0.000000                      ",0,"0.000000                      ",0,"0.000000                      ",0,"0.000000                      ",0,"0.000000                      ",0,"0.000000                      ",0,"0.000000                      ",187,"27.994000                     ",161,"24.101700                     ",152,"22.754400                     ",168,"25.149700                     "
"1998","13575","06","0434","0060","04","Elem      ","N","Berlin Area","Clay El","Grades PreK-12","All Races","Both Genders","728",29,"3.983500                      ",113,"15.521900                     ",101,"13.873600                     ",109,"14.972500                     ",113,"15.521900                     ",126,"17.307600                     ",137,"18.818600                     ",0,"0.000000                      ",0,"0.000000                      ",0,"0.000000                      ",0,"0.000000                      ",0,"0.000000                      ",0,"0.000000                      ",0,"0.000000                      "
"1998","13557","06","0434","0080","04","Mid/Jr Hi ","N","Berlin Area","Berlin Mid","Grades PreK-12","All Races","Both Genders","423",0,"0.000000                      ",0,"0.000000                      ",0,"0.000000                      ",0,"0.000000                      ",0,"0.000000                      ",0,"0.000000                      ",0,"0.000000                      ",134,"31.678400                     ",139,"32.860500                     ",150,"35.460900                     ",0,"0.000000                      ",0,"0.000000                      ",0,"0.000000                      ",0,"0.000000                      "
"1998","13511","06","0434","0100","04","Elem      ","N","Berlin Area","Poy Sippi El","Grades PreK-12","All Races","Both Genders","74",0,"0.000000                      ",16,"21.621600                     ",16,"21.621600                     ",16,"21.621600                     ",11,"14.864800                     ",15,"20.270200                     ",0,"0.000000                      ",0,"0.000000                      ",0,"0.000000                      ",0,"0.000000                      ",0,"0.000000                      ",0,"0.000000                      ",0,"0.000000                      ",0,"0.000000                      "
"1998","10002","06","0910","","03","Summary   ","N","Campbellsport","","Grades PreK-12","All Races","Both Genders","1647",8,"0.485700                      ",85,"5.160800                      ",106,"6.435900                      ",101,"6.132300                      ",104,"6.314500                      ",121,"7.346600                      ",111,"6.739500                      ",133,"8.075200                      ",133,"8.075200                      ",151,"9.168100                      ",133,"8.075200                      ",180,"10.928900                     ",143,"8.682400                      ",138,"8.378800                      "
"1998","15375","06","0910","0020","04","Elem      ","N","Campbellsport","Campbellsport El","Grades PreK-12","All Races","Both Genders","650",8,"1.230700                      ",33,"5.076900                      ",44,"6.769200                      ",45,"6.923000                      ",49,"7.538400                      ",59,"9.076900                      ",54,"8.307600                      ",74,"11.384600                     ",133,"20.461500                     ",151,"23.230700                     ",0,"0.000000                      ",0,"0.000000                      ",0,"0.000000                      ",0,"0.000000                      "
"1998","15376","06","0910","0040","04","High      ","N","Campbellsport","Campbellsport Hi","Grades PreK-12","All Races","Both Genders","594",0,"0.000000                      ",0,"0.000000                      ",0,"0.000000                      ",0,"0.000000                      ",0,"0.000000                      ",0,"0.000000                      ",0,"0.000000                      ",0,"0.000000                      ",0,"0.000000                      ",0,"0.000000                      ",133,"22.390500                     ",180,"30.303000                     ",143,"24.074000                     ",138,"23.232300                     "
"1998","15396","06","0910","0080","04","Elem      ","N","Campbellsport","Eden El","Grades PreK-12","All Races","Both Genders","403",0,"0.000000                      ",52,"12.903200                     ",62,"15.384600                     ",56,"13.895700                     ",55,"13.647600                     ",62,"15.384600                     ",57,"14.143900                     ",59,"14.640100                     ",0,"0.000000                      ",0,"0.000000                      ",0,"0.000000                      ",0,"0.000000                      ",0,"0.000000                      ",0,"0.000000                      "
"1998","10010","06","1687","","03","Summary   ","N","Erin","","Grades PreK-12","All Races","Both Genders","352",33,"9.375000                      ",29,"8.238600                      ",29,"8.238600                      ",30,"8.522700                      ",36,"10.227200                     ",39,"11.079500                     ",31,"8.806800                      ",50,"14.204500                     ",41,"11.647700                     ",34,"9.659000                      ",0,"0.000000                      ",0,"0.000000                      ",0,"0.000000                      ",0,"0.000000                      "
"1998","15353","06","1687","0020","04","Elem      ","N","Erin","Erin El","Grades PreK-12","All Races","Both Genders","352",33,"9.375000                      ",29,"8.238600                      ",29,"8.238600                      ",30,"8.522700                      ",36,"10.227200                     ",39,"11.079500                     ",31,"8.806800                      ",50,"14.204500                     ",41,"11.647700                     ",34,"9.659000                      ",0,"0.000000                      ",0,"0.000000                      ",0,"0.000000                      ",0,"0.000000                      "
"1998","10388","06","1862","","03","Summary   ","N","Fond du Lac","","Grades PreK-12","All Races","Both Genders","7465",56,"0.750100                      ",581,"7.782900                      ",558,"7.474800                      ",578,"7.742700                      ",547,"7.327500                      ",571,"7.649000                      ",494,"6.617500                      ",587,"7.863300                      ",636,"8.519700                      ",603,"8.077600                      ",552,"7.394500                      ",570,"7.635600                      ",551,"7.381100                      ",581,"7.782900                      "
"1998","13563","06","1862","0030","04","Elem      ","N","Fond du Lac","Chegwin El","Grades PreK-12","All Races","Both Genders","433",0,"0.000000                      ",65,"15.011500                     ",60,"13.856800                     ",71,"16.397200                     ",60,"13.856800                     ",55,"12.702000                     ",49,"11.316300                     ",73,"16.859100                     ",0,"0.000000                      ",0,"0.000000                      ",0,"0.000000                      ",0,"0.000000                      ",0,"0.000000                      ",0,"0.000000                      "
"1998","13564","06","1862","0080","04","Elem      ","N","Fond du Lac","Evans El","Grades PreK-12","All Races","Both Genders","377",0,"0.000000                      ",51,"13.527800                     ",57,"15.119300                     ",56,"14.854100                     ",54,"14.323600                     ",66,"17.506600                     ",47,"12.466800                     ",46,"12.201500                     ",0,"0.000000                      ",0,"0.000000                      ",0,"0.000000                      ",0,"0.000000                      ",0,"0.000000                      ",0,"0.000000                      "
"1998","13565","06","1862","0090","04","Elem      ","N","Fond du Lac","Fahey","Grades PreK-12","All Races","Both Genders","56",56,"100.000000                    ",0,"0.000000                      ",0,"0.000000                      ",0,"0.000000                      ",0,"0.000000                      ",0,"0.000000                      ",0,"0.000000                      ",0,"0.000000                      ",0,"0.000000                      ",0,"0.000000                      ",0,"0.000000                      ",0,"0.000000                      ",0,"0.000000                      ",0,"0.000000                      "
"1998","13566","06","1862","0120","04","Elem      ","N","Fond du Lac","Franklin El","Grades PreK-12","All Races","Both Genders","302",0,"0.000000                      ",50,"16.556200                     ",37,"12.251600                     ",47,"15.562900                     ",46,"15.231700                     ",39,"12.913900                     ",33,"10.927100                     ",50,"16.556200                     ",0,"0.000000                      ",0,"0.000000                      ",0,"0.000000                      ",0,"0.000000                      ",0,"0.000000                      ",0,"0.000000                      "
"1998","13567","06","1862","0140","04","High      ","N","Fond du Lac","Goodrich Hi","Grades PreK-12","All Races","Both Genders","1691",0,"0.000000                      ",0,"0.000000                      ",0,"0.000000                      ",0,"0.000000                      ",0,"0.000000                      ",0,"0.000000                      ",0,"0.000000                      ",0,"0.000000                      ",0,"0.000000                      ",0,"0.000000                      ",0,"0.000000                      ",567,"33.530400                     ",548,"32.406800                     ",576,"34.062600                     "
"1998","13568","06","1862","0200","04","Elem      ","N","Fond du Lac","Lakeshore El","Grades PreK-12","All Races","Both Genders","553",0,"0.000000                      ",80,"14.466500                     ",73,"13.200700                     ",82,"14.828200                     ",80,"14.466500                     ",90,"16.274800                     ",79,"14.285700                     ",69,"12.477300                     ",0,"0.000000                      ",0,"0.000000                      ",0,"0.000000                      ",0,"0.000000                      ",0,"0.000000                      ",0,"0.000000                      "
"1998","13569","06","1862","0230","04","Elem      ","N","Fond du Lac","Parkside El","Grades PreK-12","All Races","Both Genders","341",0,"0.000000                      ",30,"8.797600                      ",56,"16.422200                     ",57,"16.715500                     ",47,"13.782900                     ",52,"15.249200                     ",54,"15.835700                     ",45,"13.196400                     ",0,"0.000000                      ",0,"0.000000                      ",0,"0.000000                      ",0,"0.000000                      ",0,"0.000000                      ",0,"0.000000                      "
"1998","13570","06","1862","0240","04","Elem      ","N","Fond du Lac","Pier El","Grades PreK-12","All Races","Both Genders","502",0,"0.000000                      ",86,"17.131400                     ",66,"13.147400                     ",65,"12.948200                     ",69,"13.745000                     ",65,"12.948200                     ",67,"13.346600                     ",84,"16.733000                     ",0,"0.000000                      ",0,"0.000000                      ",0,"0.000000                      ",0,"0.000000                      ",0,"0.000000                      ",0,"0.000000                      "
"1998","13571","06","1862","0260","04","Elem      ","N","Fond du Lac","Roberts El","Grades PreK-12","All Races","Both Genders","448",0,"0.000000                      ",69,"15.401700                     ",55,"12.276700                     ",69,"15.401700                     ",69,"15.401700                     ",61,"13.616000                     ",51,"11.383900                     ",74,"16.517800                     ",0,"0.000000                      ",0,"0.000000                      ",0,"0.000000                      ",0,"0.000000                      ",0,"0.000000                      ",0,"0.000000                      "
"1998","13572","06","1862","0280","04","Elem      ","N","Fond du Lac","Rosenow El","Grades PreK-12","All Races","Both Genders","470",0,"0.000000                      ",74,"15.744600                     ",71,"15.106300                     ",67,"14.255300                     ",60,"12.765900                     ",72,"15.319100                     ",57,"12.127600                     ",69,"14.680800                     ",0,"0.000000                      ",0,"0.000000                      ",0,"0.000000                      ",0,"0.000000                      ",0,"0.000000                      ",0,"0.000000                      "
"1998","13573","06","1862","0300","04","Mid/Jr Hi ","N","Fond du Lac","Sabish Jr","Grades PreK-12","All Races","Both Genders","638",0,"0.000000                      ",0,"0.000000                      ",0,"0.000000                      ",0,"0.000000                      ",0,"0.000000                      ",0,"0.000000                      ",0,"0.000000                      ",0,"0.000000                      ",224,"35.109700                     ",223,"34.952900                     ",191,"29.937300                     ",0,"0.000000                      ",0,"0.000000                      ",0,"0.000000                      "
"1998","13574","06","1862","0335","04","Mid/Jr Hi ","N","Fond du Lac","Theisen Jr","Grades PreK-12","All Races","Both Genders","651",0,"0.000000                      ",0,"0.000000                      ",0,"0.000000                      ",0,"0.000000                      ",0,"0.000000                      ",0,"0.000000                      ",0,"0.000000                      ",0,"0.000000                      ",229,"35.176600                     ",212,"32.565200                     ",199,"30.568300                     ",3,"0.460800                      ",3,"0.460800                      ",5,"0.768000                      "
"1998","13556","06","1862","0360","04","Elem      ","N","Fond du Lac","Waters El","Grades PreK-12","All Races","Both Genders","490",0,"0.000000                      ",76,"15.510200                     ",83,"16.938700                     ",64,"13.061200                     ",62,"12.653000                     ",71,"14.489700                     ",57,"11.632600                     ",77,"15.714200                     ",0,"0.000000                      ",0,"0.000000                      ",0,"0.000000                      ",0,"0.000000                      ",0,"0.000000                      ",0,"0.000000                      "
"1998","13539","06","1862","0365","04","Mid/Jr Hi ","N","Fond du Lac","Woodworth Jr","Grades PreK-12","All Races","Both Genders","513",0,"0.000000                      ",0,"0.000000                      ",0,"0.000000                      ",0,"0.000000                      ",0,"0.000000                      ",0,"0.000000                      ",0,"0.000000                      ",0,"0.000000                      ",183,"35.672500                     ",168,"32.748500                     ",162,"31.578900                     ",0,"0.000000                      ",0,"0.000000                      ",0,"0.000000                      "
"1998","10223","06","1953","","03","Summary   ","N","Freedom Area","","Grades PreK-12","All Races","Both Genders","1489",91,"6.111400                      ",100,"6.715900                      ",91,"6.111400                      ",92,"6.178600                      ",93,"6.245800                      ",97,"6.514400                      ",92,"6.178600                      ",103,"6.917300                      ",94,"6.312900                      ",121,"8.126200                      ",117,"7.857600                      ",134,"8.999300                      ",133,"8.932100                      ",131,"8.797800                      "
"1998","14296","06","1953","0020","04","Elem      ","N","Freedom Area","Freedom El","Grades PreK-12","All Races","Both Genders","656",91,"13.871900                     ",100,"15.243900                     ",91,"13.871900                     ",92,"14.024300                     ",93,"14.176800                     ",97,"14.786500                     ",92,"14.024300                     ",0,"0.000000                      ",0,"0.000000                      ",0,"0.000000                      ",0,"0.000000                      ",0,"0.000000                      ",0,"0.000000                      ",0,"0.000000                      "
"1998","14297","06","1953","0040","04","Mid/Jr Hi ","N","Freedom Area","Freedom Mid","Grades PreK-12","All Races","Both Genders","318",0,"0.000000                      ",0,"0.000000                      ",0,"0.000000                      ",0,"0.000000                      ",0,"0.000000                      ",0,"0.000000                      ",0,"0.000000                      ",103,"32.389900                     ",94,"29.559700                     ",121,"38.050300                     ",0,"0.000000                      ",0,"0.000000                      ",0,"0.000000                      ",0,"0.000000                      "
"1998","13480","06","1953","0060","04","High      ","N","Freedom Area","Freedom Hi","Grades PreK-12","All Races","Both Genders","515",0,"0.000000                      ",0,"0.000000                      ",0,"0.000000                      ",0,"0.000000                      ",0,"0.000000                      ",0,"0.000000                      ",0,"0.000000                      ",0,"0.000000                      ",0,"0.000000                      ",0,"0.000000                      ",117,"22.718400                     ",134,"26.019400                     ",133,"25.825200                     ",131,"25.436800                     "
"1998","10390","06","2310","","03","Summary   ","N","Green Lake","","Grades PreK-12","All Races","Both Genders","412",0,"0.000000                      ",22,"5.339800                      ",31,"7.524200                      ",32,"7.766900                      ",29,"7.038800                      ",37,"8.980500                      ",25,"6.067900                      ",27,"6.553300                      ",32,"7.766900                      ",32,"7.766900                      ",32,"7.766900                      ",30,"7.281500                      ",42,"10.194100                     ",41,"9.951400                      "
"1998","13544","06","2310","0020","04","Elem      ","N","Green Lake","Green Lake El","Grades PreK-12","All Races","Both Genders","203",0,"0.000000                      ",22,"10.837400                     ",31,"15.270900                     ",32,"15.763500                     ",29,"14.285700                     ",37,"18.226600                     ",25,"12.315200                     ",27,"13.300400                     ",0,"0.000000                      ",0,"0.000000                      ",0,"0.000000                      ",0,"0.000000                      ",0,"0.000000                      ",0,"0.000000                      "
"1998","13545","06","2310","0040","04","High      ","N","Green Lake","Green Lake Hi","Grades PreK-12","All Races","Both Genders","209",0,"0.000000                      ",0,"0.000000                      ",0,"0.000000                      ",0,"0.000000                      ",0,"0.000000                      ",0,"0.000000                      ",0,"0.000000                      ",0,"0.000000                      ",32,"15.311000                     ",32,"15.311000                     ",32,"15.311000                     ",30,"14.354000                     ",42,"20.095600                     ",41,"19.617200                     "
"1998","10011","06","2436","","03","Summary   ","N","Hartford UHS","","Grades PreK-12","All Races","Both Genders","1628",0,"0.000000                      ",0,"0.000000                      ",0,"0.000000                      ",0,"0.000000                      ",0,"0.000000                      ",0,"0.000000                      ",0,"0.000000                      ",0,"0.000000                      ",0,"0.000000                      ",0,"0.000000                      ",484,"29.729700                     ",420,"25.798500                     ",371,"22.788600                     ",353,"21.683000                     "
"1998","15354","06","2436","0020","04","High      ","N","Hartford UHS","Hartford Hi","Grades PreK-12","All Races","Both Genders","1628",0,"0.000000                      ",0,"0.000000                      ",0,"0.000000                      ",0,"0.000000                      ",0,"0.000000                      ",0,"0.000000                      ",0,"0.000000                      ",0,"0.000000                      ",0,"0.000000                      ",0,"0.000000                      ",484,"29.729700                     ",420,"25.798500                     ",371,"22.788600                     ",353,"21.683000                     "
"1998","10012","06","2443","","03","Summary   ","N","Hartford J1","","Grades PreK-12","All Races","Both Genders","1544",29,"1.878200                      ",148,"9.585400                      ",153,"9.909300                      ",143,"9.261600                      ",172,"11.139800                     ",172,"11.139800                     ",166,"10.751200                     ",183,"11.852300                     ",180,"11.658000                     ",198,"12.823800                     ",0,"0.000000                      ",0,"0.000000                      ",0,"0.000000                      ",0,"0.000000                      "
"1998","15355","06","2443","0020","04","Mid/Jr Hi ","N","Hartford J1","Central Mid","Grades PreK-12","All Races","Both Genders","561",0,"0.000000                      ",0,"0.000000                      ",0,"0.000000                      ",0,"0.000000                      ",0,"0.000000                      ",0,"0.000000                      ",0,"0.000000                      ",183,"32.620300                     ",180,"32.085500                     ",198,"35.294100                     ",0,"0.000000                      ",0,"0.000000                      ",0,"0.000000                      ",0,"0.000000                      "
"1998","15356","06","2443","0040","04","Elem      ","N","Hartford J1","Lincoln El","Grades PreK-12","All Races","Both Genders","459",15,"3.267900                      ",63,"13.725400                     ",66,"14.379000                     ",69,"15.032600                     ",79,"17.211300                     ",88,"19.172100                     ",79,"17.211300                     ",0,"0.000000                      ",0,"0.000000                      ",0,"0.000000                      ",0,"0.000000                      ",0,"0.000000                      ",0,"0.000000                      ",0,"0.000000                      "
"1998","15357","06","2443","0050","04","Elem      ","N","Hartford J1","Rossman El","Grades PreK-12","All Races","Both Genders","524",14,"2.671700                      ",85,"16.221300                     ",87,"16.603000                     ",74,"14.122100                     ",93,"17.748000                     ",84,"16.030500                     ",87,"16.603000                     ",0,"0.000000                      ",0,"0.000000                      ",0,"0.000000                      ",0,"0.000000                      ",0,"0.000000                      ",0,"0.000000                      ",0,"0.000000                      "
"1998","10026","06","2523","","03","Summary   ","N","Herman #22","","Grades PreK-12","All Races","Both Genders","122",0,"0.000000                      ",9,"7.377000                      ",11,"9.016300                      ",9,"7.377000                      ",11,"9.016300                      ",18,"14.754000                     ",13,"10.655700                     ",16,"13.114700                     ",18,"14.754000                     ",17,"13.934400                     ",0,"0.000000                      ",0,"0.000000                      ",0,"0.000000                      ",0,"0.000000                      "
"1998","15315","06","2523","0020","04","Elem      ","N","Herman #22","Herman El","Grades PreK-12","All Races","Both Genders","122",0,"0.000000                      ",9,"7.377000                      ",11,"9.016300                      ",9,"7.377000                      ",11,"9.016300                      ",18,"14.754000                     ",13,"10.655700                     ",16,"13.114700                     ",18,"14.754000                     ",17,"13.934400                     ",0,"0.000000                      ",0,"0.000000                      ",0,"0.000000                      ",0,"0.000000                      "
"1998","10017","06","2576","","03","Summary   ","N","Horicon","","Grades PreK-12","All Races","Both Genders","1166",18,"1.543700                      ",67,"5.746100                      ",65,"5.574600                      ",58,"4.974200                      ",84,"7.204100                      ",73,"6.260700                      ",91,"7.804400                      ",78,"6.689500                      ",102,"8.747800                      ",93,"7.975900                      ",105,"9.005100                      ",121,"10.377300                     ",100,"8.576300                      ",111,"9.519700                      "
"1998","15364","06","2576","0040","04","Elem      ","N","Horicon","Van Brunt El","Grades PreK-12","All Races","Both Genders","456",18,"3.947300                      ",67,"14.692900                     ",65,"14.254300                     ",58,"12.719200                     ",84,"18.421000                     ",73,"16.008700                     ",91,"19.956100                     ",0,"0.000000                      ",0,"0.000000                      ",0,"0.000000                      ",0,"0.000000                      ",0,"0.000000                      ",0,"0.000000                      ",0,"0.000000                      "
"1998","15365","06","2576","0060","04","High      ","N","Horicon","Horicon Hi","Grades PreK-12","All Races","Both Genders","437",0,"0.000000                      ",0,"0.000000                      ",0,"0.000000                      ",0,"0.000000                      ",0,"0.000000                      ",0,"0.000000                      ",0,"0.000000                      ",0,"0.000000                      ",0,"0.000000                      ",0,"0.000000                      ",105,"24.027400                     ",121,"27.688700                     ",100,"22.883200                     ",111,"25.400400                     "
"1998","15366","06","2576","0080","04","Mid/Jr Hi ","N","Horicon","Van Brunt Mid","Grades PreK-12","All Races","Both Genders","273",0,"0.000000                      ",0,"0.000000                      ",0,"0.000000                      ",0,"0.000000                      ",0,"0.000000                      ",0,"0.000000                      ",0,"0.000000                      ",78,"28.571400                     ",102,"37.362600                     ",93,"34.065900                     ",0,"0.000000                      ",0,"0.000000                      ",0,"0.000000                      ",0,"0.000000                      "
"1998","10425","06","2583","","03","Summary   ","N","Hortonville","","Grades PreK-12","All Races","Both Genders","2404",17,"0.707100                      ",207,"8.610600                      ",191,"7.945000                      ",195,"8.111400                      ",162,"6.738700                      ",167,"6.946700                      ",176,"7.321100                      ",183,"7.612300                      ",213,"8.860200                      ",157,"6.530700                      ",205,"8.527400                      ",172,"7.154700                      ",172,"7.154700                      ",187,"7.778700                      "
"1998","13546","06","2583","0010","04","Elem      ","N","Hortonville","Greenville El","Grades PreK-12","All Races","Both Genders","675",7,"1.037000                      ",118,"17.481400                     ",120,"17.777700                     ",111,"16.444400                     ",104,"15.407400                     ",102,"15.111100                     ",113,"16.740700                     ",0,"0.000000                      ",0,"0.000000                      ",0,"0.000000                      ",0,"0.000000                      ",0,"0.000000                      ",0,"0.000000                      ",0,"0.000000                      "
"1998","13547","06","2583","0020","04","Elem      ","N","Hortonville","Hortonville El","Grades PreK-12","All Races","Both Genders","440",10,"2.272700                      ",89,"20.227200                     ",71,"16.136300                     ",84,"19.090900                     ",58,"13.181800                     ",65,"14.772700                     ",63,"14.318100                     ",0,"0.000000                      ",0,"0.000000                      ",0,"0.000000                      ",0,"0.000000                      ",0,"0.000000                      ",0,"0.000000                      ",0,"0.000000                      "
"1998","13548","06","2583","0030","04","Mid/Jr Hi ","N","Hortonville","Hortonville Mid","Grades PreK-12","All Races","Both Genders","553",0,"0.000000                      ",0,"0.000000                      ",0,"0.000000                      ",0,"0.000000                      ",0,"0.000000                      ",0,"0.000000                      ",0,"0.000000                      ",183,"33.092200                     ",213,"38.517100                     ",157,"28.390500                     ",0,"0.000000                      ",0,"0.000000                      ",0,"0.000000                      ",0,"0.000000                      "
"1998","13549","06","2583","0040","04","High      ","N","Hortonville","Hortonville Hi","Grades PreK-12","All Races","Both Genders","736",0,"0.000000                      ",0,"0.000000                      ",0,"0.000000                      ",0,"0.000000                      ",0,"0.000000                      ",0,"0.000000                      ",0,"0.000000                      ",0,"0.000000                      ",0,"0.000000                      ",0,"0.000000                      ",205,"27.853200                     ",172,"23.369500                     ",172,"23.369500                     ",187,"25.407600                     "
"1998","10019","06","2625","","03","Summary   ","N","Hustisford","","Grades PreK-12","All Races","Both Genders","465",8,"1.720400                      ",21,"4.516100                      ",27,"5.806400                      ",17,"3.655900                      ",30,"6.451600                      ",27,"5.806400                      ",40,"8.602100                      ",37,"7.956900                      ",47,"10.107500                     ",32,"6.881700                      ",42,"9.032200                      ",48,"10.322500                     ",47,"10.107500                     ",42,"9.032200                      "
"1998","15369","06","2625","0020","04","Elem      ","N","Hustisford","John Hustis El","Grades PreK-12","All Races","Both Genders","207",8,"3.864700                      ",21,"10.144900                     ",27,"13.043400                     ",17,"8.212500                      ",30,"14.492700                     ",27,"13.043400                     ",40,"19.323600                     ",37,"17.874300                     ",0,"0.000000                      ",0,"0.000000                      ",0,"0.000000                      ",0,"0.000000                      ",0,"0.000000                      ",0,"0.000000                      "
"1998","15348","06","2625","0040","04","High      ","N","Hustisford","Hustisford Hi","Grades PreK-12","All Races","Both Genders","258",0,"0.000000                      ",0,"0.000000                      ",0,"0.000000                      ",0,"0.000000                      ",0,"0.000000                      ",0,"0.000000                      ",0,"0.000000                      ",0,"0.000000                      ",47,"18.217000                     ",32,"12.403100                     ",42,"16.279000                     ",48,"18.604600                     ",47,"18.217000                     ",42,"16.279000                     "
"1998","10021","06","2744","","03","Summary   ","N","Dodgeland","","Grades PreK-12","All Races","Both Genders","974",18,"1.848000                      ",57,"5.852100                      ",62,"6.365500                      ",66,"6.776100                      ",42,"4.312100                      ",59,"6.057400                      ",67,"6.878800                      ",79,"8.110800                      ",81,"8.316200                      ",85,"8.726800                      ",97,"9.958900                      ",87,"8.932200                      ",94,"9.650900                      ",80,"8.213500                      "
"1998","15335","06","2744","0022","04","High      ","N","Dodgeland","Dodgeland Hi","Grades PreK-12","All Races","Both Genders","358",0,"0.000000                      ",0,"0.000000                      ",0,"0.000000                      ",0,"0.000000                      ",0,"0.000000                      ",0,"0.000000                      ",0,"0.000000                      ",0,"0.000000                      ",0,"0.000000                      ",0,"0.000000                      ",97,"27.094900                     ",87,"24.301600                     ",94,"26.256900                     ",80,"22.346300                     "
"1998","14634","06","2744","0025","04","Mid/Jr Hi ","N","Dodgeland","Dodgeland Mid","Grades PreK-12","All Races","Both Genders","245",0,"0.000000                      ",0,"0.000000                      ",0,"0.000000                      ",0,"0.000000                      ",0,"0.000000                      ",0,"0.000000                      ",0,"0.000000                      ",79,"32.244800                     ",81,"33.061200                     ",85,"34.693800                     ",0,"0.000000                      ",0,"0.000000                      ",0,"0.000000                      ",0,"0.000000                      "
"1998","14673","06","2744","0030","04","Elem      ","N","Dodgeland","Lowell El","Grades PreK-12","All Races","Both Genders","131",0,"0.000000                      ",20,"15.267100                     ",24,"18.320600                     ",23,"17.557200                     ",20,"15.267100                     ",22,"16.793800                     ",22,"16.793800                     ",0,"0.000000                      ",0,"0.000000                      ",0,"0.000000                      ",0,"0.000000                      ",0,"0.000000                      ",0,"0.000000                      ",0,"0.000000                      "
"1998","15336","06","2744","0040","04","Elem      ","N","Dodgeland","Juneau El","Grades PreK-12","All Races","Both Genders","240",18,"7.500000                      ",37,"15.416600                     ",38,"15.833300                     ",43,"17.916600                     ",22,"9.166600                      ",37,"15.416600                     ",45,"18.750000                     ",0,"0.000000                      ",0,"0.000000                      ",0,"0.000000                      ",0,"0.000000                      ",0,"0.000000                      ",0,"0.000000                      ",0,"0.000000                      "
"1998","10222","06","2758","","03","Summary   ","N","Kaukauna Area","","Grades PreK-12","All Races","Both Genders","3560",165,"4.634800                      ",215,"6.039300                      ",226,"6.348300                      ",244,"6.853900                      ",235,"6.601100                      ",251,"7.050500                      ",222,"6.235900                      ",263,"7.387600                      ",285,"8.005600                      ",224,"6.292100                      ",308,"8.651600                      ",314,"8.820200                      ",299,"8.398800                      ",309,"8.679700                      "
"1998","14290","06","2758","0040","04","High      ","N","Kaukauna Area","Kaukauna Hi","Grades PreK-12","All Races","Both Genders","1230",0,"0.000000                      ",0,"0.000000                      ",0,"0.000000                      ",0,"0.000000                      ",0,"0.000000                      ",0,"0.000000                      ",0,"0.000000                      ",0,"0.000000                      ",0,"0.000000                      ",0,"0.000000                      ",308,"25.040600                     ",314,"25.528400                     ",299,"24.308900                     ",309,"25.121900                     "
"1998","14291","06","2758","0050","04","Elem      ","N","Kaukauna Area","Dr H B Tanner El","Grades PreK-12","All Races","Both Genders","558",0,"0.000000                      ",52,"9.318900                      ",75,"13.440800                     ",80,"14.336900                     ",91,"16.308200                     ",142,"25.448000                     ",118,"21.146900                     ",0,"0.000000                      ",0,"0.000000                      ",0,"0.000000                      ",0,"0.000000                      ",0,"0.000000                      ",0,"0.000000                      ",0,"0.000000                      "
"1998","14292","06","2758","0060","04","Elem      ","N","Kaukauna Area","Nicolet El","Grades PreK-12","All Races","Both Genders","181",0,"0.000000                      ",45,"24.861800                     ",50,"27.624300                     ",39,"21.546900                     ",47,"25.966800                     ",0,"0.000000                      ",0,"0.000000                      ",0,"0.000000                      ",0,"0.000000                      ",0,"0.000000                      ",0,"0.000000                      ",0,"0.000000                      ",0,"0.000000                      ",0,"0.000000                      "
"1998","14293","06","2758","0080","04","Elem      ","N","Kaukauna Area","Park El","Grades PreK-12","All Races","Both Genders","339",150,"44.247700                     ",56,"16.519100                     ",42,"12.389300                     ",47,"13.864300                     ",44,"12.979300                     ",0,"0.000000                      ",0,"0.000000                      ",0,"0.000000                      ",0,"0.000000                      ",0,"0.000000                      ",0,"0.000000                      ",0,"0.000000                      ",0,"0.000000                      ",0,"0.000000                      "
"1998","14294","06","2758","0100","04","Mid/Jr Hi ","N","Kaukauna Area","Quinney Mid","Grades PreK-12","All Races","Both Genders","772",0,"0.000000                      ",0,"0.000000                      ",0,"0.000000                      ",0,"0.000000                      ",0,"0.000000                      ",0,"0.000000                      ",0,"0.000000                      ",263,"34.067300                     ",285,"36.917000                     ",224,"29.015500                     ",0,"0.000000                      ",0,"0.000000                      ",0,"0.000000                      ",0,"0.000000                      "
"1998","14295","06","2758","0120","04","Elem      ","N","Kaukauna Area","Haen El","Grades PreK-12","All Races","Both Genders","480",15,"3.125000                      ",62,"12.916600                     ",59,"12.291600                     ",78,"16.250000                     ",53,"11.041600                     ",109,"22.708300                     ",104,"21.666600                     ",0,"0.000000                      ",0,"0.000000                      ",0,"0.000000                      ",0,"0.000000                      ",0,"0.000000                      ",0,"0.000000                      ",0,"0.000000                      "
"1998","10022","06","2800","","03","Summary   ","N","Kewaskum","","Grades PreK-12","All Races","Both Genders","1942",27,"1.390300                      ",127,"6.539600                      ",131,"6.745600                      ",122,"6.282100                      ",131,"6.745600                      ",116,"5.973200                      ",141,"7.260500                      ",139,"7.157500                      ",139,"7.157500                      ",139,"7.157500                      ",196,"10.092600                     ",163,"8.393400                      ",196,"10.092600                     ",175,"9.011300                      "
"1998","15340","06","2800","0040","04","Elem      ","N","Kewaskum","Farmington El","Grades PreK-12","All Races","Both Genders","278",0,"0.000000                      ",49,"17.625800                     ",46,"16.546700                     ",42,"15.107900                     ",50,"17.985600                     ",39,"14.028700                     ",52,"18.705000                     ",0,"0.000000                      ",0,"0.000000                      ",0,"0.000000                      ",0,"0.000000                      ",0,"0.000000                      ",0,"0.000000                      ",0,"0.000000                      "
"1998","15337","06","2800","0060","04","Elem      ","N","Kewaskum","Kewaskum El","Grades PreK-12","All Races","Both Genders","389",27,"6.940800                      ",60,"15.424100                     ",61,"15.681200                     ",60,"15.424100                     ",55,"14.138800                     ",57,"14.652900                     ",66,"16.966500                     ",0,"0.000000                      ",0,"0.000000                      ",0,"0.000000                      ",0,"0.000000                      ",0,"0.000000                      ",0,"0.000000                      ",3,"0.771200                      "
"1998","15338","06","2800","0080","04","High      ","N","Kewaskum","Kewaskum Hi","Grades PreK-12","All Races","Both Genders","727",0,"0.000000                      ",0,"0.000000                      ",0,"0.000000                      ",0,"0.000000                      ",0,"0.000000                      ",0,"0.000000                      ",0,"0.000000                      ",0,"0.000000                      ",0,"0.000000                      ",0,"0.000000                      ",196,"26.960100                     ",163,"22.420900                     ",196,"26.960100                     ",172,"23.658800                     "
"1998","15339","06","2800","0090","04","Mid/Jr Hi ","N","Kewaskum","Kewaskum Mid","Grades PreK-12","All Races","Both Genders","417",0,"0.000000                      ",0,"0.000000                      ",0,"0.000000                      ",0,"0.000000                      ",0,"0.000000                      ",0,"0.000000                      ",0,"0.000000                      ",139,"33.333300                     ",139,"33.333300                     ",139,"33.333300                     ",0,"0.000000                      ",0,"0.000000                      ",0,"0.000000                      ",0,"0.000000                      "
"1998","15377","06","2800","0100","04","Elem      ","N","Kewaskum","Wayne El","Grades PreK-12","All Races","Both Genders","131",0,"0.000000                      ",18,"13.740400                     ",24,"18.320600                     ",20,"15.267100                     ",26,"19.847300                     ",20,"15.267100                     ",23,"17.557200                     ",0,"0.000000                      ",0,"0.000000                      ",0,"0.000000                      ",0,"0.000000                      ",0,"0.000000                      ",0,"0.000000                      ",0,"0.000000                      "
"1998","10225","06","2835","","03","Summary   ","N","Kimberly Area","","Grades PreK-12","All Races","Both Genders","2744",196,"7.142800                      ",202,"7.361500                      ",228,"8.309000                      ",187,"6.814800                      ",206,"7.507200                      ",197,"7.179300                      ",197,"7.179300                      ",189,"6.887700                      ",201,"7.325000                      ",178,"6.486800                      ",214,"7.798800                      ",191,"6.960600                      ",181,"6.596200                      ",177,"6.450400                      "
"1998","14345","06","2835","0020","04","Elem      ","N","Kimberly Area","Janssen El","Grades PreK-12","All Races","Both Genders","393",67,"17.048300                     ",61,"15.521600                     ",69,"17.557200                     ",50,"12.722600                     ",49,"12.468100                     ",44,"11.195900                     ",53,"13.486000                     ",0,"0.000000                      ",0,"0.000000                      ",0,"0.000000                      ",0,"0.000000                      ",0,"0.000000                      ",0,"0.000000                      ",0,"0.000000                      "
"1998","14301","06","2835","0040","04","Mid/Jr Hi ","N","Kimberly Area","Gerritts Mid","Grades PreK-12","All Races","Both Genders","568",0,"0.000000                      ",0,"0.000000                      ",0,"0.000000                      ",0,"0.000000                      ",0,"0.000000                      ",0,"0.000000                      ",0,"0.000000                      ",189,"33.274600                     ",201,"35.387300                     ",178,"31.338000                     ",0,"0.000000                      ",0,"0.000000                      ",0,"0.000000                      ",0,"0.000000                      "
"1998","17542","06","2835","0060","04","Elem      ","N","Kimberly Area","Sunrise El","Grades PreK-12","All Races","Both Genders","538",62,"11.524100                     ",81,"15.055700                     ",88,"16.356800                     ",67,"12.453500                     ",89,"16.542700                     ",80,"14.869800                     ",71,"13.197000                     ",0,"0.000000                      ",0,"0.000000                      ",0,"0.000000                      ",0,"0.000000                      ",0,"0.000000                      ",0,"0.000000                      ",0,"0.000000                      "
"1998","14302","06","2835","0080","04","High      ","N","Kimberly Area","Kimberly Hi","Grades PreK-12","All Races","Both Genders","763",0,"0.000000                      ",0,"0.000000                      ",0,"0.000000                      ",0,"0.000000                      ",0,"0.000000                      ",0,"0.000000                      ",0,"0.000000                      ",0,"0.000000                      ",0,"0.000000                      ",0,"0.000000                      ",214,"28.047100                     ",191,"25.032700                     ",181,"23.722100                     ",177,"23.197900                     "
"1998","14303","06","2835","0110","04","Elem      ","N","Kimberly Area","Westside El","Grades PreK-12","All Races","Both Genders","482",67,"13.900400                     ",60,"12.448100                     ",71,"14.730200                     ",70,"14.522800                     ",68,"14.107800                     ",73,"15.145200                     ",73,"15.145200                     ",0,"0.000000                      ",0,"0.000000                      ",0,"0.000000                      ",0,"0.000000                      ",0,"0.000000                      ",0,"0.000000                      ",0,"0.000000                      "
"1998","10226","06","3129","","03","Summary   ","N","Little Chute Area","","Grades PreK-12","All Races","Both Genders","1360",10,"0.735200                      ",87,"6.397000                      ",122,"8.970500                      ",78,"5.735200                      ",92,"6.764700                      ",88,"6.470500                      ",94,"6.911700                      ",93,"6.838200                      ",111,"8.161700                      ",91,"6.691100                      ",125,"9.191100                      ",119,"8.750000                      ",117,"8.602900                      ",133,"9.779400                      "
"1998","14289","06","3129","0020","04","Elem      ","N","Little Chute Area","Little Chute El","Grades PreK-12","All Races","Both Genders","571",10,"1.751300                      ",87,"15.236400                     ",122,"21.366000                     ",78,"13.660200                     ",92,"16.112000                     ",88,"15.411500                     ",94,"16.462300                     ",0,"0.000000                      ",0,"0.000000                      ",0,"0.000000                      ",0,"0.000000                      ",0,"0.000000                      ",0,"0.000000                      ",0,"0.000000                      "
"1998","14272","06","3129","0040","04","High      ","N","Little Chute Area","Little Chute Hi","Grades PreK-12","All Races","Both Genders","494",0,"0.000000                      ",0,"0.000000                      ",0,"0.000000                      ",0,"0.000000                      ",0,"0.000000                      ",0,"0.000000                      ",0,"0.000000                      ",0,"0.000000                      ",0,"0.000000                      ",0,"0.000000                      ",125,"25.303600                     ",119,"24.089000                     ",117,"23.684200                     ",133,"26.923000                     "
"1998","14273","06","3129","0060","04","Mid/Jr Hi ","N","Little Chute Area","Little Chute Mid","Grades PreK-12","All Races","Both Genders","295",0,"0.000000                      ",0,"0.000000                      ",0,"0.000000                      ",0,"0.000000                      ",0,"0.000000                      ",0,"0.000000                      ",0,"0.000000                      ",93,"31.525400                     ",111,"37.627100                     ",91,"30.847400                     ",0,"0.000000                      ",0,"0.000000                      ",0,"0.000000                      ",0,"0.000000                      "
"1998","10025","06","3171","","03","Summary   ","N","Lomira","","Grades PreK-12","All Races","Both Genders","1062",5,"0.470800                      ",80,"7.532900                      ",64,"6.026300                      ",77,"7.250400                      ",73,"6.873800                      ",72,"6.779600                      ",78,"7.344600                      ",77,"7.250400                      ",85,"8.003700                      ",69,"6.497100                      ",97,"9.133700                      ",94,"8.851200                      ",106,"9.981100                      ",85,"8.003700                      "
"1998","15311","06","3171","0040","04","Elem      ","N","Lomira","Lomira El","Grades PreK-12","All Races","Both Genders","311",5,"1.607700                      ",31,"9.967800                      ",30,"9.646300                      ",40,"12.861700                     ",38,"12.218600                     ",47,"15.112500                     ",43,"13.826300                     ",77,"24.758800                     ",0,"0.000000                      ",0,"0.000000                      ",0,"0.000000                      ",0,"0.000000                      ",0,"0.000000                      ",0,"0.000000                      "
"1998","15312","06","3171","0060","04","High      ","N","Lomira","Lomira Hi","Grades PreK-12","All Races","Both Genders","382",0,"0.000000                      ",0,"0.000000                      ",0,"0.000000                      ",0,"0.000000                      ",0,"0.000000                      ",0,"0.000000                      ",0,"0.000000                      ",0,"0.000000                      ",0,"0.000000                      ",0,"0.000000                      ",97,"25.392600                     ",94,"24.607300                     ",106,"27.748600                     ",85,"22.251300                     "
"1998","15313","06","3171","0070","04","Mid/Jr Hi ","N","Lomira","Lomira Jr","Grades PreK-12","All Races","Both Genders","154",0,"0.000000                      ",0,"0.000000                      ",0,"0.000000                      ",0,"0.000000                      ",0,"0.000000                      ",0,"0.000000                      ",0,"0.000000                      ",0,"0.000000                      ",85,"55.194800                     ",69,"44.805100                     ",0,"0.000000                      ",0,"0.000000                      ",0,"0.000000                      ",0,"0.000000                      "
"1998","15243","06","3171","0080","04","Elem      ","N","Lomira","Theresa El","Grades PreK-12","All Races","Both Genders","215",0,"0.000000                      ",49,"22.790600                     ",34,"15.813900                     ",37,"17.209300                     ",35,"16.279000                     ",25,"11.627900                     ",35,"16.279000                     ",0,"0.000000                      ",0,"0.000000                      ",0,"0.000000                      ",0,"0.000000                      ",0,"0.000000                      ",0,"0.000000                      ",0,"0.000000                      "
"1998","10392","06","3276","","03","Summary   ","N","Manawa","","Grades PreK-12","All Races","Both Genders","1015",15,"1.477800                      ",62,"6.108300                      ",79,"7.783200                      ",70,"6.896500                      ",67,"6.600900                      ",70,"6.896500                      ",73,"7.192100                      ",83,"8.177300                      ",83,"8.177300                      ",67,"6.600900                      ",104,"10.246300                     ",69,"6.798000                      ",88,"8.669900                      ",85,"8.374300                      "
"1998","13552","06","3276","0040","04","High      ","N","Manawa","Little Wolf Hi","Grades PreK-12","All Races","Both Genders","346",0,"0.000000                      ",0,"0.000000                      ",0,"0.000000                      ",0,"0.000000                      ",0,"0.000000                      ",0,"0.000000                      ",0,"0.000000                      ",0,"0.000000                      ",0,"0.000000                      ",0,"0.000000                      ",104,"30.057800                     ",69,"19.942100                     ",88,"25.433500                     ",85,"24.566400                     "
"1998","13553","06","3276","0060","04","Elem      ","N","Manawa","Manawa El","Grades PreK-12","All Races","Both Genders","363",15,"4.132200                      ",62,"17.079800                     ",79,"21.763000                     ",70,"19.283700                     ",67,"18.457300                     ",70,"19.283700                     ",0,"0.000000                      ",0,"0.000000                      ",0,"0.000000                      ",0,"0.000000                      ",0,"0.000000                      ",0,"0.000000                      ",0,"0.000000                      ",0,"0.000000                      "
"1998","13554","06","3276","0080","04","Mid/Jr Hi ","N","Manawa","Manawa Mid","Grades PreK-12","All Races","Both Genders","306",0,"0.000000                      ",0,"0.000000                      ",0,"0.000000                      ",0,"0.000000                      ",0,"0.000000                      ",0,"0.000000                      ",73,"23.856200                     ",83,"27.124100                     ",83,"27.124100                     ",67,"21.895400                     ",0,"0.000000                      ",0,"0.000000                      ",0,"0.000000                      ",0,"0.000000                      "
"1998","10186","06","3325","","03","Summary   ","N","Markesan","","Grades PreK-12","All Races","Both Genders","1123",8,"0.712300                      ",57,"5.075600                      ",69,"6.144200                      ",69,"6.144200                      ",77,"6.856600                      ",75,"6.678500                      ",70,"6.233300                      ",80,"7.123700                      ",87,"7.747100                      ",111,"9.884200                      ",113,"10.062300                     ",96,"8.548500                      ",114,"10.151300                     ",97,"8.637500                      "
"1998","14434","06","3325","0025","04","Mid/Jr Hi ","N","Markesan","Markesan Mid","Grades PreK-12","All Races","Both Genders","348",0,"0.000000                      ",0,"0.000000                      ",0,"0.000000                      ",0,"0.000000                      ",0,"0.000000                      ",0,"0.000000                      ",70,"20.114900                     ",80,"22.988500                     ",87,"25.000000                     ",111,"31.896500                     ",0,"0.000000                      ",0,"0.000000                      ",0,"0.000000                      ",0,"0.000000                      "
"1998","14435","06","3325","0100","04","Elem      ","N","Markesan","Markesan El","Grades PreK-12","All Races","Both Genders","355",8,"2.253500                      ",57,"16.056300                     ",69,"19.436600                     ",69,"19.436600                     ",77,"21.690100                     ",75,"21.126700                     ",0,"0.000000                      ",0,"0.000000                      ",0,"0.000000                      ",0,"0.000000                      ",0,"0.000000                      ",0,"0.000000                      ",0,"0.000000                      ",0,"0.000000                      "
"1998","17495","06","3325","0120","04","High      ","N","Markesan","Markesan Hi","Grades PreK-12","All Races","Both Genders","420",0,"0.000000                      ",0,"0.000000                      ",0,"0.000000                      ",0,"0.000000                      ",0,"0.000000                      ",0,"0.000000                      ",0,"0.000000                      ",0,"0.000000                      ",0,"0.000000                      ",0,"0.000000                      ",113,"26.904700                     ",96,"22.857100                     ",114,"27.142800                     ",97,"23.095200                     "
"1998","10027","06","3367","","03","Summary   ","N","Mayville","","Grades PreK-12","All Races","Both Genders","1242",13,"1.046600                      ",65,"5.233400                      ",70,"5.636000                      ",85,"6.843800                      ",81,"6.521700                      ",80,"6.441200                      ",74,"5.958100                      ",89,"7.165800                      ",87,"7.004800                      ",86,"6.924300                      ",140,"11.272100                     ",126,"10.144900                     ",121,"9.742300                      ",125,"10.064400                     "
"1998","15316","06","3367","0060","04","Mid/Jr Hi ","N","Mayville","Mayville Mid","Grades PreK-12","All Races","Both Genders","497",0,"0.000000                      ",0,"0.000000                      ",0,"0.000000                      ",0,"0.000000                      ",81,"16.297700                     ",80,"16.096500                     ",74,"14.889300                     ",89,"17.907400                     ",87,"17.505000                     ",86,"17.303800                     ",0,"0.000000                      ",0,"0.000000                      ",0,"0.000000                      ",0,"0.000000                      "
"1998","15317","06","3367","0080","04","High      ","N","Mayville","Mayville Hi","Grades PreK-12","All Races","Both Genders","512",0,"0.000000                      ",0,"0.000000                      ",0,"0.000000                      ",0,"0.000000                      ",0,"0.000000                      ",0,"0.000000                      ",0,"0.000000                      ",0,"0.000000                      ",0,"0.000000                      ",0,"0.000000                      ",140,"27.343700                     ",126,"24.609300                     ",121,"23.632800                     ",125,"24.414000                     "
"1998","15318","06","3367","0090","04","Elem      ","N","Mayville","Parkview El","Grades PreK-12","All Races","Both Genders","233",13,"5.579300                      ",65,"27.896900                     ",70,"30.042900                     ",85,"36.480600                     ",0,"0.000000                      ",0,"0.000000                      ",0,"0.000000                      ",0,"0.000000                      ",0,"0.000000                      ",0,"0.000000                      ",0,"0.000000                      ",0,"0.000000                      ",0,"0.000000                      ",0,"0.000000                      "
"1998","10394","06","3430","","03","Summary   ","N","Menasha","","Grades PreK-12","All Races","Both Genders","3657",108,"2.953200                      ",275,"7.519800                      ",309,"8.449500                      ",260,"7.109600                      ",251,"6.863500                      ",267,"7.301000                      ",250,"6.836200                      ",282,"7.711200                      ",246,"6.726800                      ",265,"7.246300                      ",307,"8.394800                      ",299,"8.176100                      ",294,"8.039300                      ",244,"6.672100                      "
"1998","13518","06","3430","0020","04","Mid/Jr Hi ","N","Menasha","Maplewood Mid","Grades PreK-12","All Races","Both Genders","793",0,"0.000000                      ",0,"0.000000                      ",0,"0.000000                      ",0,"0.000000                      ",0,"0.000000                      ",0,"0.000000                      ",0,"0.000000                      ",282,"35.561100                     ",246,"31.021400                     ",265,"33.417400                     ",0,"0.000000                      ",0,"0.000000                      ",0,"0.000000                      ",0,"0.000000                      "
"1998","13519","06","3430","0040","04","Elem      ","N","Menasha","Butte des Morts El","Grades PreK-12","All Races","Both Genders","461",13,"2.819900                      ",74,"16.052000                     ",76,"16.485900                     ",73,"15.835100                     ",67,"14.533600                     ",85,"18.438100                     ",73,"15.835100                     ",0,"0.000000                      ",0,"0.000000                      ",0,"0.000000                      ",0,"0.000000                      ",0,"0.000000                      ",0,"0.000000                      ",0,"0.000000                      "
"1998","13520","06","3430","0060","04","Elem      ","N","Menasha","Clovis Grove El","Grades PreK-12","All Races","Both Genders","391",0,"0.000000                      ",66,"16.879700                     ",69,"17.647000                     ",64,"16.368200                     ",61,"15.601000                     ",63,"16.112500                     ",68,"17.391300                     ",0,"0.000000                      ",0,"0.000000                      ",0,"0.000000                      ",0,"0.000000                      ",0,"0.000000                      ",0,"0.000000                      ",0,"0.000000                      "
"1998","13521","06","3430","0080","04","Elem      ","N","Menasha","Jefferson El","Grades PreK-12","All Races","Both Genders","209",0,"0.000000                      ",42,"20.095600                     ",41,"19.617200                     ",36,"17.224800                     ",37,"17.703300                     ",34,"16.267900                     ",19,"9.090900                      ",0,"0.000000                      ",0,"0.000000                      ",0,"0.000000                      ",0,"0.000000                      ",0,"0.000000                      ",0,"0.000000                      ",0,"0.000000                      "
"1998","13522","06","3430","0100","04","High      ","N","Menasha","Menasha Hi","Grades PreK-12","All Races","Both Genders","1144",0,"0.000000                      ",0,"0.000000                      ",0,"0.000000                      ",0,"0.000000                      ",0,"0.000000                      ",0,"0.000000                      ",0,"0.000000                      ",0,"0.000000                      ",0,"0.000000                      ",0,"0.000000                      ",307,"26.835600                     ",299,"26.136300                     ",294,"25.699300                     ",244,"21.328600                     "
"1998","13523","06","3430","0120","04","Elem      ","N","Menasha","Gegan El","Grades PreK-12","All Races","Both Genders","426",0,"0.000000                      ",73,"17.136100                     ",97,"22.769900                     ",64,"15.023400                     ",61,"14.319200                     ",63,"14.788700                     ",68,"15.962400                     ",0,"0.000000                      ",0,"0.000000                      ",0,"0.000000                      ",0,"0.000000                      ",0,"0.000000                      ",0,"0.000000                      ",0,"0.000000                      "
"1998","13524","06","3430","0140","04","Elem      ","N","Menasha","Nicolet El","Grades PreK-12","All Races","Both Genders","144",6,"4.166600                      ",20,"13.888800                     ",26,"18.055500                     ",23,"15.972200                     ",25,"17.361100                     ",22,"15.277700                     ",22,"15.277700                     ",0,"0.000000                      ",0,"0.000000                      ",0,"0.000000                      ",0,"0.000000                      ",0,"0.000000                      ",0,"0.000000                      ",0,"0.000000                      "
"1998","15427","06","3430","0160","04","El/Sec    ","N","Menasha","Banta Sch","Grades PreK-12","All Races","Both Genders","89",89,"100.000000                    ",0,"0.000000                      ",0,"0.000000                      ",0,"0.000000                      ",0,"0.000000                      ",0,"0.000000                      ",0,"0.000000                      ",0,"0.000000                      ",0,"0.000000                      ",0,"0.000000                      ",0,"0.000000                      ",0,"0.000000                      ",0,"0.000000                      ",0,"0.000000                      "
"1998","10395","06","3892","","03","Summary   ","N","Neenah","","Grades PreK-12","All Races","Both Genders","6546",107,"1.634500                      ",422,"6.446600                      ",453,"6.920200                      ",498,"7.607600                      ",460,"7.027100                      ",508,"7.760400                      ",486,"7.424300                      ",500,"7.638200                      ",554,"8.463100                      ",536,"8.188200                      ",510,"7.791000                      ",523,"7.989600                      ",537,"8.203400                      ",452,"6.904900                      "
"1998","13525","06","3892","0040","04","Elem      ","N","Neenah","Clayton El","Grades PreK-12","All Races","Both Genders","325",7,"2.153800                      ",50,"15.384600                     ",50,"15.384600                     ",42,"12.923000                     ",64,"19.692300                     ",56,"17.230700                     ",56,"17.230700                     ",0,"0.000000                      ",0,"0.000000                      ",0,"0.000000                      ",0,"0.000000                      ",0,"0.000000                      ",0,"0.000000                      ",0,"0.000000                      "
"1998","13526","06","3892","0060","04","Elem      ","N","Neenah","Coolidge El","Grades PreK-12","All Races","Both Genders","431",0,"0.000000                      ",62,"14.385100                     ",70,"16.241200                     ",75,"17.401300                     ",72,"16.705300                     ",71,"16.473300                     ",81,"18.793500                     ",0,"0.000000                      ",0,"0.000000                      ",0,"0.000000                      ",0,"0.000000                      ",0,"0.000000                      ",0,"0.000000                      ",0,"0.000000                      "
"1998","13527","06","3892","0080","04","Elem      ","N","Neenah","Hoover El","Grades PreK-12","All Races","Both Genders","231",7,"3.030300                      ",45,"19.480500                     ",37,"16.017300                     ",52,"22.510800                     ",31,"13.419900                     ",32,"13.852800                     ",27,"11.688300                     ",0,"0.000000                      ",0,"0.000000                      ",0,"0.000000                      ",0,"0.000000                      ",0,"0.000000                      ",0,"0.000000                      ",0,"0.000000                      "
"1998","13528","06","3892","0100","04","Elem      ","N","Neenah","Lakeview El","Grades PreK-12","All Races","Both Genders","395",48,"12.151800                     ",50,"12.658200                     ",54,"13.670800                     ",77,"19.493600                     ",44,"11.139200                     ",65,"16.455600                     ",57,"14.430300                     ",0,"0.000000                      ",0,"0.000000                      ",0,"0.000000                      ",0,"0.000000                      ",0,"0.000000                      ",0,"0.000000                      ",0,"0.000000                      "
"1998","13529","06","3892","0180","04","High      ","N","Neenah","Neenah Hi","Grades PreK-12","All Races","Both Genders","2020",0,"0.000000                      ",0,"0.000000                      ",0,"0.000000                      ",0,"0.000000                      ",0,"0.000000                      ",0,"0.000000                      ",0,"0.000000                      ",0,"0.000000                      ",0,"0.000000                      ",0,"0.000000                      ",508,"25.148500                     ",523,"25.891000                     ",537,"26.584100                     ",452,"22.376200                     "
"1998","13530","06","3892","0200","04","Elem      ","N","Neenah","Roosevelt El","Grades PreK-12","All Races","Both Genders","161",0,"0.000000                      ",24,"14.906800                     ",23,"14.285700                     ",32,"19.875700                     ",33,"20.496800                     ",24,"14.906800                     ",25,"15.527900                     ",0,"0.000000                      ",0,"0.000000                      ",0,"0.000000                      ",0,"0.000000                      ",0,"0.000000                      ",0,"0.000000                      ",0,"0.000000                      "
"1998","13531","06","3892","0210","04","Mid/Jr Hi ","N","Neenah","Shattuck Mid","Grades PreK-12","All Races","Both Genders","992",0,"0.000000                      ",0,"0.000000                      ",0,"0.000000                      ",0,"0.000000                      ",0,"0.000000                      ",0,"0.000000                      ",0,"0.000000                      ",326,"32.862900                     ",339,"34.173300                     ",325,"32.762000                     ",2,"0.201600                      ",0,"0.000000                      ",0,"0.000000                      ",0,"0.000000                      "
"1998","13532","06","3892","0215","04","Mid/Jr Hi ","N","Neenah","Horace Mann Mid","Grades PreK-12","All Races","Both Genders","600",0,"0.000000                      ",0,"0.000000                      ",0,"0.000000                      ",0,"0.000000                      ",0,"0.000000                      ",0,"0.000000                      ",0,"0.000000                      ",174,"29.000000                     ",215,"35.833300                     ",211,"35.166600                     ",0,"0.000000                      ",0,"0.000000                      ",0,"0.000000                      ",0,"0.000000                      "
"1998","13533","06","3892","0220","04","Elem      ","N","Neenah","Spring Road El","Grades PreK-12","All Races","Both Genders","342",2,"0.584700                      ",56,"16.374200                     ",53,"15.497000                     ",46,"13.450200                     ",58,"16.959000                     ",72,"21.052600                     ",55,"16.081800                     ",0,"0.000000                      ",0,"0.000000                      ",0,"0.000000                      ",0,"0.000000                      ",0,"0.000000                      ",0,"0.000000                      ",0,"0.000000                      "
"1998","13534","06","3892","0240","04","Elem      ","N","Neenah","Taft El","Grades PreK-12","All Races","Both Genders","219",32,"14.611800                     ",22,"10.045600                     ",37,"16.894900                     ",37,"16.894900                     ",33,"15.068400                     ",29,"13.242000                     ",29,"13.242000                     ",0,"0.000000                      ",0,"0.000000                      ",0,"0.000000                      ",0,"0.000000                      ",0,"0.000000                      ",0,"0.000000                      ",0,"0.000000                      "
"1998","13535","06","3892","0260","04","Elem      ","N","Neenah","Tullar El","Grades PreK-12","All Races","Both Genders","383",11,"2.872000                      ",49,"12.793700                     ",48,"12.532600                     ",68,"17.754500                     ",58,"15.143600                     ",73,"19.060000                     ",76,"19.843300                     ",0,"0.000000                      ",0,"0.000000                      ",0,"0.000000                      ",0,"0.000000                      ",0,"0.000000                      ",0,"0.000000                      ",0,"0.000000                      "
"1998","13536","06","3892","0280","04","Elem      ","N","Neenah","Washington El","Grades PreK-12","All Races","Both Genders","204",0,"0.000000                      ",27,"13.235200                     ",33,"16.176400                     ",29,"14.215600                     ",27,"13.235200                     ",45,"22.058800                     ",43,"21.078400                     ",0,"0.000000                      ",0,"0.000000                      ",0,"0.000000                      ",0,"0.000000                      ",0,"0.000000                      ",0,"0.000000                      ",0,"0.000000                      "
"1998","13537","06","3892","0300","04","Elem      ","N","Neenah","Wilson El","Grades PreK-12","All Races","Both Genders","243",0,"0.000000                      ",37,"15.226300                     ",48,"19.753000                     ",40,"16.460900                     ",40,"16.460900                     ",41,"16.872400                     ",37,"15.226300                     ",0,"0.000000                      ",0,"0.000000                      ",0,"0.000000                      ",0,"0.000000                      ",0,"0.000000                      ",0,"0.000000                      ",0,"0.000000                      "
"1998","10407","06","3913","","03","Summary   ","N","Neosho J3","","Grades PreK-12","All Races","Both Genders","247",0,"0.000000                      ",22,"8.906800                      ",24,"9.716500                      ",26,"10.526300                     ",26,"10.526300                     ",25,"10.121400                     ",14,"5.668000                      ",39,"15.789400                     ",38,"15.384600                     ",33,"13.360300                     ",0,"0.000000                      ",0,"0.000000                      ",0,"0.000000                      ",0,"0.000000                      "
"1998","15327","06","3913","0020","04","Elem      ","N","Neosho J3","Neosho El","Grades PreK-12","All Races","Both Genders","247",0,"0.000000                      ",22,"8.906800                      ",24,"9.716500                      ",26,"10.526300                     ",26,"10.526300                     ",25,"10.121400                     ",14,"5.668000                      ",39,"15.789400                     ",38,"15.384600                     ",33,"13.360300                     ",0,"0.000000                      ",0,"0.000000                      ",0,"0.000000                      ",0,"0.000000                      "
"1998","10396","06","3955","","03","Summary   ","N","New London","","Grades PreK-12","All Races","Both Genders","2507",16,"0.638200                      ",154,"6.142800                      ",160,"6.382100                      ",197,"7.857900                      ",147,"5.863500                      ",172,"6.860700                      ",160,"6.382100                      ",170,"6.781000                      ",210,"8.376500                      ",191,"7.618600                      ",262,"10.450700                     ",230,"9.174300                      ",234,"9.333800                      ",204,"8.137200                      "
"1998","13500","06","3955","0040","04","Elem      ","N","New London","Lincoln El","Grades PreK-12","All Races","Both Genders","347",0,"0.000000                      ",47,"13.544600                     ",43,"12.391900                     ",54,"15.561900                     ",48,"13.832800                     ",58,"16.714600                     ",43,"12.391900                     ",54,"15.561900                     ",0,"0.000000                      ",0,"0.000000                      ",0,"0.000000                      ",0,"0.000000                      ",0,"0.000000                      ",0,"0.000000                      "
"1998","17477","06","3955","0080","04","High      ","N","New London","New London Hi","Grades PreK-12","All Races","Both Genders","668",0,"0.000000                      ",0,"0.000000                      ",0,"0.000000                      ",0,"0.000000                      ",0,"0.000000                      ",0,"0.000000                      ",0,"0.000000                      ",0,"0.000000                      ",0,"0.000000                      ",0,"0.000000                      ",0,"0.000000                      ",230,"34.431100                     ",234,"35.029900                     ",204,"30.538900                     "
"1998","13501","06","3955","0090","04","Elem      ","N","New London","Parkview El","Grades PreK-12","All Races","Both Genders","352",16,"4.545400                      ",44,"12.500000                     ",47,"13.352200                     ",57,"16.193100                     ",39,"11.079500                     ",49,"13.920400                     ",46,"13.068100                     ",54,"15.340900                     ",0,"0.000000                      ",0,"0.000000                      ",0,"0.000000                      ",0,"0.000000                      ",0,"0.000000                      ",0,"0.000000                      "
"1998","13514","06","3955","0100","04","Elem      ","N","New London","Readfield El","Grades PreK-12","All Races","Both Genders","246",0,"0.000000                      ",30,"12.195100                     ",36,"14.634100                     ",41,"16.666600                     ",32,"13.008100                     ",36,"14.634100                     ",35,"14.227600                     ",36,"14.634100                     ",0,"0.000000                      ",0,"0.000000                      ",0,"0.000000                      ",0,"0.000000                      ",0,"0.000000                      ",0,"0.000000                      "
"1998","13502","06","3955","0120","04","Elem      ","N","New London","Sugar Bush El","Grades PreK-12","All Races","Both Genders","231",0,"0.000000                      ",33,"14.285700                     ",34,"14.718600                     ",45,"19.480500                     ",28,"12.121200                     ",29,"12.554100                     ",36,"15.584400                     ",26,"11.255400                     ",0,"0.000000                      ",0,"0.000000                      ",0,"0.000000                      ",0,"0.000000                      ",0,"0.000000                      ",0,"0.000000                      "
"1998","13503","06","3955","0140","04","Mid/Jr Hi ","N","New London","Washington Jr","Grades PreK-12","All Races","Both Genders","663",0,"0.000000                      ",0,"0.000000                      ",0,"0.000000                      ",0,"0.000000                      ",0,"0.000000                      ",0,"0.000000                      ",0,"0.000000                      ",0,"0.000000                      ",210,"31.674200                     ",191,"28.808400                     ",262,"39.517300                     ",0,"0.000000                      ",0,"0.000000                      ",0,"0.000000                      "
"1998","10389","06","3983","","03","Summary   ","N","North Fond du Lac","","Grades PreK-12","All Races","Both Genders","1279",8,"0.625400                      ",92,"7.193100                      ",108,"8.444000                      ",107,"8.365900                      ",79,"6.176700                      ",103,"8.053100                      ",86,"6.724000                      ",103,"8.053100                      ",102,"7.974900                      ",86,"6.724000                      ",100,"7.818600                      ",116,"9.069500                      ",108,"8.444000                      ",81,"6.333000                      "
"1998","13540","06","3983","0020","04","Mid/Jr Hi ","N","North Fond du Lac","Bessie Allen Mid","Grades PreK-12","All Races","Both Genders","291",0,"0.000000                      ",0,"0.000000                      ",0,"0.000000                      ",0,"0.000000                      ",0,"0.000000                      ",0,"0.000000                      ",0,"0.000000                      ",103,"35.395100                     ",102,"35.051500                     ",86,"29.553200                     ",0,"0.000000                      ",0,"0.000000                      ",0,"0.000000                      ",0,"0.000000                      "
"1998","13541","06","3983","0055","04","Elem      ","N","North Fond du Lac","Friendship Learning El","Grades PreK-12","All Races","Both Genders","583",8,"1.372200                      ",92,"15.780400                     ",108,"18.524800                     ",107,"18.353300                     ",79,"13.550600                     ",103,"17.667200                     ",86,"14.751200                     ",0,"0.000000                      ",0,"0.000000                      ",0,"0.000000                      ",0,"0.000000                      ",0,"0.000000                      ",0,"0.000000                      ",0,"0.000000                      "
"1998","13542","06","3983","0060","04","High      ","N","North Fond du Lac","Horace Mann Hi","Grades PreK-12","All Races","Both Genders","405",0,"0.000000                      ",0,"0.000000                      ",0,"0.000000                      ",0,"0.000000                      ",0,"0.000000                      ",0,"0.000000                      ",0,"0.000000                      ",0,"0.000000                      ",0,"0.000000                      ",0,"0.000000                      ",100,"24.691300                     ",116,"28.641900                     ",108,"26.666600                     ",81,"20.000000                     "
"1998","10032","06","4025","","03","Summary   ","N","Oakfield","","Grades PreK-12","All Races","Both Genders","653",3,"0.459400                      ",42,"6.431800                      ",43,"6.584900                      ",43,"6.584900                      ",51,"7.810100                      ",52,"7.963200                      ",51,"7.810100                      ",50,"7.656900                      ",46,"7.044400                      ",58,"8.882000                      ",49,"7.503800                      ",62,"9.494600                      ",52,"7.963200                      ",51,"7.810100                      "
"1998","13473","06","4025","0030","04","Elem      ","N","Oakfield","Reynolds El","Grades PreK-12","All Races","Both Genders","335",3,"0.895500                      ",42,"12.537300                     ",43,"12.835800                     ",43,"12.835800                     ",51,"15.223800                     ",52,"15.522300                     ",51,"15.223800                     ",50,"14.925300                     ",0,"0.000000                      ",0,"0.000000                      ",0,"0.000000                      ",0,"0.000000                      ",0,"0.000000                      ",0,"0.000000                      "
"1998","15293","06","4025","0060","04","High      ","N","Oakfield","Oakfield Hi","Grades PreK-12","All Races","Both Genders","214",0,"0.000000                      ",0,"0.000000                      ",0,"0.000000                      ",0,"0.000000                      ",0,"0.000000                      ",0,"0.000000                      ",0,"0.000000                      ",0,"0.000000                      ",0,"0.000000                      ",0,"0.000000                      ",49,"22.897100                     ",62,"28.971900                     ",52,"24.299000                     ",51,"23.831700                     "
"1998","15294","06","4025","0080","04","Mid/Jr Hi ","N","Oakfield","Oakfield Mid","Grades PreK-12","All Races","Both Genders","104",0,"0.000000                      ",0,"0.000000                      ",0,"0.000000                      ",0,"0.000000                      ",0,"0.000000                      ",0,"0.000000                      ",0,"0.000000                      ",0,"0.000000                      ",46,"44.230700                     ",58,"55.769200                     ",0,"0.000000                      ",0,"0.000000                      ",0,"0.000000                      ",0,"0.000000                      "
"1998","10397","06","4088","","03","Summary   ","N","Omro","","Grades PreK-12","All Races","Both Genders","1249",13,"1.040800                      ",95,"7.606000                      ",89,"7.125700                      ",86,"6.885500                      ",88,"7.045600                      ",95,"7.606000                      ",94,"7.526000                      ",113,"9.047200                      ",94,"7.526000                      ",101,"8.086400                      ",97,"7.766200                      ",96,"7.686100                      ",94,"7.526000                      ",94,"7.526000                      "
"1998","13504","06","4088","0020","04","Elem      ","N","Omro","Enterprise El","Grades PreK-12","All Races","Both Genders","112",0,"0.000000                      ",0,"0.000000                      ",21,"18.750000                     ",23,"20.535700                     ",21,"18.750000                     ",21,"18.750000                     ",26,"23.214200                     ",0,"0.000000                      ",0,"0.000000                      ",0,"0.000000                      ",0,"0.000000                      ",0,"0.000000                      ",0,"0.000000                      ",0,"0.000000                      "
"1998","13505","06","4088","0040","04","Elem      ","N","Omro","Patch El","Grades PreK-12","All Races","Both Genders","379",13,"3.430000                      ",95,"25.065900                     ",68,"17.941900                     ",63,"16.622600                     ",45,"11.873300                     ",50,"13.192600                     ",45,"11.873300                     ",0,"0.000000                      ",0,"0.000000                      ",0,"0.000000                      ",0,"0.000000                      ",0,"0.000000                      ",0,"0.000000                      ",0,"0.000000                      "
"1998","13506","06","4088","0060","04","High      ","N","Omro","Omro Hi","Grades PreK-12","All Races","Both Genders","381",0,"0.000000                      ",0,"0.000000                      ",0,"0.000000                      ",0,"0.000000                      ",0,"0.000000                      ",0,"0.000000                      ",0,"0.000000                      ",0,"0.000000                      ",0,"0.000000                      ",0,"0.000000                      ",97,"25.459300                     ",96,"25.196800                     ",94,"24.671900                     ",94,"24.671900                     "
"1998","13507","06","4088","0080","04","Mid/Jr Hi ","N","Omro","Omro Mid","Grades PreK-12","All Races","Both Genders","308",0,"0.000000                      ",0,"0.000000                      ",0,"0.000000                      ",0,"0.000000                      ",0,"0.000000                      ",0,"0.000000                      ",0,"0.000000                      ",113,"36.688300                     ",94,"30.519400                     ",101,"32.792200                     ",0,"0.000000                      ",0,"0.000000                      ",0,"0.000000                      ",0,"0.000000                      "
"1998","13625","06","4088","0100","04","Elem      ","N","Omro","Omro Junction El","Grades PreK-12","All Races","Both Genders","69",0,"0.000000                      ",0,"0.000000                      ",0,"0.000000                      ",0,"0.000000                      ",22,"31.884000                     ",24,"34.782600                     ",23,"33.333300                     ",0,"0.000000                      ",0,"0.000000                      ",0,"0.000000                      ",0,"0.000000                      ",0,"0.000000                      ",0,"0.000000                      ",0,"0.000000                      "
"1998","10383","06","4179","","03","Summary   ","N","Oshkosh Area","","Grades PreK-12","All Races","Both Genders","10660",207,"1.941800                      ",852,"7.992400                      ",849,"7.964300                      ",798,"7.485900                      ",792,"7.429600                      ",759,"7.120000                      ",811,"7.607800                      ",849,"7.964300                      ",814,"7.636000                      ",780,"7.317000                      ",965,"9.052500                      ",818,"7.673500                      ",738,"6.923000                      ",628,"5.891100                      "
"1998","13626","06","4179","0060","04","Elem      ","N","Oshkosh Area","E Cook El","Grades PreK-12","All Races","Both Genders","282",0,"0.000000                      ",42,"14.893600                     ",54,"19.148900                     ",40,"14.184300                     ",42,"14.893600                     ",40,"14.184300                     ",64,"22.695000                     ",0,"0.000000                      ",0,"0.000000                      ",0,"0.000000                      ",0,"0.000000                      ",0,"0.000000                      ",0,"0.000000                      ",0,"0.000000                      "
"1998","13627","06","4179","0080","04","Elem      ","N","Oshkosh Area","Franklin El","Grades PreK-12","All Races","Both Genders","434",19,"4.377800                      ",65,"14.976900                     ",70,"16.129000                     ",81,"18.663500                     ",73,"16.820200                     ",62,"14.285700                     ",64,"14.746500                     ",0,"0.000000                      ",0,"0.000000                      ",0,"0.000000                      ",0,"0.000000                      ",0,"0.000000                      ",0,"0.000000                      ",0,"0.000000                      "
"1998","13606","06","4179","0120","04","Elem      ","N","Oshkosh Area","Green Meadow El","Grades PreK-12","All Races","Both Genders","116",0,"0.000000                      ",13,"11.206800                     ",22,"18.965500                     ",16,"13.793100                     ",18,"15.517200                     ",23,"19.827500                     ",24,"20.689600                     ",0,"0.000000                      ",0,"0.000000                      ",0,"0.000000                      ",0,"0.000000                      ",0,"0.000000                      ",0,"0.000000                      ",0,"0.000000                      "
"1998","13628","06","4179","0130","04","Elem      ","N","Oshkosh Area","Shapiro El","Grades PreK-12","All Races","Both Genders","334",44,"13.173600                     ",43,"12.874200                     ",51,"15.269400                     ",50,"14.970000                     ",43,"12.874200                     ",53,"15.868200                     ",50,"14.970000                     ",0,"0.000000                      ",0,"0.000000                      ",0,"0.000000                      ",0,"0.000000                      ",0,"0.000000                      ",0,"0.000000                      ",0,"0.000000                      "
"1998","13629","06","4179","0140","04","Elem      ","N","Oshkosh Area","Jefferson El","Grades PreK-12","All Races","Both Genders","252",0,"0.000000                      ",45,"17.857100                     ",49,"19.444400                     ",38,"15.079300                     ",44,"17.460300                     ",37,"14.682500                     ",39,"15.476100                     ",0,"0.000000                      ",0,"0.000000                      ",0,"0.000000                      ",0,"0.000000                      ",0,"0.000000                      ",0,"0.000000                      ",0,"0.000000                      "
"1998","17598","06","4179","0150","04","Elem      ","N","Oshkosh Area","Traeger El","Grades PreK-12","All Races","Both Genders","458",38,"8.296900                      ",59,"12.882000                     ",83,"18.122200                     ",79,"17.248900                     ",71,"15.502100                     ",54,"11.790300                     ",74,"16.157200                     ",0,"0.000000                      ",0,"0.000000                      ",0,"0.000000                      ",0,"0.000000                      ",0,"0.000000                      ",0,"0.000000                      ",0,"0.000000                      "
"1998","13630","06","4179","0160","04","Elem      ","N","Oshkosh Area","Lakeside El","Grades PreK-12","All Races","Both Genders","220",0,"0.000000                      ",45,"20.454500                     ",31,"14.090900                     ",34,"15.454500                     ",35,"15.909000                     ",40,"18.181800                     ",35,"15.909000                     ",0,"0.000000                      ",0,"0.000000                      ",0,"0.000000                      ",0,"0.000000                      ",0,"0.000000                      ",0,"0.000000                      ",0,"0.000000                      "
"1998","13631","06","4179","0180","04","Elem      ","N","Oshkosh Area","Lincoln El","Grades PreK-12","All Races","Both Genders","178",14,"7.865100                      ",36,"20.224700                     ",33,"18.539300                     ",19,"10.674100                     ",21,"11.797700                     ",32,"17.977500                     ",23,"12.921300                     ",0,"0.000000                      ",0,"0.000000                      ",0,"0.000000                      ",0,"0.000000                      ",0,"0.000000                      ",0,"0.000000                      ",0,"0.000000                      "
"1998","13632","06","4179","0220","04","Elem      ","N","Oshkosh Area","Merrill El","Grades PreK-12","All Races","Both Genders","299",34,"11.371200                     ",41,"13.712300                     ",49,"16.387900                     ",33,"11.036700                     ",51,"17.056800                     ",38,"12.709000                     ",53,"17.725700                     ",0,"0.000000                      ",0,"0.000000                      ",0,"0.000000                      ",0,"0.000000                      ",0,"0.000000                      ",0,"0.000000                      ",0,"0.000000                      "
"1998","13633","06","4179","0240","04","Mid/Jr Hi ","N","Oshkosh Area","Merrill Mid","Grades PreK-12","All Races","Both Genders","478",0,"0.000000                      ",0,"0.000000                      ",0,"0.000000                      ",0,"0.000000                      ",0,"0.000000                      ",0,"0.000000                      ",0,"0.000000                      ",147,"30.753100                     ",170,"35.564800                     ",161,"33.682000                     ",0,"0.000000                      ",0,"0.000000                      ",0,"0.000000                      ",0,"0.000000                      "
"1998","17597","06","4179","0250","04","Mid/Jr Hi ","N","Oshkosh Area","Traeger Mid","Grades PreK-12","All Races","Both Genders","537",0,"0.000000                      ",0,"0.000000                      ",0,"0.000000                      ",0,"0.000000                      ",0,"0.000000                      ",0,"0.000000                      ",0,"0.000000                      ",197,"36.685200                     ",171,"31.843500                     ",169,"31.471100                     ",0,"0.000000                      ",0,"0.000000                      ",0,"0.000000                      ",0,"0.000000                      "
"1998","13615","06","4179","0260","04","Elem      ","N","Oshkosh Area","Oaklawn El","Grades PreK-12","All Races","Both Genders","269",0,"0.000000                      ",36,"13.382800                     ",44,"16.356800                     ",48,"17.843800                     ",40,"14.869800                     ",51,"18.959100                     ",50,"18.587300                     ",0,"0.000000                      ",0,"0.000000                      ",0,"0.000000                      ",0,"0.000000                      ",0,"0.000000                      ",0,"0.000000                      ",0,"0.000000                      "
"1998","13607","06","4179","0280","04","Elem      ","N","Oshkosh Area","Oakwood El","Grades PreK-12","All Races","Both Genders","441",0,"0.000000                      ",72,"16.326500                     ",82,"18.594100                     ",85,"19.274300                     ",70,"15.873000                     ",68,"15.419500                     ",64,"14.512400                     ",0,"0.000000                      ",0,"0.000000                      ",0,"0.000000                      ",0,"0.000000                      ",0,"0.000000                      ",0,"0.000000                      ",0,"0.000000                      "
"1998","13596","06","4179","0290","04","High      ","N","Oshkosh Area","North Hi","Grades PreK-12","All Races","Both Genders","1456",0,"0.000000                      ",0,"0.000000                      ",0,"0.000000                      ",0,"0.000000                      ",0,"0.000000                      ",0,"0.000000                      ",0,"0.000000                      ",0,"0.000000                      ",0,"0.000000                      ",0,"0.000000                      ",461,"31.662000                     ",411,"28.228000                     ",307,"21.085100                     ",277,"19.024700                     "
"1998","13597","06","4179","0300","04","High      ","N","Oshkosh Area","West Hi","Grades PreK-12","All Races","Both Genders","1693",0,"0.000000                      ",0,"0.000000                      ",0,"0.000000                      ",0,"0.000000                      ",0,"0.000000                      ",0,"0.000000                      ",0,"0.000000                      ",0,"0.000000                      ",0,"0.000000                      ",0,"0.000000                      ",504,"29.769600                     ",407,"24.040100                     ",431,"25.457700                     ",351,"20.732400                     "
"1998","13598","06","4179","0320","04","Mid/Jr Hi ","N","Oshkosh Area","Tipler Mid","Grades PreK-12","All Races","Both Genders","456",0,"0.000000                      ",0,"0.000000                      ",0,"0.000000                      ",0,"0.000000                      ",0,"0.000000                      ",0,"0.000000                      ",0,"0.000000                      ",187,"41.008700                     ",137,"30.043800                     ",132,"28.947300                     ",0,"0.000000                      ",0,"0.000000                      ",0,"0.000000                      ",0,"0.000000                      "
"1998","13599","06","4179","0340","04","Elem      ","N","Oshkosh Area","Read El","Grades PreK-12","All Races","Both Genders","408",44,"10.784300                     ",60,"14.705800                     ",61,"14.950900                     ",53,"12.990100                     ",65,"15.931300                     ",58,"14.215600                     ",67,"16.421500                     ",0,"0.000000                      ",0,"0.000000                      ",0,"0.000000                      ",0,"0.000000                      ",0,"0.000000                      ",0,"0.000000                      ",0,"0.000000                      "
"1998","13600","06","4179","0360","04","Elem      ","N","Oshkosh Area","Roosevelt El","Grades PreK-12","All Races","Both Genders","370",14,"3.783700                      ",117,"31.621600                     ",48,"12.972900                     ",45,"12.162100                     ",58,"15.675600                     ",40,"10.810800                     ",48,"12.972900                     ",0,"0.000000                      ",0,"0.000000                      ",0,"0.000000                      ",0,"0.000000                      ",0,"0.000000                      ",0,"0.000000                      ",0,"0.000000                      "
"1998","13601","06","4179","0400","04","Elem      ","N","Oshkosh Area","Smith El","Grades PreK-12","All Races","Both Genders","215",0,"0.000000                      ",36,"16.744100                     ",41,"19.069700                     ",36,"16.744100                     ",37,"17.209300                     ",37,"17.209300                     ",28,"13.023200                     ",0,"0.000000                      ",0,"0.000000                      ",0,"0.000000                      ",0,"0.000000                      ",0,"0.000000                      ",0,"0.000000                      ",0,"0.000000                      "
"1998","13602","06","4179","0440","04","Mid/Jr Hi ","N","Oshkosh Area","South Park Mid","Grades PreK-12","All Races","Both Genders","472",0,"0.000000                      ",0,"0.000000                      ",0,"0.000000                      ",0,"0.000000                      ",0,"0.000000                      ",0,"0.000000                      ",0,"0.000000                      ",149,"31.567700                     ",168,"35.593200                     ",155,"32.838900                     ",0,"0.000000                      ",0,"0.000000                      ",0,"0.000000                      ",0,"0.000000                      "
"1998","13608","06","4179","0460","04","Elem      ","N","Oshkosh Area","Sunset El","Grades PreK-12","All Races","Both Genders","152",0,"0.000000                      ",33,"21.710500                     ",24,"15.789400                     ",25,"16.447300                     ",24,"15.789400                     ",23,"15.131500                     ",23,"15.131500                     ",0,"0.000000                      ",0,"0.000000                      ",0,"0.000000                      ",0,"0.000000                      ",0,"0.000000                      ",0,"0.000000                      ",0,"0.000000                      "
"1998","13603","06","4179","0480","04","Elem      ","N","Oshkosh Area","Washington El","Grades PreK-12","All Races","Both Genders","305",0,"0.000000                      ",50,"16.393400                     ",46,"15.081900                     ",49,"16.065500                     ",53,"17.377000                     ",54,"17.704900                     ",53,"17.377000                     ",0,"0.000000                      ",0,"0.000000                      ",0,"0.000000                      ",0,"0.000000                      ",0,"0.000000                      ",0,"0.000000                      ",0,"0.000000                      "
"1998","13604","06","4179","0500","04","Mid/Jr Hi ","N","Oshkosh Area","Webster Stanley Mid","Grades PreK-12","All Races","Both Genders","500",0,"0.000000                      ",0,"0.000000                      ",0,"0.000000                      ",0,"0.000000                      ",0,"0.000000                      ",0,"0.000000                      ",0,"0.000000                      ",169,"33.800000                     ",168,"33.600000                     ",163,"32.600000                     ",0,"0.000000                      ",0,"0.000000                      ",0,"0.000000                      ",0,"0.000000                      "
"1998","13605","06","4179","0520","04","Elem      ","N","Oshkosh Area","Webster Stanley El","Grades PreK-12","All Races","Both Genders","335",0,"0.000000                      ",59,"17.611900                     ",61,"18.208900                     ",67,"20.000000                     ",47,"14.029800                     ",49,"14.626800                     ",52,"15.522300                     ",0,"0.000000                      ",0,"0.000000                      ",0,"0.000000                      ",0,"0.000000                      ",0,"0.000000                      ",0,"0.000000                      ",0,"0.000000                      "
"1998","10040","06","4820","","03","Summary   ","N","Richfield J1","","Grades PreK-12","All Races","Both Genders","444",0,"0.000000                      ",44,"9.909900                      ",41,"9.234200                      ",48,"10.810800                     ",41,"9.234200                      ",45,"10.135100                     ",56,"12.612600                     ",60,"13.513500                     ",51,"11.486400                     ",58,"13.063000                     ",0,"0.000000                      ",0,"0.000000                      ",0,"0.000000                      ",0,"0.000000                      "
"1998","15284","06","4820","0020","04","Elem      ","N","Richfield J1","Richfield El","Grades PreK-12","All Races","Both Genders","311",0,"0.000000                      ",0,"0.000000                      ",0,"0.000000                      ",0,"0.000000                      ",41,"13.183200                     ",45,"14.469400                     ",56,"18.006400                     ",60,"19.292600                     ",51,"16.398700                     ",58,"18.649500                     ",0,"0.000000                      ",0,"0.000000                      ",0,"0.000000                      ",0,"0.000000                      "
"1998","15393","06","4820","0040","04","Elem      ","N","Richfield J1","Plat El","Grades PreK-12","All Races","Both Genders","133",0,"0.000000                      ",44,"33.082700                     ",41,"30.827000                     ",48,"36.090200                     ",0,"0.000000                      ",0,"0.000000                      ",0,"0.000000                      ",0,"0.000000                      ",0,"0.000000                      ",0,"0.000000                      ",0,"0.000000                      ",0,"0.000000                      ",0,"0.000000                      ",0,"0.000000                      "
"1998","10018","06","4843","","03","Summary   ","N","Friess Lake","","Grades PreK-12","All Races","Both Genders","250",0,"0.000000                      ",26,"10.400000                     ",29,"11.600000                     ",28,"11.200000                     ",31,"12.400000                     ",25,"10.000000                     ",22,"8.800000                      ",28,"11.200000                     ",30,"12.000000                     ",31,"12.400000                     ",0,"0.000000                      ",0,"0.000000                      ",0,"0.000000                      ",0,"0.000000                      "
"1998","15368","06","4843","0020","04","Elem      ","N","Friess Lake","Friess Lake Sch","Grades PreK-12","All Races","Both Genders","250",0,"0.000000                      ",26,"10.400000                     ",29,"11.600000                     ",28,"11.200000                     ",31,"12.400000                     ",25,"10.000000                     ",22,"8.800000                      ",28,"11.200000                     ",30,"12.000000                     ",31,"12.400000                     ",0,"0.000000                      ",0,"0.000000                      ",0,"0.000000                      ",0,"0.000000                      "
"1998","10400","06","4872","","03","Summary   ","N","Ripon","","Grades PreK-12","All Races","Both Genders","1659",16,"0.964400                      ",103,"6.208500                      ",113,"6.811300                      ",106,"6.389300                      ",124,"7.474300                      ",118,"7.112700                      ",133,"8.016800                      ",116,"6.992100                      ",143,"8.619600                      ",131,"7.896300                      ",146,"8.800400                      ",149,"8.981300                      ",128,"7.715400                      ",133,"8.016800                      "
"1998","13516","06","4872","0040","04","Elem      ","N","Ripon","Alice Callan El","Grades PreK-12","All Races","Both Genders","124",0,"0.000000                      ",39,"31.451600                     ",46,"37.096700                     ",39,"31.451600                     ",0,"0.000000                      ",0,"0.000000                      ",0,"0.000000                      ",0,"0.000000                      ",0,"0.000000                      ",0,"0.000000                      ",0,"0.000000                      ",0,"0.000000                      ",0,"0.000000                      ",0,"0.000000                      "
"1998","13499","06","4872","0100","04","Elem      ","N","Ripon","Murray Park El","Grades PreK-12","All Races","Both Genders","380",5,"1.315700                      ",0,"0.000000                      ",0,"0.000000                      ",0,"0.000000                      ",124,"32.631500                     ",118,"31.052600                     ",133,"35.000000                     ",0,"0.000000                      ",0,"0.000000                      ",0,"0.000000                      ",0,"0.000000                      ",0,"0.000000                      ",0,"0.000000                      ",0,"0.000000                      "
"1998","13482","06","4872","0120","04","High      ","N","Ripon","Ripon Hi","Grades PreK-12","All Races","Both Genders","556",0,"0.000000                      ",0,"0.000000                      ",0,"0.000000                      ",0,"0.000000                      ",0,"0.000000                      ",0,"0.000000                      ",0,"0.000000                      ",0,"0.000000                      ",0,"0.000000                      ",0,"0.000000                      ",146,"26.258900                     ",149,"26.798500                     ",128,"23.021500                     ",133,"23.920800                     "
"1998","13483","06","4872","0140","04","Mid/Jr Hi ","N","Ripon","Ripon Mid","Grades PreK-12","All Races","Both Genders","390",0,"0.000000                      ",0,"0.000000                      ",0,"0.000000                      ",0,"0.000000                      ",0,"0.000000                      ",0,"0.000000                      ",0,"0.000000                      ",116,"29.743500                     ",143,"36.666600                     ",131,"33.589700                     ",0,"0.000000                      ",0,"0.000000                      ",0,"0.000000                      ",0,"0.000000                      "
"1998","13484","06","4872","0160","04","Elem      ","N","Ripon","Roosevelt El","Grades PreK-12","All Races","Both Genders","128",11,"8.593700                      ",28,"21.875000                     ",43,"33.593700                     ",46,"35.937500                     ",0,"0.000000                      ",0,"0.000000                      ",0,"0.000000                      ",0,"0.000000                      ",0,"0.000000                      ",0,"0.000000                      ",0,"0.000000                      ",0,"0.000000                      ",0,"0.000000                      ",0,"0.000000                      "
"1998","13485","06","4872","0180","04","Elem      ","N","Ripon","Wayside El","Grades PreK-12","All Races","Both Genders","81",0,"0.000000                      ",36,"44.444400                     ",24,"29.629600                     ",21,"25.925900                     ",0,"0.000000                      ",0,"0.000000                      ",0,"0.000000                      ",0,"0.000000                      ",0,"0.000000                      ",0,"0.000000                      ",0,"0.000000                      ",0,"0.000000                      ",0,"0.000000                      ",0,"0.000000                      "
"1998","10401","06","4956","","03","Summary   ","N","Rosendale-Brandon","","Grades PreK-12","All Races","Both Genders","1093",9,"0.823400                      ",74,"6.770300                      ",88,"8.051200                      ",69,"6.312900                      ",74,"6.770300                      ",73,"6.678800                      ",67,"6.129900                      ",97,"8.874600                      ",102,"9.332100                      ",78,"7.136300                      ",89,"8.142700                      ",97,"8.874600                      ",93,"8.508600                      ",83,"7.593700                      "
"1998","14447","06","4956","0025","04","Elem      ","N","Rosendale-Brandon","Brandon El","Grades PreK-12","All Races","Both Genders","201",0,"0.000000                      ",27,"13.432800                     ",47,"23.383000                     ",31,"15.422800                     ",36,"17.910400                     ",29,"14.427800                     ",31,"15.422800                     ",0,"0.000000                      ",0,"0.000000                      ",0,"0.000000                      ",0,"0.000000                      ",0,"0.000000                      ",0,"0.000000                      ",0,"0.000000                      "
"1998","14448","06","4956","0030","04","Mid/Jr Hi ","N","Rosendale-Brandon","Brandon Mid","Grades PreK-12","All Races","Both Genders","126",0,"0.000000                      ",0,"0.000000                      ",0,"0.000000                      ",0,"0.000000                      ",0,"0.000000                      ",0,"0.000000                      ",0,"0.000000                      ",42,"33.333300                     ",46,"36.507900                     ",38,"30.158700                     ",0,"0.000000                      ",0,"0.000000                      ",0,"0.000000                      ",0,"0.000000                      "
"1998","13486","06","4956","0050","04","High      ","N","Rosendale-Brandon","Laconia Hi","Grades PreK-12","All Races","Both Genders","362",0,"0.000000                      ",0,"0.000000                      ",0,"0.000000                      ",0,"0.000000                      ",0,"0.000000                      ",0,"0.000000                      ",0,"0.000000                      ",0,"0.000000                      ",0,"0.000000                      ",0,"0.000000                      ",89,"24.585600                     ",97,"26.795500                     ",93,"25.690600                     ",83,"22.928100                     "
"1998","13487","06","4956","0060","04","Elem      ","N","Rosendale-Brandon","Rosendale El","Grades PreK-12","All Races","Both Genders","253",9,"3.557300                      ",47,"18.577000                     ",41,"16.205500                     ",38,"15.019700                     ",38,"15.019700                     ",44,"17.391300                     ",36,"14.229200                     ",0,"0.000000                      ",0,"0.000000                      ",0,"0.000000                      ",0,"0.000000                      ",0,"0.000000                      ",0,"0.000000                      ",0,"0.000000                      "
"1998","13488","06","4956","0080","04","Mid/Jr Hi ","N","Rosendale-Brandon","Rosendale Mid","Grades PreK-12","All Races","Both Genders","151",0,"0.000000                      ",0,"0.000000                      ",0,"0.000000                      ",0,"0.000000                      ",0,"0.000000                      ",0,"0.000000                      ",0,"0.000000                      ",55,"36.423800                     ",56,"37.086000                     ",40,"26.490000                     ",0,"0.000000                      ",0,"0.000000                      ",0,"0.000000                      ",0,"0.000000                      "
"1998","10041","06","4998","","03","Summary   ","N","Rubicon J6","","Grades PreK-12","All Races","Both Genders","148",0,"0.000000                      ",14,"9.459400                      ",11,"7.432400                      ",15,"10.135100                     ",28,"18.918900                     ",18,"12.162100                     ",17,"11.486400                     ",11,"7.432400                      ",21,"14.189100                     ",13,"8.783700                      ",0,"0.000000                      ",0,"0.000000                      ",0,"0.000000                      ",0,"0.000000                      "
"1998","15286","06","4998","0020","04","Elem      ","N","Rubicon J6","Saylesville El","Grades PreK-12","All Races","Both Genders","148",0,"0.000000                      ",14,"9.459400                      ",11,"7.432400                      ",15,"10.135100                     ",28,"18.918900                     ",18,"12.162100                     ",17,"11.486400                     ",11,"7.432400                      ",21,"14.189100                     ",13,"8.783700                      ",0,"0.000000                      ",0,"0.000000                      ",0,"0.000000                      ",0,"0.000000                      "
"1998","10236","06","5348","","03","Summary   ","N","Shiocton","","Grades PreK-12","All Races","Both Genders","865",63,"7.283200                      ",68,"7.861200                      ",58,"6.705200                      ",58,"6.705200                      ",65,"7.514400                      ",77,"8.901700                      ",60,"6.936400                      ",65,"7.514400                      ",61,"7.052000                      ",57,"6.589500                      ",58,"6.705200                      ",46,"5.317900                      ",74,"8.554900                      ",55,"6.358300                      "
"1998","14270","06","5348","0020","04","Elem      ","N","Shiocton","Shiocton El","Grades PreK-12","All Races","Both Genders","632",63,"9.968300                      ",68,"10.759400                     ",58,"9.177200                      ",58,"9.177200                      ",65,"10.284800                     ",77,"12.183500                     ",60,"9.493600                      ",65,"10.284800                     ",61,"9.651800                      ",57,"9.018900                      ",0,"0.000000                      ",0,"0.000000                      ",0,"0.000000                      ",0,"0.000000                      "
"1998","14271","06","5348","0040","04","High      ","N","Shiocton","Shiocton Hi","Grades PreK-12","All Races","Both Genders","233",0,"0.000000                      ",0,"0.000000                      ",0,"0.000000                      ",0,"0.000000                      ",0,"0.000000                      ",0,"0.000000                      ",0,"0.000000                      ",0,"0.000000                      ",0,"0.000000                      ",0,"0.000000                      ",58,"24.892700                     ",46,"19.742400                     ",74,"31.759600                     ",55,"23.605100                     "
"1998","10045","06","5390","","03","Summary   ","N","Slinger","","Grades PreK-12","All Races","Both Genders","2701",116,"4.294700                      ",180,"6.664100                      ",183,"6.775200                      ",196,"7.256500                      ",176,"6.516100                      ",187,"6.923300                      ",186,"6.886300                      ",235,"8.700400                      ",223,"8.256200                      ",217,"8.034000                      ",208,"7.700800                      ",184,"6.812200                      ",231,"8.552300                      ",179,"6.627100                      "
"1998","15370","06","5390","0010","04","Elem      ","N","Slinger","Allenton El","Grades PreK-12","All Races","Both Genders","465",50,"10.752600                     ",72,"15.483800                     ",67,"14.408600                     ",73,"15.698900                     ",62,"13.333300                     ",77,"16.559100                     ",64,"13.763400                     ",0,"0.000000                      ",0,"0.000000                      ",0,"0.000000                      ",0,"0.000000                      ",0,"0.000000                      ",0,"0.000000                      ",0,"0.000000                      "
"1998","15234","06","5390","0020","04","Elem      ","N","Slinger","Slinger El","Grades PreK-12","All Races","Both Genders","759",66,"8.695600                      ",108,"14.229200                     ",116,"15.283200                     ",123,"16.205500                     ",114,"15.019700                     ",110,"14.492700                     ",122,"16.073700                     ",0,"0.000000                      ",0,"0.000000                      ",0,"0.000000                      ",0,"0.000000                      ",0,"0.000000                      ",0,"0.000000                      ",0,"0.000000                      "
"1998","15235","06","5390","0060","04","Mid/Jr Hi ","N","Slinger","Slinger Mid","Grades PreK-12","All Races","Both Genders","675",0,"0.000000                      ",0,"0.000000                      ",0,"0.000000                      ",0,"0.000000                      ",0,"0.000000                      ",0,"0.000000                      ",0,"0.000000                      ",235,"34.814800                     ",223,"33.037000                     ",217,"32.148100                     ",0,"0.000000                      ",0,"0.000000                      ",0,"0.000000                      ",0,"0.000000                      "
"1998","15236","06","5390","0080","04","High      ","N","Slinger","Slinger Hi","Grades PreK-12","All Races","Both Genders","802",0,"0.000000                      ",0,"0.000000                      ",0,"0.000000                      ",0,"0.000000                      ",0,"0.000000                      ",0,"0.000000                      ",0,"0.000000                      ",0,"0.000000                      ",0,"0.000000                      ",0,"0.000000                      ",208,"25.935100                     ",184,"22.942600                     ",231,"28.802900                     ",179,"22.319200                     "
"1998","10195","06","6216","","03","Summary   ","N","Waupun","","Grades PreK-12","All Races","Both Genders","2500",0,"0.000000                      ",196,"7.840000                      ",173,"6.920000                      ",192,"7.680000                      ",176,"7.040000                      ",195,"7.800000                      ",199,"7.960000                      ",210,"8.400000                      ",192,"7.680000                      ",202,"8.080000                      ",197,"7.880000                      ",201,"8.040000                      ",187,"7.480000                      ",180,"7.200000                      "
"1998","14423","06","6216","0020","04","Elem      ","N","Waupun","Alto El","Grades PreK-12","All Races","Both Genders","147",0,"0.000000                      ",42,"28.571400                     ",19,"12.925100                     ",22,"14.965900                     ",25,"17.006800                     ",20,"13.605400                     ",19,"12.925100                     ",0,"0.000000                      ",0,"0.000000                      ",0,"0.000000                      ",0,"0.000000                      ",0,"0.000000                      ",0,"0.000000                      ",0,"0.000000                      "
"1998","14449","06","6216","0040","04","Elem      ","N","Waupun","Amity El","Grades PreK-12","All Races","Both Genders","78",0,"0.000000                      ",0,"0.000000                      ",12,"15.384600                     ",17,"21.794800                     ",17,"21.794800                     ",19,"24.358900                     ",13,"16.666600                     ",0,"0.000000                      ",0,"0.000000                      ",0,"0.000000                      ",0,"0.000000                      ",0,"0.000000                      ",0,"0.000000                      ",0,"0.000000                      "
"1998","14427","06","6216","0080","04","Elem      ","N","Waupun","Fox Lake El","Grades PreK-12","All Races","Both Genders","175",0,"0.000000                      ",28,"16.000000                     ",24,"13.714200                     ",31,"17.714200                     ",27,"15.428500                     ",37,"21.142800                     ",28,"16.000000                     ",0,"0.000000                      ",0,"0.000000                      ",0,"0.000000                      ",0,"0.000000                      ",0,"0.000000                      ",0,"0.000000                      ",0,"0.000000                      "
"1998","14404","06","6216","0100","04","Elem      ","N","Waupun","Jefferson El","Grades PreK-12","All Races","Both Genders","295",0,"0.000000                      ",42,"14.237200                     ",45,"15.254200                     ",52,"17.627100                     ",40,"13.559300                     ",50,"16.949100                     ",66,"22.372800                     ",0,"0.000000                      ",0,"0.000000                      ",0,"0.000000                      ",0,"0.000000                      ",0,"0.000000                      ",0,"0.000000                      ",0,"0.000000                      "
"1998","14387","06","6216","0160","04","Elem      ","N","Waupun","Washington El","Grades PreK-12","All Races","Both Genders","436",0,"0.000000                      ",84,"19.266000                     ",73,"16.743100                     ",70,"16.055000                     ",67,"15.366900                     ",69,"15.825600                     ",73,"16.743100                     ",0,"0.000000                      ",0,"0.000000                      ",0,"0.000000                      ",0,"0.000000                      ",0,"0.000000                      ",0,"0.000000                      ",0,"0.000000                      "
"1998","14388","06","6216","0180","04","Mid/Jr Hi ","N","Waupun","Waupun Mid","Grades PreK-12","All Races","Both Genders","604",0,"0.000000                      ",0,"0.000000                      ",0,"0.000000                      ",0,"0.000000                      ",0,"0.000000                      ",0,"0.000000                      ",0,"0.000000                      ",210,"34.768200                     ",192,"31.788000                     ",202,"33.443700                     ",0,"0.000000                      ",0,"0.000000                      ",0,"0.000000                      ",0,"0.000000                      "
"1998","14389","06","6216","0200","04","High      ","N","Waupun","Waupun Hi","Grades PreK-12","All Races","Both Genders","765",0,"0.000000                      ",0,"0.000000                      ",0,"0.000000                      ",0,"0.000000                      ",0,"0.000000                      ",0,"0.000000                      ",0,"0.000000                      ",0,"0.000000                      ",0,"0.000000                      ",0,"0.000000                      ",197,"25.751600                     ",201,"26.274500                     ",187,"24.444400                     ",180,"23.529400                     "
"1998","10051","06","6307","","03","Summary   ","N","West Bend","","Grades PreK-12","All Races","Both Genders","6854",138,"2.013400                      ",449,"6.550900                      ",445,"6.492500                      ",447,"6.521700                      ",481,"7.017700                      ",458,"6.682200                      ",486,"7.090700                      ",473,"6.901000                      ",502,"7.324100                      ",471,"6.871800                      ",626,"9.133300                      ",647,"9.439700                      ",703,"10.256700                     ",528,"7.703500                      "
"1998","15218","06","6307","0010","04","Mid/Jr Hi ","N","West Bend","Badger Mid","Grades PreK-12","All Races","Both Genders","829",0,"0.000000                      ",0,"0.000000                      ",0,"0.000000                      ",0,"0.000000                      ",0,"0.000000                      ",0,"0.000000                      ",0,"0.000000                      ",266,"32.086800                     ",295,"35.585000                     ",268,"32.328100                     ",0,"0.000000                      ",0,"0.000000                      ",0,"0.000000                      ",0,"0.000000                      "
"1998","15219","06","6307","0020","04","Elem      ","N","West Bend","Barton El","Grades PreK-12","All Races","Both Genders","434",19,"4.377800                      ",71,"16.359400                     ",69,"15.898600                     ",71,"16.359400                     ",71,"16.359400                     ",64,"14.746500                     ",69,"15.898600                     ",0,"0.000000                      ",0,"0.000000                      ",0,"0.000000                      ",0,"0.000000                      ",0,"0.000000                      ",0,"0.000000                      ",0,"0.000000                      "
"1998","15220","06","6307","0040","04","Elem      ","N","West Bend","Decorah El","Grades PreK-12","All Races","Both Genders","373",43,"11.528100                     ",45,"12.064300                     ",58,"15.549500                     ",47,"12.600500                     ",51,"13.672900                     ",59,"15.817600                     ",70,"18.766700                     ",0,"0.000000                      ",0,"0.000000                      ",0,"0.000000                      ",0,"0.000000                      ",0,"0.000000                      ",0,"0.000000                      ",0,"0.000000                      "
"1998","15221","06","6307","0050","04","High      ","N","West Bend","East Hi","Grades PreK-12","All Races","Both Genders","1228",0,"0.000000                      ",0,"0.000000                      ",0,"0.000000                      ",0,"0.000000                      ",0,"0.000000                      ",0,"0.000000                      ",0,"0.000000                      ",0,"0.000000                      ",0,"0.000000                      ",0,"0.000000                      ",314,"25.570000                     ",317,"25.814300                     ",339,"27.605800                     ",258,"21.009700                     "
"1998","15222","06","6307","0060","04","Elem      ","N","West Bend","Fair Park El","Grades PreK-12","All Races","Both Genders","490",0,"0.000000                      ",79,"16.122400                     ",75,"15.306100                     ",92,"18.775500                     ",86,"17.551000                     ",74,"15.102000                     ",84,"17.142800                     ",0,"0.000000                      ",0,"0.000000                      ",0,"0.000000                      ",0,"0.000000                      ",0,"0.000000                      ",0,"0.000000                      ",0,"0.000000                      "
"1998","15223","06","6307","0070","04","Elem      ","N","West Bend","Green Tree El","Grades PreK-12","All Races","Both Genders","504",0,"0.000000                      ",73,"14.484100                     ",84,"16.666600                     ",69,"13.690400                     ",91,"18.055500                     ",101,"20.039600                     ",86,"17.063400                     ",0,"0.000000                      ",0,"0.000000                      ",0,"0.000000                      ",0,"0.000000                      ",0,"0.000000                      ",0,"0.000000                      ",0,"0.000000                      "
"1998","15331","06","6307","0080","04","Elem      ","N","West Bend","Jackson El","Grades PreK-12","All Races","Both Genders","474",0,"0.000000                      ",94,"19.831200                     ",74,"15.611800                     ",69,"14.556900                     ",93,"19.620200                     ",57,"12.025300                     ",87,"18.354400                     ",0,"0.000000                      ",0,"0.000000                      ",0,"0.000000                      ",0,"0.000000                      ",0,"0.000000                      ",0,"0.000000                      ",0,"0.000000                      "
"1998","15224","06","6307","0100","04","Elem      ","N","West Bend","McLane El","Grades PreK-12","All Races","Both Genders","553",0,"0.000000                      ",87,"15.732300                     ",85,"15.370700                     ",99,"17.902300                     ",89,"16.094000                     ",103,"18.625600                     ",90,"16.274800                     ",0,"0.000000                      ",0,"0.000000                      ",0,"0.000000                      ",0,"0.000000                      ",0,"0.000000                      ",0,"0.000000                      ",0,"0.000000                      "
"1998","17590","06","6307","0140","04","High      ","N","West Bend","West Bend Alternative Hi","Grades PreK-12","All Races","Both Genders","38",0,"0.000000                      ",0,"0.000000                      ",0,"0.000000                      ",0,"0.000000                      ",0,"0.000000                      ",0,"0.000000                      ",0,"0.000000                      ",0,"0.000000                      ",0,"0.000000                      ",0,"0.000000                      ",0,"0.000000                      ",6,"15.789400                     ",28,"73.684200                     ",4,"10.526300                     "
"1998","15225","06","6307","0160","04","Mid/Jr Hi ","N","West Bend","Silverbrook Mid","Grades PreK-12","All Races","Both Genders","617",0,"0.000000                      ",0,"0.000000                      ",0,"0.000000                      ",0,"0.000000                      ",0,"0.000000                      ",0,"0.000000                      ",0,"0.000000                      ",207,"33.549400                     ",207,"33.549400                     ",203,"32.901100                     ",0,"0.000000                      ",0,"0.000000                      ",0,"0.000000                      ",0,"0.000000                      "
"1998","15226","06","6307","0180","04","Elem      ","N","West Bend","Silver Maple P-K","Grades PreK-12","All Races","Both Genders","76",76,"100.000000                    ",0,"0.000000                      ",0,"0.000000                      ",0,"0.000000                      ",0,"0.000000                      ",0,"0.000000                      ",0,"0.000000                      ",0,"0.000000                      ",0,"0.000000                      ",0,"0.000000                      ",0,"0.000000                      ",0,"0.000000                      ",0,"0.000000                      ",0,"0.000000                      "
"1998","15227","06","6307","0200","04","High      ","N","West Bend","West Hi","Grades PreK-12","All Races","Both Genders","1238",0,"0.000000                      ",0,"0.000000                      ",0,"0.000000                      ",0,"0.000000                      ",0,"0.000000                      ",0,"0.000000                      ",0,"0.000000                      ",0,"0.000000                      ",0,"0.000000                      ",0,"0.000000                      ",312,"25.201900                     ",324,"26.171200                     ",336,"27.140500                     ",266,"21.486200                     "
"1998","10404","06","6384","","03","Summary   ","N","Weyauwega-Fremont","","Grades PreK-12","All Races","Both Genders","1166",14,"1.200600                      ",63,"5.403000                      ",73,"6.260700                      ",92,"7.890200                      ",69,"5.917600                      ",92,"7.890200                      ",73,"6.260700                      ",82,"7.032500                      ",92,"7.890200                      ",96,"8.233200                      ",97,"8.319000                      ",111,"9.519700                      ",106,"9.090900                      ",106,"9.090900                      "
"1998","13543","06","6384","0040","04","Elem      ","N","Weyauwega-Fremont","Fremont El","Grades PreK-12","All Races","Both Genders","109",0,"0.000000                      ",16,"14.678800                     ",15,"13.761400                     ",23,"21.100900                     ",15,"13.761400                     ",22,"20.183400                     ",18,"16.513700                     ",0,"0.000000                      ",0,"0.000000                      ",0,"0.000000                      ",0,"0.000000                      ",0,"0.000000                      ",0,"0.000000                      ",0,"0.000000                      "
"1998","13498","06","6384","0080","04","Elem      ","N","Weyauwega-Fremont","Weyauwega El","Grades PreK-12","All Races","Both Genders","367",14,"3.814700                      ",47,"12.806500                     ",58,"15.803800                     ",69,"18.801000                     ",54,"14.713800                     ",70,"19.073500                     ",55,"14.986300                     ",0,"0.000000                      ",0,"0.000000                      ",0,"0.000000                      ",0,"0.000000                      ",0,"0.000000                      ",0,"0.000000                      ",0,"0.000000                      "
"1998","13481","06","6384","0100","04","High      ","N","Weyauwega-Fremont","Weyauwega Hi","Grades PreK-12","All Races","Both Genders","420",0,"0.000000                      ",0,"0.000000                      ",0,"0.000000                      ",0,"0.000000                      ",0,"0.000000                      ",0,"0.000000                      ",0,"0.000000                      ",0,"0.000000                      ",0,"0.000000                      ",0,"0.000000                      ",97,"23.095200                     ",111,"26.428500                     ",106,"25.238000                     ",106,"25.238000                     "
"1998","13467","06","6384","0120","04","Mid/Jr Hi ","N","Weyauwega-Fremont","Weyauwega Mid","Grades PreK-12","All Races","Both Genders","270",0,"0.000000                      ",0,"0.000000                      ",0,"0.000000                      ",0,"0.000000                      ",0,"0.000000                      ",0,"0.000000                      ",0,"0.000000                      ",82,"30.370300                     ",92,"34.074000                     ",96,"35.555500                     ",0,"0.000000                      ",0,"0.000000                      ",0,"0.000000                      ",0,"0.000000                      "
"1998","10406","06","6608","","03","Summary   ","N","Winneconne Community","","Grades PreK-12","All Races","Both Genders","1650",10,"0.606000                      ",100,"6.060600                      ",109,"6.606000                      ",103,"6.242400                      ",125,"7.575700                      ",102,"6.181800                      ",133,"8.060600                      ",119,"7.212100                      ",171,"10.363600                     ",140,"8.484800                      ",134,"8.121200                      ",156,"9.454500                      ",131,"7.939300                      ",117,"7.090900                      "
"1998","13470","06","6608","0020","04","Elem      ","N","Winneconne Community","Winchester El","Grades PreK-12","All Races","Both Genders","127",0,"0.000000                      ",18,"14.173200                     ",22,"17.322800                     ",19,"14.960600                     ",21,"16.535400                     ",26,"20.472400                     ",21,"16.535400                     ",0,"0.000000                      ",0,"0.000000                      ",0,"0.000000                      ",0,"0.000000                      ",0,"0.000000                      ",0,"0.000000                      ",0,"0.000000                      "
"1998","13471","06","6608","0040","04","Elem      ","N","Winneconne Community","Winneconne El","Grades PreK-12","All Races","Both Genders","555",10,"1.801800                      ",82,"14.774700                     ",87,"15.675600                     ",84,"15.135100                     ",104,"18.738700                     ",76,"13.693600                     ",112,"20.180100                     ",0,"0.000000                      ",0,"0.000000                      ",0,"0.000000                      ",0,"0.000000                      ",0,"0.000000                      ",0,"0.000000                      ",0,"0.000000                      "
"1998","17476","06","6608","0060","04","High      ","N","Winneconne Community","Winneconne Hi","Grades PreK-12","All Races","Both Genders","538",0,"0.000000                      ",0,"0.000000                      ",0,"0.000000                      ",0,"0.000000                      ",0,"0.000000                      ",0,"0.000000                      ",0,"0.000000                      ",0,"0.000000                      ",0,"0.000000                      ",0,"0.000000                      ",134,"24.907000                     ",156,"28.996200                     ",131,"24.349400                     ",117,"21.747200                     "
"1998","13472","06","6608","0080","04","Mid/Jr Hi ","N","Winneconne Community","Winneconne Mid","Grades PreK-12","All Races","Both Genders","430",0,"0.000000                      ",0,"0.000000                      ",0,"0.000000                      ",0,"0.000000                      ",0,"0.000000                      ",0,"0.000000                      ",0,"0.000000                      ",119,"27.674400                     ",171,"39.767400                     ",140,"32.558100                     ",0,"0.000000                      ",0,"0.000000                      ",0,"0.000000                      ",0,"0.000000                      "
