"year","agency_key","CESA","district_number","school_number","agency_type","school_type","charter","district_name","school_name","grade_label","race_ethnicity","gender","total_enrollment_prek-12","pre-k_number","pre-k_percent","kinder_number","kinder_percent","grade_1_number","grade_1_percent","grade_2_number","grade_2_percent","grade_3_number","grade_3_percent","grade_4_number","grade_4_percent","grade_5_number","grade_5_percent","grade_6_number","grade_6_percent","grade_7_number","grade_7_percent","grade_8_number","grade_8_percent","grade_9_number","grade_9_percent","grade_10_number","grade_10_percent","grade_11_number","grade_11_percent","grade_12_number","grade_12_percent"
"1997","05199","11","0119","","03","Summary   ","N","Amery","","Grades PreK-12","All Races","Both Genders","1839",28,"1.522500                      ",106,"5.764000                      ",143,"7.775900                      ",120,"6.525200                      ",129,"7.014600                      ",125,"6.797100                      ",129,"7.014600                      ",152,"8.265300                      ",172,"9.352900                      ",143,"7.775900                      ",139,"7.558400                      ",154,"8.374100                      ",140,"7.612800                      ",159,"8.646000                      "
"1997","06473","11","0119","0020","04","Elem      ","N","Amery","Lien El","Grades PreK-12","All Races","Both Genders","526",28,"5.323100                      ",106,"20.152000                     ",143,"27.186300                     ",120,"22.813600                     ",129,"24.524700                     ",0,"0.000000                      ",0,"0.000000                      ",0,"0.000000                      ",0,"0.000000                      ",0,"0.000000                      ",0,"0.000000                      ",0,"0.000000                      ",0,"0.000000                      ",0,"0.000000                      "
"1997","06474","11","0119","0040","04","High      ","N","Amery","Amery Hi","Grades PreK-12","All Races","Both Genders","592",0,"0.000000                      ",0,"0.000000                      ",0,"0.000000                      ",0,"0.000000                      ",0,"0.000000                      ",0,"0.000000                      ",0,"0.000000                      ",0,"0.000000                      ",0,"0.000000                      ",0,"0.000000                      ",139,"23.479700                     ",154,"26.013500                     ",140,"23.648600                     ",159,"26.858100                     "
"1997","06475","11","0119","0050","04","Mid/Jr Hi ","N","Amery","Lakeview Intermediate","Grades PreK-12","All Races","Both Genders","254",0,"0.000000                      ",0,"0.000000                      ",0,"0.000000                      ",0,"0.000000                      ",0,"0.000000                      ",125,"49.212500                     ",129,"50.787400                     ",0,"0.000000                      ",0,"0.000000                      ",0,"0.000000                      ",0,"0.000000                      ",0,"0.000000                      ",0,"0.000000                      ",0,"0.000000                      "
"1997","06476","11","0119","0060","04","Mid/Jr Hi ","N","Amery","Amery Mid","Grades PreK-12","All Races","Both Genders","467",0,"0.000000                      ",0,"0.000000                      ",0,"0.000000                      ",0,"0.000000                      ",0,"0.000000                      ",0,"0.000000                      ",0,"0.000000                      ",152,"32.548100                     ",172,"36.830800                     ",143,"30.620900                     ",0,"0.000000                      ",0,"0.000000                      ",0,"0.000000                      ",0,"0.000000                      "
"1997","05200","11","0231","","03","Summary   ","N","Baldwin-Woodville Area","","Grades PreK-12","All Races","Both Genders","1330",9,"0.676600                      ",80,"6.015000                      ",75,"5.639000                      ",87,"6.541300                      ",94,"7.067600                      ",103,"7.744300                      ",94,"7.067600                      ",116,"8.721800                      ",108,"8.120300                      ",116,"8.721800                      ",103,"7.744300                      ",161,"12.105200                     ",108,"8.120300                      ",76,"5.714200                      "
"1997","06477","11","0231","0040","04","High      ","N","Baldwin-Woodville Area","Baldwin-Woodville Hi","Grades PreK-12","All Races","Both Genders","448",0,"0.000000                      ",0,"0.000000                      ",0,"0.000000                      ",0,"0.000000                      ",0,"0.000000                      ",0,"0.000000                      ",0,"0.000000                      ",0,"0.000000                      ",0,"0.000000                      ",0,"0.000000                      ",103,"22.991000                     ",161,"35.937500                     ",108,"24.107100                     ",76,"16.964200                     "
"1997","06478","11","0231","0070","04","Elem      ","N","Baldwin-Woodville Area","Greenfield El","Grades PreK-12","All Races","Both Genders","448",9,"2.008900                      ",80,"17.857100                     ",75,"16.741000                     ",87,"19.419600                     ",94,"20.982100                     ",103,"22.991000                     ",0,"0.000000                      ",0,"0.000000                      ",0,"0.000000                      ",0,"0.000000                      ",0,"0.000000                      ",0,"0.000000                      ",0,"0.000000                      ",0,"0.000000                      "
"1997","06524","11","0231","0090","04","Mid/Jr Hi ","N","Baldwin-Woodville Area","Viking Mid","Grades PreK-12","All Races","Both Genders","434",0,"0.000000                      ",0,"0.000000                      ",0,"0.000000                      ",0,"0.000000                      ",0,"0.000000                      ",0,"0.000000                      ",94,"21.658900                     ",116,"26.728100                     ",108,"24.884700                     ",116,"26.728100                     ",0,"0.000000                      ",0,"0.000000                      ",0,"0.000000                      ",0,"0.000000                      "
"1997","05361","11","0238","","03","Summary   ","N","Unity","","Grades PreK-12","All Races","Both Genders","1240",15,"1.209600                      ",87,"7.016100                      ",99,"7.983800                      ",75,"6.048300                      ",82,"6.612900                      ",104,"8.387000                      ",78,"6.290300                      ",101,"8.145100                      ",100,"8.064500                      ",111,"8.951600                      ",124,"10.000000                     ",110,"8.870900                      ",81,"6.532200                      ",73,"5.887000                      "
"1997","07178","11","0238","0060","04","Elem      ","N","Unity","Unity El","Grades PreK-12","All Races","Both Genders","540",15,"2.777700                      ",87,"16.111100                     ",99,"18.333300                     ",75,"13.888800                     ",82,"15.185100                     ",104,"19.259200                     ",78,"14.444400                     ",0,"0.000000                      ",0,"0.000000                      ",0,"0.000000                      ",0,"0.000000                      ",0,"0.000000                      ",0,"0.000000                      ",0,"0.000000                      "
"1997","07179","11","0238","0100","04","High      ","N","Unity","Unity Hi","Grades PreK-12","All Races","Both Genders","388",0,"0.000000                      ",0,"0.000000                      ",0,"0.000000                      ",0,"0.000000                      ",0,"0.000000                      ",0,"0.000000                      ",0,"0.000000                      ",0,"0.000000                      ",0,"0.000000                      ",0,"0.000000                      ",124,"31.958700                     ",110,"28.350500                     ",81,"20.876200                     ",73,"18.814400                     "
"1997","07180","11","0238","0120","04","Mid/Jr Hi ","N","Unity","Unity Mid","Grades PreK-12","All Races","Both Genders","312",0,"0.000000                      ",0,"0.000000                      ",0,"0.000000                      ",0,"0.000000                      ",0,"0.000000                      ",0,"0.000000                      ",0,"0.000000                      ",101,"32.371700                     ",100,"32.051200                     ",111,"35.576900                     ",0,"0.000000                      ",0,"0.000000                      ",0,"0.000000                      ",0,"0.000000                      "
"1997","05362","11","0308","","03","Summary   ","N","Barron Area","","Grades PreK-12","All Races","Both Genders","1606",0,"0.000000                      ",107,"6.662500                      ",110,"6.849300                      ",110,"6.849300                      ",117,"7.285100                      ",127,"7.907800                      ",109,"6.787000                      ",125,"7.783300                      ",140,"8.717300                      ",125,"7.783300                      ",147,"9.153100                      ",144,"8.966300                      ",134,"8.343700                      ",111,"6.911500                      "
"1997","07172","11","0308","0020","04","Elem      ","N","Barron Area","Almena El","Grades PreK-12","All Races","Both Genders","80",0,"0.000000                      ",17,"21.250000                     ",18,"22.500000                     ",20,"25.000000                     ",25,"31.250000                     ",0,"0.000000                      ",0,"0.000000                      ",0,"0.000000                      ",0,"0.000000                      ",0,"0.000000                      ",0,"0.000000                      ",0,"0.000000                      ",0,"0.000000                      ",0,"0.000000                      "
"1997","07181","11","0308","0030","04","High      ","N","Barron Area","Barron Hi","Grades PreK-12","All Races","Both Genders","536",0,"0.000000                      ",0,"0.000000                      ",0,"0.000000                      ",0,"0.000000                      ",0,"0.000000                      ",0,"0.000000                      ",0,"0.000000                      ",0,"0.000000                      ",0,"0.000000                      ",0,"0.000000                      ",147,"27.425300                     ",144,"26.865600                     ",134,"25.000000                     ",111,"20.708900                     "
"1997","07105","11","0308","0080","04","Elem      ","N","Barron Area","Dallas El","Grades PreK-12","All Races","Both Genders","49",0,"0.000000                      ",18,"36.734600                     ",16,"32.653000                     ",15,"30.612200                     ",0,"0.000000                      ",0,"0.000000                      ",0,"0.000000                      ",0,"0.000000                      ",0,"0.000000                      ",0,"0.000000                      ",0,"0.000000                      ",0,"0.000000                      ",0,"0.000000                      ",0,"0.000000                      "
"1997","07154","11","0308","0120","04","Elem      ","N","Barron Area","Ridgeland El","Grades PreK-12","All Races","Both Genders","60",0,"0.000000                      ",0,"0.000000                      ",0,"0.000000                      ",0,"0.000000                      ",20,"33.333300                     ",23,"38.333300                     ",17,"28.333300                     ",0,"0.000000                      ",0,"0.000000                      ",0,"0.000000                      ",0,"0.000000                      ",0,"0.000000                      ",0,"0.000000                      ",0,"0.000000                      "
"1997","07182","11","0308","0140","04","Mid/Jr Hi ","N","Barron Area","Riverview Mid","Grades PreK-12","All Races","Both Genders","390",0,"0.000000                      ",0,"0.000000                      ",0,"0.000000                      ",0,"0.000000                      ",0,"0.000000                      ",0,"0.000000                      ",0,"0.000000                      ",125,"32.051200                     ",140,"35.897400                     ",125,"32.051200                     ",0,"0.000000                      ",0,"0.000000                      ",0,"0.000000                      ",0,"0.000000                      "
"1997","07183","11","0308","0160","04","Elem      ","N","Barron Area","Woodland El","Grades PreK-12","All Races","Both Genders","491",0,"0.000000                      ",72,"14.663900                     ",76,"15.478600                     ",75,"15.274900                     ",72,"14.663900                     ",104,"21.181200                     ",92,"18.737200                     ",0,"0.000000                      ",0,"0.000000                      ",0,"0.000000                      ",0,"0.000000                      ",0,"0.000000                      ",0,"0.000000                      ",0,"0.000000                      "
"1997","05364","11","0441","","03","Summary   ","N","Birchwood","","Grades PreK-12","All Races","Both Genders","318",6,"1.886700                      ",18,"5.660300                      ",23,"7.232700                      ",16,"5.031400                      ",17,"5.345900                      ",24,"7.547100                      ",33,"10.377300                     ",24,"7.547100                      ",24,"7.547100                      ",22,"6.918200                      ",35,"11.006200                     ",28,"8.805000                      ",24,"7.547100                      ",24,"7.547100                      "
"1997","07187","11","0441","0020","04","Elem      ","N","Birchwood","Birchwood El","Grades PreK-12","All Races","Both Genders","207",6,"2.898500                      ",18,"8.695600                      ",23,"11.111100                     ",16,"7.729400                      ",17,"8.212500                      ",24,"11.594200                     ",33,"15.942000                     ",24,"11.594200                     ",24,"11.594200                     ",22,"10.628000                     ",0,"0.000000                      ",0,"0.000000                      ",0,"0.000000                      ",0,"0.000000                      "
"1997","07188","11","0441","0040","04","High      ","N","Birchwood","Birchwood Hi","Grades PreK-12","All Races","Both Genders","111",0,"0.000000                      ",0,"0.000000                      ",0,"0.000000                      ",0,"0.000000                      ",0,"0.000000                      ",0,"0.000000                      ",0,"0.000000                      ",0,"0.000000                      ",0,"0.000000                      ",0,"0.000000                      ",35,"31.531500                     ",28,"25.225200                     ",24,"21.621600                     ",24,"21.621600                     "
"1997","05335","11","0637","","03","Summary   ","N","Boyceville Community","","Grades PreK-12","All Races","Both Genders","967",13,"1.344300                      ",46,"4.756900                      ",70,"7.238800                      ",69,"7.135400                      ",73,"7.549100                      ",78,"8.066100                      ",90,"9.307100                      ",72,"7.445700                      ",67,"6.928600                      ",87,"8.996800                      ",77,"7.962700                      ",81,"8.376400                      ",78,"8.066100                      ",66,"6.825200                      "
"1997","07083","11","0637","0020","04","Elem      ","N","Boyceville Community","Tiffany Creek El","Grades PreK-12","All Races","Both Genders","511",13,"2.544000                      ",46,"9.001900                      ",70,"13.698600                     ",69,"13.502900                     ",73,"14.285700                     ",78,"15.264100                     ",90,"17.612500                     ",72,"14.090000                     ",0,"0.000000                      ",0,"0.000000                      ",0,"0.000000                      ",0,"0.000000                      ",0,"0.000000                      ",0,"0.000000                      "
"1997","07084","11","0637","0040","04","High      ","N","Boyceville Community","Boyceville Hi","Grades PreK-12","All Races","Both Genders","456",0,"0.000000                      ",0,"0.000000                      ",0,"0.000000                      ",0,"0.000000                      ",0,"0.000000                      ",0,"0.000000                      ",0,"0.000000                      ",0,"0.000000                      ",67,"14.692900                     ",87,"19.078900                     ",77,"16.885900                     ",81,"17.763100                     ",78,"17.105200                     ",66,"14.473600                     "
"1997","05366","11","0903","","03","Summary   ","N","Cameron","","Grades PreK-12","All Races","Both Genders","895",27,"3.016700                      ",62,"6.927300                      ",65,"7.262500                      ",60,"6.703900                      ",60,"6.703900                      ",78,"8.715000                      ",66,"7.374300                      ",64,"7.150800                      ",68,"7.597700                      ",82,"9.162000                      ",69,"7.709400                      ",67,"7.486000                      ",63,"7.039100                      ",64,"7.150800                      "
"1997","07191","11","0903","0020","04","Elem      ","N","Cameron","Cameron El","Grades PreK-12","All Races","Both Genders","482",27,"5.601600                      ",62,"12.863000                     ",65,"13.485400                     ",60,"12.448100                     ",60,"12.448100                     ",78,"16.182500                     ",66,"13.692900                     ",64,"13.278000                     ",0,"0.000000                      ",0,"0.000000                      ",0,"0.000000                      ",0,"0.000000                      ",0,"0.000000                      ",0,"0.000000                      "
"1997","07192","11","0903","0040","04","High      ","N","Cameron","Cameron Hi","Grades PreK-12","All Races","Both Genders","413",0,"0.000000                      ",0,"0.000000                      ",0,"0.000000                      ",0,"0.000000                      ",0,"0.000000                      ",0,"0.000000                      ",0,"0.000000                      ",0,"0.000000                      ",68,"16.464800                     ",82,"19.854700                     ",69,"16.707000                     ",67,"16.222700                     ",63,"15.254200                     ",64,"15.496300                     "
"1997","05336","11","1078","","03","Summary   ","N","Chetek","","Grades PreK-12","All Races","Both Genders","1117",0,"0.000000                      ",73,"6.535300                      ",76,"6.803900                      ",66,"5.908600                      ",79,"7.072500                      ",73,"6.535300                      ",87,"7.788700                      ",88,"7.878200                      ",88,"7.878200                      ",97,"8.683900                      ",113,"10.116300                     ",94,"8.415300                      ",91,"8.146800                      ",92,"8.236300                      "
"1997","07089","11","1078","0040","04","High      ","N","Chetek","Chetek Hi","Grades PreK-12","All Races","Both Genders","390",0,"0.000000                      ",0,"0.000000                      ",0,"0.000000                      ",0,"0.000000                      ",0,"0.000000                      ",0,"0.000000                      ",0,"0.000000                      ",0,"0.000000                      ",0,"0.000000                      ",0,"0.000000                      ",113,"28.974300                     ",94,"24.102500                     ",91,"23.333300                     ",92,"23.589700                     "
"1997","07090","11","1078","0060","04","Mid/Jr Hi ","N","Chetek","Chetek Mid","Grades PreK-12","All Races","Both Genders","273",0,"0.000000                      ",0,"0.000000                      ",0,"0.000000                      ",0,"0.000000                      ",0,"0.000000                      ",0,"0.000000                      ",0,"0.000000                      ",88,"32.234400                     ",88,"32.234400                     ",97,"35.531100                     ",0,"0.000000                      ",0,"0.000000                      ",0,"0.000000                      ",0,"0.000000                      "
"1997","07091","11","1078","0080","04","Elem      ","N","Chetek","Roselawn El","Grades PreK-12","All Races","Both Genders","454",0,"0.000000                      ",73,"16.079200                     ",76,"16.740000                     ",66,"14.537400                     ",79,"17.400800                     ",73,"16.079200                     ",87,"19.162900                     ",0,"0.000000                      ",0,"0.000000                      ",0,"0.000000                      ",0,"0.000000                      ",0,"0.000000                      ",0,"0.000000                      ",0,"0.000000                      "
"1997","05201","11","1120","","03","Summary   ","N","Clayton","","Grades PreK-12","All Races","Both Genders","377",25,"6.631200                      ",29,"7.692300                      ",30,"7.957500                      ",21,"5.570200                      ",28,"7.427000                      ",29,"7.692300                      ",18,"4.774500                      ",31,"8.222800                      ",23,"6.100700                      ",31,"8.222800                      ",33,"8.753300                      ",21,"5.570200                      ",21,"5.570200                      ",37,"9.814300                      "
"1997","06479","11","1120","0020","04","Elem      ","N","Clayton","Clayton El","Grades PreK-12","All Races","Both Genders","180",25,"13.888800                     ",29,"16.111100                     ",30,"16.666600                     ",21,"11.666600                     ",28,"15.555500                     ",29,"16.111100                     ",18,"10.000000                     ",0,"0.000000                      ",0,"0.000000                      ",0,"0.000000                      ",0,"0.000000                      ",0,"0.000000                      ",0,"0.000000                      ",0,"0.000000                      "
"1997","07432","11","1120","0040","04","High      ","N","Clayton","Clayton Hi","Grades PreK-12","All Races","Both Genders","112",0,"0.000000                      ",0,"0.000000                      ",0,"0.000000                      ",0,"0.000000                      ",0,"0.000000                      ",0,"0.000000                      ",0,"0.000000                      ",0,"0.000000                      ",0,"0.000000                      ",0,"0.000000                      ",33,"29.464200                     ",21,"18.750000                     ",21,"18.750000                     ",37,"33.035700                     "
"1997","06480","11","1120","0060","04","Mid/Jr Hi ","N","Clayton","Clayton Mid","Grades PreK-12","All Races","Both Genders","85",0,"0.000000                      ",0,"0.000000                      ",0,"0.000000                      ",0,"0.000000                      ",0,"0.000000                      ",0,"0.000000                      ",0,"0.000000                      ",31,"36.470500                     ",23,"27.058800                     ",31,"36.470500                     ",0,"0.000000                      ",0,"0.000000                      ",0,"0.000000                      ",0,"0.000000                      "
"1997","05202","11","1127","","03","Summary   ","N","Clear Lake","","Grades PreK-12","All Races","Both Genders","710",0,"0.000000                      ",35,"4.929500                      ",56,"7.887300                      ",46,"6.478800                      ",52,"7.323900                      ",55,"7.746400                      ",48,"6.760500                      ",60,"8.450700                      ",62,"8.732300                      ",67,"9.436600                      ",73,"10.281600                     ",63,"8.873200                      ",47,"6.619700                      ",46,"6.478800                      "
"1997","06481","11","1127","0020","04","Elem      ","N","Clear Lake","Clear Lake El","Grades PreK-12","All Races","Both Genders","352",0,"0.000000                      ",35,"9.943100                      ",56,"15.909000                     ",46,"13.068100                     ",52,"14.772700                     ",55,"15.625000                     ",48,"13.636300                     ",60,"17.045400                     ",0,"0.000000                      ",0,"0.000000                      ",0,"0.000000                      ",0,"0.000000                      ",0,"0.000000                      ",0,"0.000000                      "
"1997","06482","11","1127","0040","04","High      ","N","Clear Lake","Clear Lake Hi","Grades PreK-12","All Races","Both Genders","229",0,"0.000000                      ",0,"0.000000                      ",0,"0.000000                      ",0,"0.000000                      ",0,"0.000000                      ",0,"0.000000                      ",0,"0.000000                      ",0,"0.000000                      ",0,"0.000000                      ",0,"0.000000                      ",73,"31.877700                     ",63,"27.510900                     ",47,"20.524000                     ",46,"20.087300                     "
"1997","06483","11","1127","0060","04","Mid/Jr Hi ","N","Clear Lake","Clear Lake Jr","Grades PreK-12","All Races","Both Genders","129",0,"0.000000                      ",0,"0.000000                      ",0,"0.000000                      ",0,"0.000000                      ",0,"0.000000                      ",0,"0.000000                      ",0,"0.000000                      ",0,"0.000000                      ",62,"48.062000                     ",67,"51.937900                     ",0,"0.000000                      ",0,"0.000000                      ",0,"0.000000                      ",0,"0.000000                      "
"1997","05338","11","1176","","03","Summary   ","N","Colfax","","Grades PreK-12","All Races","Both Genders","857",0,"0.000000                      ",61,"7.117800                      ",53,"6.184300                      ",63,"7.351200                      ",55,"6.417700                      ",71,"8.284700                      ",68,"7.934600                      ",62,"7.234500                      ",59,"6.884400                      ",66,"7.701200                      ",81,"9.451500                      ",72,"8.401400                      ",61,"7.117800                      ",85,"9.918300                      "
"1997","07101","11","1176","0020","04","Elem      ","N","Colfax","Colfax El","Grades PreK-12","All Races","Both Genders","558",0,"0.000000                      ",61,"10.931800                     ",53,"9.498200                      ",63,"11.290300                     ",55,"9.856600                      ",71,"12.724000                     ",68,"12.186300                     ",62,"11.111100                     ",59,"10.573400                     ",66,"11.827900                     ",0,"0.000000                      ",0,"0.000000                      ",0,"0.000000                      ",0,"0.000000                      "
"1997","07102","11","1176","0040","04","High      ","N","Colfax","Colfax Hi","Grades PreK-12","All Races","Both Genders","299",0,"0.000000                      ",0,"0.000000                      ",0,"0.000000                      ",0,"0.000000                      ",0,"0.000000                      ",0,"0.000000                      ",0,"0.000000                      ",0,"0.000000                      ",0,"0.000000                      ",0,"0.000000                      ",81,"27.090300                     ",72,"24.080200                     ",61,"20.401300                     ",85,"28.428000                     "
"1997","05367","11","1260","","03","Summary   ","N","Cumberland","","Grades PreK-12","All Races","Both Genders","1139",0,"0.000000                      ",78,"6.848100                      ",83,"7.287000                      ",79,"6.935900                      ",87,"7.638200                      ",89,"7.813800                      ",93,"8.165000                      ",105,"9.218600                      ",91,"7.989400                      ",98,"8.604000                      ",83,"7.287000                      ",89,"7.813800                      ",85,"7.462600                      ",79,"6.935900                      "
"1997","07193","11","1260","0040","04","Elem      ","N","Cumberland","Cumberland El","Grades PreK-12","All Races","Both Genders","614",0,"0.000000                      ",78,"12.703500                     ",83,"13.517900                     ",79,"12.866400                     ",87,"14.169300                     ",89,"14.495100                     ",93,"15.146500                     ",105,"17.100900                     ",0,"0.000000                      ",0,"0.000000                      ",0,"0.000000                      ",0,"0.000000                      ",0,"0.000000                      ",0,"0.000000                      "
"1997","07451","11","1260","0050","04","Mid/Jr Hi ","N","Cumberland","Cumberland Mid","Grades PreK-12","All Races","Both Genders","189",0,"0.000000                      ",0,"0.000000                      ",0,"0.000000                      ",0,"0.000000                      ",0,"0.000000                      ",0,"0.000000                      ",0,"0.000000                      ",0,"0.000000                      ",91,"48.148100                     ",98,"51.851800                     ",0,"0.000000                      ",0,"0.000000                      ",0,"0.000000                      ",0,"0.000000                      "
"1997","07194","11","1260","0060","04","High      ","N","Cumberland","Cumberland Hi","Grades PreK-12","All Races","Both Genders","336",0,"0.000000                      ",0,"0.000000                      ",0,"0.000000                      ",0,"0.000000                      ",0,"0.000000                      ",0,"0.000000                      ",0,"0.000000                      ",0,"0.000000                      ",0,"0.000000                      ",0,"0.000000                      ",83,"24.702300                     ",89,"26.488000                     ",85,"25.297600                     ",79,"23.511900                     "
"1997","05340","11","1499","","03","Summary   ","N","Durand","","Grades PreK-12","All Races","Both Genders","1337",11,"0.822700                      ",74,"5.534700                      ",64,"4.786800                      ",66,"4.936400                      ",61,"4.562400                      ",88,"6.581800                      ",84,"6.282700                      ",101,"7.554200                      ",130,"9.723200                      ",96,"7.180200                      ",139,"10.396400                     ",132,"9.872800                      ",159,"11.892200                     ",132,"9.872800                      "
"1997","07107","11","1499","0020","04","Elem      ","N","Durand","Caddie Woodlawn El","Grades PreK-12","All Races","Both Genders","365",11,"3.013600                      ",74,"20.273900                     ",64,"17.534200                     ",66,"18.082100                     ",61,"16.712300                     ",88,"24.109500                     ",1,"0.273900                      ",0,"0.000000                      ",0,"0.000000                      ",0,"0.000000                      ",0,"0.000000                      ",0,"0.000000                      ",0,"0.000000                      ",0,"0.000000                      "
"1997","07108","11","1499","0040","04","High      ","N","Durand","Durand Hi","Grades PreK-12","All Races","Both Genders","563",0,"0.000000                      ",0,"0.000000                      ",0,"0.000000                      ",0,"0.000000                      ",0,"0.000000                      ",0,"0.000000                      ",1,"0.177600                      ",0,"0.000000                      ",0,"0.000000                      ",0,"0.000000                      ",139,"24.689100                     ",132,"23.445800                     ",159,"28.241500                     ",132,"23.445800                     "
"1997","07077","11","1499","0060","04","Mid/Jr Hi ","N","Durand","Arkansaw Mid","Grades PreK-12","All Races","Both Genders","409",0,"0.000000                      ",0,"0.000000                      ",0,"0.000000                      ",0,"0.000000                      ",0,"0.000000                      ",0,"0.000000                      ",82,"20.048800                     ",101,"24.694300                     ",130,"31.784800                     ",96,"23.471800                     ",0,"0.000000                      ",0,"0.000000                      ",0,"0.000000                      ",0,"0.000000                      "
"1997","05341","11","1645","","03","Summary   ","N","Elk Mound Area","","Grades PreK-12","All Races","Both Genders","829",40,"4.825000                      ",41,"4.945700                      ",41,"4.945700                      ",62,"7.478800                      ",55,"6.634400                      ",57,"6.875700                      ",53,"6.393200                      ",65,"7.840700                      ",62,"7.478800                      ",69,"8.323200                      ",67,"8.082000                      ",78,"9.408900                      ",71,"8.564500                      ",68,"8.202600                      "
"1997","07111","11","1645","0020","04","Mid/Jr Hi ","N","Elk Mound Area","Elk Mound Mid","Grades PreK-12","All Races","Both Genders","196",0,"0.000000                      ",0,"0.000000                      ",0,"0.000000                      ",0,"0.000000                      ",0,"0.000000                      ",0,"0.000000                      ",0,"0.000000                      ",65,"33.163200                     ",62,"31.632600                     ",69,"35.204000                     ",0,"0.000000                      ",0,"0.000000                      ",0,"0.000000                      ",0,"0.000000                      "
"1997","07112","11","1645","0040","04","High      ","N","Elk Mound Area","Elk Mound Hi","Grades PreK-12","All Races","Both Genders","284",0,"0.000000                      ",0,"0.000000                      ",0,"0.000000                      ",0,"0.000000                      ",0,"0.000000                      ",0,"0.000000                      ",0,"0.000000                      ",0,"0.000000                      ",0,"0.000000                      ",0,"0.000000                      ",67,"23.591500                     ",78,"27.464700                     ",71,"25.000000                     ",68,"23.943600                     "
"1997","07113","11","1645","0060","04","Elem      ","N","Elk Mound Area","Mound View El","Grades PreK-12","All Races","Both Genders","349",40,"11.461300                     ",41,"11.747800                     ",41,"11.747800                     ",62,"17.765000                     ",55,"15.759300                     ",57,"16.332300                     ",53,"15.186200                     ",0,"0.000000                      ",0,"0.000000                      ",0,"0.000000                      ",0,"0.000000                      ",0,"0.000000                      ",0,"0.000000                      ",0,"0.000000                      "
"1997","05203","11","1659","","03","Summary   ","N","Ellsworth Community","","Grades PreK-12","All Races","Both Genders","1917",13,"0.678100                      ",117,"6.103200                      ",118,"6.155400                      ",120,"6.259700                      ",129,"6.729200                      ",136,"7.094400                      ",139,"7.250900                      ",164,"8.555000                      ",173,"9.024500                      ",161,"8.398500                      ",203,"10.589400                     ",154,"8.033300                      ",153,"7.981200                      ",137,"7.146500                      "
"1997","06486","11","1659","0020","04","Mid/Jr Hi ","N","Ellsworth Community","Ellsworth Mid","Grades PreK-12","All Races","Both Genders","498",0,"0.000000                      ",0,"0.000000                      ",0,"0.000000                      ",0,"0.000000                      ",0,"0.000000                      ",0,"0.000000                      ",0,"0.000000                      ",164,"32.931700                     ",173,"34.738900                     ",161,"32.329300                     ",0,"0.000000                      ",0,"0.000000                      ",0,"0.000000                      ",0,"0.000000                      "
"1997","06487","11","1659","0040","04","High      ","N","Ellsworth Community","Ellsworth Hi","Grades PreK-12","All Races","Both Genders","647",0,"0.000000                      ",0,"0.000000                      ",0,"0.000000                      ",0,"0.000000                      ",0,"0.000000                      ",0,"0.000000                      ",0,"0.000000                      ",0,"0.000000                      ",0,"0.000000                      ",0,"0.000000                      ",203,"31.375500                     ",154,"23.802100                     ",153,"23.647600                     ",137,"21.174600                     "
"1997","06488","11","1659","0060","04","Elem      ","N","Ellsworth Community","Hillcrest El","Grades PreK-12","All Races","Both Genders","281",13,"4.626300                      ",42,"14.946600                     ",49,"17.437700                     ",40,"14.234800                     ",45,"16.014200                     ",40,"14.234800                     ",52,"18.505300                     ",0,"0.000000                      ",0,"0.000000                      ",0,"0.000000                      ",0,"0.000000                      ",0,"0.000000                      ",0,"0.000000                      ",0,"0.000000                      "
"1997","06494","11","1659","0080","04","Elem      ","N","Ellsworth Community","Lindgren El","Grades PreK-12","All Races","Both Genders","127",0,"0.000000                      ",13,"10.236200                     ",17,"13.385800                     ",26,"20.472400                     ",18,"14.173200                     ",27,"21.259800                     ",26,"20.472400                     ",0,"0.000000                      ",0,"0.000000                      ",0,"0.000000                      ",0,"0.000000                      ",0,"0.000000                      ",0,"0.000000                      ",0,"0.000000                      "
"1997","06495","11","1659","0120","04","Elem      ","N","Ellsworth Community","Prairie View El","Grades PreK-12","All Races","Both Genders","254",0,"0.000000                      ",48,"18.897600                     ",34,"13.385800                     ",33,"12.992100                     ",51,"20.078700                     ",46,"18.110200                     ",42,"16.535400                     ",0,"0.000000                      ",0,"0.000000                      ",0,"0.000000                      ",0,"0.000000                      ",0,"0.000000                      ",0,"0.000000                      ",0,"0.000000                      "
"1997","06489","11","1659","0140","04","Elem      ","N","Ellsworth Community","Sunnyside El","Grades PreK-12","All Races","Both Genders","110",0,"0.000000                      ",14,"12.727200                     ",18,"16.363600                     ",21,"19.090900                     ",15,"13.636300                     ",23,"20.909000                     ",19,"17.272700                     ",0,"0.000000                      ",0,"0.000000                      ",0,"0.000000                      ",0,"0.000000                      ",0,"0.000000                      ",0,"0.000000                      ",0,"0.000000                      "
"1997","05342","11","1666","","03","Summary   ","N","Elmwood","","Grades PreK-12","All Races","Both Genders","438",0,"0.000000                      ",26,"5.936000                      ",27,"6.164300                      ",35,"7.990800                      ",31,"7.077600                      ",29,"6.621000                      ",34,"7.762500                      ",42,"9.589000                      ",29,"6.621000                      ",34,"7.762500                      ",37,"8.447400                      ",44,"10.045600                     ",35,"7.990800                      ",35,"7.990800                      "
"1997","07114","11","1666","0020","04","Elem      ","N","Elmwood","Elmwood El","Grades PreK-12","All Races","Both Genders","224",0,"0.000000                      ",26,"11.607100                     ",27,"12.053500                     ",35,"15.625000                     ",31,"13.839200                     ",29,"12.946400                     ",34,"15.178500                     ",42,"18.750000                     ",0,"0.000000                      ",0,"0.000000                      ",0,"0.000000                      ",0,"0.000000                      ",0,"0.000000                      ",0,"0.000000                      "
"1997","07115","11","1666","0030","04","Mid/Jr Hi ","N","Elmwood","Elmwood Mid","Grades PreK-12","All Races","Both Genders","63",0,"0.000000                      ",0,"0.000000                      ",0,"0.000000                      ",0,"0.000000                      ",0,"0.000000                      ",0,"0.000000                      ",0,"0.000000                      ",0,"0.000000                      ",29,"46.031700                     ",34,"53.968200                     ",0,"0.000000                      ",0,"0.000000                      ",0,"0.000000                      ",0,"0.000000                      "
"1997","07116","11","1666","0040","04","High      ","N","Elmwood","Elmwood Hi","Grades PreK-12","All Races","Both Genders","151",0,"0.000000                      ",0,"0.000000                      ",0,"0.000000                      ",0,"0.000000                      ",0,"0.000000                      ",0,"0.000000                      ",0,"0.000000                      ",0,"0.000000                      ",0,"0.000000                      ",0,"0.000000                      ",37,"24.503300                     ",44,"29.139000                     ",35,"23.178800                     ",35,"23.178800                     "
"1997","05368","11","1939","","03","Summary   ","N","Frederic","","Grades PreK-12","All Races","Both Genders","719",3,"0.417200                      ",42,"5.841400                      ",61,"8.484000                      ",43,"5.980500                      ",48,"6.675900                      ",63,"8.762100                      ",63,"8.762100                      ",51,"7.093100                      ",64,"8.901200                      ",56,"7.788500                      ",70,"9.735700                      ",52,"7.232200                      ",49,"6.815000                      ",54,"7.510400                      "
"1997","07199","11","1939","0020","04","Elem      ","N","Frederic","Frederic El","Grades PreK-12","All Races","Both Genders","323",3,"0.928700                      ",42,"13.003000                     ",61,"18.885400                     ",43,"13.312600                     ",48,"14.860600                     ",63,"19.504600                     ",63,"19.504600                     ",0,"0.000000                      ",0,"0.000000                      ",0,"0.000000                      ",0,"0.000000                      ",0,"0.000000                      ",0,"0.000000                      ",0,"0.000000                      "
"1997","07200","11","1939","0040","04","High      ","N","Frederic","Frederic 6-12 Sch","Grades PreK-12","All Races","Both Genders","396",0,"0.000000                      ",0,"0.000000                      ",0,"0.000000                      ",0,"0.000000                      ",0,"0.000000                      ",0,"0.000000                      ",0,"0.000000                      ",51,"12.878700                     ",64,"16.161600                     ",56,"14.141400                     ",70,"17.676700                     ",52,"13.131300                     ",49,"12.373700                     ",54,"13.636300                     "
"1997","05204","11","2198","","03","Summary   ","N","Glenwood City","","Grades PreK-12","All Races","Both Genders","891",49,"5.499400                      ",46,"5.162700                      ",73,"8.193000                      ",42,"4.713800                      ",74,"8.305200                      ",71,"7.968500                      ",45,"5.050500                      ",71,"7.968500                      ",80,"8.978600                      ",61,"6.846200                      ",69,"7.744100                      ",61,"6.846200                      ",80,"8.978600                      ",69,"7.744100                      "
"1997","06490","11","2198","0060","04","Elem      ","N","Glenwood City","Glenwood City El","Grades PreK-12","All Races","Both Genders","376",0,"0.000000                      ",0,"0.000000                      ",73,"19.414800                     ",42,"11.170200                     ",74,"19.680800                     ",71,"18.882900                     ",45,"11.968000                     ",71,"18.882900                     ",0,"0.000000                      ",0,"0.000000                      ",0,"0.000000                      ",0,"0.000000                      ",0,"0.000000                      ",0,"0.000000                      "
"1997","06491","11","2198","0080","04","High      ","N","Glenwood City","Glenwood City Hi","Grades PreK-12","All Races","Both Genders","279",0,"0.000000                      ",0,"0.000000                      ",0,"0.000000                      ",0,"0.000000                      ",0,"0.000000                      ",0,"0.000000                      ",0,"0.000000                      ",0,"0.000000                      ",0,"0.000000                      ",0,"0.000000                      ",69,"24.731100                     ",61,"21.863700                     ",80,"28.673800                     ",69,"24.731100                     "
"1997","06492","11","2198","0100","04","Mid/Jr Hi ","N","Glenwood City","Glenwood City Jr","Grades PreK-12","All Races","Both Genders","141",0,"0.000000                      ",0,"0.000000                      ",0,"0.000000                      ",0,"0.000000                      ",0,"0.000000                      ",0,"0.000000                      ",0,"0.000000                      ",0,"0.000000                      ",80,"56.737500                     ",61,"43.262400                     ",0,"0.000000                      ",0,"0.000000                      ",0,"0.000000                      ",0,"0.000000                      "
"1997","06493","11","2198","0120","04","Elem      ","N","Glenwood City","Saint John's El","Grades PreK-12","All Races","Both Genders","95",49,"51.578900                     ",46,"48.421000                     ",0,"0.000000                      ",0,"0.000000                      ",0,"0.000000                      ",0,"0.000000                      ",0,"0.000000                      ",0,"0.000000                      ",0,"0.000000                      ",0,"0.000000                      ",0,"0.000000                      ",0,"0.000000                      ",0,"0.000000                      ",0,"0.000000                      "
"1997","05369","11","2233","","03","Summary   ","N","Grantsburg","","Grades PreK-12","All Races","Both Genders","1010",7,"0.693000                      ",73,"7.227700                      ",67,"6.633600                      ",75,"7.425700                      ",72,"7.128700                      ",72,"7.128700                      ",78,"7.722700                      ",61,"6.039600                      ",72,"7.128700                      ",92,"9.108900                      ",81,"8.019800                      ",88,"8.712800                      ",87,"8.613800                      ",85,"8.415800                      "
"1997","07201","11","2233","0060","04","Elem      ","N","Grantsburg","Grantsburg El","Grades PreK-12","All Races","Both Genders","219",0,"0.000000                      ",0,"0.000000                      ",0,"0.000000                      ",75,"34.246500                     ",72,"32.876700                     ",72,"32.876700                     ",0,"0.000000                      ",0,"0.000000                      ",0,"0.000000                      ",0,"0.000000                      ",0,"0.000000                      ",0,"0.000000                      ",0,"0.000000                      ",0,"0.000000                      "
"1997","07202","11","2233","0080","04","High      ","N","Grantsburg","Grantsburg Hi","Grades PreK-12","All Races","Both Genders","341",0,"0.000000                      ",0,"0.000000                      ",0,"0.000000                      ",0,"0.000000                      ",0,"0.000000                      ",0,"0.000000                      ",0,"0.000000                      ",0,"0.000000                      ",0,"0.000000                      ",0,"0.000000                      ",81,"23.753600                     ",88,"25.806400                     ",87,"25.513100                     ",85,"24.926600                     "
"1997","07203","11","2233","0100","04","Mid/Jr Hi ","N","Grantsburg","Grantsburg Mid","Grades PreK-12","All Races","Both Genders","303",0,"0.000000                      ",0,"0.000000                      ",0,"0.000000                      ",0,"0.000000                      ",0,"0.000000                      ",0,"0.000000                      ",78,"25.742500                     ",61,"20.132000                     ",72,"23.762300                     ",92,"30.363000                     ",0,"0.000000                      ",0,"0.000000                      ",0,"0.000000                      ",0,"0.000000                      "
"1997","07204","11","2233","0120","04","Elem      ","N","Grantsburg","Nelson El","Grades PreK-12","All Races","Both Genders","147",7,"4.761900                      ",73,"49.659800                     ",67,"45.578200                     ",0,"0.000000                      ",0,"0.000000                      ",0,"0.000000                      ",0,"0.000000                      ",0,"0.000000                      ",0,"0.000000                      ",0,"0.000000                      ",0,"0.000000                      ",0,"0.000000                      ",0,"0.000000                      ",0,"0.000000                      "
"1997","05205","11","2422","","03","Summary   ","N","Saint Croix Central","","Grades PreK-12","All Races","Both Genders","991",6,"0.605400                      ",53,"5.348100                      ",70,"7.063500                      ",72,"7.265300                      ",62,"6.256300                      ",83,"8.375300                      ",81,"8.173500                      ",84,"8.476200                      ",85,"8.577100                      ",85,"8.577100                      ",90,"9.081700                      ",87,"8.779000                      ",68,"6.861700                      ",65,"6.559000                      "
"1997","06518","11","2422","0040","04","Elem      ","N","Saint Croix Central","Saint Croix Central El","Grades PreK-12","All Races","Both Genders","511",6,"1.174100                      ",53,"10.371800                     ",70,"13.698600                     ",72,"14.090000                     ",62,"12.133000                     ",83,"16.242600                     ",81,"15.851200                     ",84,"16.438300                     ",0,"0.000000                      ",0,"0.000000                      ",0,"0.000000                      ",0,"0.000000                      ",0,"0.000000                      ",0,"0.000000                      "
"1997","06496","11","2422","0060","04","High      ","N","Saint Croix Central","Saint Croix Hi","Grades PreK-12","All Races","Both Genders","310",0,"0.000000                      ",0,"0.000000                      ",0,"0.000000                      ",0,"0.000000                      ",0,"0.000000                      ",0,"0.000000                      ",0,"0.000000                      ",0,"0.000000                      ",0,"0.000000                      ",0,"0.000000                      ",90,"29.032200                     ",87,"28.064500                     ",68,"21.935400                     ",65,"20.967700                     "
"1997","06497","11","2422","0080","04","Mid/Jr Hi ","N","Saint Croix Central","Saint Croix Jr","Grades PreK-12","All Races","Both Genders","170",0,"0.000000                      ",0,"0.000000                      ",0,"0.000000                      ",0,"0.000000                      ",0,"0.000000                      ",0,"0.000000                      ",0,"0.000000                      ",0,"0.000000                      ",85,"50.000000                     ",85,"50.000000                     ",0,"0.000000                      ",0,"0.000000                      ",0,"0.000000                      ",0,"0.000000                      "
"1997","05206","11","2611","","03","Summary   ","N","Hudson","","Grades PreK-12","All Races","Both Genders","3741",17,"0.454400                      ",259,"6.923200                      ",274,"7.324200                      ",284,"7.591500                      ",286,"7.645000                      ",293,"7.832100                      ",277,"7.404400                      ",298,"7.965700                      ",339,"9.061700                      ",267,"7.137100                      ",312,"8.340000                      ",276,"7.377700                      ",281,"7.511300                      ",278,"7.431100                      "
"1997","06498","11","2611","0010","04","Elem      ","N","Hudson","Willow River El","Grades PreK-12","All Races","Both Genders","468",17,"3.632400                      ",78,"16.666600                     ",69,"14.743500                     ",70,"14.957200                     ",92,"19.658100                     ",74,"15.811900                     ",68,"14.529900                     ",0,"0.000000                      ",0,"0.000000                      ",0,"0.000000                      ",0,"0.000000                      ",0,"0.000000                      ",0,"0.000000                      ",0,"0.000000                      "
"1997","06525","11","2611","0020","04","Elem      ","N","Hudson","Houlton El","Grades PreK-12","All Races","Both Genders","221",0,"0.000000                      ",38,"17.194500                     ",31,"14.027100                     ",38,"17.194500                     ",38,"17.194500                     ",36,"16.289500                     ",40,"18.099500                     ",0,"0.000000                      ",0,"0.000000                      ",0,"0.000000                      ",0,"0.000000                      ",0,"0.000000                      ",0,"0.000000                      ",0,"0.000000                      "
"1997","06499","11","2611","0070","04","Mid/Jr Hi ","N","Hudson","Hudson Mid","Grades PreK-12","All Races","Both Genders","904",0,"0.000000                      ",0,"0.000000                      ",0,"0.000000                      ",0,"0.000000                      ",0,"0.000000                      ",0,"0.000000                      ",0,"0.000000                      ",298,"32.964600                     ",339,"37.500000                     ",267,"29.535300                     ",0,"0.000000                      ",0,"0.000000                      ",0,"0.000000                      ",0,"0.000000                      "
"1997","06500","11","2611","0080","04","High      ","N","Hudson","Hudson Hi","Grades PreK-12","All Races","Both Genders","1147",0,"0.000000                      ",0,"0.000000                      ",0,"0.000000                      ",0,"0.000000                      ",0,"0.000000                      ",0,"0.000000                      ",0,"0.000000                      ",0,"0.000000                      ",0,"0.000000                      ",0,"0.000000                      ",312,"27.201300                     ",276,"24.062700                     ",281,"24.498600                     ",278,"24.237100                     "
"1997","06501","11","2611","0100","04","Elem      ","N","Hudson","North Hudson El","Grades PreK-12","All Races","Both Genders","420",0,"0.000000                      ",60,"14.285700                     ",71,"16.904700                     ",77,"18.333300                     ",58,"13.809500                     ",81,"19.285700                     ",73,"17.380900                     ",0,"0.000000                      ",0,"0.000000                      ",0,"0.000000                      ",0,"0.000000                      ",0,"0.000000                      ",0,"0.000000                      ",0,"0.000000                      "
"1997","06502","11","2611","0120","04","Elem      ","N","Hudson","Rock El","Grades PreK-12","All Races","Both Genders","581",0,"0.000000                      ",83,"14.285700                     ",103,"17.728000                     ",99,"17.039500                     ",98,"16.867400                     ",102,"17.555900                     ",96,"16.523200                     ",0,"0.000000                      ",0,"0.000000                      ",0,"0.000000                      ",0,"0.000000                      ",0,"0.000000                      ",0,"0.000000                      ",0,"0.000000                      "
"1997","05372","11","3213","","03","Summary   ","N","Luck","","Grades PreK-12","All Races","Both Genders","663",6,"0.904900                      ",45,"6.787300                      ",55,"8.295600                      ",29,"4.374000                      ",59,"8.898900                      ",52,"7.843100                      ",59,"8.898900                      ",52,"7.843100                      ",50,"7.541400                      ",57,"8.597200                      ",50,"7.541400                      ",56,"8.446400                      ",55,"8.295600                      ",38,"5.731500                      "
"1997","07216","11","3213","0040","04","Elem      ","N","Luck","Luck El","Grades PreK-12","All Races","Both Genders","357",6,"1.680600                      ",45,"12.605000                     ",55,"15.406100                     ",29,"8.123200                      ",59,"16.526600                     ",52,"14.565800                     ",59,"16.526600                     ",52,"14.565800                     ",0,"0.000000                      ",0,"0.000000                      ",0,"0.000000                      ",0,"0.000000                      ",0,"0.000000                      ",0,"0.000000                      "
"1997","07217","11","3213","0060","04","High      ","N","Luck","Luck Hi","Grades PreK-12","All Races","Both Genders","306",0,"0.000000                      ",0,"0.000000                      ",0,"0.000000                      ",0,"0.000000                      ",0,"0.000000                      ",0,"0.000000                      ",0,"0.000000                      ",0,"0.000000                      ",50,"16.339800                     ",57,"18.627400                     ",50,"16.339800                     ",56,"18.300600                     ",55,"17.973800                     ",38,"12.418300                     "
"1997","05347","11","3444","","03","Summary   ","N","Menomonie Area","","Grades PreK-12","All Races","Both Genders","3441",46,"1.336800                      ",241,"7.003700                      ",259,"7.526800                      ",285,"8.282400                      ",213,"6.190000                      ",260,"7.555900                      ",237,"6.887500                      ",250,"7.265300                      ",278,"8.079000                      ",285,"8.282400                      ",279,"8.108100                      ",280,"8.137100                      ",270,"7.846500                      ",258,"7.497800                      "
"1997","07129","11","3444","0020","04","Elem      ","N","Menomonie Area","Cedar Falls El","Grades PreK-12","All Races","Both Genders","217",0,"0.000000                      ",58,"26.728100                     ",64,"29.493000                     ",48,"22.119800                     ",47,"21.658900                     ",0,"0.000000                      ",0,"0.000000                      ",0,"0.000000                      ",0,"0.000000                      ",0,"0.000000                      ",0,"0.000000                      ",0,"0.000000                      ",0,"0.000000                      ",0,"0.000000                      "
"1997","07106","11","3444","0060","04","Elem      ","N","Menomonie Area","Downsville El","Grades PreK-12","All Races","Both Genders","165",0,"0.000000                      ",25,"15.151500                     ",25,"15.151500                     ",27,"16.363600                     ",22,"13.333300                     ",26,"15.757500                     ",20,"12.121200                     ",20,"12.121200                     ",0,"0.000000                      ",0,"0.000000                      ",0,"0.000000                      ",0,"0.000000                      ",0,"0.000000                      ",0,"0.000000                      "
"1997","07128","11","3444","0110","04","Elem      ","N","Menomonie Area","Knapp El","Grades PreK-12","All Races","Both Genders","118",38,"32.203300                     ",16,"13.559300                     ",18,"15.254200                     ",31,"26.271100                     ",15,"12.711800                     ",0,"0.000000                      ",0,"0.000000                      ",0,"0.000000                      ",0,"0.000000                      ",0,"0.000000                      ",0,"0.000000                      ",0,"0.000000                      ",0,"0.000000                      ",0,"0.000000                      "
"1997","07130","11","3444","0140","04","Elem      ","N","Menomonie Area","Lucas El","Grades PreK-12","All Races","Both Genders","61",0,"0.000000                      ",0,"0.000000                      ",0,"0.000000                      ",0,"0.000000                      ",0,"0.000000                      ",19,"31.147500                     ",21,"34.426200                     ",21,"34.426200                     ",0,"0.000000                      ",0,"0.000000                      ",0,"0.000000                      ",0,"0.000000                      ",0,"0.000000                      ",0,"0.000000                      "
"1997","07131","11","3444","0160","04","Mid/Jr Hi ","N","Menomonie Area","Menomonie Mid","Grades PreK-12","All Races","Both Genders","563",0,"0.000000                      ",0,"0.000000                      ",0,"0.000000                      ",0,"0.000000                      ",0,"0.000000                      ",0,"0.000000                      ",0,"0.000000                      ",0,"0.000000                      ",278,"49.378300                     ",285,"50.621600                     ",0,"0.000000                      ",0,"0.000000                      ",0,"0.000000                      ",0,"0.000000                      "
"1997","07132","11","3444","0180","04","High      ","N","Menomonie Area","Menomonie Hi","Grades PreK-12","All Races","Both Genders","1087",0,"0.000000                      ",0,"0.000000                      ",0,"0.000000                      ",0,"0.000000                      ",0,"0.000000                      ",0,"0.000000                      ",0,"0.000000                      ",0,"0.000000                      ",0,"0.000000                      ",0,"0.000000                      ",279,"25.666900                     ",280,"25.758900                     ",270,"24.839000                     ",258,"23.735000                     "
"1997","07133","11","3444","0200","04","Elem      ","N","Menomonie Area","North El","Grades PreK-12","All Races","Both Genders","209",0,"0.000000                      ",0,"0.000000                      ",0,"0.000000                      ",0,"0.000000                      ",0,"0.000000                      ",72,"34.449700                     ",66,"31.578900                     ",71,"33.971200                     ",0,"0.000000                      ",0,"0.000000                      ",0,"0.000000                      ",0,"0.000000                      ",0,"0.000000                      ",0,"0.000000                      "
"1997","07134","11","3444","0210","04","Elem      ","N","Menomonie Area","Oaklawn El","Grades PreK-12","All Races","Both Genders","435",0,"0.000000                      ",57,"13.103400                     ",56,"12.873500                     ",76,"17.471200                     ",55,"12.643600                     ",65,"14.942500                     ",58,"13.333300                     ",68,"15.632100                     ",0,"0.000000                      ",0,"0.000000                      ",0,"0.000000                      ",0,"0.000000                      ",0,"0.000000                      ",0,"0.000000                      "
"1997","07135","11","3444","0220","04","Elem      ","N","Menomonie Area","River Heights El","Grades PreK-12","All Races","Both Genders","586",8,"1.365100                      ",85,"14.505100                     ",96,"16.382200                     ",103,"17.576700                     ",74,"12.627900                     ",78,"13.310500                     ",72,"12.286600                     ",70,"11.945300                     ",0,"0.000000                      ",0,"0.000000                      ",0,"0.000000                      ",0,"0.000000                      ",0,"0.000000                      ",0,"0.000000                      "
"1997","05207","11","3962","","03","Summary   ","N","New Richmond","","Grades PreK-12","All Races","Both Genders","2426",28,"1.154100                      ",187,"7.708100                      ",167,"6.883700                      ",178,"7.337100                      ",172,"7.089800                      ",179,"7.378400                      ",181,"7.460800                      ",177,"7.295900                      ",188,"7.749300                      ",212,"8.738600                      ",192,"7.914200                      ",184,"7.584500                      ",193,"7.955400                      ",188,"7.749300                      "
"1997","06503","11","3962","0010","04","Elem      ","N","New Richmond","New Richmond East El","Grades PreK-12","All Races","Both Genders","428",0,"0.000000                      ",68,"15.887800                     ",0,"0.000000                      ",0,"0.000000                      ",0,"0.000000                      ",179,"41.822400                     ",181,"42.289700                     ",0,"0.000000                      ",0,"0.000000                      ",0,"0.000000                      ",0,"0.000000                      ",0,"0.000000                      ",0,"0.000000                      ",0,"0.000000                      "
"1997","06504","11","3962","0020","04","Elem      ","N","New Richmond","New Richmond West El","Grades PreK-12","All Races","Both Genders","636",0,"0.000000                      ",119,"18.710600                     ",167,"26.257800                     ",178,"27.987400                     ",172,"27.044000                     ",0,"0.000000                      ",0,"0.000000                      ",0,"0.000000                      ",0,"0.000000                      ",0,"0.000000                      ",0,"0.000000                      ",0,"0.000000                      ",0,"0.000000                      ",0,"0.000000                      "
"1997","06505","11","3962","0040","04","Mid/Jr Hi ","N","New Richmond","New Richmond Mid","Grades PreK-12","All Races","Both Genders","605",28,"4.628000                      ",0,"0.000000                      ",0,"0.000000                      ",0,"0.000000                      ",0,"0.000000                      ",0,"0.000000                      ",0,"0.000000                      ",177,"29.256100                     ",188,"31.074300                     ",212,"35.041300                     ",0,"0.000000                      ",0,"0.000000                      ",0,"0.000000                      ",0,"0.000000                      "
"1997","06506","11","3962","0060","04","High      ","N","New Richmond","New Richmond Hi","Grades PreK-12","All Races","Both Genders","757",0,"0.000000                      ",0,"0.000000                      ",0,"0.000000                      ",0,"0.000000                      ",0,"0.000000                      ",0,"0.000000                      ",0,"0.000000                      ",0,"0.000000                      ",0,"0.000000                      ",0,"0.000000                      ",192,"25.363200                     ",184,"24.306400                     ",193,"25.495300                     ",188,"24.834800                     "
"1997","05208","11","4165","","03","Summary   ","N","Osceola","","Grades PreK-12","All Races","Both Genders","1572",14,"0.890500                      ",116,"7.379100                      ",108,"6.870200                      ",117,"7.442700                      ",113,"7.188200                      ",115,"7.315500                      ",139,"8.842200                      ",117,"7.442700                      ",137,"8.715000                      ",122,"7.760800                      ",130,"8.269700                      ",128,"8.142400                      ",113,"7.188200                      ",103,"6.552100                      "
"1997","06507","11","4165","0040","04","Elem      ","N","Osceola","Osceola El","Grades PreK-12","All Races","Both Genders","468",14,"2.991400                      ",116,"24.786300                     ",108,"23.076900                     ",117,"25.000000                     ",113,"24.145200                     ",0,"0.000000                      ",0,"0.000000                      ",0,"0.000000                      ",0,"0.000000                      ",0,"0.000000                      ",0,"0.000000                      ",0,"0.000000                      ",0,"0.000000                      ",0,"0.000000                      "
"1997","09562","11","4165","0050","04","Elem      ","N","Osceola","Osceola Intermediate","Grades PreK-12","All Races","Both Genders","115",0,"0.000000                      ",0,"0.000000                      ",0,"0.000000                      ",0,"0.000000                      ",0,"0.000000                      ",115,"100.000000                    ",0,"0.000000                      ",0,"0.000000                      ",0,"0.000000                      ",0,"0.000000                      ",0,"0.000000                      ",0,"0.000000                      ",0,"0.000000                      ",0,"0.000000                      "
"1997","06508","11","4165","0060","04","High      ","N","Osceola","Osceola Hi","Grades PreK-12","All Races","Both Genders","474",0,"0.000000                      ",0,"0.000000                      ",0,"0.000000                      ",0,"0.000000                      ",0,"0.000000                      ",0,"0.000000                      ",0,"0.000000                      ",0,"0.000000                      ",0,"0.000000                      ",0,"0.000000                      ",130,"27.426100                     ",128,"27.004200                     ",113,"23.839600                     ",103,"21.729900                     "
"1997","06509","11","4165","0080","04","Mid/Jr Hi ","N","Osceola","Osceola Mid","Grades PreK-12","All Races","Both Genders","515",0,"0.000000                      ",0,"0.000000                      ",0,"0.000000                      ",0,"0.000000                      ",0,"0.000000                      ",0,"0.000000                      ",139,"26.990200                     ",117,"22.718400                     ",137,"26.601900                     ",122,"23.689300                     ",0,"0.000000                      ",0,"0.000000                      ",0,"0.000000                      ",0,"0.000000                      "
"1997","05351","11","4270","","03","Summary   ","N","Pepin Area","","Grades PreK-12","All Races","Both Genders","371",17,"4.582200                      ",17,"4.582200                      ",22,"5.929900                      ",17,"4.582200                      ",27,"7.277600                      ",22,"5.929900                      ",26,"7.008000                      ",22,"5.929900                      ",43,"11.590200                     ",34,"9.164400                      ",23,"6.199400                      ",38,"10.242500                     ",35,"9.433900                      ",28,"7.547100                      "
"1997","07146","11","4270","0020","04","Elem      ","N","Pepin Area","Pepin El","Grades PreK-12","All Races","Both Genders","170",17,"10.000000                     ",17,"10.000000                     ",22,"12.941100                     ",17,"10.000000                     ",27,"15.882300                     ",22,"12.941100                     ",26,"15.294100                     ",22,"12.941100                     ",0,"0.000000                      ",0,"0.000000                      ",0,"0.000000                      ",0,"0.000000                      ",0,"0.000000                      ",0,"0.000000                      "
"1997","07147","11","4270","0040","04","High      ","N","Pepin Area","Pepin Hi","Grades PreK-12","All Races","Both Genders","201",0,"0.000000                      ",0,"0.000000                      ",0,"0.000000                      ",0,"0.000000                      ",0,"0.000000                      ",0,"0.000000                      ",0,"0.000000                      ",0,"0.000000                      ",43,"21.393000                     ",34,"16.915400                     ",23,"11.442700                     ",38,"18.905400                     ",35,"17.412900                     ",28,"13.930300                     "
"1997","05352","11","4459","","03","Summary   ","N","Plum City","","Grades PreK-12","All Races","Both Genders","356",2,"0.561700                      ",27,"7.584200                      ",18,"5.056100                      ",22,"6.179700                      ",28,"7.865100                      ",26,"7.303300                      ",25,"7.022400                      ",20,"5.617900                      ",24,"6.741500                      ",25,"7.022400                      ",35,"9.831400                      ",32,"8.988700                      ",28,"7.865100                      ",44,"12.359500                     "
"1997","07149","11","4459","0020","04","Elem      ","N","Plum City","Plum City El","Grades PreK-12","All Races","Both Genders","148",2,"1.351300                      ",27,"18.243200                     ",18,"12.162100                     ",22,"14.864800                     ",28,"18.918900                     ",26,"17.567500                     ",25,"16.891800                     ",0,"0.000000                      ",0,"0.000000                      ",0,"0.000000                      ",0,"0.000000                      ",0,"0.000000                      ",0,"0.000000                      ",0,"0.000000                      "
"1997","07150","11","4459","0040","04","High      ","N","Plum City","Plum City Hi","Grades PreK-12","All Races","Both Genders","208",0,"0.000000                      ",0,"0.000000                      ",0,"0.000000                      ",0,"0.000000                      ",0,"0.000000                      ",0,"0.000000                      ",0,"0.000000                      ",20,"9.615300                      ",24,"11.538400                     ",25,"12.019200                     ",35,"16.826900                     ",32,"15.384600                     ",28,"13.461500                     ",44,"21.153800                     "
"1997","05353","11","4557","","03","Summary   ","N","Prairie Farm","","Grades PreK-12","All Races","Both Genders","431",0,"0.000000                      ",23,"5.336400                      ",21,"4.872300                      ",25,"5.800400                      ",20,"4.640300                      ",26,"6.032400                      ",32,"7.424500                      ",43,"9.976700                      ",39,"9.048700                      ",32,"7.424500                      ",41,"9.512700                      ",54,"12.529000                     ",40,"9.280700                      ",35,"8.120600                      "
"1997","07151","11","4557","0020","04","Elem      ","N","Prairie Farm","Prairie Farm El","Grades PreK-12","All Races","Both Genders","115",0,"0.000000                      ",23,"20.000000                     ",21,"18.260800                     ",25,"21.739100                     ",20,"17.391300                     ",26,"22.608600                     ",0,"0.000000                      ",0,"0.000000                      ",0,"0.000000                      ",0,"0.000000                      ",0,"0.000000                      ",0,"0.000000                      ",0,"0.000000                      ",0,"0.000000                      "
"1997","07152","11","4557","0030","04","Mid/Jr Hi ","N","Prairie Farm","Prairie Farm Mid","Grades PreK-12","All Races","Both Genders","146",0,"0.000000                      ",0,"0.000000                      ",0,"0.000000                      ",0,"0.000000                      ",0,"0.000000                      ",0,"0.000000                      ",32,"21.917800                     ",43,"29.452000                     ",39,"26.712300                     ",32,"21.917800                     ",0,"0.000000                      ",0,"0.000000                      ",0,"0.000000                      ",0,"0.000000                      "
"1997","07153","11","4557","0040","04","High      ","N","Prairie Farm","Prairie Farm Hi","Grades PreK-12","All Races","Both Genders","170",0,"0.000000                      ",0,"0.000000                      ",0,"0.000000                      ",0,"0.000000                      ",0,"0.000000                      ",0,"0.000000                      ",0,"0.000000                      ",0,"0.000000                      ",0,"0.000000                      ",0,"0.000000                      ",41,"24.117600                     ",54,"31.764700                     ",40,"23.529400                     ",35,"20.588200                     "
"1997","05209","11","4578","","03","Summary   ","N","Prescott","","Grades PreK-12","All Races","Both Genders","1153",0,"0.000000                      ",84,"7.285300                      ",73,"6.331300                      ",79,"6.851600                      ",75,"6.504700                      ",80,"6.938400                      ",70,"6.071100                      ",102,"8.846400                      ",103,"8.933200                      ",94,"8.152600                      ",119,"10.320900                     ",91,"7.892400                      ",86,"7.458800                      ",97,"8.412800                      "
"1997","06510","11","4578","0040","04","Elem      ","N","Prescott","Malone El","Grades PreK-12","All Races","Both Genders","461",0,"0.000000                      ",84,"18.221200                     ",73,"15.835100                     ",79,"17.136600                     ",75,"16.268900                     ",80,"17.353500                     ",70,"15.184300                     ",0,"0.000000                      ",0,"0.000000                      ",0,"0.000000                      ",0,"0.000000                      ",0,"0.000000                      ",0,"0.000000                      ",0,"0.000000                      "
"1997","06511","11","4578","0060","04","High      ","N","Prescott","Prescott Hi","Grades PreK-12","All Races","Both Genders","393",0,"0.000000                      ",0,"0.000000                      ",0,"0.000000                      ",0,"0.000000                      ",0,"0.000000                      ",0,"0.000000                      ",0,"0.000000                      ",0,"0.000000                      ",0,"0.000000                      ",0,"0.000000                      ",119,"30.279800                     ",91,"23.155200                     ",86,"21.882900                     ",97,"24.681900                     "
"1997","06512","11","4578","0080","04","Mid/Jr Hi ","N","Prescott","Prescott Mid","Grades PreK-12","All Races","Both Genders","299",0,"0.000000                      ",0,"0.000000                      ",0,"0.000000                      ",0,"0.000000                      ",0,"0.000000                      ",0,"0.000000                      ",0,"0.000000                      ",102,"34.113700                     ",103,"34.448100                     ",94,"31.438100                     ",0,"0.000000                      ",0,"0.000000                      ",0,"0.000000                      ",0,"0.000000                      "
"1997","05375","11","4802","","03","Summary   ","N","Rice Lake Area","","Grades PreK-12","All Races","Both Genders","2895",8,"0.276300                      ",183,"6.321200                      ",197,"6.804800                      ",178,"6.148500                      ",174,"6.010300                      ",209,"7.219300                      ",229,"7.910100                      ",221,"7.633800                      ",218,"7.530200                      ",246,"8.497400                      ",309,"10.673500                     ",231,"7.979200                      ",249,"8.601000                      ",243,"8.393700                      "
"1997","07228","11","4802","0010","04","El/Sec    ","N","Rice Lake Area","Barron County Handicapped Center P-K","Grades PreK-12","All Races","Both Genders","46",8,"17.391300                     ",0,"0.000000                      ",0,"0.000000                      ",0,"0.000000                      ",2,"4.347800                      ",2,"4.347800                      ",3,"6.521700                      ",1,"2.173900                      ",4,"8.695600                      ",5,"10.869500                     ",7,"15.217300                     ",4,"8.695600                      ",2,"4.347800                      ",8,"17.391300                     "
"1997","07229","11","4802","0025","04","Elem      ","N","Rice Lake Area","Tainter El","Grades PreK-12","All Races","Both Genders","281",0,"0.000000                      ",46,"16.370100                     ",49,"17.437700                     ",45,"16.014200                     ",43,"15.302400                     ",46,"16.370100                     ",52,"18.505300                     ",0,"0.000000                      ",0,"0.000000                      ",0,"0.000000                      ",0,"0.000000                      ",0,"0.000000                      ",0,"0.000000                      ",0,"0.000000                      "
"1997","07230","11","4802","0040","04","Elem      ","N","Rice Lake Area","Franklin El","Grades PreK-12","All Races","Both Genders","140",0,"0.000000                      ",24,"17.142800                     ",22,"15.714200                     ",23,"16.428500                     ",20,"14.285700                     ",27,"19.285700                     ",24,"17.142800                     ",0,"0.000000                      ",0,"0.000000                      ",0,"0.000000                      ",0,"0.000000                      ",0,"0.000000                      ",0,"0.000000                      ",0,"0.000000                      "
"1997","07205","11","4802","0060","04","Elem      ","N","Rice Lake Area","Haugen El","Grades PreK-12","All Races","Both Genders","135",0,"0.000000                      ",19,"14.074000                     ",23,"17.037000                     ",25,"18.518500                     ",18,"13.333300                     ",26,"19.259200                     ",24,"17.777700                     ",0,"0.000000                      ",0,"0.000000                      ",0,"0.000000                      ",0,"0.000000                      ",0,"0.000000                      ",0,"0.000000                      ",0,"0.000000                      "
"1997","07231","11","4802","0080","04","Elem      ","N","Rice Lake Area","Hilltop El","Grades PreK-12","All Races","Both Genders","326",0,"0.000000                      ",47,"14.417100                     ",59,"18.098100                     ",44,"13.496900                     ",45,"13.803600                     ",55,"16.871100                     ",76,"23.312800                     ",0,"0.000000                      ",0,"0.000000                      ",0,"0.000000                      ",0,"0.000000                      ",0,"0.000000                      ",0,"0.000000                      ",0,"0.000000                      "
"1997","07232","11","4802","0100","04","Elem      ","N","Rice Lake Area","Jefferson El","Grades PreK-12","All Races","Both Genders","142",0,"0.000000                      ",23,"16.197100                     ",21,"14.788700                     ",22,"15.492900                     ",23,"16.197100                     ",27,"19.014000                     ",26,"18.309800                     ",0,"0.000000                      ",0,"0.000000                      ",0,"0.000000                      ",0,"0.000000                      ",0,"0.000000                      ",0,"0.000000                      ",0,"0.000000                      "
"1997","07233","11","4802","0120","04","Elem      ","N","Rice Lake Area","Lincoln El","Grades PreK-12","All Races","Both Genders","139",0,"0.000000                      ",24,"17.266100                     ",23,"16.546700                     ",19,"13.669000                     ",23,"16.546700                     ",26,"18.705000                     ",24,"17.266100                     ",0,"0.000000                      ",0,"0.000000                      ",0,"0.000000                      ",0,"0.000000                      ",0,"0.000000                      ",0,"0.000000                      ",0,"0.000000                      "
"1997","07234","11","4802","0140","04","Mid/Jr Hi ","N","Rice Lake Area","Rice Lake Mid","Grades PreK-12","All Races","Both Genders","675",0,"0.000000                      ",0,"0.000000                      ",0,"0.000000                      ",0,"0.000000                      ",0,"0.000000                      ",0,"0.000000                      ",0,"0.000000                      ",220,"32.592500                     ",214,"31.703700                     ",241,"35.703700                     ",0,"0.000000                      ",0,"0.000000                      ",0,"0.000000                      ",0,"0.000000                      "
"1997","07235","11","4802","0180","04","High      ","N","Rice Lake Area","Rice Lake Hi","Grades PreK-12","All Races","Both Genders","1011",0,"0.000000                      ",0,"0.000000                      ",0,"0.000000                      ",0,"0.000000                      ",0,"0.000000                      ",0,"0.000000                      ",0,"0.000000                      ",0,"0.000000                      ",0,"0.000000                      ",0,"0.000000                      ",302,"29.871400                     ",227,"22.453000                     ",247,"24.431200                     ",235,"23.244300                     "
"1997","05210","11","4893","","03","Summary   ","N","River Falls","","Grades PreK-12","All Races","Both Genders","2875",14,"0.486900                      ",206,"7.165200                      ",237,"8.243400                      ",199,"6.921700                      ",199,"6.921700                      ",219,"7.617300                      ",231,"8.034700                      ",189,"6.573900                      ",218,"7.582600                      ",245,"8.521700                      ",235,"8.173900                      ",244,"8.486900                      ",234,"8.139100                      ",205,"7.130400                      "
"1997","06513","11","4893","0020","04","Elem      ","N","River Falls","Greenwood El","Grades PreK-12","All Races","Both Genders","393",0,"0.000000                      ",60,"15.267100                     ",79,"20.101700                     ",52,"13.231500                     ",68,"17.302700                     ",71,"18.066100                     ",63,"16.030500                     ",0,"0.000000                      ",0,"0.000000                      ",0,"0.000000                      ",0,"0.000000                      ",0,"0.000000                      ",0,"0.000000                      ",0,"0.000000                      "
"1997","06514","11","4893","0040","04","Elem      ","N","River Falls","Rocky Branch El","Grades PreK-12","All Races","Both Genders","480",14,"2.916600                      ",79,"16.458300                     ",73,"15.208300                     ",81,"16.875000                     ",68,"14.166600                     ",76,"15.833300                     ",89,"18.541600                     ",0,"0.000000                      ",0,"0.000000                      ",0,"0.000000                      ",0,"0.000000                      ",0,"0.000000                      ",0,"0.000000                      ",0,"0.000000                      "
"1997","06515","11","4893","0060","04","Mid/Jr Hi ","N","River Falls","Meyer Mid","Grades PreK-12","All Races","Both Genders","652",0,"0.000000                      ",0,"0.000000                      ",0,"0.000000                      ",0,"0.000000                      ",0,"0.000000                      ",0,"0.000000                      ",0,"0.000000                      ",189,"28.987700                     ",218,"33.435500                     ",245,"37.576600                     ",0,"0.000000                      ",0,"0.000000                      ",0,"0.000000                      ",0,"0.000000                      "
"1997","06516","11","4893","0080","04","High      ","N","River Falls","River Falls Hi","Grades PreK-12","All Races","Both Genders","918",0,"0.000000                      ",0,"0.000000                      ",0,"0.000000                      ",0,"0.000000                      ",0,"0.000000                      ",0,"0.000000                      ",0,"0.000000                      ",0,"0.000000                      ",0,"0.000000                      ",0,"0.000000                      ",235,"25.599100                     ",244,"26.579500                     ",234,"25.490100                     ",205,"22.331100                     "
"1997","06517","11","4893","0100","04","Elem      ","N","River Falls","Westside El","Grades PreK-12","All Races","Both Genders","432",0,"0.000000                      ",67,"15.509200                     ",85,"19.675900                     ",66,"15.277700                     ",63,"14.583300                     ",72,"16.666600                     ",79,"18.287000                     ",0,"0.000000                      ",0,"0.000000                      ",0,"0.000000                      ",0,"0.000000                      ",0,"0.000000                      ",0,"0.000000                      ",0,"0.000000                      "
"1997","05211","11","5019","","03","Summary   ","N","Saint Croix Falls","","Grades PreK-12","All Races","Both Genders","1061",6,"0.565500                      ",79,"7.445800                      ",76,"7.163000                      ",71,"6.691800                      ",73,"6.880300                      ",78,"7.351500                      ",106,"9.990500                      ",80,"7.540000                      ",76,"7.163000                      ",91,"8.576800                      ",74,"6.974500                      ",96,"9.048000                      ",87,"8.199800                      ",68,"6.409000                      "
"1997","06484","11","5019","0020","04","Elem      ","N","Saint Croix Falls","Cushing El","Grades PreK-12","All Races","Both Genders","75",0,"0.000000                      ",20,"26.666600                     ",20,"26.666600                     ",18,"24.000000                     ",17,"22.666600                     ",0,"0.000000                      ",0,"0.000000                      ",0,"0.000000                      ",0,"0.000000                      ",0,"0.000000                      ",0,"0.000000                      ",0,"0.000000                      ",0,"0.000000                      ",0,"0.000000                      "
"1997","06485","11","5019","0040","04","Elem      ","N","Saint Croix Falls","Dresser El","Grades PreK-12","All Races","Both Genders","89",6,"6.741500                      ",21,"23.595500                     ",21,"23.595500                     ",20,"22.471900                     ",21,"23.595500                     ",0,"0.000000                      ",0,"0.000000                      ",0,"0.000000                      ",0,"0.000000                      ",0,"0.000000                      ",0,"0.000000                      ",0,"0.000000                      ",0,"0.000000                      ",0,"0.000000                      "
"1997","06519","11","5019","0060","04","Elem      ","N","Saint Croix Falls","Saint Croix Falls El","Grades PreK-12","All Races","Both Genders","219",0,"0.000000                      ",38,"17.351500                     ",35,"15.981700                     ",33,"15.068400                     ",35,"15.981700                     ",78,"35.616400                     ",0,"0.000000                      ",0,"0.000000                      ",0,"0.000000                      ",0,"0.000000                      ",0,"0.000000                      ",0,"0.000000                      ",0,"0.000000                      ",0,"0.000000                      "
"1997","06520","11","5019","0070","04","Mid/Jr Hi ","N","Saint Croix Falls","Sorensen Mid","Grades PreK-12","All Races","Both Genders","353",0,"0.000000                      ",0,"0.000000                      ",0,"0.000000                      ",0,"0.000000                      ",0,"0.000000                      ",0,"0.000000                      ",106,"30.028300                     ",80,"22.662800                     ",76,"21.529700                     ",91,"25.779000                     ",0,"0.000000                      ",0,"0.000000                      ",0,"0.000000                      ",0,"0.000000                      "
"1997","06521","11","5019","0080","04","High      ","N","Saint Croix Falls","Saint Croix Falls Hi","Grades PreK-12","All Races","Both Genders","325",0,"0.000000                      ",0,"0.000000                      ",0,"0.000000                      ",0,"0.000000                      ",0,"0.000000                      ",0,"0.000000                      ",0,"0.000000                      ",0,"0.000000                      ",0,"0.000000                      ",0,"0.000000                      ",74,"22.769200                     ",96,"29.538400                     ",87,"26.769200                     ",68,"20.923000                     "
"1997","05376","11","5306","","03","Summary   ","N","Shell Lake","","Grades PreK-12","All Races","Both Genders","621",4,"0.644100                      ",36,"5.797100                      ",38,"6.119100                      ",37,"5.958100                      ",37,"5.958100                      ",42,"6.763200                      ",44,"7.085300                      ",55,"8.856600                      ",48,"7.729400                      ",52,"8.373500                      ",64,"10.305900                     ",46,"7.407400                      ",64,"10.305900                     ",54,"8.695600                      "
"1997","07236","11","5306","0010","04","Elem      ","N","Shell Lake","Shell Lake El (K-2)","Grades PreK-12","All Races","Both Genders","115",4,"3.478200                      ",36,"31.304300                     ",38,"33.043400                     ",37,"32.173900                     ",0,"0.000000                      ",0,"0.000000                      ",0,"0.000000                      ",0,"0.000000                      ",0,"0.000000                      ",0,"0.000000                      ",0,"0.000000                      ",0,"0.000000                      ",0,"0.000000                      ",0,"0.000000                      "
"1997","07237","11","5306","0020","04","Elem      ","N","Shell Lake","Shell Lake El (3-6)","Grades PreK-12","All Races","Both Genders","178",0,"0.000000                      ",0,"0.000000                      ",0,"0.000000                      ",0,"0.000000                      ",37,"20.786500                     ",42,"23.595500                     ",44,"24.719100                     ",55,"30.898800                     ",0,"0.000000                      ",0,"0.000000                      ",0,"0.000000                      ",0,"0.000000                      ",0,"0.000000                      ",0,"0.000000                      "
"1997","07238","11","5306","0040","04","High      ","N","Shell Lake","Shell Lake Hi","Grades PreK-12","All Races","Both Genders","228",0,"0.000000                      ",0,"0.000000                      ",0,"0.000000                      ",0,"0.000000                      ",0,"0.000000                      ",0,"0.000000                      ",0,"0.000000                      ",0,"0.000000                      ",0,"0.000000                      ",0,"0.000000                      ",64,"28.070100                     ",46,"20.175400                     ",64,"28.070100                     ",54,"23.684200                     "
"1997","07239","11","5306","0060","04","Mid/Jr Hi ","N","Shell Lake","Shell Lake Jr","Grades PreK-12","All Races","Both Genders","100",0,"0.000000                      ",0,"0.000000                      ",0,"0.000000                      ",0,"0.000000                      ",0,"0.000000                      ",0,"0.000000                      ",0,"0.000000                      ",0,"0.000000                      ",48,"48.000000                     ",52,"52.000000                     ",0,"0.000000                      ",0,"0.000000                      ",0,"0.000000                      ",0,"0.000000                      "
"1997","05377","11","5376","","03","Summary   ","N","Siren","","Grades PreK-12","All Races","Both Genders","502",6,"1.195200                      ",30,"5.976000                      ",40,"7.968100                      ",37,"7.370500                      ",32,"6.374500                      ",40,"7.968100                      ",42,"8.366500                      ",43,"8.565700                      ",52,"10.358500                     ",36,"7.171300                      ",34,"6.772900                      ",31,"6.175200                      ",40,"7.968100                      ",39,"7.768900                      "
"1997","07240","11","5376","0020","04","Elem      ","N","Siren","Siren El","Grades PreK-12","All Races","Both Genders","270",6,"2.222200                      ",30,"11.111100                     ",40,"14.814800                     ",37,"13.703700                     ",32,"11.851800                     ",40,"14.814800                     ",42,"15.555500                     ",43,"15.925900                     ",0,"0.000000                      ",0,"0.000000                      ",0,"0.000000                      ",0,"0.000000                      ",0,"0.000000                      ",0,"0.000000                      "
"1997","07241","11","5376","0040","04","High      ","N","Siren","Siren Jr/Hi","Grades PreK-12","All Races","Both Genders","232",0,"0.000000                      ",0,"0.000000                      ",0,"0.000000                      ",0,"0.000000                      ",0,"0.000000                      ",0,"0.000000                      ",0,"0.000000                      ",0,"0.000000                      ",52,"22.413700                     ",36,"15.517200                     ",34,"14.655100                     ",31,"13.362000                     ",40,"17.241300                     ",39,"16.810300                     "
"1997","05410","11","5432","","03","Summary   ","N","Somerset","","Grades PreK-12","All Races","Both Genders","1022",60,"5.870800                      ",79,"7.729900                      ",70,"6.849300                      ",61,"5.968600                      ",84,"8.219100                      ",64,"6.262200                      ",68,"6.653600                      ",74,"7.240700                      ",94,"9.197600                      ",74,"7.240700                      ",65,"6.360000                      ",84,"8.219100                      ",78,"7.632000                      ",67,"6.555700                      "
"1997","06522","11","5432","0020","04","Elem      ","N","Somerset","Somerset El","Grades PreK-12","All Races","Both Genders","354",60,"16.949100                     ",79,"22.316300                     ",70,"19.774000                     ",61,"17.231600                     ",84,"23.728800                     ",0,"0.000000                      ",0,"0.000000                      ",0,"0.000000                      ",0,"0.000000                      ",0,"0.000000                      ",0,"0.000000                      ",0,"0.000000                      ",0,"0.000000                      ",0,"0.000000                      "
"1997","06523","11","5432","0040","04","High      ","N","Somerset","Somerset Hi","Grades PreK-12","All Races","Both Genders","294",0,"0.000000                      ",0,"0.000000                      ",0,"0.000000                      ",0,"0.000000                      ",0,"0.000000                      ",0,"0.000000                      ",0,"0.000000                      ",0,"0.000000                      ",0,"0.000000                      ",0,"0.000000                      ",65,"22.108800                     ",84,"28.571400                     ",78,"26.530600                     ",67,"22.789100                     "
"1997","09564","11","5432","0060","04","Mid/Jr Hi ","N","Somerset","Somerset Mid","Grades PreK-12","All Races","Both Genders","374",0,"0.000000                      ",0,"0.000000                      ",0,"0.000000                      ",0,"0.000000                      ",0,"0.000000                      ",64,"17.112200                     ",68,"18.181800                     ",74,"19.786000                     ",94,"25.133600                     ",74,"19.786000                     ",0,"0.000000                      ",0,"0.000000                      ",0,"0.000000                      ",0,"0.000000                      "
"1997","05359","11","5474","","03","Summary   ","N","Spooner","","Grades PreK-12","All Races","Both Genders","1774",12,"0.676400                      ",111,"6.257000                      ",97,"5.467800                      ",117,"6.595200                      ",134,"7.553500                      ",128,"7.215300                      ",116,"6.538800                      ",140,"7.891700                      ",155,"8.737300                      ",143,"8.060800                      ",181,"10.202900                     ",154,"8.680900                      ",141,"7.948100                      ",145,"8.173600                      "
"1997","07169","11","5474","0040","04","Elem      ","N","Spooner","Spooner El","Grades PreK-12","All Races","Both Genders","599",12,"2.003300                      ",111,"18.530800                     ",97,"16.193600                     ",117,"19.532500                     ",134,"22.370600                     ",128,"21.368900                     ",0,"0.000000                      ",0,"0.000000                      ",0,"0.000000                      ",0,"0.000000                      ",0,"0.000000                      ",0,"0.000000                      ",0,"0.000000                      ",0,"0.000000                      "
"1997","07170","11","5474","0080","04","High      ","N","Spooner","Spooner Hi","Grades PreK-12","All Races","Both Genders","621",0,"0.000000                      ",0,"0.000000                      ",0,"0.000000                      ",0,"0.000000                      ",0,"0.000000                      ",0,"0.000000                      ",0,"0.000000                      ",0,"0.000000                      ",0,"0.000000                      ",0,"0.000000                      ",181,"29.146500                     ",154,"24.798700                     ",141,"22.705300                     ",145,"23.349400                     "
"1997","07171","11","5474","0100","04","Mid/Jr Hi ","N","Spooner","Spooner Mid","Grades PreK-12","All Races","Both Genders","554",0,"0.000000                      ",0,"0.000000                      ",0,"0.000000                      ",0,"0.000000                      ",0,"0.000000                      ",0,"0.000000                      ",116,"20.938600                     ",140,"25.270700                     ",155,"27.978300                     ",143,"25.812200                     ",0,"0.000000                      ",0,"0.000000                      ",0,"0.000000                      ",0,"0.000000                      "
"1997","05354","11","5586","","03","Summary   ","N","Spring Valley","","Grades PreK-12","All Races","Both Genders","741",0,"0.000000                      ",53,"7.152400                      ",39,"5.263100                      ",47,"6.342700                      ",61,"8.232100                      ",57,"7.692300                      ",63,"8.502000                      ",59,"7.962200                      ",65,"8.771900                      ",53,"7.152400                      ",55,"7.422400                      ",73,"9.851500                      ",59,"7.962200                      ",57,"7.692300                      "
"1997","07156","11","5586","0020","04","Elem      ","N","Spring Valley","Cady-Wilson El","Grades PreK-12","All Races","Both Genders","92",0,"0.000000                      ",53,"57.608600                     ",39,"42.391300                     ",0,"0.000000                      ",0,"0.000000                      ",0,"0.000000                      ",0,"0.000000                      ",0,"0.000000                      ",0,"0.000000                      ",0,"0.000000                      ",0,"0.000000                      ",0,"0.000000                      ",0,"0.000000                      ",0,"0.000000                      "
"1997","07157","11","5586","0040","04","Elem      ","N","Spring Valley","Gilman El","Grades PreK-12","All Races","Both Genders","108",0,"0.000000                      ",0,"0.000000                      ",0,"0.000000                      ",47,"43.518500                     ",61,"56.481400                     ",0,"0.000000                      ",0,"0.000000                      ",0,"0.000000                      ",0,"0.000000                      ",0,"0.000000                      ",0,"0.000000                      ",0,"0.000000                      ",0,"0.000000                      ",0,"0.000000                      "
"1997","07158","11","5586","0060","04","Elem      ","N","Spring Valley","Spring Valley El","Grades PreK-12","All Races","Both Genders","120",0,"0.000000                      ",0,"0.000000                      ",0,"0.000000                      ",0,"0.000000                      ",0,"0.000000                      ",57,"47.500000                     ",63,"52.500000                     ",0,"0.000000                      ",0,"0.000000                      ",0,"0.000000                      ",0,"0.000000                      ",0,"0.000000                      ",0,"0.000000                      ",0,"0.000000                      "
"1997","07444","11","5586","0070","04","Mid/Jr Hi ","N","Spring Valley","Spring Valley Mid","Grades PreK-12","All Races","Both Genders","177",0,"0.000000                      ",0,"0.000000                      ",0,"0.000000                      ",0,"0.000000                      ",0,"0.000000                      ",0,"0.000000                      ",0,"0.000000                      ",59,"33.333300                     ",65,"36.723100                     ",53,"29.943500                     ",0,"0.000000                      ",0,"0.000000                      ",0,"0.000000                      ",0,"0.000000                      "
"1997","07159","11","5586","0080","04","High      ","N","Spring Valley","Spring Valley Hi","Grades PreK-12","All Races","Both Genders","244",0,"0.000000                      ",0,"0.000000                      ",0,"0.000000                      ",0,"0.000000                      ",0,"0.000000                      ",0,"0.000000                      ",0,"0.000000                      ",0,"0.000000                      ",0,"0.000000                      ",0,"0.000000                      ",55,"22.540900                     ",73,"29.918000                     ",59,"24.180300                     ",57,"23.360600                     "
"1997","05380","11","5810","","03","Summary   ","N","Turtle Lake","","Grades PreK-12","All Races","Both Genders","614",1,"0.162800                      ",45,"7.328900                      ",46,"7.491800                      ",33,"5.374500                      ",45,"7.328900                      ",47,"7.654700                      ",52,"8.469000                      ",54,"8.794700                      ",55,"8.957600                      ",55,"8.957600                      ",48,"7.817500                      ",39,"6.351700                      ",48,"7.817500                      ",46,"7.491800                      "
"1997","07258","11","5810","0020","04","Elem      ","N","Turtle Lake","Turtle Lake El","Grades PreK-12","All Races","Both Genders","323",1,"0.309500                      ",45,"13.931800                     ",46,"14.241400                     ",33,"10.216700                     ",45,"13.931800                     ",47,"14.551000                     ",52,"16.099000                     ",54,"16.718200                     ",0,"0.000000                      ",0,"0.000000                      ",0,"0.000000                      ",0,"0.000000                      ",0,"0.000000                      ",0,"0.000000                      "
"1997","07259","11","5810","0040","04","High      ","N","Turtle Lake","Turtle Lake Hi","Grades PreK-12","All Races","Both Genders","291",0,"0.000000                      ",0,"0.000000                      ",0,"0.000000                      ",0,"0.000000                      ",0,"0.000000                      ",0,"0.000000                      ",0,"0.000000                      ",0,"0.000000                      ",55,"18.900300                     ",55,"18.900300                     ",48,"16.494800                     ",39,"13.402000                     ",48,"16.494800                     ",46,"15.807500                     "
"1997","05423","11","6293","","03","Summary   ","N","Webster","","Grades PreK-12","All Races","Both Genders","813",6,"0.738000                      ",60,"7.380000                      ",70,"8.610000                      ",54,"6.642000                      ",51,"6.273000                      ",50,"6.150000                      ",58,"7.134000                      ",59,"7.257000                      ",64,"7.872000                      ",69,"8.487000                      ",85,"10.455100                     ",67,"8.241000                      ",56,"6.888000                      ",64,"7.872000                      "
"1997","07263","11","6293","0060","04","Elem      ","N","Webster","Webster El","Grades PreK-12","All Races","Both Genders","408",6,"1.470500                      ",60,"14.705800                     ",70,"17.156800                     ",54,"13.235200                     ",51,"12.500000                     ",50,"12.254900                     ",58,"14.215600                     ",59,"14.460700                     ",0,"0.000000                      ",0,"0.000000                      ",0,"0.000000                      ",0,"0.000000                      ",0,"0.000000                      ",0,"0.000000                      "
"1997","07264","11","6293","0080","04","High      ","N","Webster","Webster Hi","Grades PreK-12","All Races","Both Genders","272",0,"0.000000                      ",0,"0.000000                      ",0,"0.000000                      ",0,"0.000000                      ",0,"0.000000                      ",0,"0.000000                      ",0,"0.000000                      ",0,"0.000000                      ",0,"0.000000                      ",0,"0.000000                      ",85,"31.250000                     ",67,"24.632300                     ",56,"20.588200                     ",64,"23.529400                     "
"1997","07265","11","6293","0100","04","Mid/Jr Hi ","N","Webster","Webster Jr","Grades PreK-12","All Races","Both Genders","133",0,"0.000000                      ",0,"0.000000                      ",0,"0.000000                      ",0,"0.000000                      ",0,"0.000000                      ",0,"0.000000                      ",0,"0.000000                      ",0,"0.000000                      ",64,"48.120300                     ",69,"51.879600                     ",0,"0.000000                      ",0,"0.000000                      ",0,"0.000000                      ",0,"0.000000                      "
