"year","agency_key","CESA","district_number","school_number","agency_type","school_type","charter","district_name","school_name","grade_label","total_enrollment_prek-12","number_female","percent_female","number_male","percent_male","number_am_ind","percent_am_ind","number_asian","percent_asian","number_black","percent_black","number_hispanic","percent_hispanic","number_white","percent_white"
"2000","32930","11","0119","","03","Elem      ","N","Amery","","Elementary School Type/ Prek-12","561",283,"50.445600                     ",278,"49.554300                     ",4,"0.713000                      ",3,"0.534700                      ",2,"0.356500                      ",10,"1.782500                      ",542,"96.613100                     "
"2000","32930","11","0119","","03","Mid/Jr Hi ","N","Amery","","Middle/Junior High School Type/ Prek-12","679",336,"49.484500                     ",343,"50.515400                     ",19,"2.798200                      ",6,"0.883600                      ",2,"0.294500                      ",6,"0.883600                      ",646,"95.139900                     "
"2000","32930","11","0119","","03","High      ","N","Amery","","High School Type/ PreK-12","614",316,"51.465700                     ",298,"48.534200                     ",18,"2.931500                      ",0,"0.000000                      ",2,"0.325700                      ",7,"1.140000                      ",587,"95.602600                     "
"2000","32930","11","0119","","03","El/Sec    ","N","Amery","","Combined Elementary/Secondary School Type/ Prek-12","0",0,"--                            ",0,"--                            ",0,"--                            ",0,"--                            ",0,"--                            ",0,"--                            ",0,"--                            "
"2000","32930","11","0119","","03","Summary   ","N","Amery","","Grades PreK-12","1854",935,"50.431400                     ",919,"49.568500                     ",41,"2.211400                      ",9,"0.485400                      ",6,"0.323600                      ",23,"1.240500                      ",1775,"95.738900                     "
"2000","31281","11","0119","0020","04","Elem      ","N","Amery","Lien El","Grades PreK-12","561",283,"50.445600                     ",278,"49.554300                     ",4,"0.713000                      ",3,"0.534700                      ",2,"0.356500                      ",10,"1.782500                      ",542,"96.613100                     "
"2000","31282","11","0119","0040","04","High      ","N","Amery","Amery Hi","Grades PreK-12","614",316,"51.465700                     ",298,"48.534200                     ",18,"2.931500                      ",0,"0.000000                      ",2,"0.325700                      ",7,"1.140000                      ",587,"95.602600                     "
"2000","31283","11","0119","0050","04","Mid/Jr Hi ","N","Amery","Lakeview Intermediate","Grades PreK-12","280",141,"50.357100                     ",139,"49.642800                     ",4,"1.428500                      ",3,"1.071400                      ",1,"0.357100                      ",4,"1.428500                      ",268,"95.714200                     "
"2000","31284","11","0119","0060","04","Mid/Jr Hi ","N","Amery","Amery Mid","Grades PreK-12","399",195,"48.872100                     ",204,"51.127800                     ",15,"3.759300                      ",3,"0.751800                      ",1,"0.250600                      ",2,"0.501200                      ",378,"94.736800                     "
"2000","32931","11","0231","","03","Elem      ","N","Baldwin-Woodville Area","","Elementary School Type/ Prek-12","451",233,"51.662900                     ",218,"48.337000                     ",0,"0.000000                      ",6,"1.330300                      ",2,"0.443400                      ",5,"1.108600                      ",438,"97.117500                     "
"2000","32931","11","0231","","03","Mid/Jr Hi ","N","Baldwin-Woodville Area","","Middle/Junior High School Type/ Prek-12","384",192,"50.000000                     ",192,"50.000000                     ",0,"0.000000                      ",1,"0.260400                      ",1,"0.260400                      ",0,"0.000000                      ",382,"99.479100                     "
"2000","32931","11","0231","","03","High      ","N","Baldwin-Woodville Area","","High School Type/ PreK-12","446",226,"50.672600                     ",220,"49.327300                     ",0,"0.000000                      ",4,"0.896800                      ",0,"0.000000                      ",3,"0.672600                      ",439,"98.430400                     "
"2000","32931","11","0231","","03","El/Sec    ","N","Baldwin-Woodville Area","","Combined Elementary/Secondary School Type/ Prek-12","0",0,"--                            ",0,"--                            ",0,"--                            ",0,"--                            ",0,"--                            ",0,"--                            ",0,"--                            "
"2000","32931","11","0231","","03","Summary   ","N","Baldwin-Woodville Area","","Grades PreK-12","1281",651,"50.819600                     ",630,"49.180300                     ",0,"0.000000                      ",11,"0.858700                      ",3,"0.234100                      ",8,"0.624500                      ",1259,"98.282500                     "
"2000","31285","11","0231","0040","04","High      ","N","Baldwin-Woodville Area","Baldwin-Woodville Hi","Grades PreK-12","446",226,"50.672600                     ",220,"49.327300                     ",0,"0.000000                      ",4,"0.896800                      ",0,"0.000000                      ",3,"0.672600                      ",439,"98.430400                     "
"2000","31286","11","0231","0070","04","Elem      ","N","Baldwin-Woodville Area","Greenfield El","Grades PreK-12","451",233,"51.662900                     ",218,"48.337000                     ",0,"0.000000                      ",6,"1.330300                      ",2,"0.443400                      ",5,"1.108600                      ",438,"97.117500                     "
"2000","31310","11","0231","0090","04","Mid/Jr Hi ","N","Baldwin-Woodville Area","Viking Mid","Grades PreK-12","384",192,"50.000000                     ",192,"50.000000                     ",0,"0.000000                      ",1,"0.260400                      ",1,"0.260400                      ",0,"0.000000                      ",382,"99.479100                     "
"2000","32998","11","0238","","03","Elem      ","N","Unity","","Elementary School Type/ Prek-12","537",266,"49.534400                     ",271,"50.465500                     ",40,"7.448700                      ",1,"0.186200                      ",2,"0.372400                      ",4,"0.744800                      ",490,"91.247600                     "
"2000","32998","11","0238","","03","Mid/Jr Hi ","N","Unity","","Middle/Junior High School Type/ Prek-12","248",131,"52.822500                     ",117,"47.177400                     ",17,"6.854800                      ",0,"0.000000                      ",0,"0.000000                      ",2,"0.806400                      ",229,"92.338700                     "
"2000","32998","11","0238","","03","High      ","N","Unity","","High School Type/ PreK-12","394",190,"48.223300                     ",204,"51.776600                     ",20,"5.076100                      ",0,"0.000000                      ",0,"0.000000                      ",3,"0.761400                      ",371,"94.162400                     "
"2000","32998","11","0238","","03","El/Sec    ","N","Unity","","Combined Elementary/Secondary School Type/ Prek-12","0",0,"--                            ",0,"--                            ",0,"--                            ",0,"--                            ",0,"--                            ",0,"--                            ",0,"--                            "
"2000","32998","11","0238","","03","Summary   ","N","Unity","","Grades PreK-12","1179",587,"49.787900                     ",592,"50.212000                     ",77,"6.530900                      ",1,"0.084800                      ",2,"0.169600                      ",9,"0.763300                      ",1090,"92.451200                     "
"2000","31549","11","0238","0060","04","Elem      ","N","Unity","Unity El","Grades PreK-12","537",266,"49.534400                     ",271,"50.465500                     ",40,"7.448700                      ",1,"0.186200                      ",2,"0.372400                      ",4,"0.744800                      ",490,"91.247600                     "
"2000","31550","11","0238","0100","04","High      ","N","Unity","Unity Hi","Grades PreK-12","394",190,"48.223300                     ",204,"51.776600                     ",20,"5.076100                      ",0,"0.000000                      ",0,"0.000000                      ",3,"0.761400                      ",371,"94.162400                     "
"2000","31551","11","0238","0120","04","Mid/Jr Hi ","N","Unity","Unity Mid","Grades PreK-12","248",131,"52.822500                     ",117,"47.177400                     ",17,"6.854800                      ",0,"0.000000                      ",0,"0.000000                      ",2,"0.806400                      ",229,"92.338700                     "
"2000","32999","11","0308","","03","Elem      ","N","Barron Area","","Elementary School Type/ Prek-12","650",305,"46.923000                     ",345,"53.076900                     ",4,"0.615300                      ",4,"0.615300                      ",4,"0.615300                      ",13,"2.000000                      ",625,"96.153800                     "
"2000","32999","11","0308","","03","Mid/Jr Hi ","N","Barron Area","","Middle/Junior High School Type/ Prek-12","367",174,"47.411400                     ",193,"52.588500                     ",2,"0.544900                      ",7,"1.907300                      ",2,"0.544900                      ",3,"0.817400                      ",353,"96.185200                     "
"2000","32999","11","0308","","03","High      ","N","Barron Area","","High School Type/ PreK-12","547",263,"48.080400                     ",284,"51.919500                     ",7,"1.279700                      ",5,"0.914000                      ",1,"0.182800                      ",12,"2.193700                      ",522,"95.429600                     "
"2000","32999","11","0308","","03","El/Sec    ","N","Barron Area","","Combined Elementary/Secondary School Type/ Prek-12","0",0,"--                            ",0,"--                            ",0,"--                            ",0,"--                            ",0,"--                            ",0,"--                            ",0,"--                            "
"2000","32999","11","0308","","03","Summary   ","N","Barron Area","","Grades PreK-12","1564",742,"47.442400                     ",822,"52.557500                     ",13,"0.831200                      ",16,"1.023000                      ",7,"0.447500                      ",28,"1.790200                      ",1500,"95.907900                     "
"2000","32615","11","0308","0020","04","Elem      ","N","Barron Area","Almena El","Grades PreK-12","100",41,"41.000000                     ",59,"59.000000                     ",1,"1.000000                      ",0,"0.000000                      ",2,"2.000000                      ",8,"8.000000                      ",89,"89.000000                     "
"2000","31552","11","0308","0030","04","High      ","N","Barron Area","Barron Hi","Grades PreK-12","547",263,"48.080400                     ",284,"51.919500                     ",7,"1.279700                      ",5,"0.914000                      ",1,"0.182800                      ",12,"2.193700                      ",522,"95.429600                     "
"2000","32568","11","0308","0080","04","Elem      ","N","Barron Area","Dallas Early Learning Center","Grades PreK-12","14",5,"35.714200                     ",9,"64.285700                     ",0,"0.000000                      ",0,"0.000000                      ",0,"0.000000                      ",0,"0.000000                      ",14,"100.000000                    "
"2000","32597","11","0308","0120","04","Elem      ","N","Barron Area","Ridgeland El","Grades PreK-12","89",49,"55.056100                     ",40,"44.943800                     ",2,"2.247100                      ",1,"1.123500                      ",0,"0.000000                      ",0,"0.000000                      ",86,"96.629200                     "
"2000","31553","11","0308","0140","04","Mid/Jr Hi ","N","Barron Area","Riverview Mid","Grades PreK-12","367",174,"47.411400                     ",193,"52.588500                     ",2,"0.544900                      ",7,"1.907300                      ",2,"0.544900                      ",3,"0.817400                      ",353,"96.185200                     "
"2000","31554","11","0308","0160","04","Elem      ","N","Barron Area","Woodland El","Grades PreK-12","447",210,"46.979800                     ",237,"53.020100                     ",1,"0.223700                      ",3,"0.671100                      ",2,"0.447400                      ",5,"1.118500                      ",436,"97.539100                     "
"2000","33001","11","0441","","03","Elem      ","N","Birchwood","","Elementary School Type/ Prek-12","235",110,"46.808500                     ",125,"53.191400                     ",4,"1.702100                      ",0,"0.000000                      ",1,"0.425500                      ",4,"1.702100                      ",226,"96.170200                     "
"2000","33001","11","0441","","03","Mid/Jr Hi ","N","Birchwood","","Middle/Junior High School Type/ Prek-12","0",0,"--                            ",0,"--                            ",0,"--                            ",0,"--                            ",0,"--                            ",0,"--                            ",0,"--                            "
"2000","33001","11","0441","","03","High      ","N","Birchwood","","High School Type/ PreK-12","114",50,"43.859600                     ",64,"56.140300                     ",2,"1.754300                      ",1,"0.877100                      ",0,"0.000000                      ",1,"0.877100                      ",110,"96.491200                     "
"2000","33001","11","0441","","03","El/Sec    ","N","Birchwood","","Combined Elementary/Secondary School Type/ Prek-12","0",0,"--                            ",0,"--                            ",0,"--                            ",0,"--                            ",0,"--                            ",0,"--                            ",0,"--                            "
"2000","33001","11","0441","","03","Summary   ","N","Birchwood","","Grades PreK-12","349",160,"45.845200                     ",189,"54.154700                     ",6,"1.719100                      ",1,"0.286500                      ",1,"0.286500                      ",5,"1.432600                      ",336,"96.275000                     "
"2000","31558","11","0441","0020","04","Elem      ","N","Birchwood","Birchwood El","Grades PreK-12","235",110,"46.808500                     ",125,"53.191400                     ",4,"1.702100                      ",0,"0.000000                      ",1,"0.425500                      ",4,"1.702100                      ",226,"96.170200                     "
"2000","31559","11","0441","0040","04","High      ","N","Birchwood","Birchwood Hi","Grades PreK-12","114",50,"43.859600                     ",64,"56.140300                     ",2,"1.754300                      ",1,"0.877100                      ",0,"0.000000                      ",1,"0.877100                      ",110,"96.491200                     "
"2000","32988","11","0637","","03","Elem      ","N","Boyceville Community","","Elementary School Type/ Prek-12","499",259,"51.903800                     ",240,"48.096100                     ",1,"0.200400                      ",1,"0.200400                      ",0,"0.000000                      ",1,"0.200400                      ",496,"99.398700                     "
"2000","32988","11","0637","","03","Mid/Jr Hi ","N","Boyceville Community","","Middle/Junior High School Type/ Prek-12","0",0,"--                            ",0,"--                            ",0,"--                            ",0,"--                            ",0,"--                            ",0,"--                            ",0,"--                            "
"2000","32988","11","0637","","03","High      ","N","Boyceville Community","","High School Type/ PreK-12","457",228,"49.890500                     ",229,"50.109400                     ",1,"0.218800                      ",1,"0.218800                      ",1,"0.218800                      ",4,"0.875200                      ",450,"98.468200                     "
"2000","32988","11","0637","","03","El/Sec    ","N","Boyceville Community","","Combined Elementary/Secondary School Type/ Prek-12","0",0,"--                            ",0,"--                            ",0,"--                            ",0,"--                            ",0,"--                            ",0,"--                            ",0,"--                            "
"2000","32988","11","0637","","03","Summary   ","N","Boyceville Community","","Grades PreK-12","956",487,"50.941400                     ",469,"49.058500                     ",2,"0.209200                      ",2,"0.209200                      ",1,"0.104600                      ",5,"0.523000                      ",946,"98.953900                     "
"2000","31514","11","0637","0020","04","Elem      ","N","Boyceville Community","Tiffany Creek El","Grades PreK-12","499",259,"51.903800                     ",240,"48.096100                     ",1,"0.200400                      ",1,"0.200400                      ",0,"0.000000                      ",1,"0.200400                      ",496,"99.398700                     "
"2000","31515","11","0637","0040","04","High      ","N","Boyceville Community","Boyceville Hi","Grades PreK-12","457",228,"49.890500                     ",229,"50.109400                     ",1,"0.218800                      ",1,"0.218800                      ",1,"0.218800                      ",4,"0.875200                      ",450,"98.468200                     "
"2000","33003","11","0903","","03","Elem      ","N","Cameron","","Elementary School Type/ Prek-12","433",212,"48.960700                     ",221,"51.039200                     ",1,"0.230900                      ",2,"0.461800                      ",2,"0.461800                      ",3,"0.692800                      ",425,"98.152400                     "
"2000","33003","11","0903","","03","Mid/Jr Hi ","N","Cameron","","Middle/Junior High School Type/ Prek-12","0",0,"--                            ",0,"--                            ",0,"--                            ",0,"--                            ",0,"--                            ",0,"--                            ",0,"--                            "
"2000","33003","11","0903","","03","High      ","N","Cameron","","High School Type/ PreK-12","427",195,"45.667400                     ",232,"54.332500                     ",3,"0.702500                      ",3,"0.702500                      ",0,"0.000000                      ",4,"0.936700                      ",417,"97.658000                     "
"2000","33003","11","0903","","03","El/Sec    ","N","Cameron","","Combined Elementary/Secondary School Type/ Prek-12","0",0,"--                            ",0,"--                            ",0,"--                            ",0,"--                            ",0,"--                            ",0,"--                            ",0,"--                            "
"2000","33003","11","0903","","03","Summary   ","N","Cameron","","Grades PreK-12","860",407,"47.325500                     ",453,"52.674400                     ",4,"0.465100                      ",5,"0.581300                      ",2,"0.232500                      ",7,"0.813900                      ",842,"97.906900                     "
"2000","31562","11","0903","0020","04","Elem      ","N","Cameron","Cameron El","Grades PreK-12","433",212,"48.960700                     ",221,"51.039200                     ",1,"0.230900                      ",2,"0.461800                      ",2,"0.461800                      ",3,"0.692800                      ",425,"98.152400                     "
"2000","31563","11","0903","0040","04","High      ","N","Cameron","Cameron Hi","Grades PreK-12","427",195,"45.667400                     ",232,"54.332500                     ",3,"0.702500                      ",3,"0.702500                      ",0,"0.000000                      ",4,"0.936700                      ",417,"97.658000                     "
"2000","32990","11","1078","","03","Elem      ","N","Chetek","","Elementary School Type/ Prek-12","455",220,"48.351600                     ",235,"51.648300                     ",0,"0.000000                      ",13,"2.857100                      ",6,"1.318600                      ",8,"1.758200                      ",428,"94.065900                     "
"2000","32990","11","1078","","03","Mid/Jr Hi ","N","Chetek","","Middle/Junior High School Type/ Prek-12","270",122,"45.185100                     ",148,"54.814800                     ",0,"0.000000                      ",5,"1.851800                      ",0,"0.000000                      ",1,"0.370300                      ",264,"97.777700                     "
"2000","32990","11","1078","","03","High      ","N","Chetek","","High School Type/ PreK-12","367",180,"49.046300                     ",187,"50.953600                     ",2,"0.544900                      ",3,"0.817400                      ",3,"0.817400                      ",2,"0.544900                      ",357,"97.275200                     "
"2000","32990","11","1078","","03","El/Sec    ","N","Chetek","","Combined Elementary/Secondary School Type/ Prek-12","0",0,"--                            ",0,"--                            ",0,"--                            ",0,"--                            ",0,"--                            ",0,"--                            ",0,"--                            "
"2000","32990","11","1078","","03","Summary   ","N","Chetek","","Grades PreK-12","1092",522,"47.802100                     ",570,"52.197800                     ",2,"0.183100                      ",21,"1.923000                      ",9,"0.824100                      ",11,"1.007300                      ",1049,"96.062200                     "
"2000","31520","11","1078","0040","04","High      ","N","Chetek","Chetek Hi","Grades PreK-12","367",180,"49.046300                     ",187,"50.953600                     ",2,"0.544900                      ",3,"0.817400                      ",3,"0.817400                      ",2,"0.544900                      ",357,"97.275200                     "
"2000","31521","11","1078","0060","04","Mid/Jr Hi ","N","Chetek","Chetek Mid","Grades PreK-12","270",122,"45.185100                     ",148,"54.814800                     ",0,"0.000000                      ",5,"1.851800                      ",0,"0.000000                      ",1,"0.370300                      ",264,"97.777700                     "
"2000","31522","11","1078","0080","04","Elem      ","N","Chetek","Roselawn El","Grades PreK-12","455",220,"48.351600                     ",235,"51.648300                     ",0,"0.000000                      ",13,"2.857100                      ",6,"1.318600                      ",8,"1.758200                      ",428,"94.065900                     "
"2000","32932","11","1120","","03","Elem      ","N","Clayton","","Elementary School Type/ Prek-12","208",110,"52.884600                     ",98,"47.115300                     ",2,"0.961500                      ",1,"0.480700                      ",0,"0.000000                      ",0,"0.000000                      ",205,"98.557600                     "
"2000","32932","11","1120","","03","Mid/Jr Hi ","N","Clayton","","Middle/Junior High School Type/ Prek-12","82",42,"51.219500                     ",40,"48.780400                     ",1,"1.219500                      ",0,"0.000000                      ",0,"0.000000                      ",0,"0.000000                      ",81,"98.780400                     "
"2000","32932","11","1120","","03","High      ","N","Clayton","","High School Type/ PreK-12","123",49,"39.837300                     ",74,"60.162600                     ",1,"0.813000                      ",0,"0.000000                      ",0,"0.000000                      ",0,"0.000000                      ",122,"99.186900                     "
"2000","32932","11","1120","","03","El/Sec    ","N","Clayton","","Combined Elementary/Secondary School Type/ Prek-12","0",0,"--                            ",0,"--                            ",0,"--                            ",0,"--                            ",0,"--                            ",0,"--                            ",0,"--                            "
"2000","32932","11","1120","","03","Summary   ","N","Clayton","","Grades PreK-12","413",201,"48.668200                     ",212,"51.331700                     ",4,"0.968500                      ",1,"0.242100                      ",0,"0.000000                      ",0,"0.000000                      ",408,"98.789300                     "
"2000","31287","11","1120","0020","04","Elem      ","N","Clayton","Clayton El","Grades PreK-12","208",110,"52.884600                     ",98,"47.115300                     ",2,"0.961500                      ",1,"0.480700                      ",0,"0.000000                      ",0,"0.000000                      ",205,"98.557600                     "
"2000","31288","11","1120","0040","04","High      ","N","Clayton","Clayton Hi","Grades PreK-12","123",49,"39.837300                     ",74,"60.162600                     ",1,"0.813000                      ",0,"0.000000                      ",0,"0.000000                      ",0,"0.000000                      ",122,"99.186900                     "
"2000","31289","11","1120","0060","04","Mid/Jr Hi ","N","Clayton","Clayton Mid","Grades PreK-12","82",42,"51.219500                     ",40,"48.780400                     ",1,"1.219500                      ",0,"0.000000                      ",0,"0.000000                      ",0,"0.000000                      ",81,"98.780400                     "
"2000","32933","11","1127","","03","Elem      ","N","Clear Lake","","Elementary School Type/ Prek-12","350",172,"49.142800                     ",178,"50.857100                     ",2,"0.571400                      ",0,"0.000000                      ",0,"0.000000                      ",5,"1.428500                      ",343,"98.000000                     "
"2000","32933","11","1127","","03","Mid/Jr Hi ","N","Clear Lake","","Middle/Junior High School Type/ Prek-12","107",54,"50.467200                     ",53,"49.532700                     ",2,"1.869100                      ",0,"0.000000                      ",0,"0.000000                      ",4,"3.738300                      ",101,"94.392500                     "
"2000","32933","11","1127","","03","High      ","N","Clear Lake","","High School Type/ PreK-12","248",132,"53.225800                     ",116,"46.774100                     ",3,"1.209600                      ",1,"0.403200                      ",3,"1.209600                      ",4,"1.612900                      ",237,"95.564500                     "
"2000","32933","11","1127","","03","El/Sec    ","N","Clear Lake","","Combined Elementary/Secondary School Type/ Prek-12","0",0,"--                            ",0,"--                            ",0,"--                            ",0,"--                            ",0,"--                            ",0,"--                            ",0,"--                            "
"2000","32933","11","1127","","03","Summary   ","N","Clear Lake","","Grades PreK-12","705",358,"50.780100                     ",347,"49.219800                     ",7,"0.992900                      ",1,"0.141800                      ",3,"0.425500                      ",13,"1.843900                      ",681,"96.595700                     "
"2000","31290","11","1127","0020","04","Elem      ","N","Clear Lake","Gaylord A Nelson Educ Center","Grades PreK-12","350",172,"49.142800                     ",178,"50.857100                     ",2,"0.571400                      ",0,"0.000000                      ",0,"0.000000                      ",5,"1.428500                      ",343,"98.000000                     "
"2000","31291","11","1127","0040","04","High      ","N","Clear Lake","Clear Lake Hi","Grades PreK-12","248",132,"53.225800                     ",116,"46.774100                     ",3,"1.209600                      ",1,"0.403200                      ",3,"1.209600                      ",4,"1.612900                      ",237,"95.564500                     "
"2000","31292","11","1127","0060","04","Mid/Jr Hi ","N","Clear Lake","Clear Lake Jr","Grades PreK-12","107",54,"50.467200                     ",53,"49.532700                     ",2,"1.869100                      ",0,"0.000000                      ",0,"0.000000                      ",4,"3.738300                      ",101,"94.392500                     "
"2000","33210","11","1176","","03","Elem      ","N","Colfax","","Elementary School Type/ Prek-12","594",309,"52.020200                     ",285,"47.979700                     ",7,"1.178400                      ",8,"1.346800                      ",1,"0.168300                      ",7,"1.178400                      ",571,"96.127900                     "
"2000","33210","11","1176","","03","Mid/Jr Hi ","N","Colfax","","Middle/Junior High School Type/ Prek-12","0",0,"--                            ",0,"--                            ",0,"--                            ",0,"--                            ",0,"--                            ",0,"--                            ",0,"--                            "
"2000","33210","11","1176","","03","High      ","N","Colfax","","High School Type/ PreK-12","312",157,"50.320500                     ",155,"49.679400                     ",3,"0.961500                      ",1,"0.320500                      ",0,"0.000000                      ",1,"0.320500                      ",307,"98.397400                     "
"2000","33210","11","1176","","03","El/Sec    ","N","Colfax","","Combined Elementary/Secondary School Type/ Prek-12","0",0,"--                            ",0,"--                            ",0,"--                            ",0,"--                            ",0,"--                            ",0,"--                            ",0,"--                            "
"2000","33210","11","1176","","03","Summary   ","N","Colfax","","Grades PreK-12","906",466,"51.434800                     ",440,"48.565100                     ",10,"1.103700                      ",9,"0.993300                      ",1,"0.110300                      ",8,"0.883000                      ",878,"96.909400                     "
"2000","32564","11","1176","0020","04","Elem      ","N","Colfax","Colfax El","Grades PreK-12","594",309,"52.020200                     ",285,"47.979700                     ",7,"1.178400                      ",8,"1.346800                      ",1,"0.168300                      ",7,"1.178400                      ",571,"96.127900                     "
"2000","32565","11","1176","0040","04","High      ","N","Colfax","Colfax Hi","Grades PreK-12","289",147,"50.865000                     ",142,"49.134900                     ",3,"1.038000                      ",1,"0.346000                      ",0,"0.000000                      ",1,"0.346000                      ",284,"98.269800                     "
"2000","33828","11","1176","0400","04","High      ","Y","Colfax","Academic Center","Grades PreK-12","23",10,"43.478200                     ",13,"56.521700                     ",0,"0.000000                      ",0,"0.000000                      ",0,"0.000000                      ",0,"0.000000                      ",23,"100.000000                    "
"2000","33227","11","1260","","03","Elem      ","N","Cumberland","","Elementary School Type/ Prek-12","415",186,"44.819200                     ",229,"55.180700                     ",17,"4.096300                      ",0,"0.000000                      ",3,"0.722800                      ",14,"3.373400                      ",381,"91.807200                     "
"2000","33227","11","1260","","03","Mid/Jr Hi ","N","Cumberland","","Middle/Junior High School Type/ Prek-12","364",156,"42.857100                     ",208,"57.142800                     ",17,"4.670300                      ",3,"0.824100                      ",3,"0.824100                      ",9,"2.472500                      ",332,"91.208700                     "
"2000","33227","11","1260","","03","High      ","N","Cumberland","","High School Type/ PreK-12","402",181,"45.024800                     ",221,"54.975100                     ",13,"3.233800                      ",2,"0.497500                      ",0,"0.000000                      ",3,"0.746200                      ",384,"95.522300                     "
"2000","33227","11","1260","","03","El/Sec    ","N","Cumberland","","Combined Elementary/Secondary School Type/ Prek-12","0",0,"--                            ",0,"--                            ",0,"--                            ",0,"--                            ",0,"--                            ",0,"--                            ",0,"--                            "
"2000","33227","11","1260","","03","Summary   ","N","Cumberland","","Grades PreK-12","1181",523,"44.284500                     ",658,"55.715400                     ",47,"3.979600                      ",5,"0.423300                      ",6,"0.508000                      ",26,"2.201500                      ",1097,"92.887300                     "
"2000","31564","11","1260","0040","04","Elem      ","N","Cumberland","Cumberland El","Grades PreK-12","415",186,"44.819200                     ",229,"55.180700                     ",17,"4.096300                      ",0,"0.000000                      ",3,"0.722800                      ",14,"3.373400                      ",381,"91.807200                     "
"2000","31565","11","1260","0050","04","Mid/Jr Hi ","N","Cumberland","Cumberland Mid","Grades PreK-12","364",156,"42.857100                     ",208,"57.142800                     ",17,"4.670300                      ",3,"0.824100                      ",3,"0.824100                      ",9,"2.472500                      ",332,"91.208700                     "
"2000","32621","11","1260","0060","04","High      ","N","Cumberland","Cumberland Hi","Grades PreK-12","402",181,"45.024800                     ",221,"54.975100                     ",13,"3.233800                      ",2,"0.497500                      ",0,"0.000000                      ",3,"0.746200                      ",384,"95.522300                     "
"2000","33212","11","1499","","03","Elem      ","N","Durand","","Elementary School Type/ Prek-12","398",174,"43.718500                     ",224,"56.281400                     ",0,"0.000000                      ",2,"0.502500                      ",0,"0.000000                      ",0,"0.000000                      ",396,"99.497400                     "
"2000","33212","11","1499","","03","Mid/Jr Hi ","N","Durand","","Middle/Junior High School Type/ Prek-12","322",168,"52.173900                     ",154,"47.826000                     ",0,"0.000000                      ",2,"0.621100                      ",1,"0.310500                      ",0,"0.000000                      ",319,"99.068300                     "
"2000","33212","11","1499","","03","High      ","N","Durand","","High School Type/ PreK-12","549",278,"50.637500                     ",271,"49.362400                     ",0,"0.000000                      ",3,"0.546400                      ",1,"0.182100                      ",1,"0.182100                      ",544,"99.089200                     "
"2000","33212","11","1499","","03","El/Sec    ","N","Durand","","Combined Elementary/Secondary School Type/ Prek-12","0",0,"--                            ",0,"--                            ",0,"--                            ",0,"--                            ",0,"--                            ",0,"--                            ",0,"--                            "
"2000","33212","11","1499","","03","Summary   ","N","Durand","","Grades PreK-12","1269",620,"48.857300                     ",649,"51.142600                     ",0,"0.000000                      ",7,"0.551600                      ",2,"0.157600                      ",1,"0.078800                      ",1259,"99.211900                     "
"2000","32570","11","1499","0020","04","Elem      ","N","Durand","Caddie Woodlawn El","Grades PreK-12","398",174,"43.718500                     ",224,"56.281400                     ",0,"0.000000                      ",2,"0.502500                      ",0,"0.000000                      ",0,"0.000000                      ",396,"99.497400                     "
"2000","32571","11","1499","0040","04","High      ","N","Durand","Durand Hi","Grades PreK-12","549",278,"50.637500                     ",271,"49.362400                     ",0,"0.000000                      ",3,"0.546400                      ",1,"0.182100                      ",1,"0.182100                      ",544,"99.089200                     "
"2000","32558","11","1499","0060","04","Mid/Jr Hi ","N","Durand","Arkansaw Mid","Grades PreK-12","322",168,"52.173900                     ",154,"47.826000                     ",0,"0.000000                      ",2,"0.621100                      ",1,"0.310500                      ",0,"0.000000                      ",319,"99.068300                     "
"2000","33213","11","1645","","03","Elem      ","N","Elk Mound Area","","Elementary School Type/ Prek-12","369",169,"45.799400                     ",200,"54.200500                     ",7,"1.897000                      ",9,"2.439000                      ",1,"0.271000                      ",3,"0.813000                      ",349,"94.579900                     "
"2000","33213","11","1645","","03","Mid/Jr Hi ","N","Elk Mound Area","","Middle/Junior High School Type/ Prek-12","185",95,"51.351300                     ",90,"48.648600                     ",0,"0.000000                      ",5,"2.702700                      ",0,"0.000000                      ",4,"2.162100                      ",176,"95.135100                     "
"2000","33213","11","1645","","03","High      ","N","Elk Mound Area","","High School Type/ PreK-12","275",128,"46.545400                     ",147,"53.454500                     ",2,"0.727200                      ",10,"3.636300                      ",0,"0.000000                      ",0,"0.000000                      ",263,"95.636300                     "
"2000","33213","11","1645","","03","El/Sec    ","N","Elk Mound Area","","Combined Elementary/Secondary School Type/ Prek-12","0",0,"--                            ",0,"--                            ",0,"--                            ",0,"--                            ",0,"--                            ",0,"--                            ",0,"--                            "
"2000","33213","11","1645","","03","Summary   ","N","Elk Mound Area","","Grades PreK-12","829",392,"47.285800                     ",437,"52.714100                     ",9,"1.085600                      ",24,"2.895000                      ",1,"0.120600                      ",7,"0.844300                      ",788,"95.054200                     "
"2000","32574","11","1645","0020","04","Mid/Jr Hi ","N","Elk Mound Area","Elk Mound Mid","Grades PreK-12","185",95,"51.351300                     ",90,"48.648600                     ",0,"0.000000                      ",5,"2.702700                      ",0,"0.000000                      ",4,"2.162100                      ",176,"95.135100                     "
"2000","32575","11","1645","0040","04","High      ","N","Elk Mound Area","Elk Mound Hi","Grades PreK-12","275",128,"46.545400                     ",147,"53.454500                     ",2,"0.727200                      ",10,"3.636300                      ",0,"0.000000                      ",0,"0.000000                      ",263,"95.636300                     "
"2000","32576","11","1645","0060","04","Elem      ","N","Elk Mound Area","Mound View El","Grades PreK-12","369",169,"45.799400                     ",200,"54.200500                     ",7,"1.897000                      ",9,"2.439000                      ",1,"0.271000                      ",3,"0.813000                      ",349,"94.579900                     "
"2000","33122","11","1659","","03","Elem      ","N","Ellsworth Community","","Elementary School Type/ Prek-12","734",333,"45.367800                     ",401,"54.632100                     ",4,"0.544900                      ",9,"1.226100                      ",1,"0.136200                      ",14,"1.907300                      ",706,"96.185200                     "
"2000","33122","11","1659","","03","Mid/Jr Hi ","N","Ellsworth Community","","Middle/Junior High School Type/ Prek-12","457",209,"45.733000                     ",248,"54.266900                     ",9,"1.969300                      ",5,"1.094000                      ",1,"0.218800                      ",5,"1.094000                      ",437,"95.623600                     "
"2000","33122","11","1659","","03","High      ","N","Ellsworth Community","","High School Type/ PreK-12","717",331,"46.164500                     ",386,"53.835400                     ",5,"0.697300                      ",5,"0.697300                      ",1,"0.139400                      ",8,"1.115700                      ",698,"97.350000                     "
"2000","33122","11","1659","","03","El/Sec    ","N","Ellsworth Community","","Combined Elementary/Secondary School Type/ Prek-12","0",0,"--                            ",0,"--                            ",0,"--                            ",0,"--                            ",0,"--                            ",0,"--                            ",0,"--                            "
"2000","33122","11","1659","","03","Summary   ","N","Ellsworth Community","","Grades PreK-12","1908",873,"45.754700                     ",1035,"54.245200                     ",18,"0.943300                      ",19,"0.995800                      ",3,"0.157200                      ",27,"1.415000                      ",1841,"96.488400                     "
"2000","31294","11","1659","0020","04","Mid/Jr Hi ","N","Ellsworth Community","Ellsworth Mid","Grades PreK-12","457",209,"45.733000                     ",248,"54.266900                     ",9,"1.969300                      ",5,"1.094000                      ",1,"0.218800                      ",5,"1.094000                      ",437,"95.623600                     "
"2000","31295","11","1659","0040","04","High      ","N","Ellsworth Community","Ellsworth Hi","Grades PreK-12","717",331,"46.164500                     ",386,"53.835400                     ",5,"0.697300                      ",5,"0.697300                      ",1,"0.139400                      ",8,"1.115700                      ",698,"97.350000                     "
"2000","31296","11","1659","0060","04","Elem      ","N","Ellsworth Community","Hillcrest El","Grades PreK-12","302",131,"43.377400                     ",171,"56.622500                     ",2,"0.662200                      ",3,"0.993300                      ",0,"0.000000                      ",4,"1.324500                      ",293,"97.019800                     "
"2000","32199","11","1659","0080","04","Elem      ","N","Ellsworth Community","Lindgren El","Grades PreK-12","104",52,"50.000000                     ",52,"50.000000                     ",0,"0.000000                      ",1,"0.961500                      ",0,"0.000000                      ",0,"0.000000                      ",103,"99.038400                     "
"2000","32200","11","1659","0120","04","Elem      ","N","Ellsworth Community","Prairie View El","Grades PreK-12","207",88,"42.512000                     ",119,"57.487900                     ",2,"0.966100                      ",4,"1.932300                      ",0,"0.000000                      ",7,"3.381600                      ",194,"93.719800                     "
"2000","31297","11","1659","0140","04","Elem      ","N","Ellsworth Community","Sunnyside El","Grades PreK-12","121",62,"51.239600                     ",59,"48.760300                     ",0,"0.000000                      ",1,"0.826400                      ",1,"0.826400                      ",3,"2.479300                      ",116,"95.867700                     "
"2000","33214","11","1666","","03","Elem      ","N","Elmwood","","Elementary School Type/ Prek-12","204",102,"50.000000                     ",102,"50.000000                     ",0,"0.000000                      ",0,"0.000000                      ",0,"0.000000                      ",0,"0.000000                      ",204,"100.000000                    "
"2000","33214","11","1666","","03","Mid/Jr Hi ","N","Elmwood","","Middle/Junior High School Type/ Prek-12","62",32,"51.612900                     ",30,"48.387000                     ",0,"0.000000                      ",0,"0.000000                      ",0,"0.000000                      ",0,"0.000000                      ",62,"100.000000                    "
"2000","33214","11","1666","","03","High      ","N","Elmwood","","High School Type/ PreK-12","141",70,"49.645300                     ",71,"50.354600                     ",0,"0.000000                      ",0,"0.000000                      ",0,"0.000000                      ",0,"0.000000                      ",141,"100.000000                    "
"2000","33214","11","1666","","03","El/Sec    ","N","Elmwood","","Combined Elementary/Secondary School Type/ Prek-12","0",0,"--                            ",0,"--                            ",0,"--                            ",0,"--                            ",0,"--                            ",0,"--                            ",0,"--                            "
"2000","33214","11","1666","","03","Summary   ","N","Elmwood","","Grades PreK-12","407",204,"50.122800                     ",203,"49.877100                     ",0,"0.000000                      ",0,"0.000000                      ",0,"0.000000                      ",0,"0.000000                      ",407,"100.000000                    "
"2000","32577","11","1666","0020","04","Elem      ","N","Elmwood","Elmwood El","Grades PreK-12","204",102,"50.000000                     ",102,"50.000000                     ",0,"0.000000                      ",0,"0.000000                      ",0,"0.000000                      ",0,"0.000000                      ",204,"100.000000                    "
"2000","32578","11","1666","0030","04","Mid/Jr Hi ","N","Elmwood","Elmwood Mid","Grades PreK-12","62",32,"51.612900                     ",30,"48.387000                     ",0,"0.000000                      ",0,"0.000000                      ",0,"0.000000                      ",0,"0.000000                      ",62,"100.000000                    "
"2000","32579","11","1666","0040","04","High      ","N","Elmwood","Elmwood Hi","Grades PreK-12","141",70,"49.645300                     ",71,"50.354600                     ",0,"0.000000                      ",0,"0.000000                      ",0,"0.000000                      ",0,"0.000000                      ",141,"100.000000                    "
"2000","33229","11","1939","","03","Elem      ","N","Frederic","","Elementary School Type/ Prek-12","293",127,"43.344700                     ",166,"56.655200                     ",12,"4.095500                      ",6,"2.047700                      ",2,"0.682500                      ",0,"0.000000                      ",273,"93.174000                     "
"2000","33229","11","1939","","03","Mid/Jr Hi ","N","Frederic","","Middle/Junior High School Type/ Prek-12","0",0,"--                            ",0,"--                            ",0,"--                            ",0,"--                            ",0,"--                            ",0,"--                            ",0,"--                            "
"2000","33229","11","1939","","03","High      ","N","Frederic","","High School Type/ PreK-12","342",178,"52.046700                     ",164,"47.953200                     ",11,"3.216300                      ",2,"0.584700                      ",2,"0.584700                      ",3,"0.877100                      ",324,"94.736800                     "
"2000","33229","11","1939","","03","El/Sec    ","N","Frederic","","Combined Elementary/Secondary School Type/ Prek-12","0",0,"--                            ",0,"--                            ",0,"--                            ",0,"--                            ",0,"--                            ",0,"--                            ",0,"--                            "
"2000","33229","11","1939","","03","Summary   ","N","Frederic","","Grades PreK-12","635",305,"48.031400                     ",330,"51.968500                     ",23,"3.622000                      ",8,"1.259800                      ",4,"0.629900                      ",3,"0.472400                      ",597,"94.015700                     "
"2000","32626","11","1939","0020","04","Elem      ","N","Frederic","Frederic El","Grades PreK-12","293",127,"43.344700                     ",166,"56.655200                     ",12,"4.095500                      ",6,"2.047700                      ",2,"0.682500                      ",0,"0.000000                      ",273,"93.174000                     "
"2000","32627","11","1939","0040","04","High      ","N","Frederic","Frederic 6-12 Sch","Grades PreK-12","342",178,"52.046700                     ",164,"47.953200                     ",11,"3.216300                      ",2,"0.584700                      ",2,"0.584700                      ",3,"0.877100                      ",324,"94.736800                     "
"2000","33123","11","2198","","03","Elem      ","N","Glenwood City","","Elementary School Type/ Prek-12","455",214,"47.032900                     ",241,"52.967000                     ",0,"0.000000                      ",6,"1.318600                      ",0,"0.000000                      ",2,"0.439500                      ",447,"98.241700                     "
"2000","33123","11","2198","","03","Mid/Jr Hi ","N","Glenwood City","","Middle/Junior High School Type/ Prek-12","128",51,"39.843700                     ",77,"60.156200                     ",0,"0.000000                      ",3,"2.343700                      ",2,"1.562500                      ",1,"0.781200                      ",122,"95.312500                     "
"2000","33123","11","2198","","03","High      ","N","Glenwood City","","High School Type/ PreK-12","296",153,"51.689100                     ",143,"48.310800                     ",0,"0.000000                      ",11,"3.716200                      ",0,"0.000000                      ",1,"0.337800                      ",284,"95.945900                     "
"2000","33123","11","2198","","03","El/Sec    ","N","Glenwood City","","Combined Elementary/Secondary School Type/ Prek-12","0",0,"--                            ",0,"--                            ",0,"--                            ",0,"--                            ",0,"--                            ",0,"--                            ",0,"--                            "
"2000","33123","11","2198","","03","Summary   ","N","Glenwood City","","Grades PreK-12","879",418,"47.554000                     ",461,"52.445900                     ",0,"0.000000                      ",20,"2.275300                      ",2,"0.227500                      ",4,"0.455000                      ",853,"97.042000                     "
"2000","32195","11","2198","0060","04","Elem      ","N","Glenwood City","Glenwood City El","Grades PreK-12","365",172,"47.123200                     ",193,"52.876700                     ",0,"0.000000                      ",5,"1.369800                      ",0,"0.000000                      ",2,"0.547900                      ",358,"98.082100                     "
"2000","32196","11","2198","0080","04","High      ","N","Glenwood City","Glenwood City Hi","Grades PreK-12","296",153,"51.689100                     ",143,"48.310800                     ",0,"0.000000                      ",11,"3.716200                      ",0,"0.000000                      ",1,"0.337800                      ",284,"95.945900                     "
"2000","32197","11","2198","0100","04","Mid/Jr Hi ","N","Glenwood City","Glenwood City Jr","Grades PreK-12","128",51,"39.843700                     ",77,"60.156200                     ",0,"0.000000                      ",3,"2.343700                      ",2,"1.562500                      ",1,"0.781200                      ",122,"95.312500                     "
"2000","32198","11","2198","0120","04","Elem      ","N","Glenwood City","Saint John's El","Grades PreK-12","90",42,"46.666600                     ",48,"53.333300                     ",0,"0.000000                      ",1,"1.111100                      ",0,"0.000000                      ",0,"0.000000                      ",89,"98.888800                     "
"2000","33230","11","2233","","03","Elem      ","N","Grantsburg","","Elementary School Type/ Prek-12","261",121,"46.360100                     ",140,"53.639800                     ",9,"3.448200                      ",0,"0.000000                      ",3,"1.149400                      ",3,"1.149400                      ",246,"94.252800                     "
"2000","33230","11","2233","","03","Mid/Jr Hi ","N","Grantsburg","","Middle/Junior High School Type/ Prek-12","392",205,"52.295900                     ",187,"47.704000                     ",7,"1.785700                      ",2,"0.510200                      ",2,"0.510200                      ",3,"0.765300                      ",378,"96.428500                     "
"2000","33230","11","2233","","03","High      ","N","Grantsburg","","High School Type/ PreK-12","329",168,"51.063800                     ",161,"48.936100                     ",5,"1.519700                      ",1,"0.303900                      ",0,"0.000000                      ",2,"0.607900                      ",321,"97.568300                     "
"2000","33230","11","2233","","03","El/Sec    ","N","Grantsburg","","Combined Elementary/Secondary School Type/ Prek-12","0",0,"--                            ",0,"--                            ",0,"--                            ",0,"--                            ",0,"--                            ",0,"--                            ",0,"--                            "
"2000","33230","11","2233","","03","Summary   ","N","Grantsburg","","Grades PreK-12","982",494,"50.305400                     ",488,"49.694500                     ",21,"2.138400                      ",3,"0.305400                      ",5,"0.509100                      ",8,"0.814600                      ",945,"96.232100                     "
"2000","32628","11","2233","0060","04","Elem      ","N","Grantsburg","Grantsburg El","Grades PreK-12","188",85,"45.212700                     ",103,"54.787200                     ",8,"4.255300                      ",0,"0.000000                      ",2,"1.063800                      ",2,"1.063800                      ",176,"93.617000                     "
"2000","32629","11","2233","0080","04","High      ","N","Grantsburg","Grantsburg Hi","Grades PreK-12","329",168,"51.063800                     ",161,"48.936100                     ",5,"1.519700                      ",1,"0.303900                      ",0,"0.000000                      ",2,"0.607900                      ",321,"97.568300                     "
"2000","32630","11","2233","0100","04","Mid/Jr Hi ","N","Grantsburg","Grantsburg Mid","Grades PreK-12","392",205,"52.295900                     ",187,"47.704000                     ",7,"1.785700                      ",2,"0.510200                      ",2,"0.510200                      ",3,"0.765300                      ",378,"96.428500                     "
"2000","32631","11","2233","0120","04","Elem      ","N","Grantsburg","Nelson El","Grades PreK-12","73",36,"49.315000                     ",37,"50.684900                     ",1,"1.369800                      ",0,"0.000000                      ",1,"1.369800                      ",1,"1.369800                      ",70,"95.890400                     "
"2000","33124","11","2422","","03","Elem      ","N","Saint Croix Central","","Elementary School Type/ Prek-12","443",241,"54.401800                     ",202,"45.598100                     ",2,"0.451400                      ",3,"0.677200                      ",4,"0.902900                      ",8,"1.805800                      ",426,"96.162500                     "
"2000","33124","11","2422","","03","Mid/Jr Hi ","N","Saint Croix Central","","Middle/Junior High School Type/ Prek-12","230",108,"46.956500                     ",122,"53.043400                     ",0,"0.000000                      ",1,"0.434700                      ",0,"0.000000                      ",0,"0.000000                      ",229,"99.565200                     "
"2000","33124","11","2422","","03","High      ","N","Saint Croix Central","","High School Type/ PreK-12","349",160,"45.845200                     ",189,"54.154700                     ",3,"0.859500                      ",1,"0.286500                      ",1,"0.286500                      ",0,"0.000000                      ",344,"98.567300                     "
"2000","33124","11","2422","","03","El/Sec    ","N","Saint Croix Central","","Combined Elementary/Secondary School Type/ Prek-12","0",0,"--                            ",0,"--                            ",0,"--                            ",0,"--                            ",0,"--                            ",0,"--                            ",0,"--                            "
"2000","33124","11","2422","","03","Summary   ","N","Saint Croix Central","","Grades PreK-12","1022",509,"49.804300                     ",513,"50.195600                     ",5,"0.489200                      ",5,"0.489200                      ",5,"0.489200                      ",8,"0.782700                      ",999,"97.749500                     "
"2000","31304","11","2422","0040","04","Elem      ","N","Saint Croix Central","Saint Croix Central El","Grades PreK-12","443",241,"54.401800                     ",202,"45.598100                     ",2,"0.451400                      ",3,"0.677200                      ",4,"0.902900                      ",8,"1.805800                      ",426,"96.162500                     "
"2000","32201","11","2422","0060","04","High      ","N","Saint Croix Central","Saint Croix Hi","Grades PreK-12","349",160,"45.845200                     ",189,"54.154700                     ",3,"0.859500                      ",1,"0.286500                      ",1,"0.286500                      ",0,"0.000000                      ",344,"98.567300                     "
"2000","32202","11","2422","0080","04","Mid/Jr Hi ","N","Saint Croix Central","Saint Croix Middle","Grades PreK-12","230",108,"46.956500                     ",122,"53.043400                     ",0,"0.000000                      ",1,"0.434700                      ",0,"0.000000                      ",0,"0.000000                      ",229,"99.565200                     "
"2000","33125","11","2611","","03","Elem      ","N","Hudson","","Elementary School Type/ Prek-12","1796",870,"48.440900                     ",926,"51.559000                     ",11,"0.612400                      ",20,"1.113500                      ",11,"0.612400                      ",14,"0.779500                      ",1740,"96.881900                     "
"2000","33125","11","2611","","03","Mid/Jr Hi ","N","Hudson","","Middle/Junior High School Type/ Prek-12","932",446,"47.854000                     ",486,"52.145900                     ",2,"0.214500                      ",14,"1.502100                      ",8,"0.858300                      ",10,"1.072900                      ",898,"96.351900                     "
"2000","33125","11","2611","","03","High      ","N","Hudson","","High School Type/ PreK-12","1261",595,"47.184700                     ",666,"52.815200                     ",5,"0.396500                      ",10,"0.793000                      ",5,"0.396500                      ",8,"0.634400                      ",1233,"97.779500                     "
"2000","33125","11","2611","","03","El/Sec    ","N","Hudson","","Combined Elementary/Secondary School Type/ Prek-12","0",0,"--                            ",0,"--                            ",0,"--                            ",0,"--                            ",0,"--                            ",0,"--                            ",0,"--                            "
"2000","33125","11","2611","","03","Summary   ","N","Hudson","","Grades PreK-12","3989",1911,"47.906700                     ",2078,"52.093200                     ",18,"0.451200                      ",44,"1.103000                      ",24,"0.601600                      ",32,"0.802200                      ",3871,"97.041800                     "
"2000","32203","11","2611","0010","04","Elem      ","N","Hudson","Willow River El","Grades PreK-12","361",171,"47.368400                     ",190,"52.631500                     ",1,"0.277000                      ",10,"2.770000                      ",4,"1.108000                      ",4,"1.108000                      ",342,"94.736800                     "
"2000","31311","11","2611","0020","04","Elem      ","N","Hudson","Houlton El","Grades PreK-12","207",104,"50.241500                     ",103,"49.758400                     ",0,"0.000000                      ",4,"1.932300                      ",2,"0.966100                      ",3,"1.449200                      ",198,"95.652100                     "
"2000","32204","11","2611","0070","04","Mid/Jr Hi ","N","Hudson","Hudson Mid","Grades PreK-12","932",446,"47.854000                     ",486,"52.145900                     ",2,"0.214500                      ",14,"1.502100                      ",8,"0.858300                      ",10,"1.072900                      ",898,"96.351900                     "
"2000","32205","11","2611","0080","04","High      ","N","Hudson","Hudson Hi","Grades PreK-12","1261",595,"47.184700                     ",666,"52.815200                     ",5,"0.396500                      ",10,"0.793000                      ",5,"0.396500                      ",8,"0.634400                      ",1233,"97.779500                     "
"2000","32206","11","2611","0100","04","Elem      ","N","Hudson","North Hudson El","Grades PreK-12","358",176,"49.162000                     ",182,"50.837900                     ",2,"0.558600                      ",4,"1.117300                      ",3,"0.837900                      ",0,"0.000000                      ",349,"97.486000                     "
"2000","32207","11","2611","0120","04","Elem      ","N","Hudson","Rock El","Grades PreK-12","471",209,"44.373600                     ",262,"55.626300                     ",7,"1.486100                      ",1,"0.212300                      ",1,"0.212300                      ",4,"0.849200                      ",458,"97.239900                     "
"2000","32814","11","2611","0140","04","Elem      ","N","Hudson","Hudson Prairie El","Grades PreK-12","399",210,"52.631500                     ",189,"47.368400                     ",1,"0.250600                      ",1,"0.250600                      ",1,"0.250600                      ",3,"0.751800                      ",393,"98.496200                     "
"2000","33004","11","3213","","03","Elem      ","N","Luck","","Elementary School Type/ Prek-12","340",157,"46.176400                     ",183,"53.823500                     ",5,"1.470500                      ",2,"0.588200                      ",1,"0.294100                      ",6,"1.764700                      ",326,"95.882300                     "
"2000","33004","11","3213","","03","Mid/Jr Hi ","N","Luck","","Middle/Junior High School Type/ Prek-12","0",0,"--                            ",0,"--                            ",0,"--                            ",0,"--                            ",0,"--                            ",0,"--                            ",0,"--                            "
"2000","33004","11","3213","","03","High      ","N","Luck","","High School Type/ PreK-12","320",165,"51.562500                     ",155,"48.437500                     ",5,"1.562500                      ",4,"1.250000                      ",0,"0.000000                      ",4,"1.250000                      ",307,"95.937500                     "
"2000","33004","11","3213","","03","El/Sec    ","N","Luck","","Combined Elementary/Secondary School Type/ Prek-12","0",0,"--                            ",0,"--                            ",0,"--                            ",0,"--                            ",0,"--                            ",0,"--                            ",0,"--                            "
"2000","33004","11","3213","","03","Summary   ","N","Luck","","Grades PreK-12","660",322,"48.787800                     ",338,"51.212100                     ",10,"1.515100                      ",6,"0.909000                      ",1,"0.151500                      ",10,"1.515100                      ",633,"95.909000                     "
"2000","31567","11","3213","0040","04","Elem      ","N","Luck","Luck El","Grades PreK-12","340",157,"46.176400                     ",183,"53.823500                     ",5,"1.470500                      ",2,"0.588200                      ",1,"0.294100                      ",6,"1.764700                      ",326,"95.882300                     "
"2000","31568","11","3213","0060","04","High      ","N","Luck","Luck Hi","Grades PreK-12","320",165,"51.562500                     ",155,"48.437500                     ",5,"1.562500                      ",4,"1.250000                      ",0,"0.000000                      ",4,"1.250000                      ",307,"95.937500                     "
"2000","32995","11","3444","","03","Elem      ","N","Menomonie Area","","Elementary School Type/ Prek-12","1451",715,"49.276300                     ",736,"50.723600                     ",1,"0.068900                      ",199,"13.714600                     ",16,"1.102600                      ",12,"0.827000                      ",1223,"84.286600                     "
"2000","32995","11","3444","","03","Mid/Jr Hi ","N","Menomonie Area","","Middle/Junior High School Type/ Prek-12","764",384,"50.261700                     ",380,"49.738200                     ",3,"0.392600                      ",75,"9.816700                      ",8,"1.047100                      ",3,"0.392600                      ",675,"88.350700                     "
"2000","32995","11","3444","","03","High      ","N","Menomonie Area","","High School Type/ PreK-12","1154",539,"46.707100                     ",615,"53.292800                     ",2,"0.173300                      ",90,"7.798900                      ",1,"0.086600                      ",15,"1.299800                      ",1046,"90.641200                     "
"2000","32995","11","3444","","03","El/Sec    ","N","Menomonie Area","","Combined Elementary/Secondary School Type/ Prek-12","0",0,"--                            ",0,"--                            ",0,"--                            ",0,"--                            ",0,"--                            ",0,"--                            ",0,"--                            "
"2000","32995","11","3444","","03","Summary   ","N","Menomonie Area","","Grades PreK-12","3369",1638,"48.619700                     ",1731,"51.380200                     ",6,"0.178000                      ",364,"10.804300                     ",25,"0.742000                      ",30,"0.890400                      ",2944,"87.384900                     "
"2000","31537","11","3444","0020","04","Elem      ","N","Menomonie Area","Cedar Falls/Wakanda El","Grades PreK-12","180",89,"49.444400                     ",91,"50.555500                     ",0,"0.000000                      ",4,"2.222200                      ",0,"0.000000                      ",3,"1.666600                      ",173,"96.111100                     "
"2000","32569","11","3444","0060","04","Elem      ","N","Menomonie Area","Downsville El","Grades PreK-12","137",64,"46.715300                     ",73,"53.284600                     ",0,"0.000000                      ",3,"2.189700                      ",2,"1.459800                      ",1,"0.729900                      ",131,"95.620400                     "
"2000","31536","11","3444","0110","04","Elem      ","N","Menomonie Area","Knapp El","Grades PreK-12","96",47,"48.958300                     ",49,"51.041600                     ",0,"0.000000                      ",0,"0.000000                      ",2,"2.083300                      ",2,"2.083300                      ",92,"95.833300                     "
"2000","31538","11","3444","0160","04","Mid/Jr Hi ","N","Menomonie Area","Menomonie Mid","Grades PreK-12","764",384,"50.261700                     ",380,"49.738200                     ",3,"0.392600                      ",75,"9.816700                      ",8,"1.047100                      ",3,"0.392600                      ",675,"88.350700                     "
"2000","32793","11","3444","0170","04","Elem      ","N","Menomonie Area","Wakanda/Cedar Falls El","Grades PreK-12","231",108,"46.753200                     ",123,"53.246700                     ",0,"0.000000                      ",39,"16.883100                     ",0,"0.000000                      ",0,"0.000000                      ",192,"83.116800                     "
"2000","31539","11","3444","0180","04","High      ","N","Menomonie Area","Menomonie Hi","Grades PreK-12","1135",526,"46.343600                     ",609,"53.656300                     ",2,"0.176200                      ",90,"7.929500                      ",1,"0.088100                      ",15,"1.321500                      ",1027,"90.484500                     "
"2000","31540","11","3444","0210","04","Elem      ","N","Menomonie Area","Oaklawn El","Grades PreK-12","362",183,"50.552400                     ",179,"49.447500                     ",1,"0.276200                      ",46,"12.707100                     ",3,"0.828700                      ",0,"0.000000                      ",312,"86.187800                     "
"2000","31541","11","3444","0220","04","Elem      ","N","Menomonie Area","River Heights El","Grades PreK-12","445",224,"50.337000                     ",221,"49.662900                     ",0,"0.000000                      ",107,"24.044900                     ",9,"2.022400                      ",6,"1.348300                      ",323,"72.584200                     "
"2000","32813","11","3444","0400","04","High      ","Y","Menomonie Area","Lucas Charter Sch","Grades PreK-12","19",13,"68.421000                     ",6,"31.578900                     ",0,"0.000000                      ",0,"0.000000                      ",0,"0.000000                      ",0,"0.000000                      ",19,"100.000000                    "
"2000","33126","11","3962","","03","Elem      ","N","New Richmond","","Elementary School Type/ Prek-12","1021",499,"48.873600                     ",522,"51.126300                     ",7,"0.685600                      ",9,"0.881400                      ",3,"0.293800                      ",13,"1.273200                      ",989,"96.865800                     "
"2000","33126","11","3962","","03","Mid/Jr Hi ","N","New Richmond","","Middle/Junior High School Type/ Prek-12","561",274,"48.841300                     ",287,"51.158600                     ",3,"0.534700                      ",2,"0.356500                      ",2,"0.356500                      ",6,"1.069500                      ",548,"97.682700                     "
"2000","33126","11","3962","","03","High      ","N","New Richmond","","High School Type/ PreK-12","797",409,"51.317400                     ",388,"48.682500                     ",1,"0.125400                      ",14,"1.756500                      ",2,"0.250900                      ",7,"0.878200                      ",773,"96.988700                     "
"2000","33126","11","3962","","03","El/Sec    ","N","New Richmond","","Combined Elementary/Secondary School Type/ Prek-12","0",0,"--                            ",0,"--                            ",0,"--                            ",0,"--                            ",0,"--                            ",0,"--                            ",0,"--                            "
"2000","33126","11","3962","","03","Summary   ","N","New Richmond","","Grades PreK-12","2379",1182,"49.684700                     ",1197,"50.315200                     ",11,"0.462300                      ",25,"1.050800                      ",7,"0.294200                      ",26,"1.092800                      ",2310,"97.099600                     "
"2000","32208","11","3962","0010","04","Elem      ","N","New Richmond","New Richmond East El","Grades PreK-12","397",207,"52.141000                     ",190,"47.858900                     ",1,"0.251800                      ",4,"1.007500                      ",1,"0.251800                      ",5,"1.259400                      ",386,"97.229200                     "
"2000","32209","11","3962","0020","04","Elem      ","N","New Richmond","New Richmond West El","Grades PreK-12","624",292,"46.794800                     ",332,"53.205100                     ",6,"0.961500                      ",5,"0.801200                      ",2,"0.320500                      ",8,"1.282000                      ",603,"96.634600                     "
"2000","32210","11","3962","0040","04","Mid/Jr Hi ","N","New Richmond","New Richmond Mid","Grades PreK-12","561",274,"48.841300                     ",287,"51.158600                     ",3,"0.534700                      ",2,"0.356500                      ",2,"0.356500                      ",6,"1.069500                      ",548,"97.682700                     "
"2000","32211","11","3962","0060","04","High      ","N","New Richmond","New Richmond Hi","Grades PreK-12","797",409,"51.317400                     ",388,"48.682500                     ",1,"0.125400                      ",14,"1.756500                      ",2,"0.250900                      ",7,"0.878200                      ",773,"96.988700                     "
"2000","33127","11","4165","","03","Elem      ","N","Osceola","","Elementary School Type/ Prek-12","624",325,"52.083300                     ",299,"47.916600                     ",2,"0.320500                      ",3,"0.480700                      ",4,"0.641000                      ",9,"1.442300                      ",606,"97.115300                     "
"2000","33127","11","4165","","03","Mid/Jr Hi ","N","Osceola","","Middle/Junior High School Type/ Prek-12","546",264,"48.351600                     ",282,"51.648300                     ",3,"0.549400                      ",5,"0.915700                      ",5,"0.915700                      ",6,"1.098900                      ",527,"96.520100                     "
"2000","33127","11","4165","","03","High      ","N","Osceola","","High School Type/ PreK-12","559",247,"44.186000                     ",312,"55.813900                     ",4,"0.715500                      ",5,"0.894400                      ",1,"0.178800                      ",0,"0.000000                      ",549,"98.211000                     "
"2000","33127","11","4165","","03","El/Sec    ","N","Osceola","","Combined Elementary/Secondary School Type/ Prek-12","0",0,"--                            ",0,"--                            ",0,"--                            ",0,"--                            ",0,"--                            ",0,"--                            ",0,"--                            "
"2000","33127","11","4165","","03","Summary   ","N","Osceola","","Grades PreK-12","1729",836,"48.351600                     ",893,"51.648300                     ",9,"0.520500                      ",13,"0.751800                      ",10,"0.578300                      ",15,"0.867500                      ",1682,"97.281600                     "
"2000","32212","11","4165","0040","04","Elem      ","N","Osceola","Osceola El","Grades PreK-12","508",264,"51.968500                     ",244,"48.031400                     ",1,"0.196800                      ",2,"0.393700                      ",4,"0.787400                      ",7,"1.377900                      ",494,"97.244000                     "
"2000","31673","11","4165","0050","04","Elem      ","N","Osceola","Osceola Intermediate","Grades PreK-12","116",61,"52.586200                     ",55,"47.413700                     ",1,"0.862000                      ",1,"0.862000                      ",0,"0.000000                      ",2,"1.724100                      ",112,"96.551700                     "
"2000","32213","11","4165","0060","04","High      ","N","Osceola","Osceola Hi","Grades PreK-12","559",247,"44.186000                     ",312,"55.813900                     ",4,"0.715500                      ",5,"0.894400                      ",1,"0.178800                      ",0,"0.000000                      ",549,"98.211000                     "
"2000","32214","11","4165","0080","04","Mid/Jr Hi ","N","Osceola","Osceola Mid","Grades PreK-12","546",264,"48.351600                     ",282,"51.648300                     ",3,"0.549400                      ",5,"0.915700                      ",5,"0.915700                      ",6,"1.098900                      ",527,"96.520100                     "
"2000","33218","11","4270","","03","Elem      ","N","Pepin Area","","Elementary School Type/ Prek-12","159",85,"53.459100                     ",74,"46.540800                     ",0,"0.000000                      ",2,"1.257800                      ",2,"1.257800                      ",0,"0.000000                      ",155,"97.484200                     "
"2000","33218","11","4270","","03","Mid/Jr Hi ","N","Pepin Area","","Middle/Junior High School Type/ Prek-12","0",0,"--                            ",0,"--                            ",0,"--                            ",0,"--                            ",0,"--                            ",0,"--                            ",0,"--                            "
"2000","33218","11","4270","","03","High      ","N","Pepin Area","","High School Type/ PreK-12","179",93,"51.955300                     ",86,"48.044600                     ",1,"0.558600                      ",7,"3.910600                      ",0,"0.000000                      ",0,"0.000000                      ",171,"95.530700                     "
"2000","33218","11","4270","","03","El/Sec    ","N","Pepin Area","","Combined Elementary/Secondary School Type/ Prek-12","0",0,"--                            ",0,"--                            ",0,"--                            ",0,"--                            ",0,"--                            ",0,"--                            ",0,"--                            "
"2000","33218","11","4270","","03","Summary   ","N","Pepin Area","","Grades PreK-12","338",178,"52.662700                     ",160,"47.337200                     ",1,"0.295800                      ",9,"2.662700                      ",2,"0.591700                      ",0,"0.000000                      ",326,"96.449700                     "
"2000","32589","11","4270","0020","04","Elem      ","N","Pepin Area","Pepin El","Grades PreK-12","159",85,"53.459100                     ",74,"46.540800                     ",0,"0.000000                      ",2,"1.257800                      ",2,"1.257800                      ",0,"0.000000                      ",155,"97.484200                     "
"2000","32590","11","4270","0040","04","High      ","N","Pepin Area","Pepin Hi","Grades PreK-12","179",93,"51.955300                     ",86,"48.044600                     ",1,"0.558600                      ",7,"3.910600                      ",0,"0.000000                      ",0,"0.000000                      ",171,"95.530700                     "
"2000","33219","11","4459","","03","Elem      ","N","Plum City","","Elementary School Type/ Prek-12","151",68,"45.033100                     ",83,"54.966800                     ",0,"0.000000                      ",0,"0.000000                      ",0,"0.000000                      ",0,"0.000000                      ",151,"100.000000                    "
"2000","33219","11","4459","","03","Mid/Jr Hi ","N","Plum City","","Middle/Junior High School Type/ Prek-12","0",0,"--                            ",0,"--                            ",0,"--                            ",0,"--                            ",0,"--                            ",0,"--                            ",0,"--                            "
"2000","33219","11","4459","","03","High      ","N","Plum City","","High School Type/ PreK-12","215",113,"52.558100                     ",102,"47.441800                     ",0,"0.000000                      ",0,"0.000000                      ",0,"0.000000                      ",0,"0.000000                      ",215,"100.000000                    "
"2000","33219","11","4459","","03","El/Sec    ","N","Plum City","","Combined Elementary/Secondary School Type/ Prek-12","0",0,"--                            ",0,"--                            ",0,"--                            ",0,"--                            ",0,"--                            ",0,"--                            ",0,"--                            "
"2000","33219","11","4459","","03","Summary   ","N","Plum City","","Grades PreK-12","366",181,"49.453500                     ",185,"50.546400                     ",0,"0.000000                      ",0,"0.000000                      ",0,"0.000000                      ",0,"0.000000                      ",366,"100.000000                    "
"2000","32592","11","4459","0020","04","Elem      ","N","Plum City","Plum City El","Grades PreK-12","151",68,"45.033100                     ",83,"54.966800                     ",0,"0.000000                      ",0,"0.000000                      ",0,"0.000000                      ",0,"0.000000                      ",151,"100.000000                    "
"2000","32593","11","4459","0040","04","High      ","N","Plum City","Plum City Hi","Grades PreK-12","215",113,"52.558100                     ",102,"47.441800                     ",0,"0.000000                      ",0,"0.000000                      ",0,"0.000000                      ",0,"0.000000                      ",215,"100.000000                    "
"2000","33220","11","4557","","03","Elem      ","N","Prairie Farm","","Elementary School Type/ Prek-12","141",72,"51.063800                     ",69,"48.936100                     ",2,"1.418400                      ",1,"0.709200                      ",0,"0.000000                      ",3,"2.127600                      ",135,"95.744600                     "
"2000","33220","11","4557","","03","Mid/Jr Hi ","N","Prairie Farm","","Middle/Junior High School Type/ Prek-12","77",34,"44.155800                     ",43,"55.844100                     ",1,"1.298700                      ",1,"1.298700                      ",0,"0.000000                      ",2,"2.597400                      ",73,"94.805100                     "
"2000","33220","11","4557","","03","High      ","N","Prairie Farm","","High School Type/ PreK-12","148",67,"45.270200                     ",81,"54.729700                     ",2,"1.351300                      ",0,"0.000000                      ",0,"0.000000                      ",1,"0.675600                      ",145,"97.972900                     "
"2000","33220","11","4557","","03","El/Sec    ","N","Prairie Farm","","Combined Elementary/Secondary School Type/ Prek-12","0",0,"--                            ",0,"--                            ",0,"--                            ",0,"--                            ",0,"--                            ",0,"--                            ",0,"--                            "
"2000","33220","11","4557","","03","Summary   ","N","Prairie Farm","","Grades PreK-12","366",173,"47.267700                     ",193,"52.732200                     ",5,"1.366100                      ",2,"0.546400                      ",0,"0.000000                      ",6,"1.639300                      ",353,"96.448000                     "
"2000","32594","11","4557","0020","04","Elem      ","N","Prairie Farm","Prairie Farm El","Grades PreK-12","141",72,"51.063800                     ",69,"48.936100                     ",2,"1.418400                      ",1,"0.709200                      ",0,"0.000000                      ",3,"2.127600                      ",135,"95.744600                     "
"2000","32595","11","4557","0030","04","Mid/Jr Hi ","N","Prairie Farm","Prairie Farm Mid","Grades PreK-12","77",34,"44.155800                     ",43,"55.844100                     ",1,"1.298700                      ",1,"1.298700                      ",0,"0.000000                      ",2,"2.597400                      ",73,"94.805100                     "
"2000","32596","11","4557","0040","04","High      ","N","Prairie Farm","Prairie Farm Hi","Grades PreK-12","148",67,"45.270200                     ",81,"54.729700                     ",2,"1.351300                      ",0,"0.000000                      ",0,"0.000000                      ",1,"0.675600                      ",145,"97.972900                     "
"2000","32934","11","4578","","03","Elem      ","N","Prescott","","Elementary School Type/ Prek-12","476",230,"48.319300                     ",246,"51.680600                     ",2,"0.420100                      ",6,"1.260500                      ",2,"0.420100                      ",3,"0.630200                      ",463,"97.268900                     "
"2000","32934","11","4578","","03","Mid/Jr Hi ","N","Prescott","","Middle/Junior High School Type/ Prek-12","264",144,"54.545400                     ",120,"45.454500                     ",4,"1.515100                      ",1,"0.378700                      ",2,"0.757500                      ",3,"1.136300                      ",254,"96.212100                     "
"2000","32934","11","4578","","03","High      ","N","Prescott","","High School Type/ PreK-12","450",198,"44.000000                     ",252,"56.000000                     ",1,"0.222200                      ",0,"0.000000                      ",0,"0.000000                      ",7,"1.555500                      ",442,"98.222200                     "
"2000","32934","11","4578","","03","El/Sec    ","N","Prescott","","Combined Elementary/Secondary School Type/ Prek-12","0",0,"--                            ",0,"--                            ",0,"--                            ",0,"--                            ",0,"--                            ",0,"--                            ",0,"--                            "
"2000","32934","11","4578","","03","Summary   ","N","Prescott","","Grades PreK-12","1190",572,"48.067200                     ",618,"51.932700                     ",7,"0.588200                      ",7,"0.588200                      ",4,"0.336100                      ",13,"1.092400                      ",1159,"97.394900                     "
"2000","32215","11","4578","0040","04","Elem      ","N","Prescott","Malone El","Grades PreK-12","476",230,"48.319300                     ",246,"51.680600                     ",2,"0.420100                      ",6,"1.260500                      ",2,"0.420100                      ",3,"0.630200                      ",463,"97.268900                     "
"2000","32216","11","4578","0060","04","High      ","N","Prescott","Prescott Hi","Grades PreK-12","450",198,"44.000000                     ",252,"56.000000                     ",1,"0.222200                      ",0,"0.000000                      ",0,"0.000000                      ",7,"1.555500                      ",442,"98.222200                     "
"2000","31298","11","4578","0080","04","Mid/Jr Hi ","N","Prescott","Prescott Mid","Grades PreK-12","264",144,"54.545400                     ",120,"45.454500                     ",4,"1.515100                      ",1,"0.378700                      ",2,"0.757500                      ",3,"1.136300                      ",254,"96.212100                     "
"2000","33008","11","4802","","03","Elem      ","N","Rice Lake Area","","Elementary School Type/ Prek-12","1081",529,"48.936100                     ",552,"51.063800                     ",8,"0.740000                      ",15,"1.387600                      ",8,"0.740000                      ",16,"1.480100                      ",1034,"95.652100                     "
"2000","33008","11","4802","","03","Mid/Jr Hi ","N","Rice Lake Area","","Middle/Junior High School Type/ Prek-12","640",320,"50.000000                     ",320,"50.000000                     ",2,"0.312500                      ",5,"0.781200                      ",3,"0.468700                      ",3,"0.468700                      ",627,"97.968700                     "
"2000","33008","11","4802","","03","High      ","N","Rice Lake Area","","High School Type/ PreK-12","1049",487,"46.425100                     ",562,"53.574800                     ",28,"2.669200                      ",7,"0.667300                      ",2,"0.190600                      ",10,"0.953200                      ",1002,"95.519500                     "
"2000","33008","11","4802","","03","El/Sec    ","N","Rice Lake Area","","Combined Elementary/Secondary School Type/ Prek-12","60",24,"40.000000                     ",36,"60.000000                     ",0,"0.000000                      ",0,"0.000000                      ",0,"0.000000                      ",0,"0.000000                      ",60,"100.000000                    "
"2000","33008","11","4802","","03","Summary   ","N","Rice Lake Area","","Grades PreK-12","2830",1360,"48.056500                     ",1470,"51.943400                     ",38,"1.342700                      ",27,"0.954000                      ",13,"0.459300                      ",29,"1.024700                      ",2723,"96.219000                     "
"2000","31575","11","4802","0010","04","El/Sec    ","N","Rice Lake Area","Barron County Handicapped Center P-K","Grades PreK-12","60",24,"40.000000                     ",36,"60.000000                     ",0,"0.000000                      ",0,"0.000000                      ",0,"0.000000                      ",0,"0.000000                      ",60,"100.000000                    "
"2000","31576","11","4802","0025","04","Elem      ","N","Rice Lake Area","Tainter El","Grades PreK-12","260",128,"49.230700                     ",132,"50.769200                     ",0,"0.000000                      ",3,"1.153800                      ",0,"0.000000                      ",1,"0.384600                      ",256,"98.461500                     "
"2000","31577","11","4802","0040","04","Elem      ","N","Rice Lake Area","Franklin El","Grades PreK-12","128",72,"56.250000                     ",56,"43.750000                     ",2,"1.562500                      ",6,"4.687500                      ",1,"0.781200                      ",3,"2.343700                      ",116,"90.625000                     "
"2000","32632","11","4802","0060","04","Elem      ","N","Rice Lake Area","Haugen El","Grades PreK-12","129",60,"46.511600                     ",69,"53.488300                     ",4,"3.100700                      ",0,"0.000000                      ",0,"0.000000                      ",0,"0.000000                      ",125,"96.899200                     "
"2000","31578","11","4802","0080","04","Elem      ","N","Rice Lake Area","Hilltop El","Grades PreK-12","296",139,"46.959400                     ",157,"53.040500                     ",0,"0.000000                      ",2,"0.675600                      ",3,"1.013500                      ",4,"1.351300                      ",287,"96.959400                     "
"2000","31579","11","4802","0100","04","Elem      ","N","Rice Lake Area","Jefferson El","Grades PreK-12","132",59,"44.696900                     ",73,"55.303000                     ",2,"1.515100                      ",2,"1.515100                      ",1,"0.757500                      ",7,"5.303000                      ",120,"90.909000                     "
"2000","31580","11","4802","0120","04","Elem      ","N","Rice Lake Area","Lincoln El","Grades PreK-12","136",71,"52.205800                     ",65,"47.794100                     ",0,"0.000000                      ",2,"1.470500                      ",3,"2.205800                      ",1,"0.735200                      ",130,"95.588200                     "
"2000","31581","11","4802","0140","04","Mid/Jr Hi ","N","Rice Lake Area","Rice Lake Mid","Grades PreK-12","640",320,"50.000000                     ",320,"50.000000                     ",2,"0.312500                      ",5,"0.781200                      ",3,"0.468700                      ",3,"0.468700                      ",627,"97.968700                     "
"2000","31582","11","4802","0180","04","High      ","N","Rice Lake Area","Rice Lake Hi","Grades PreK-12","1049",487,"46.425100                     ",562,"53.574800                     ",28,"2.669200                      ",7,"0.667300                      ",2,"0.190600                      ",10,"0.953200                      ",1002,"95.519500                     "
"2000","32935","11","4893","","03","Elem      ","N","River Falls","","Elementary School Type/ Prek-12","1280",608,"47.500000                     ",672,"52.500000                     ",14,"1.093700                      ",6,"0.468700                      ",27,"2.109300                      ",12,"0.937500                      ",1221,"95.390600                     "
"2000","32935","11","4893","","03","Mid/Jr Hi ","N","River Falls","","Middle/Junior High School Type/ Prek-12","678",309,"45.575200                     ",369,"54.424700                     ",5,"0.737400                      ",8,"1.179900                      ",10,"1.474900                      ",10,"1.474900                      ",645,"95.132700                     "
"2000","32935","11","4893","","03","High      ","N","River Falls","","High School Type/ PreK-12","935",495,"52.941100                     ",440,"47.058800                     ",4,"0.427800                      ",9,"0.962500                      ",9,"0.962500                      ",6,"0.641700                      ",907,"97.005300                     "
"2000","32935","11","4893","","03","El/Sec    ","N","River Falls","","Combined Elementary/Secondary School Type/ Prek-12","0",0,"--                            ",0,"--                            ",0,"--                            ",0,"--                            ",0,"--                            ",0,"--                            ",0,"--                            "
"2000","32935","11","4893","","03","Summary   ","N","River Falls","","Grades PreK-12","2893",1412,"48.807400                     ",1481,"51.192500                     ",23,"0.795000                      ",23,"0.795000                      ",46,"1.590000                      ",28,"0.967800                      ",2773,"95.852000                     "
"2000","31299","11","4893","0020","04","Elem      ","N","River Falls","Greenwood El","Grades PreK-12","398",191,"47.989900                     ",207,"52.010000                     ",6,"1.507500                      ",0,"0.000000                      ",10,"2.512500                      ",1,"0.251200                      ",381,"95.728600                     "
"2000","31300","11","4893","0040","04","Elem      ","N","River Falls","Rocky Branch El","Grades PreK-12","449",212,"47.216000                     ",237,"52.783900                     ",5,"1.113500                      ",4,"0.890800                      ",14,"3.118000                      ",7,"1.559000                      ",419,"93.318400                     "
"2000","31301","11","4893","0060","04","Mid/Jr Hi ","N","River Falls","Meyer Mid","Grades PreK-12","678",309,"45.575200                     ",369,"54.424700                     ",5,"0.737400                      ",8,"1.179900                      ",10,"1.474900                      ",10,"1.474900                      ",645,"95.132700                     "
"2000","31302","11","4893","0080","04","High      ","N","River Falls","River Falls Hi","Grades PreK-12","915",484,"52.896100                     ",431,"47.103800                     ",4,"0.437100                      ",8,"0.874300                      ",9,"0.983600                      ",6,"0.655700                      ",888,"97.049100                     "
"2000","31303","11","4893","0100","04","Elem      ","N","River Falls","Westside El","Grades PreK-12","433",205,"47.344100                     ",228,"52.655800                     ",3,"0.692800                      ",2,"0.461800                      ",3,"0.692800                      ",4,"0.923700                      ",421,"97.228600                     "
"2000","34895","11","4893","0410","04","High      ","Y","River Falls","River Falls Renaissance Alt Charter Sch","Grades PreK-12","20",11,"55.000000                     ",9,"45.000000                     ",0,"0.000000                      ",1,"5.000000                      ",0,"0.000000                      ",0,"0.000000                      ",19,"95.000000                     "
"2000","32936","11","5019","","03","Elem      ","N","Saint Croix Falls","","Elementary School Type/ Prek-12","414",205,"49.516900                     ",209,"50.483000                     ",1,"0.241500                      ",1,"0.241500                      ",2,"0.483000                      ",3,"0.724600                      ",407,"98.309100                     "
"2000","32936","11","5019","","03","Mid/Jr Hi ","N","Saint Croix Falls","","Middle/Junior High School Type/ Prek-12","362",185,"51.104900                     ",177,"48.895000                     ",0,"0.000000                      ",0,"0.000000                      ",1,"0.276200                      ",2,"0.552400                      ",359,"99.171200                     "
"2000","32936","11","5019","","03","High      ","N","Saint Croix Falls","","High School Type/ PreK-12","307",142,"46.254000                     ",165,"53.745900                     ",0,"0.000000                      ",0,"0.000000                      ",0,"0.000000                      ",3,"0.977100                      ",304,"99.022800                     "
"2000","32936","11","5019","","03","El/Sec    ","N","Saint Croix Falls","","Combined Elementary/Secondary School Type/ Prek-12","0",0,"--                            ",0,"--                            ",0,"--                            ",0,"--                            ",0,"--                            ",0,"--                            ",0,"--                            "
"2000","32936","11","5019","","03","Summary   ","N","Saint Croix Falls","","Grades PreK-12","1083",532,"49.122800                     ",551,"50.877100                     ",1,"0.092300                      ",1,"0.092300                      ",3,"0.277000                      ",8,"0.738600                      ",1070,"98.799600                     "
"2000","31293","11","5019","0040","04","Elem      ","N","Saint Croix Falls","Dresser El","Grades PreK-12","116",66,"56.896500                     ",50,"43.103400                     ",0,"0.000000                      ",0,"0.000000                      ",0,"0.000000                      ",1,"0.862000                      ",115,"99.137900                     "
"2000","31305","11","5019","0060","04","Elem      ","N","Saint Croix Falls","Saint Croix Falls El","Grades PreK-12","298",139,"46.644200                     ",159,"53.355700                     ",1,"0.335500                      ",1,"0.335500                      ",2,"0.671100                      ",2,"0.671100                      ",292,"97.986500                     "
"2000","31306","11","5019","0070","04","Mid/Jr Hi ","N","Saint Croix Falls","Saint Croix Falls Mid","Grades PreK-12","362",185,"51.104900                     ",177,"48.895000                     ",0,"0.000000                      ",0,"0.000000                      ",1,"0.276200                      ",2,"0.552400                      ",359,"99.171200                     "
"2000","31307","11","5019","0080","04","High      ","N","Saint Croix Falls","Saint Croix Falls Hi","Grades PreK-12","307",142,"46.254000                     ",165,"53.745900                     ",0,"0.000000                      ",0,"0.000000                      ",0,"0.000000                      ",3,"0.977100                      ",304,"99.022800                     "
"2000","33233","11","5306","","03","Elem      ","N","Shell Lake","","Elementary School Type/ Prek-12","268",134,"50.000000                     ",134,"50.000000                     ",12,"4.477600                      ",3,"1.119400                      ",3,"1.119400                      ",1,"0.373100                      ",249,"92.910400                     "
"2000","33233","11","5306","","03","Mid/Jr Hi ","N","Shell Lake","","Middle/Junior High School Type/ Prek-12","0",0,"--                            ",0,"--                            ",0,"--                            ",0,"--                            ",0,"--                            ",0,"--                            ",0,"--                            "
"2000","33233","11","5306","","03","High      ","N","Shell Lake","","High School Type/ PreK-12","300",157,"52.333300                     ",143,"47.666600                     ",8,"2.666600                      ",4,"1.333300                      ",2,"0.666600                      ",0,"0.000000                      ",286,"95.333300                     "
"2000","33233","11","5306","","03","El/Sec    ","N","Shell Lake","","Combined Elementary/Secondary School Type/ Prek-12","0",0,"--                            ",0,"--                            ",0,"--                            ",0,"--                            ",0,"--                            ",0,"--                            ",0,"--                            "
"2000","33233","11","5306","","03","Summary   ","N","Shell Lake","","Grades PreK-12","568",291,"51.232300                     ",277,"48.767600                     ",20,"3.521100                      ",7,"1.232300                      ",5,"0.880200                      ",1,"0.176000                      ",535,"94.190100                     "
"2000","31583","11","5306","0010","04","Elem      ","N","Shell Lake","Shell Lake El","Grades PreK-12","113",59,"52.212300                     ",54,"47.787600                     ",5,"4.424700                      ",2,"1.769900                      ",1,"0.884900                      ",1,"0.884900                      ",104,"92.035300                     "
"2000","31584","11","5306","0020","04","Elem      ","N","Shell Lake","Shell Lake El","Grades PreK-12","155",75,"48.387000                     ",80,"51.612900                     ",7,"4.516100                      ",1,"0.645100                      ",2,"1.290300                      ",0,"0.000000                      ",145,"93.548300                     "
"2000","31585","11","5306","0040","04","High      ","N","Shell Lake","Shell Lake Jr/Sr Hi","Grades PreK-12","300",157,"52.333300                     ",143,"47.666600                     ",8,"2.666600                      ",4,"1.333300                      ",2,"0.666600                      ",0,"0.000000                      ",286,"95.333300                     "
"2000","33234","11","5376","","03","Elem      ","N","Siren","","Elementary School Type/ Prek-12","260",127,"48.846100                     ",133,"51.153800                     ",49,"18.846100                     ",2,"0.769200                      ",2,"0.769200                      ",2,"0.769200                      ",205,"78.846100                     "
"2000","33234","11","5376","","03","Mid/Jr Hi ","N","Siren","","Middle/Junior High School Type/ Prek-12","0",0,"--                            ",0,"--                            ",0,"--                            ",0,"--                            ",0,"--                            ",0,"--                            ",0,"--                            "
"2000","33234","11","5376","","03","High      ","N","Siren","","High School Type/ PreK-12","237",128,"54.008400                     ",109,"45.991500                     ",41,"17.299500                     ",2,"0.843800                      ",1,"0.421900                      ",0,"0.000000                      ",193,"81.434500                     "
"2000","33234","11","5376","","03","El/Sec    ","N","Siren","","Combined Elementary/Secondary School Type/ Prek-12","0",0,"--                            ",0,"--                            ",0,"--                            ",0,"--                            ",0,"--                            ",0,"--                            ",0,"--                            "
"2000","33234","11","5376","","03","Summary   ","N","Siren","","Grades PreK-12","497",255,"51.307800                     ",242,"48.692100                     ",90,"18.108600                     ",4,"0.804800                      ",3,"0.603600                      ",2,"0.402400                      ",398,"80.080400                     "
"2000","32641","11","5376","0020","04","Elem      ","N","Siren","Siren El","Grades PreK-12","260",127,"48.846100                     ",133,"51.153800                     ",49,"18.846100                     ",2,"0.769200                      ",2,"0.769200                      ",2,"0.769200                      ",205,"78.846100                     "
"2000","32642","11","5376","0040","04","High      ","N","Siren","Siren Jr/Hi","Grades PreK-12","237",128,"54.008400                     ",109,"45.991500                     ",41,"17.299500                     ",2,"0.843800                      ",1,"0.421900                      ",0,"0.000000                      ",193,"81.434500                     "
"2000","32937","11","5432","","03","Elem      ","N","Somerset","","Elementary School Type/ Prek-12","455",237,"52.087900                     ",218,"47.912000                     ",4,"0.879100                      ",4,"0.879100                      ",4,"0.879100                      ",2,"0.439500                      ",441,"96.923000                     "
"2000","32937","11","5432","","03","Mid/Jr Hi ","N","Somerset","","Middle/Junior High School Type/ Prek-12","346",157,"45.375700                     ",189,"54.624200                     ",5,"1.445000                      ",4,"1.156000                      ",0,"0.000000                      ",0,"0.000000                      ",337,"97.398800                     "
"2000","32937","11","5432","","03","High      ","N","Somerset","","High School Type/ PreK-12","314",135,"42.993600                     ",179,"57.006300                     ",2,"0.636900                      ",3,"0.955400                      ",3,"0.955400                      ",1,"0.318400                      ",305,"97.133700                     "
"2000","32937","11","5432","","03","El/Sec    ","N","Somerset","","Combined Elementary/Secondary School Type/ Prek-12","0",0,"--                            ",0,"--                            ",0,"--                            ",0,"--                            ",0,"--                            ",0,"--                            ",0,"--                            "
"2000","32937","11","5432","","03","Summary   ","N","Somerset","","Grades PreK-12","1115",529,"47.443900                     ",586,"52.556000                     ",11,"0.986500                      ",11,"0.986500                      ",7,"0.627800                      ",3,"0.269000                      ",1083,"97.130000                     "
"2000","31308","11","5432","0020","04","Elem      ","N","Somerset","Somerset El","Grades PreK-12","455",237,"52.087900                     ",218,"47.912000                     ",4,"0.879100                      ",4,"0.879100                      ",4,"0.879100                      ",2,"0.439500                      ",441,"96.923000                     "
"2000","31309","11","5432","0040","04","High      ","N","Somerset","Somerset Hi","Grades PreK-12","314",135,"42.993600                     ",179,"57.006300                     ",2,"0.636900                      ",3,"0.955400                      ",3,"0.955400                      ",1,"0.318400                      ",305,"97.133700                     "
"2000","31674","11","5432","0060","04","Mid/Jr Hi ","N","Somerset","Somerset Mid","Grades PreK-12","346",157,"45.375700                     ",189,"54.624200                     ",5,"1.445000                      ",4,"1.156000                      ",0,"0.000000                      ",0,"0.000000                      ",337,"97.398800                     "
"2000","33226","11","5474","","03","Elem      ","N","Spooner","","Elementary School Type/ Prek-12","547",253,"46.252200                     ",294,"53.747700                     ",10,"1.828100                      ",5,"0.914000                      ",4,"0.731200                      ",3,"0.548400                      ",525,"95.978000                     "
"2000","33226","11","5474","","03","Mid/Jr Hi ","N","Spooner","","Middle/Junior High School Type/ Prek-12","527",226,"42.884200                     ",301,"57.115700                     ",6,"1.138500                      ",8,"1.518000                      ",5,"0.948700                      ",2,"0.379500                      ",506,"96.015100                     "
"2000","33226","11","5474","","03","High      ","N","Spooner","","High School Type/ PreK-12","656",300,"45.731700                     ",356,"54.268200                     ",6,"0.914600                      ",7,"1.067000                      ",3,"0.457300                      ",6,"0.914600                      ",634,"96.646300                     "
"2000","33226","11","5474","","03","El/Sec    ","N","Spooner","","Combined Elementary/Secondary School Type/ Prek-12","0",0,"--                            ",0,"--                            ",0,"--                            ",0,"--                            ",0,"--                            ",0,"--                            ",0,"--                            "
"2000","33226","11","5474","","03","Summary   ","N","Spooner","","Grades PreK-12","1730",779,"45.028900                     ",951,"54.971000                     ",22,"1.271600                      ",20,"1.156000                      ",12,"0.693600                      ",11,"0.635800                      ",1665,"96.242700                     "
"2000","32612","11","5474","0040","04","Elem      ","N","Spooner","Spooner El","Grades PreK-12","547",253,"46.252200                     ",294,"53.747700                     ",10,"1.828100                      ",5,"0.914000                      ",4,"0.731200                      ",3,"0.548400                      ",525,"95.978000                     "
"2000","32613","11","5474","0080","04","High      ","N","Spooner","Spooner Hi","Grades PreK-12","656",300,"45.731700                     ",356,"54.268200                     ",6,"0.914600                      ",7,"1.067000                      ",3,"0.457300                      ",6,"0.914600                      ",634,"96.646300                     "
"2000","32614","11","5474","0100","04","Mid/Jr Hi ","N","Spooner","Spooner Mid","Grades PreK-12","527",226,"42.884200                     ",301,"57.115700                     ",6,"1.138500                      ",8,"1.518000                      ",5,"0.948700                      ",2,"0.379500                      ",506,"96.015100                     "
"2000","33221","11","5586","","03","Elem      ","N","Spring Valley","","Elementary School Type/ Prek-12","370",185,"50.000000                     ",185,"50.000000                     ",0,"0.000000                      ",2,"0.540500                      ",1,"0.270200                      ",3,"0.810800                      ",364,"98.378300                     "
"2000","33221","11","5586","","03","Mid/Jr Hi ","N","Spring Valley","","Middle/Junior High School Type/ Prek-12","124",56,"45.161200                     ",68,"54.838700                     ",0,"0.000000                      ",0,"0.000000                      ",1,"0.806400                      ",0,"0.000000                      ",123,"99.193500                     "
"2000","33221","11","5586","","03","High      ","N","Spring Valley","","High School Type/ PreK-12","222",100,"45.045000                     ",122,"54.954900                     ",0,"0.000000                      ",0,"0.000000                      ",0,"0.000000                      ",1,"0.450400                      ",221,"99.549500                     "
"2000","33221","11","5586","","03","El/Sec    ","N","Spring Valley","","Combined Elementary/Secondary School Type/ Prek-12","0",0,"--                            ",0,"--                            ",0,"--                            ",0,"--                            ",0,"--                            ",0,"--                            ",0,"--                            "
"2000","33221","11","5586","","03","Summary   ","N","Spring Valley","","Grades PreK-12","716",341,"47.625600                     ",375,"52.374300                     ",0,"0.000000                      ",2,"0.279300                      ",2,"0.279300                      ",4,"0.558600                      ",708,"98.882600                     "
"2000","32599","11","5586","0060","04","Elem      ","N","Spring Valley","Spring Valley El","Grades PreK-12","370",185,"50.000000                     ",185,"50.000000                     ",0,"0.000000                      ",2,"0.540500                      ",1,"0.270200                      ",3,"0.810800                      ",364,"98.378300                     "
"2000","32600","11","5586","0070","04","Mid/Jr Hi ","N","Spring Valley","Spring Valley Mid","Grades PreK-12","124",56,"45.161200                     ",68,"54.838700                     ",0,"0.000000                      ",0,"0.000000                      ",1,"0.806400                      ",0,"0.000000                      ",123,"99.193500                     "
"2000","32601","11","5586","0080","04","High      ","N","Spring Valley","Spring Valley Hi","Grades PreK-12","222",100,"45.045000                     ",122,"54.954900                     ",0,"0.000000                      ",0,"0.000000                      ",0,"0.000000                      ",1,"0.450400                      ",221,"99.549500                     "
"2000","33237","11","5810","","03","Elem      ","N","Turtle Lake","","Elementary School Type/ Prek-12","301",155,"51.495000                     ",146,"48.504900                     ",22,"7.308900                      ",0,"0.000000                      ",0,"0.000000                      ",0,"0.000000                      ",279,"92.691000                     "
"2000","33237","11","5810","","03","Mid/Jr Hi ","N","Turtle Lake","","Middle/Junior High School Type/ Prek-12","0",0,"--                            ",0,"--                            ",0,"--                            ",0,"--                            ",0,"--                            ",0,"--                            ",0,"--                            "
"2000","33237","11","5810","","03","High      ","N","Turtle Lake","","High School Type/ PreK-12","321",172,"53.582500                     ",149,"46.417400                     ",26,"8.099600                      ",0,"0.000000                      ",0,"0.000000                      ",0,"0.000000                      ",295,"91.900300                     "
"2000","33237","11","5810","","03","El/Sec    ","N","Turtle Lake","","Combined Elementary/Secondary School Type/ Prek-12","0",0,"--                            ",0,"--                            ",0,"--                            ",0,"--                            ",0,"--                            ",0,"--                            ",0,"--                            "
"2000","33237","11","5810","","03","Summary   ","N","Turtle Lake","","Grades PreK-12","622",327,"52.572300                     ",295,"47.427600                     ",48,"7.717000                      ",0,"0.000000                      ",0,"0.000000                      ",0,"0.000000                      ",574,"92.282900                     "
"2000","32656","11","5810","0020","04","Elem      ","N","Turtle Lake","Turtle Lake El","Grades PreK-12","301",155,"51.495000                     ",146,"48.504900                     ",22,"7.308900                      ",0,"0.000000                      ",0,"0.000000                      ",0,"0.000000                      ",279,"92.691000                     "
"2000","32657","11","5810","0040","04","High      ","N","Turtle Lake","Turtle Lake Hi","Grades PreK-12","321",172,"53.582500                     ",149,"46.417400                     ",26,"8.099600                      ",0,"0.000000                      ",0,"0.000000                      ",0,"0.000000                      ",295,"91.900300                     "
"2000","33239","11","6293","","03","Elem      ","N","Webster","","Elementary School Type/ Prek-12","402",186,"46.268600                     ",216,"53.731300                     ",79,"19.651700                     ",0,"0.000000                      ",3,"0.746200                      ",0,"0.000000                      ",320,"79.601900                     "
"2000","33239","11","6293","","03","Mid/Jr Hi ","N","Webster","","Middle/Junior High School Type/ Prek-12","114",50,"43.859600                     ",64,"56.140300                     ",32,"28.070100                     ",0,"0.000000                      ",1,"0.877100                      ",1,"0.877100                      ",80,"70.175400                     "
"2000","33239","11","6293","","03","High      ","N","Webster","","High School Type/ PreK-12","263",121,"46.007600                     ",142,"53.992300                     ",43,"16.349800                     ",1,"0.380200                      ",2,"0.760400                      ",2,"0.760400                      ",215,"81.749000                     "
"2000","33239","11","6293","","03","El/Sec    ","N","Webster","","Combined Elementary/Secondary School Type/ Prek-12","0",0,"--                            ",0,"--                            ",0,"--                            ",0,"--                            ",0,"--                            ",0,"--                            ",0,"--                            "
"2000","33239","11","6293","","03","Summary   ","N","Webster","","Grades PreK-12","779",357,"45.827900                     ",422,"54.172000                     ",154,"19.768900                     ",1,"0.128300                      ",6,"0.770200                      ",3,"0.385100                      ",615,"78.947300                     "
"2000","32661","11","6293","0060","04","Elem      ","N","Webster","Webster El","Grades PreK-12","402",186,"46.268600                     ",216,"53.731300                     ",79,"19.651700                     ",0,"0.000000                      ",3,"0.746200                      ",0,"0.000000                      ",320,"79.601900                     "
"2000","32662","11","6293","0080","04","High      ","N","Webster","Webster Hi","Grades PreK-12","263",121,"46.007600                     ",142,"53.992300                     ",43,"16.349800                     ",1,"0.380200                      ",2,"0.760400                      ",2,"0.760400                      ",215,"81.749000                     "
"2000","32663","11","6293","0100","04","Mid/Jr Hi ","N","Webster","Webster Jr","Grades PreK-12","114",50,"43.859600                     ",64,"56.140300                     ",32,"28.070100                     ",0,"0.000000                      ",1,"0.877100                      ",1,"0.877100                      ",80,"70.175400                     "
