"year","agency_key","CESA","district_number","school_number","agency_type","school_type","charter","district_name","school_name","grade_label","total_enrollment_prek-12","number_female","percent_female","number_male","percent_male","number_am_ind","percent_am_ind","number_asian","percent_asian","number_black","percent_black","number_hispanic","percent_hispanic","number_white","percent_white"
"2003","53369","11","0119","","03","Elem      ","N","Amery","","Elementary School Type/ Prek-12","835",406,"48.622700                     ",429,"51.377200                     ",8,"0.958000                      ",5,"0.598800                      ",3,"0.359200                      ",6,"0.718500                      ",813,"97.365200                     "
"2003","53369","11","0119","","03","Mid/Jr Hi ","N","Amery","","Middle/Junior High School Type/ Prek-12","420",222,"52.857100                     ",198,"47.142800                     ",2,"0.476100                      ",3,"0.714200                      ",3,"0.714200                      ",10,"2.380900                      ",402,"95.714200                     "
"2003","53369","11","0119","","03","High      ","N","Amery","","High School Type/ PreK-12","597",302,"50.586200                     ",295,"49.413700                     ",16,"2.680000                      ",4,"0.670000                      ",1,"0.167500                      ",5,"0.837500                      ",571,"95.644800                     "
"2003","53369","11","0119","","03","El/Sec    ","N","Amery","","Combined Elementary/Secondary School Type/ Prek-12","0",0,"--                            ",0,"--                            ",0,"--                            ",0,"--                            ",0,"--                            ",0,"--                            ",0,"--                            "
"2003","53369","11","0119","","03","Summary   ","N","Amery","","Grades PreK-12","1852",930,"50.215900                     ",922,"49.784000                     ",26,"1.403800                      ",12,"0.647900                      ",7,"0.377900                      ",21,"1.133900                      ",1786,"96.436200                     "
"2003","51885","11","0119","0020","04","Elem      ","N","Amery","Lien El","Grades PreK-12","577",282,"48.873400                     ",295,"51.126500                     ",5,"0.866500                      ",5,"0.866500                      ",1,"0.173300                      ",4,"0.693200                      ",562,"97.400300                     "
"2003","51886","11","0119","0040","04","High      ","N","Amery","Amery Hi","Grades PreK-12","597",302,"50.586200                     ",295,"49.413700                     ",16,"2.680000                      ",4,"0.670000                      ",1,"0.167500                      ",5,"0.837500                      ",571,"95.644800                     "
"2003","51887","11","0119","0050","04","Elem      ","N","Amery","Lakeview Intermediate","Grades PreK-12","258",124,"48.062000                     ",134,"51.937900                     ",3,"1.162700                      ",0,"0.000000                      ",2,"0.775100                      ",2,"0.775100                      ",251,"97.286800                     "
"2003","51888","11","0119","0060","04","Mid/Jr Hi ","N","Amery","Amery Mid","Grades PreK-12","420",222,"52.857100                     ",198,"47.142800                     ",2,"0.476100                      ",3,"0.714200                      ",3,"0.714200                      ",10,"2.380900                      ",402,"95.714200                     "
"2003","53370","11","0231","","03","Elem      ","N","Baldwin-Woodville Area","","Elementary School Type/ Prek-12","519",245,"47.206100                     ",274,"52.793800                     ",0,"0.000000                      ",5,"0.963300                      ",13,"2.504800                      ",5,"0.963300                      ",496,"95.568400                     "
"2003","53370","11","0231","","03","Mid/Jr Hi ","N","Baldwin-Woodville Area","","Middle/Junior High School Type/ Prek-12","388",212,"54.639100                     ",176,"45.360800                     ",0,"0.000000                      ",4,"1.030900                      ",1,"0.257700                      ",5,"1.288600                      ",378,"97.422600                     "
"2003","53370","11","0231","","03","High      ","N","Baldwin-Woodville Area","","High School Type/ PreK-12","470",220,"46.808500                     ",250,"53.191400                     ",0,"0.000000                      ",5,"1.063800                      ",6,"1.276500                      ",2,"0.425500                      ",457,"97.234000                     "
"2003","53370","11","0231","","03","El/Sec    ","N","Baldwin-Woodville Area","","Combined Elementary/Secondary School Type/ Prek-12","0",0,"--                            ",0,"--                            ",0,"--                            ",0,"--                            ",0,"--                            ",0,"--                            ",0,"--                            "
"2003","53370","11","0231","","03","Summary   ","N","Baldwin-Woodville Area","","Grades PreK-12","1377",677,"49.164800                     ",700,"50.835100                     ",0,"0.000000                      ",14,"1.016700                      ",20,"1.452400                      ",12,"0.871400                      ",1331,"96.659400                     "
"2003","51889","11","0231","0040","04","High      ","N","Baldwin-Woodville Area","Baldwin-Woodville Hi","Grades PreK-12","470",220,"46.808500                     ",250,"53.191400                     ",0,"0.000000                      ",5,"1.063800                      ",6,"1.276500                      ",2,"0.425500                      ",457,"97.234000                     "
"2003","51892","11","0231","0070","04","Elem      ","N","Baldwin-Woodville Area","Greenfield El","Grades PreK-12","519",245,"47.206100                     ",274,"52.793800                     ",0,"0.000000                      ",5,"0.963300                      ",13,"2.504800                      ",5,"0.963300                      ",496,"95.568400                     "
"2003","51918","11","0231","0090","04","Mid/Jr Hi ","N","Baldwin-Woodville Area","Viking Mid","Grades PreK-12","388",212,"54.639100                     ",176,"45.360800                     ",0,"0.000000                      ",4,"1.030900                      ",1,"0.257700                      ",5,"1.288600                      ",378,"97.422600                     "
"2003","53440","11","0238","","03","Elem      ","N","Unity","","Elementary School Type/ Prek-12","500",242,"48.400000                     ",258,"51.600000                     ",30,"6.000000                      ",0,"0.000000                      ",1,"0.200000                      ",2,"0.400000                      ",467,"93.400000                     "
"2003","53440","11","0238","","03","Mid/Jr Hi ","N","Unity","","Middle/Junior High School Type/ Prek-12","269",140,"52.044600                     ",129,"47.955300                     ",26,"9.665400                      ",0,"0.000000                      ",0,"0.000000                      ",1,"0.371700                      ",242,"89.962800                     "
"2003","53440","11","0238","","03","High      ","N","Unity","","High School Type/ PreK-12","360",180,"50.000000                     ",180,"50.000000                     ",28,"7.777700                      ",0,"0.000000                      ",0,"0.000000                      ",1,"0.277700                      ",331,"91.944400                     "
"2003","53440","11","0238","","03","El/Sec    ","N","Unity","","Combined Elementary/Secondary School Type/ Prek-12","0",0,"--                            ",0,"--                            ",0,"--                            ",0,"--                            ",0,"--                            ",0,"--                            ",0,"--                            "
"2003","53440","11","0238","","03","Summary   ","N","Unity","","Grades PreK-12","1129",562,"49.778500                     ",567,"50.221400                     ",84,"7.440200                      ",0,"0.000000                      ",1,"0.088500                      ",4,"0.354200                      ",1040,"92.116900                     "
"2003","54581","11","0238","0060","04","Elem      ","N","Unity","Unity El","Grades PreK-12","500",242,"48.400000                     ",258,"51.600000                     ",30,"6.000000                      ",0,"0.000000                      ",1,"0.200000                      ",2,"0.400000                      ",467,"93.400000                     "
"2003","52160","11","0238","0100","04","High      ","N","Unity","Unity Hi","Grades PreK-12","360",180,"50.000000                     ",180,"50.000000                     ",28,"7.777700                      ",0,"0.000000                      ",0,"0.000000                      ",1,"0.277700                      ",331,"91.944400                     "
"2003","52161","11","0238","0120","04","Mid/Jr Hi ","N","Unity","Unity Mid","Grades PreK-12","269",140,"52.044600                     ",129,"47.955300                     ",26,"9.665400                      ",0,"0.000000                      ",0,"0.000000                      ",1,"0.371700                      ",242,"89.962800                     "
"2003","53441","11","0308","","03","Elem      ","N","Barron Area","","Elementary School Type/ Prek-12","628",288,"45.859800                     ",340,"54.140100                     ",5,"0.796100                      ",5,"0.796100                      ",11,"1.751500                      ",21,"3.343900                      ",586,"93.312100                     "
"2003","53441","11","0308","","03","Mid/Jr Hi ","N","Barron Area","","Middle/Junior High School Type/ Prek-12","333",158,"47.447400                     ",175,"52.552500                     ",3,"0.900900                      ",3,"0.900900                      ",4,"1.201200                      ",6,"1.801800                      ",317,"95.195100                     "
"2003","53441","11","0308","","03","High      ","N","Barron Area","","High School Type/ PreK-12","503",232,"46.123200                     ",271,"53.876700                     ",3,"0.596400                      ",4,"0.795200                      ",26,"5.168900                      ",14,"2.783300                      ",456,"90.656000                     "
"2003","53441","11","0308","","03","El/Sec    ","N","Barron Area","","Combined Elementary/Secondary School Type/ Prek-12","0",0,"--                            ",0,"--                            ",0,"--                            ",0,"--                            ",0,"--                            ",0,"--                            ",0,"--                            "
"2003","53441","11","0308","","03","Summary   ","N","Barron Area","","Grades PreK-12","1464",678,"46.311400                     ",786,"53.688500                     ",11,"0.751300                      ",12,"0.819600                      ",41,"2.800500                      ",41,"2.800500                      ",1359,"92.827800                     "
"2003","53038","11","0308","0020","04","Elem      ","N","Barron Area","Almena El","Grades PreK-12","87",40,"45.977000                     ",47,"54.022900                     ",1,"1.149400                      ",0,"0.000000                      ",0,"0.000000                      ",3,"3.448200                      ",83,"95.402200                     "
"2003","52162","11","0308","0030","04","High      ","N","Barron Area","Barron Hi","Grades PreK-12","491",227,"46.232100                     ",264,"53.767800                     ",3,"0.610900                      ",4,"0.814600                      ",26,"5.295300                      ",14,"2.851300                      ",444,"90.427600                     "
"2003","52990","11","0308","0080","04","Elem      ","N","Barron Area","Dallas Early Learning Center","Grades PreK-12","22",7,"31.818100                     ",15,"68.181800                     ",0,"0.000000                      ",0,"0.000000                      ",3,"13.636300                     ",0,"0.000000                      ",19,"86.363600                     "
"2003","53020","11","0308","0120","04","Elem      ","N","Barron Area","Ridgeland El","Grades PreK-12","91",46,"50.549400                     ",45,"49.450500                     ",1,"1.098900                      ",0,"0.000000                      ",0,"0.000000                      ",0,"0.000000                      ",90,"98.901000                     "
"2003","52163","11","0308","0140","04","Mid/Jr Hi ","N","Barron Area","Riverview Mid","Grades PreK-12","333",158,"47.447400                     ",175,"52.552500                     ",3,"0.900900                      ",3,"0.900900                      ",4,"1.201200                      ",6,"1.801800                      ",317,"95.195100                     "
"2003","52164","11","0308","0160","04","Elem      ","N","Barron Area","Woodland El","Grades PreK-12","428",195,"45.560700                     ",233,"54.439200                     ",3,"0.700900                      ",5,"1.168200                      ",8,"1.869100                      ",18,"4.205600                      ",394,"92.056000                     "
"2003","54786","11","0308","9410","4C","High      ","Y","Barron Area","Barron County Learning Center","Grades PreK-12","12",5,"41.666600                     ",7,"58.333300                     ",0,"0.000000                      ",0,"0.000000                      ",0,"0.000000                      ",0,"0.000000                      ",12,"100.000000                    "
"2003","53443","11","0441","","03","Elem      ","N","Birchwood","","Elementary School Type/ Prek-12","213",98,"46.009300                     ",115,"53.990600                     ",5,"2.347400                      ",0,"0.000000                      ",1,"0.469400                      ",2,"0.938900                      ",205,"96.244100                     "
"2003","53443","11","0441","","03","Mid/Jr Hi ","N","Birchwood","","Middle/Junior High School Type/ Prek-12","0",0,"--                            ",0,"--                            ",0,"--                            ",0,"--                            ",0,"--                            ",0,"--                            ",0,"--                            "
"2003","53443","11","0441","","03","High      ","N","Birchwood","","High School Type/ PreK-12","123",56,"45.528400                     ",67,"54.471500                     ",2,"1.626000                      ",2,"1.626000                      ",0,"0.000000                      ",2,"1.626000                      ",117,"95.121900                     "
"2003","53443","11","0441","","03","El/Sec    ","N","Birchwood","","Combined Elementary/Secondary School Type/ Prek-12","0",0,"--                            ",0,"--                            ",0,"--                            ",0,"--                            ",0,"--                            ",0,"--                            ",0,"--                            "
"2003","53443","11","0441","","03","Summary   ","N","Birchwood","","Grades PreK-12","336",154,"45.833300                     ",182,"54.166600                     ",7,"2.083300                      ",2,"0.595200                      ",1,"0.297600                      ",4,"1.190400                      ",322,"95.833300                     "
"2003","52168","11","0441","0020","04","Elem      ","N","Birchwood","Birchwood El","Grades PreK-12","213",98,"46.009300                     ",115,"53.990600                     ",5,"2.347400                      ",0,"0.000000                      ",1,"0.469400                      ",2,"0.938900                      ",205,"96.244100                     "
"2003","52169","11","0441","0040","04","High      ","N","Birchwood","Birchwood Hi","Grades PreK-12","123",56,"45.528400                     ",67,"54.471500                     ",2,"1.626000                      ",2,"1.626000                      ",0,"0.000000                      ",2,"1.626000                      ",117,"95.121900                     "
"2003","53430","11","0637","","03","Elem      ","N","Boyceville Community","","Elementary School Type/ Prek-12","415",200,"48.192700                     ",215,"51.807200                     ",0,"0.000000                      ",0,"0.000000                      ",1,"0.240900                      ",0,"0.000000                      ",414,"99.759000                     "
"2003","53430","11","0637","","03","Mid/Jr Hi ","N","Boyceville Community","","Middle/Junior High School Type/ Prek-12","193",105,"54.404100                     ",88,"45.595800                     ",1,"0.518100                      ",2,"1.036200                      ",0,"0.000000                      ",2,"1.036200                      ",188,"97.409300                     "
"2003","53430","11","0637","","03","High      ","N","Boyceville Community","","High School Type/ PreK-12","318",152,"47.798700                     ",166,"52.201200                     ",1,"0.314400                      ",2,"0.628900                      ",0,"0.000000                      ",3,"0.943300                      ",312,"98.113200                     "
"2003","53430","11","0637","","03","El/Sec    ","N","Boyceville Community","","Combined Elementary/Secondary School Type/ Prek-12","0",0,"--                            ",0,"--                            ",0,"--                            ",0,"--                            ",0,"--                            ",0,"--                            ",0,"--                            "
"2003","53430","11","0637","","03","Summary   ","N","Boyceville Community","","Grades PreK-12","926",457,"49.352000                     ",469,"50.647900                     ",2,"0.215900                      ",4,"0.431900                      ",1,"0.107900                      ",5,"0.539900                      ",914,"98.704100                     "
"2003","52126","11","0637","0020","04","Elem      ","N","Boyceville Community","Tiffany Creek El","Grades PreK-12","415",200,"48.192700                     ",215,"51.807200                     ",0,"0.000000                      ",0,"0.000000                      ",1,"0.240900                      ",0,"0.000000                      ",414,"99.759000                     "
"2003","52127","11","0637","0040","04","High      ","N","Boyceville Community","Boyceville Hi","Grades PreK-12","318",152,"47.798700                     ",166,"52.201200                     ",1,"0.314400                      ",2,"0.628900                      ",0,"0.000000                      ",3,"0.943300                      ",312,"98.113200                     "
"2003","54525","11","0637","0200","04","Mid/Jr Hi ","N","Boyceville Community","Boyceville Middle Sch","Grades PreK-12","193",105,"54.404100                     ",88,"45.595800                     ",1,"0.518100                      ",2,"1.036200                      ",0,"0.000000                      ",2,"1.036200                      ",188,"97.409300                     "
"2003","53445","11","0903","","03","Elem      ","N","Cameron","","Elementary School Type/ Prek-12","324",169,"52.160400                     ",155,"47.839500                     ",0,"0.000000                      ",3,"0.925900                      ",0,"0.000000                      ",2,"0.617200                      ",319,"98.456700                     "
"2003","53445","11","0903","","03","Mid/Jr Hi ","N","Cameron","","Middle/Junior High School Type/ Prek-12","268",129,"48.134300                     ",139,"51.865600                     ",2,"0.746200                      ",1,"0.373100                      ",1,"0.373100                      ",0,"0.000000                      ",264,"98.507400                     "
"2003","53445","11","0903","","03","High      ","N","Cameron","","High School Type/ PreK-12","277",123,"44.404300                     ",154,"55.595600                     ",4,"1.444000                      ",1,"0.361000                      ",0,"0.000000                      ",3,"1.083000                      ",269,"97.111900                     "
"2003","53445","11","0903","","03","El/Sec    ","N","Cameron","","Combined Elementary/Secondary School Type/ Prek-12","0",0,"--                            ",0,"--                            ",0,"--                            ",0,"--                            ",0,"--                            ",0,"--                            ",0,"--                            "
"2003","53445","11","0903","","03","Summary   ","N","Cameron","","Grades PreK-12","869",421,"48.446400                     ",448,"51.553500                     ",6,"0.690400                      ",5,"0.575300                      ",1,"0.115000                      ",5,"0.575300                      ",852,"98.043700                     "
"2003","52171","11","0903","0020","04","Elem      ","N","Cameron","Cameron El","Grades PreK-12","324",169,"52.160400                     ",155,"47.839500                     ",0,"0.000000                      ",3,"0.925900                      ",0,"0.000000                      ",2,"0.617200                      ",319,"98.456700                     "
"2003","52172","11","0903","0040","04","High      ","N","Cameron","Cameron Hi","Grades PreK-12","277",123,"44.404300                     ",154,"55.595600                     ",4,"1.444000                      ",1,"0.361000                      ",0,"0.000000                      ",3,"1.083000                      ",269,"97.111900                     "
"2003","54510","11","0903","0200","04","Mid/Jr Hi ","N","Cameron","Cameron Mid","Grades PreK-12","268",129,"48.134300                     ",139,"51.865600                     ",2,"0.746200                      ",1,"0.373100                      ",1,"0.373100                      ",0,"0.000000                      ",264,"98.507400                     "
"2003","54787","11","0903","9410","4C","High      ","Y","Cameron","Barron County Learning Center","Grades PreK-12","4",2,"50.000000                     ",2,"50.000000                     ",0,"0.000000                      ",0,"0.000000                      ",0,"0.000000                      ",0,"0.000000                      ",4,"100.000000                    "
"2003","53432","11","1078","","03","Elem      ","N","Chetek","","Elementary School Type/ Prek-12","457",205,"44.857700                     ",252,"55.142200                     ",1,"0.218800                      ",3,"0.656400                      ",4,"0.875200                      ",4,"0.875200                      ",445,"97.374100                     "
"2003","53432","11","1078","","03","Mid/Jr Hi ","N","Chetek","","Middle/Junior High School Type/ Prek-12","265",126,"47.547100                     ",139,"52.452800                     ",0,"0.000000                      ",6,"2.264100                      ",1,"0.377300                      ",0,"0.000000                      ",258,"97.358400                     "
"2003","53432","11","1078","","03","High      ","N","Chetek","","High School Type/ PreK-12","380",181,"47.631500                     ",199,"52.368400                     ",3,"0.789400                      ",4,"1.052600                      ",1,"0.263100                      ",1,"0.263100                      ",371,"97.631500                     "
"2003","53432","11","1078","","03","El/Sec    ","N","Chetek","","Combined Elementary/Secondary School Type/ Prek-12","0",0,"--                            ",0,"--                            ",0,"--                            ",0,"--                            ",0,"--                            ",0,"--                            ",0,"--                            "
"2003","53432","11","1078","","03","Summary   ","N","Chetek","","Grades PreK-12","1102",512,"46.460900                     ",590,"53.539000                     ",4,"0.362900                      ",13,"1.179600                      ",6,"0.544400                      ",5,"0.453700                      ",1074,"97.459100                     "
"2003","52131","11","1078","0040","04","High      ","N","Chetek","Chetek Hi","Grades PreK-12","380",181,"47.631500                     ",199,"52.368400                     ",3,"0.789400                      ",4,"1.052600                      ",1,"0.263100                      ",1,"0.263100                      ",371,"97.631500                     "
"2003","52132","11","1078","0060","04","Mid/Jr Hi ","N","Chetek","Chetek Mid","Grades PreK-12","265",126,"47.547100                     ",139,"52.452800                     ",0,"0.000000                      ",6,"2.264100                      ",1,"0.377300                      ",0,"0.000000                      ",258,"97.358400                     "
"2003","52133","11","1078","0080","04","Elem      ","N","Chetek","Roselawn El","Grades PreK-12","457",205,"44.857700                     ",252,"55.142200                     ",1,"0.218800                      ",3,"0.656400                      ",4,"0.875200                      ",4,"0.875200                      ",445,"97.374100                     "
"2003","53371","11","1120","","03","Elem      ","N","Clayton","","Elementary School Type/ Prek-12","205",110,"53.658500                     ",95,"46.341400                     ",3,"1.463400                      ",0,"0.000000                      ",2,"0.975600                      ",1,"0.487800                      ",199,"97.073100                     "
"2003","53371","11","1120","","03","Mid/Jr Hi ","N","Clayton","","Middle/Junior High School Type/ Prek-12","85",53,"62.352900                     ",32,"37.647000                     ",1,"1.176400                      ",1,"1.176400                      ",0,"0.000000                      ",0,"0.000000                      ",83,"97.647000                     "
"2003","53371","11","1120","","03","High      ","N","Clayton","","High School Type/ PreK-12","115",53,"46.086900                     ",62,"53.913000                     ",2,"1.739100                      ",0,"0.000000                      ",1,"0.869500                      ",1,"0.869500                      ",111,"96.521700                     "
"2003","53371","11","1120","","03","El/Sec    ","N","Clayton","","Combined Elementary/Secondary School Type/ Prek-12","0",0,"--                            ",0,"--                            ",0,"--                            ",0,"--                            ",0,"--                            ",0,"--                            ",0,"--                            "
"2003","53371","11","1120","","03","Summary   ","N","Clayton","","Grades PreK-12","405",216,"53.333300                     ",189,"46.666600                     ",6,"1.481400                      ",1,"0.246900                      ",3,"0.740700                      ",2,"0.493800                      ",393,"97.037000                     "
"2003","51893","11","1120","0020","04","Elem      ","N","Clayton","Clayton El","Grades PreK-12","205",110,"53.658500                     ",95,"46.341400                     ",3,"1.463400                      ",0,"0.000000                      ",2,"0.975600                      ",1,"0.487800                      ",199,"97.073100                     "
"2003","51894","11","1120","0040","04","High      ","N","Clayton","Clayton Hi","Grades PreK-12","115",53,"46.086900                     ",62,"53.913000                     ",2,"1.739100                      ",0,"0.000000                      ",1,"0.869500                      ",1,"0.869500                      ",111,"96.521700                     "
"2003","51895","11","1120","0060","04","Mid/Jr Hi ","N","Clayton","Clayton Mid","Grades PreK-12","85",53,"62.352900                     ",32,"37.647000                     ",1,"1.176400                      ",1,"1.176400                      ",0,"0.000000                      ",0,"0.000000                      ",83,"97.647000                     "
"2003","53372","11","1127","","03","Elem      ","N","Clear Lake","","Elementary School Type/ Prek-12","346",165,"47.687800                     ",181,"52.312100                     ",0,"0.000000                      ",0,"0.000000                      ",1,"0.289000                      ",2,"0.578000                      ",343,"99.132900                     "
"2003","53372","11","1127","","03","Mid/Jr Hi ","N","Clear Lake","","Middle/Junior High School Type/ Prek-12","108",51,"47.222200                     ",57,"52.777700                     ",0,"0.000000                      ",0,"0.000000                      ",0,"0.000000                      ",1,"0.925900                      ",107,"99.074000                     "
"2003","53372","11","1127","","03","High      ","N","Clear Lake","","High School Type/ PreK-12","229",117,"51.091700                     ",112,"48.908200                     ",1,"0.436600                      ",2,"0.873300                      ",1,"0.436600                      ",1,"0.436600                      ",224,"97.816500                     "
"2003","53372","11","1127","","03","El/Sec    ","N","Clear Lake","","Combined Elementary/Secondary School Type/ Prek-12","0",0,"--                            ",0,"--                            ",0,"--                            ",0,"--                            ",0,"--                            ",0,"--                            ",0,"--                            "
"2003","53372","11","1127","","03","Summary   ","N","Clear Lake","","Grades PreK-12","683",333,"48.755400                     ",350,"51.244500                     ",1,"0.146400                      ",2,"0.292800                      ",2,"0.292800                      ",4,"0.585600                      ",674,"98.682200                     "
"2003","51896","11","1127","0020","04","Elem      ","N","Clear Lake","Gaylord A Nelson Educ Center","Grades PreK-12","346",165,"47.687800                     ",181,"52.312100                     ",0,"0.000000                      ",0,"0.000000                      ",1,"0.289000                      ",2,"0.578000                      ",343,"99.132900                     "
"2003","51897","11","1127","0040","04","High      ","N","Clear Lake","Clear Lake Hi","Grades PreK-12","229",117,"51.091700                     ",112,"48.908200                     ",1,"0.436600                      ",2,"0.873300                      ",1,"0.436600                      ",1,"0.436600                      ",224,"97.816500                     "
"2003","51898","11","1127","0060","04","Mid/Jr Hi ","N","Clear Lake","Clear Lake Jr","Grades PreK-12","108",51,"47.222200                     ",57,"52.777700                     ",0,"0.000000                      ",0,"0.000000                      ",0,"0.000000                      ",1,"0.925900                      ",107,"99.074000                     "
"2003","53660","11","1176","","03","Elem      ","N","Colfax","","Elementary School Type/ Prek-12","572",298,"52.097900                     ",274,"47.902000                     ",3,"0.524400                      ",6,"1.048900                      ",2,"0.349600                      ",1,"0.174800                      ",560,"97.902000                     "
"2003","53660","11","1176","","03","Mid/Jr Hi ","N","Colfax","","Middle/Junior High School Type/ Prek-12","0",0,"--                            ",0,"--                            ",0,"--                            ",0,"--                            ",0,"--                            ",0,"--                            ",0,"--                            "
"2003","53660","11","1176","","03","High      ","N","Colfax","","High School Type/ PreK-12","288",127,"44.097200                     ",161,"55.902700                     ",0,"0.000000                      ",3,"1.041600                      ",0,"0.000000                      ",3,"1.041600                      ",282,"97.916600                     "
"2003","53660","11","1176","","03","El/Sec    ","N","Colfax","","Combined Elementary/Secondary School Type/ Prek-12","0",0,"--                            ",0,"--                            ",0,"--                            ",0,"--                            ",0,"--                            ",0,"--                            ",0,"--                            "
"2003","53660","11","1176","","03","Summary   ","N","Colfax","","Grades PreK-12","860",425,"49.418600                     ",435,"50.581300                     ",3,"0.348800                      ",9,"1.046500                      ",2,"0.232500                      ",4,"0.465100                      ",842,"97.906900                     "
"2003","54608","11","1176","0020","04","Elem      ","N","Colfax","Colfax El","Grades PreK-12","572",298,"52.097900                     ",274,"47.902000                     ",3,"0.524400                      ",6,"1.048900                      ",2,"0.349600                      ",1,"0.174800                      ",560,"97.902000                     "
"2003","52987","11","1176","0040","04","High      ","N","Colfax","Colfax Hi","Grades PreK-12","266",111,"41.729300                     ",155,"58.270600                     ",0,"0.000000                      ",3,"1.127800                      ",0,"0.000000                      ",3,"1.127800                      ",260,"97.744300                     "
"2003","54485","11","1176","0300","04","Mid/Jr Hi ","Y","Colfax","Academic Center-Middle School","Grades PreK-12","3",0,"0.000000                      ",3,"100.000000                    ",0,"0.000000                      ",0,"0.000000                      ",0,"0.000000                      ",1,"33.333300                     ",2,"66.666600                     "
"2003","54193","11","1176","0400","04","High      ","Y","Colfax","Academic Center","Grades PreK-12","22",16,"72.727200                     ",6,"27.272700                     ",0,"0.000000                      ",0,"0.000000                      ",0,"0.000000                      ",0,"0.000000                      ",22,"100.000000                    "
"2003","53677","11","1260","","03","Elem      ","N","Cumberland","","Elementary School Type/ Prek-12","447",189,"42.281800                     ",258,"57.718100                     ",33,"7.382500                      ",5,"1.118500                      ",2,"0.447400                      ",19,"4.250500                      ",388,"86.800800                     "
"2003","53677","11","1260","","03","Mid/Jr Hi ","N","Cumberland","","Middle/Junior High School Type/ Prek-12","379",171,"45.118700                     ",208,"54.881200                     ",17,"4.485400                      ",0,"0.000000                      ",3,"0.791500                      ",11,"2.902300                      ",348,"91.820500                     "
"2003","53677","11","1260","","03","High      ","N","Cumberland","","High School Type/ PreK-12","416",183,"43.990300                     ",233,"56.009600                     ",11,"2.644200                      ",4,"0.961500                      ",3,"0.721100                      ",16,"3.846100                      ",382,"91.826900                     "
"2003","53677","11","1260","","03","El/Sec    ","N","Cumberland","","Combined Elementary/Secondary School Type/ Prek-12","0",0,"--                            ",0,"--                            ",0,"--                            ",0,"--                            ",0,"--                            ",0,"--                            ",0,"--                            "
"2003","53677","11","1260","","03","Summary   ","N","Cumberland","","Grades PreK-12","1242",543,"43.719800                     ",699,"56.280100                     ",61,"4.911400                      ",9,"0.724600                      ",8,"0.644100                      ",46,"3.703700                      ",1118,"90.016100                     "
"2003","52173","11","1260","0040","04","Elem      ","N","Cumberland","Cumberland El","Grades PreK-12","447",189,"42.281800                     ",258,"57.718100                     ",33,"7.382500                      ",5,"1.118500                      ",2,"0.447400                      ",19,"4.250500                      ",388,"86.800800                     "
"2003","52174","11","1260","0050","04","Mid/Jr Hi ","N","Cumberland","Cumberland Mid","Grades PreK-12","379",171,"45.118700                     ",208,"54.881200                     ",17,"4.485400                      ",0,"0.000000                      ",3,"0.791500                      ",11,"2.902300                      ",348,"91.820500                     "
"2003","53045","11","1260","0060","04","High      ","N","Cumberland","Cumberland Hi","Grades PreK-12","416",183,"43.990300                     ",233,"56.009600                     ",11,"2.644200                      ",4,"0.961500                      ",3,"0.721100                      ",16,"3.846100                      ",382,"91.826900                     "
"2003","54788","11","1260","9410","4C","High      ","Y","Cumberland","Barron County Learning Center","Grades PreK-12","3",0,"0.000000                      ",3,"100.000000                    ",0,"0.000000                      ",0,"0.000000                      ",0,"0.000000                      ",0,"0.000000                      ",3,"100.000000                    "
"2003","53662","11","1499","","03","Elem      ","N","Durand","","Elementary School Type/ Prek-12","343",149,"43.440200                     ",194,"56.559700                     ",0,"0.000000                      ",1,"0.291500                      ",1,"0.291500                      ",3,"0.874600                      ",338,"98.542200                     "
"2003","53662","11","1499","","03","Mid/Jr Hi ","N","Durand","","Middle/Junior High School Type/ Prek-12","290",131,"45.172400                     ",159,"54.827500                     ",0,"0.000000                      ",1,"0.344800                      ",1,"0.344800                      ",3,"1.034400                      ",285,"98.275800                     "
"2003","53662","11","1499","","03","High      ","N","Durand","","High School Type/ PreK-12","452",255,"56.415900                     ",197,"43.584000                     ",0,"0.000000                      ",3,"0.663700                      ",3,"0.663700                      ",0,"0.000000                      ",446,"98.672500                     "
"2003","53662","11","1499","","03","El/Sec    ","N","Durand","","Combined Elementary/Secondary School Type/ Prek-12","0",0,"--                            ",0,"--                            ",0,"--                            ",0,"--                            ",0,"--                            ",0,"--                            ",0,"--                            "
"2003","53662","11","1499","","03","Summary   ","N","Durand","","Grades PreK-12","1085",535,"49.308700                     ",550,"50.691200                     ",0,"0.000000                      ",5,"0.460800                      ",5,"0.460800                      ",6,"0.552900                      ",1069,"98.525300                     "
"2003","52992","11","1499","0020","04","Elem      ","N","Durand","Caddie Woodlawn El","Grades PreK-12","343",149,"43.440200                     ",194,"56.559700                     ",0,"0.000000                      ",1,"0.291500                      ",1,"0.291500                      ",3,"0.874600                      ",338,"98.542200                     "
"2003","52993","11","1499","0040","04","High      ","N","Durand","Durand Hi","Grades PreK-12","452",255,"56.415900                     ",197,"43.584000                     ",0,"0.000000                      ",3,"0.663700                      ",3,"0.663700                      ",0,"0.000000                      ",446,"98.672500                     "
"2003","52980","11","1499","0060","04","Mid/Jr Hi ","N","Durand","Arkansaw Mid","Grades PreK-12","290",131,"45.172400                     ",159,"54.827500                     ",0,"0.000000                      ",1,"0.344800                      ",1,"0.344800                      ",3,"1.034400                      ",285,"98.275800                     "
"2003","53663","11","1645","","03","Elem      ","N","Elk Mound Area","","Elementary School Type/ Prek-12","458",215,"46.943200                     ",243,"53.056700                     ",5,"1.091700                      ",35,"7.641900                      ",3,"0.655000                      ",0,"0.000000                      ",415,"90.611300                     "
"2003","53663","11","1645","","03","Mid/Jr Hi ","N","Elk Mound Area","","Middle/Junior High School Type/ Prek-12","189",98,"51.851800                     ",91,"48.148100                     ",1,"0.529100                      ",9,"4.761900                      ",0,"0.000000                      ",2,"1.058200                      ",177,"93.650700                     "
"2003","53663","11","1645","","03","High      ","N","Elk Mound Area","","High School Type/ PreK-12","283",145,"51.236700                     ",138,"48.763200                     ",0,"0.000000                      ",15,"5.300300                      ",0,"0.000000                      ",4,"1.413400                      ",264,"93.286200                     "
"2003","53663","11","1645","","03","El/Sec    ","N","Elk Mound Area","","Combined Elementary/Secondary School Type/ Prek-12","0",0,"--                            ",0,"--                            ",0,"--                            ",0,"--                            ",0,"--                            ",0,"--                            ",0,"--                            "
"2003","53663","11","1645","","03","Summary   ","N","Elk Mound Area","","Grades PreK-12","930",458,"49.247300                     ",472,"50.752600                     ",6,"0.645100                      ",59,"6.344000                      ",3,"0.322500                      ",6,"0.645100                      ",856,"92.043000                     "
"2003","52996","11","1645","0020","04","Mid/Jr Hi ","N","Elk Mound Area","Elk Mound Mid","Grades PreK-12","189",98,"51.851800                     ",91,"48.148100                     ",1,"0.529100                      ",9,"4.761900                      ",0,"0.000000                      ",2,"1.058200                      ",177,"93.650700                     "
"2003","52998","11","1645","0040","04","High      ","N","Elk Mound Area","Elk Mound Hi","Grades PreK-12","283",145,"51.236700                     ",138,"48.763200                     ",0,"0.000000                      ",15,"5.300300                      ",0,"0.000000                      ",4,"1.413400                      ",264,"93.286200                     "
"2003","52999","11","1645","0060","04","Elem      ","N","Elk Mound Area","Mound View El","Grades PreK-12","458",215,"46.943200                     ",243,"53.056700                     ",5,"1.091700                      ",35,"7.641900                      ",3,"0.655000                      ",0,"0.000000                      ",415,"90.611300                     "
"2003","53566","11","1659","","03","Elem      ","N","Ellsworth Community","","Elementary School Type/ Prek-12","690",325,"47.101400                     ",365,"52.898500                     ",4,"0.579700                      ",7,"1.014400                      ",6,"0.869500                      ",2,"0.289800                      ",671,"97.246300                     "
"2003","53566","11","1659","","03","Mid/Jr Hi ","N","Ellsworth Community","","Middle/Junior High School Type/ Prek-12","447",205,"45.861200                     ",242,"54.138700                     ",2,"0.447400                      ",4,"0.894800                      ",0,"0.000000                      ",8,"1.789700                      ",433,"96.868000                     "
"2003","53566","11","1659","","03","High      ","N","Ellsworth Community","","High School Type/ PreK-12","649",317,"48.844300                     ",332,"51.155600                     ",9,"1.386700                      ",6,"0.924400                      ",0,"0.000000                      ",7,"1.078500                      ",627,"96.610100                     "
"2003","53566","11","1659","","03","El/Sec    ","N","Ellsworth Community","","Combined Elementary/Secondary School Type/ Prek-12","0",0,"--                            ",0,"--                            ",0,"--                            ",0,"--                            ",0,"--                            ",0,"--                            ",0,"--                            "
"2003","53566","11","1659","","03","Summary   ","N","Ellsworth Community","","Grades PreK-12","1786",847,"47.424400                     ",939,"52.575500                     ",15,"0.839800                      ",17,"0.951800                      ",6,"0.335900                      ",17,"0.951800                      ",1731,"96.920400                     "
"2003","51900","11","1659","0020","04","Mid/Jr Hi ","N","Ellsworth Community","Ellsworth Mid","Grades PreK-12","447",205,"45.861200                     ",242,"54.138700                     ",2,"0.447400                      ",4,"0.894800                      ",0,"0.000000                      ",8,"1.789700                      ",433,"96.868000                     "
"2003","51901","11","1659","0040","04","High      ","N","Ellsworth Community","Ellsworth Hi","Grades PreK-12","649",317,"48.844300                     ",332,"51.155600                     ",9,"1.386700                      ",6,"0.924400                      ",0,"0.000000                      ",7,"1.078500                      ",627,"96.610100                     "
"2003","51903","11","1659","0060","04","Elem      ","N","Ellsworth Community","Hillcrest El","Grades PreK-12","275",124,"45.090900                     ",151,"54.909000                     ",2,"0.727200                      ",0,"0.000000                      ",1,"0.363600                      ",2,"0.727200                      ",270,"98.181800                     "
"2003","54597","11","1659","0080","04","Elem      ","N","Ellsworth Community","Lindgren El","Grades PreK-12","102",45,"44.117600                     ",57,"55.882300                     ",0,"0.000000                      ",0,"0.000000                      ",0,"0.000000                      ",0,"0.000000                      ",102,"100.000000                    "
"2003","52628","11","1659","0120","04","Elem      ","N","Ellsworth Community","Prairie View El","Grades PreK-12","193",92,"47.668300                     ",101,"52.331600                     ",1,"0.518100                      ",6,"3.108800                      ",5,"2.590600                      ",0,"0.000000                      ",181,"93.782300                     "
"2003","51904","11","1659","0140","04","Elem      ","N","Ellsworth Community","Sunnyside El","Grades PreK-12","120",64,"53.333300                     ",56,"46.666600                     ",1,"0.833300                      ",1,"0.833300                      ",0,"0.000000                      ",0,"0.000000                      ",118,"98.333300                     "
"2003","53664","11","1666","","03","Elem      ","N","Elmwood","","Elementary School Type/ Prek-12","201",101,"50.248700                     ",100,"49.751200                     ",0,"0.000000                      ",0,"0.000000                      ",0,"0.000000                      ",0,"0.000000                      ",201,"100.000000                    "
"2003","53664","11","1666","","03","Mid/Jr Hi ","N","Elmwood","","Middle/Junior High School Type/ Prek-12","63",32,"50.793600                     ",31,"49.206300                     ",0,"0.000000                      ",0,"0.000000                      ",0,"0.000000                      ",0,"0.000000                      ",63,"100.000000                    "
"2003","53664","11","1666","","03","High      ","N","Elmwood","","High School Type/ PreK-12","126",71,"56.349200                     ",55,"43.650700                     ",0,"0.000000                      ",0,"0.000000                      ",0,"0.000000                      ",0,"0.000000                      ",126,"100.000000                    "
"2003","53664","11","1666","","03","El/Sec    ","N","Elmwood","","Combined Elementary/Secondary School Type/ Prek-12","0",0,"--                            ",0,"--                            ",0,"--                            ",0,"--                            ",0,"--                            ",0,"--                            ",0,"--                            "
"2003","53664","11","1666","","03","Summary   ","N","Elmwood","","Grades PreK-12","390",204,"52.307600                     ",186,"47.692300                     ",0,"0.000000                      ",0,"0.000000                      ",0,"0.000000                      ",0,"0.000000                      ",390,"100.000000                    "
"2003","53000","11","1666","0020","04","Elem      ","N","Elmwood","Elmwood El","Grades PreK-12","201",101,"50.248700                     ",100,"49.751200                     ",0,"0.000000                      ",0,"0.000000                      ",0,"0.000000                      ",0,"0.000000                      ",201,"100.000000                    "
"2003","53001","11","1666","0030","04","Mid/Jr Hi ","N","Elmwood","Elmwood Mid","Grades PreK-12","63",32,"50.793600                     ",31,"49.206300                     ",0,"0.000000                      ",0,"0.000000                      ",0,"0.000000                      ",0,"0.000000                      ",63,"100.000000                    "
"2003","53002","11","1666","0040","04","High      ","N","Elmwood","Elmwood Hi","Grades PreK-12","126",71,"56.349200                     ",55,"43.650700                     ",0,"0.000000                      ",0,"0.000000                      ",0,"0.000000                      ",0,"0.000000                      ",126,"100.000000                    "
"2003","53679","11","1939","","03","Elem      ","N","Frederic","","Elementary School Type/ Prek-12","285",129,"45.263100                     ",156,"54.736800                     ",15,"5.263100                      ",6,"2.105200                      ",1,"0.350800                      ",2,"0.701700                      ",261,"91.578900                     "
"2003","53679","11","1939","","03","Mid/Jr Hi ","N","Frederic","","Middle/Junior High School Type/ Prek-12","0",0,"--                            ",0,"--                            ",0,"--                            ",0,"--                            ",0,"--                            ",0,"--                            ",0,"--                            "
"2003","53679","11","1939","","03","High      ","N","Frederic","","High School Type/ PreK-12","306",150,"49.019600                     ",156,"50.980300                     ",11,"3.594700                      ",5,"1.633900                      ",2,"0.653500                      ",1,"0.326700                      ",287,"93.790800                     "
"2003","53679","11","1939","","03","El/Sec    ","N","Frederic","","Combined Elementary/Secondary School Type/ Prek-12","0",0,"--                            ",0,"--                            ",0,"--                            ",0,"--                            ",0,"--                            ",0,"--                            ",0,"--                            "
"2003","53679","11","1939","","03","Summary   ","N","Frederic","","Grades PreK-12","591",279,"47.208100                     ",312,"52.791800                     ",26,"4.399300                      ",11,"1.861200                      ",3,"0.507600                      ",3,"0.507600                      ",548,"92.724100                     "
"2003","53053","11","1939","0020","04","Elem      ","N","Frederic","Frederic El","Grades PreK-12","285",129,"45.263100                     ",156,"54.736800                     ",15,"5.263100                      ",6,"2.105200                      ",1,"0.350800                      ",2,"0.701700                      ",261,"91.578900                     "
"2003","53054","11","1939","0040","04","High      ","N","Frederic","Frederic 7-12 Sch","Grades PreK-12","306",150,"49.019600                     ",156,"50.980300                     ",11,"3.594700                      ",5,"1.633900                      ",2,"0.653500                      ",1,"0.326700                      ",287,"93.790800                     "
"2003","53569","11","2198","","03","Elem      ","N","Glenwood City","","Elementary School Type/ Prek-12","403",182,"45.161200                     ",221,"54.838700                     ",1,"0.248100                      ",3,"0.744400                      ",0,"0.000000                      ",5,"1.240600                      ",394,"97.766700                     "
"2003","53569","11","2198","","03","Mid/Jr Hi ","N","Glenwood City","","Middle/Junior High School Type/ Prek-12","144",71,"49.305500                     ",73,"50.694400                     ",0,"0.000000                      ",2,"1.388800                      ",0,"0.000000                      ",0,"0.000000                      ",142,"98.611100                     "
"2003","53569","11","2198","","03","High      ","N","Glenwood City","","High School Type/ PreK-12","302",143,"47.350900                     ",159,"52.649000                     ",0,"0.000000                      ",4,"1.324500                      ",1,"0.331100                      ",0,"0.000000                      ",297,"98.344300                     "
"2003","53569","11","2198","","03","El/Sec    ","N","Glenwood City","","Combined Elementary/Secondary School Type/ Prek-12","0",0,"--                            ",0,"--                            ",0,"--                            ",0,"--                            ",0,"--                            ",0,"--                            ",0,"--                            "
"2003","53569","11","2198","","03","Summary   ","N","Glenwood City","","Grades PreK-12","849",396,"46.643100                     ",453,"53.356800                     ",1,"0.117700                      ",9,"1.060000                      ",1,"0.117700                      ",5,"0.588900                      ",833,"98.115400                     "
"2003","52624","11","2198","0060","04","Elem      ","N","Glenwood City","Glenwood City El","Grades PreK-12","308",139,"45.129800                     ",169,"54.870100                     ",1,"0.324600                      ",3,"0.974000                      ",0,"0.000000                      ",5,"1.623300                      ",299,"97.077900                     "
"2003","52625","11","2198","0080","04","High      ","N","Glenwood City","Glenwood City Hi","Grades PreK-12","291",138,"47.422600                     ",153,"52.577300                     ",0,"0.000000                      ",4,"1.374500                      ",1,"0.343600                      ",0,"0.000000                      ",286,"98.281700                     "
"2003","52626","11","2198","0100","04","Mid/Jr Hi ","N","Glenwood City","Glenwood City Jr","Grades PreK-12","144",71,"49.305500                     ",73,"50.694400                     ",0,"0.000000                      ",2,"1.388800                      ",0,"0.000000                      ",0,"0.000000                      ",142,"98.611100                     "
"2003","52627","11","2198","0120","04","Elem      ","N","Glenwood City","Saint John's El","Grades PreK-12","95",43,"45.263100                     ",52,"54.736800                     ",0,"0.000000                      ",0,"0.000000                      ",0,"0.000000                      ",0,"0.000000                      ",95,"100.000000                    "
"2003","54631","11","2198","0400","04","High      ","Y","Glenwood City","Transitional Skills Center","Grades PreK-12","11",5,"45.454500                     ",6,"54.545400                     ",0,"0.000000                      ",0,"0.000000                      ",0,"0.000000                      ",0,"0.000000                      ",11,"100.000000                    "
"2003","53680","11","2233","","03","Elem      ","N","Grantsburg","","Elementary School Type/ Prek-12","313",133,"42.492000                     ",180,"57.507900                     ",5,"1.597400                      ",1,"0.319400                      ",3,"0.958400                      ",4,"1.277900                      ",300,"95.846600                     "
"2003","53680","11","2233","","03","Mid/Jr Hi ","N","Grantsburg","","Middle/Junior High School Type/ Prek-12","378",186,"49.206300                     ",192,"50.793600                     ",4,"1.058200                      ",0,"0.000000                      ",1,"0.264500                      ",7,"1.851800                      ",366,"96.825300                     "
"2003","53680","11","2233","","03","High      ","N","Grantsburg","","High School Type/ PreK-12","310",149,"48.064500                     ",161,"51.935400                     ",6,"1.935400                      ",1,"0.322500                      ",3,"0.967700                      ",1,"0.322500                      ",299,"96.451600                     "
"2003","53680","11","2233","","03","El/Sec    ","N","Grantsburg","","Combined Elementary/Secondary School Type/ Prek-12","0",0,"--                            ",0,"--                            ",0,"--                            ",0,"--                            ",0,"--                            ",0,"--                            ",0,"--                            "
"2003","53680","11","2233","","03","Summary   ","N","Grantsburg","","Grades PreK-12","1001",468,"46.753200                     ",533,"53.246700                     ",15,"1.498500                      ",2,"0.199800                      ",7,"0.699300                      ",12,"1.198800                      ",965,"96.403500                     "
"2003","53055","11","2233","0060","04","Elem      ","N","Grantsburg","Grantsburg El","Grades PreK-12","217",95,"43.778800                     ",122,"56.221100                     ",2,"0.921600                      ",1,"0.460800                      ",3,"1.382400                      ",1,"0.460800                      ",210,"96.774100                     "
"2003","53056","11","2233","0080","04","High      ","N","Grantsburg","Grantsburg Hi","Grades PreK-12","310",149,"48.064500                     ",161,"51.935400                     ",6,"1.935400                      ",1,"0.322500                      ",3,"0.967700                      ",1,"0.322500                      ",299,"96.451600                     "
"2003","53057","11","2233","0100","04","Mid/Jr Hi ","N","Grantsburg","Grantsburg Mid","Grades PreK-12","378",186,"49.206300                     ",192,"50.793600                     ",4,"1.058200                      ",0,"0.000000                      ",1,"0.264500                      ",7,"1.851800                      ",366,"96.825300                     "
"2003","53058","11","2233","0120","04","Elem      ","N","Grantsburg","Nelson El","Grades PreK-12","96",38,"39.583300                     ",58,"60.416600                     ",3,"3.125000                      ",0,"0.000000                      ",0,"0.000000                      ",3,"3.125000                      ",90,"93.750000                     "
"2003","53570","11","2422","","03","Elem      ","N","Saint Croix Central","","Elementary School Type/ Prek-12","482",231,"47.925300                     ",251,"52.074600                     ",10,"2.074600                      ",1,"0.207400                      ",5,"1.037300                      ",2,"0.414900                      ",464,"96.265500                     "
"2003","53570","11","2422","","03","Mid/Jr Hi ","N","Saint Croix Central","","Middle/Junior High School Type/ Prek-12","244",140,"57.377000                     ",104,"42.622900                     ",1,"0.409800                      ",3,"1.229500                      ",0,"0.000000                      ",1,"0.409800                      ",239,"97.950800                     "
"2003","53570","11","2422","","03","High      ","N","Saint Croix Central","","High School Type/ PreK-12","324",150,"46.296200                     ",174,"53.703700                     ",1,"0.308600                      ",4,"1.234500                      ",0,"0.000000                      ",0,"0.000000                      ",319,"98.456700                     "
"2003","53570","11","2422","","03","El/Sec    ","N","Saint Croix Central","","Combined Elementary/Secondary School Type/ Prek-12","0",0,"--                            ",0,"--                            ",0,"--                            ",0,"--                            ",0,"--                            ",0,"--                            ",0,"--                            "
"2003","53570","11","2422","","03","Summary   ","N","Saint Croix Central","","Grades PreK-12","1050",521,"49.619000                     ",529,"50.380900                     ",12,"1.142800                      ",8,"0.761900                      ",5,"0.476100                      ",3,"0.285700                      ",1022,"97.333300                     "
"2003","51911","11","2422","0040","04","Elem      ","N","Saint Croix Central","Saint Croix Central El","Grades PreK-12","482",231,"47.925300                     ",251,"52.074600                     ",10,"2.074600                      ",1,"0.207400                      ",5,"1.037300                      ",2,"0.414900                      ",464,"96.265500                     "
"2003","52629","11","2422","0060","04","High      ","N","Saint Croix Central","Saint Croix Hi","Grades PreK-12","324",150,"46.296200                     ",174,"53.703700                     ",1,"0.308600                      ",4,"1.234500                      ",0,"0.000000                      ",0,"0.000000                      ",319,"98.456700                     "
"2003","52630","11","2422","0080","04","Mid/Jr Hi ","N","Saint Croix Central","Saint Croix Mid","Grades PreK-12","244",140,"57.377000                     ",104,"42.622900                     ",1,"0.409800                      ",3,"1.229500                      ",0,"0.000000                      ",1,"0.409800                      ",239,"97.950800                     "
"2003","53571","11","2611","","03","Elem      ","N","Hudson","","Elementary School Type/ Prek-12","1930",907,"46.994800                     ",1023,"53.005100                     ",8,"0.414500                      ",31,"1.606200                      ",29,"1.502500                      ",24,"1.243500                      ",1838,"95.233100                     "
"2003","53571","11","2611","","03","Mid/Jr Hi ","N","Hudson","","Middle/Junior High School Type/ Prek-12","1099",505,"45.950800                     ",594,"54.049100                     ",10,"0.909900                      ",24,"2.183800                      ",9,"0.818900                      ",14,"1.273800                      ",1042,"94.813400                     "
"2003","53571","11","2611","","03","High      ","N","Hudson","","High School Type/ PreK-12","1397",679,"48.604100                     ",718,"51.395800                     ",3,"0.214700                      ",27,"1.932700                      ",7,"0.501000                      ",16,"1.145300                      ",1344,"96.206100                     "
"2003","53571","11","2611","","03","El/Sec    ","N","Hudson","","Combined Elementary/Secondary School Type/ Prek-12","0",0,"--                            ",0,"--                            ",0,"--                            ",0,"--                            ",0,"--                            ",0,"--                            ",0,"--                            "
"2003","53571","11","2611","","03","Summary   ","N","Hudson","","Grades PreK-12","4426",2091,"47.243500                     ",2335,"52.756400                     ",21,"0.474400                      ",82,"1.852600                      ",45,"1.016700                      ",54,"1.220000                      ",4224,"95.436000                     "
"2003","52631","11","2611","0010","04","Elem      ","N","Hudson","Willow River El","Grades PreK-12","343",167,"48.688000                     ",176,"51.311900                     ",0,"0.000000                      ",13,"3.790000                      ",5,"1.457700                      ",7,"2.040800                      ",318,"92.711300                     "
"2003","51919","11","2611","0020","04","Elem      ","N","Hudson","Houlton El","Grades PreK-12","191",85,"44.502600                     ",106,"55.497300                     ",0,"0.000000                      ",1,"0.523500                      ",0,"0.000000                      ",0,"0.000000                      ",190,"99.476400                     "
"2003","52632","11","2611","0070","04","Mid/Jr Hi ","N","Hudson","Hudson Mid","Grades PreK-12","1099",505,"45.950800                     ",594,"54.049100                     ",10,"0.909900                      ",24,"2.183800                      ",9,"0.818900                      ",14,"1.273800                      ",1042,"94.813400                     "
"2003","52633","11","2611","0080","04","High      ","N","Hudson","Hudson Hi","Grades PreK-12","1397",679,"48.604100                     ",718,"51.395800                     ",3,"0.214700                      ",27,"1.932700                      ",7,"0.501000                      ",16,"1.145300                      ",1344,"96.206100                     "
"2003","52634","11","2611","0100","04","Elem      ","N","Hudson","North Hudson El","Grades PreK-12","373",173,"46.380600                     ",200,"53.619300                     ",1,"0.268000                      ",3,"0.804200                      ",4,"1.072300                      ",0,"0.000000                      ",365,"97.855200                     "
"2003","52635","11","2611","0120","04","Elem      ","N","Hudson","Rock El","Grades PreK-12","500",222,"44.400000                     ",278,"55.600000                     ",7,"1.400000                      ",8,"1.600000                      ",19,"3.800000                      ",11,"2.200000                      ",455,"91.000000                     "
"2003","53243","11","2611","0140","04","Elem      ","N","Hudson","Hudson Prairie El","Grades PreK-12","523",260,"49.713100                     ",263,"50.286800                     ",0,"0.000000                      ",6,"1.147200                      ",1,"0.191200                      ",6,"1.147200                      ",510,"97.514300                     "
"2003","53446","11","3213","","03","Elem      ","N","Luck","","Elementary School Type/ Prek-12","294",133,"45.238000                     ",161,"54.761900                     ",5,"1.700600                      ",1,"0.340100                      ",1,"0.340100                      ",4,"1.360500                      ",283,"96.258500                     "
"2003","53446","11","3213","","03","Mid/Jr Hi ","N","Luck","","Middle/Junior High School Type/ Prek-12","0",0,"--                            ",0,"--                            ",0,"--                            ",0,"--                            ",0,"--                            ",0,"--                            ",0,"--                            "
"2003","53446","11","3213","","03","High      ","N","Luck","","High School Type/ PreK-12","338",164,"48.520700                     ",174,"51.479200                     ",1,"0.295800                      ",0,"0.000000                      ",1,"0.295800                      ",5,"1.479200                      ",331,"97.928900                     "
"2003","53446","11","3213","","03","El/Sec    ","N","Luck","","Combined Elementary/Secondary School Type/ Prek-12","0",0,"--                            ",0,"--                            ",0,"--                            ",0,"--                            ",0,"--                            ",0,"--                            ",0,"--                            "
"2003","53446","11","3213","","03","Summary   ","N","Luck","","Grades PreK-12","632",297,"46.993600                     ",335,"53.006300                     ",6,"0.949300                      ",1,"0.158200                      ",2,"0.316400                      ",9,"1.424000                      ",614,"97.151800                     "
"2003","52176","11","3213","0040","04","Elem      ","N","Luck","Luck El","Grades PreK-12","294",133,"45.238000                     ",161,"54.761900                     ",5,"1.700600                      ",1,"0.340100                      ",1,"0.340100                      ",4,"1.360500                      ",283,"96.258500                     "
"2003","52177","11","3213","0060","04","High      ","N","Luck","Luck Hi","Grades PreK-12","338",164,"48.520700                     ",174,"51.479200                     ",1,"0.295800                      ",0,"0.000000                      ",1,"0.295800                      ",5,"1.479200                      ",331,"97.928900                     "
"2003","53437","11","3444","","03","Elem      ","N","Menomonie Area","","Elementary School Type/ Prek-12","1371",684,"49.890500                     ",687,"50.109400                     ",9,"0.656400                      ",165,"12.035000                     ",28,"2.042300                      ",9,"0.656400                      ",1160,"84.609700                     "
"2003","53437","11","3444","","03","Mid/Jr Hi ","N","Menomonie Area","","Middle/Junior High School Type/ Prek-12","818",406,"49.633200                     ",412,"50.366700                     ",5,"0.611200                      ",95,"11.613600                     ",15,"1.833700                      ",4,"0.488900                      ",699,"85.452300                     "
"2003","53437","11","3444","","03","High      ","N","Menomonie Area","","High School Type/ PreK-12","1159",557,"48.058600                     ",602,"51.941300                     ",8,"0.690200                      ",90,"7.765300                      ",8,"0.690200                      ",13,"1.121600                      ",1040,"89.732500                     "
"2003","53437","11","3444","","03","El/Sec    ","N","Menomonie Area","","Combined Elementary/Secondary School Type/ Prek-12","0",0,"--                            ",0,"--                            ",0,"--                            ",0,"--                            ",0,"--                            ",0,"--                            ",0,"--                            "
"2003","53437","11","3444","","03","Summary   ","N","Menomonie Area","","Grades PreK-12","3348",1647,"49.193500                     ",1701,"50.806400                     ",22,"0.657100                      ",350,"10.454000                     ",51,"1.523200                      ",26,"0.776500                      ",2899,"86.589000                     "
"2003","52148","11","3444","0020","04","Elem      ","N","Menomonie Area","Cedar Falls/Wakanda El","Grades PreK-12","380",192,"50.526300                     ",188,"49.473600                     ",0,"0.000000                      ",29,"7.631500                      ",0,"0.000000                      ",3,"0.789400                      ",348,"91.578900                     "
"2003","52991","11","3444","0060","04","Elem      ","N","Menomonie Area","Downsville El","Grades PreK-12","130",64,"49.230700                     ",66,"50.769200                     ",0,"0.000000                      ",0,"0.000000                      ",0,"0.000000                      ",0,"0.000000                      ",130,"100.000000                    "
"2003","52147","11","3444","0110","04","Elem      ","N","Menomonie Area","Knapp El","Grades PreK-12","116",52,"44.827500                     ",64,"55.172400                     ",4,"3.448200                      ",4,"3.448200                      ",0,"0.000000                      ",1,"0.862000                      ",107,"92.241300                     "
"2003","52149","11","3444","0160","04","Mid/Jr Hi ","N","Menomonie Area","Menomonie Mid","Grades PreK-12","818",406,"49.633200                     ",412,"50.366700                     ",5,"0.611200                      ",95,"11.613600                     ",15,"1.833700                      ",4,"0.488900                      ",699,"85.452300                     "
"2003","52150","11","3444","0180","04","High      ","N","Menomonie Area","Menomonie Hi","Grades PreK-12","1117",542,"48.522800                     ",575,"51.477100                     ",8,"0.716200                      ",83,"7.430600                      ",8,"0.716200                      ",10,"0.895200                      ",1008,"90.241700                     "
"2003","52151","11","3444","0210","04","Elem      ","N","Menomonie Area","Oaklawn El","Grades PreK-12","353",192,"54.390900                     ",161,"45.609000                     ",2,"0.566500                      ",26,"7.365400                      ",9,"2.549500                      ",2,"0.566500                      ",314,"88.951800                     "
"2003","52152","11","3444","0220","04","Elem      ","N","Menomonie Area","River Heights El","Grades PreK-12","392",184,"46.938700                     ",208,"53.061200                     ",3,"0.765300                      ",106,"27.040800                     ",19,"4.846900                      ",3,"0.765300                      ",261,"66.581600                     "
"2003","53242","11","3444","0400","04","High      ","Y","Menomonie Area","Lucas Charter School","Grades PreK-12","42",15,"35.714200                     ",27,"64.285700                     ",0,"0.000000                      ",7,"16.666600                     ",0,"0.000000                      ",3,"7.142800                      ",32,"76.190400                     "
"2003","53572","11","3962","","03","Elem      ","N","New Richmond","","Elementary School Type/ Prek-12","1021",482,"47.208600                     ",539,"52.791300                     ",9,"0.881400                      ",10,"0.979400                      ",13,"1.273200                      ",15,"1.469100                      ",974,"95.396600                     "
"2003","53572","11","3962","","03","Mid/Jr Hi ","N","New Richmond","","Middle/Junior High School Type/ Prek-12","617",324,"52.512100                     ",293,"47.487800                     ",2,"0.324100                      ",9,"1.458600                      ",4,"0.648200                      ",11,"1.782800                      ",591,"95.786000                     "
"2003","53572","11","3962","","03","High      ","N","New Richmond","","High School Type/ PreK-12","805",404,"50.186300                     ",401,"49.813600                     ",4,"0.496800                      ",14,"1.739100                      ",3,"0.372600                      ",11,"1.366400                      ",773,"96.024800                     "
"2003","53572","11","3962","","03","El/Sec    ","N","New Richmond","","Combined Elementary/Secondary School Type/ Prek-12","0",0,"--                            ",0,"--                            ",0,"--                            ",0,"--                            ",0,"--                            ",0,"--                            ",0,"--                            "
"2003","53572","11","3962","","03","Summary   ","N","New Richmond","","Grades PreK-12","2443",1210,"49.529200                     ",1233,"50.470700                     ",15,"0.613900                      ",33,"1.350700                      ",20,"0.818600                      ",37,"1.514500                      ",2338,"95.702000                     "
"2003","52636","11","3962","0010","04","Elem      ","N","New Richmond","New Richmond East El","Grades PreK-12","396",178,"44.949400                     ",218,"55.050500                     ",4,"1.010100                      ",3,"0.757500                      ",3,"0.757500                      ",8,"2.020200                      ",378,"95.454500                     "
"2003","52637","11","3962","0020","04","Elem      ","N","New Richmond","New Richmond West El","Grades PreK-12","625",304,"48.640000                     ",321,"51.360000                     ",5,"0.800000                      ",7,"1.120000                      ",10,"1.600000                      ",7,"1.120000                      ",596,"95.360000                     "
"2003","52638","11","3962","0040","04","Mid/Jr Hi ","N","New Richmond","New Richmond Mid","Grades PreK-12","617",324,"52.512100                     ",293,"47.487800                     ",2,"0.324100                      ",9,"1.458600                      ",4,"0.648200                      ",11,"1.782800                      ",591,"95.786000                     "
"2003","52639","11","3962","0060","04","High      ","N","New Richmond","New Richmond Hi","Grades PreK-12","805",404,"50.186300                     ",401,"49.813600                     ",4,"0.496800                      ",14,"1.739100                      ",3,"0.372600                      ",11,"1.366400                      ",773,"96.024800                     "
"2003","53573","11","4165","","03","Elem      ","N","Osceola","","Elementary School Type/ Prek-12","754",398,"52.785100                     ",356,"47.214800                     ",2,"0.265200                      ",9,"1.193600                      ",6,"0.795700                      ",19,"2.519800                      ",718,"95.225400                     "
"2003","53573","11","4165","","03","Mid/Jr Hi ","N","Osceola","","Middle/Junior High School Type/ Prek-12","420",212,"50.476100                     ",208,"49.523800                     ",7,"1.666600                      ",2,"0.476100                      ",5,"1.190400                      ",8,"1.904700                      ",398,"94.761900                     "
"2003","53573","11","4165","","03","High      ","N","Osceola","","High School Type/ PreK-12","583",286,"49.056600                     ",297,"50.943300                     ",6,"1.029100                      ",3,"0.514500                      ",4,"0.686100                      ",8,"1.372200                      ",562,"96.397900                     "
"2003","53573","11","4165","","03","El/Sec    ","N","Osceola","","Combined Elementary/Secondary School Type/ Prek-12","0",0,"--                            ",0,"--                            ",0,"--                            ",0,"--                            ",0,"--                            ",0,"--                            ",0,"--                            "
"2003","53573","11","4165","","03","Summary   ","N","Osceola","","Grades PreK-12","1757",896,"50.996000                     ",861,"49.003900                     ",15,"0.853700                      ",14,"0.796800                      ",15,"0.853700                      ",35,"1.992000                      ",1678,"95.503600                     "
"2003","52640","11","4165","0040","04","Elem      ","N","Osceola","Osceola El","Grades PreK-12","373",193,"51.742600                     ",180,"48.257300                     ",2,"0.536100                      ",6,"1.608500                      ",3,"0.804200                      ",12,"3.217100                      ",350,"93.833700                     "
"2003","50185","11","4165","0050","04","Elem      ","N","Osceola","Osceola Intermediate","Grades PreK-12","381",205,"53.805700                     ",176,"46.194200                     ",0,"0.000000                      ",3,"0.787400                      ",3,"0.787400                      ",7,"1.837200                      ",368,"96.587900                     "
"2003","52641","11","4165","0060","04","High      ","N","Osceola","Osceola Hi","Grades PreK-12","583",286,"49.056600                     ",297,"50.943300                     ",6,"1.029100                      ",3,"0.514500                      ",4,"0.686100                      ",8,"1.372200                      ",562,"96.397900                     "
"2003","52642","11","4165","0080","04","Mid/Jr Hi ","N","Osceola","Osceola Mid","Grades PreK-12","420",212,"50.476100                     ",208,"49.523800                     ",7,"1.666600                      ",2,"0.476100                      ",5,"1.190400                      ",8,"1.904700                      ",398,"94.761900                     "
"2003","53668","11","4270","","03","Elem      ","N","Pepin Area","","Elementary School Type/ Prek-12","159",75,"47.169800                     ",84,"52.830100                     ",1,"0.628900                      ",1,"0.628900                      ",3,"1.886700                      ",0,"0.000000                      ",154,"96.855300                     "
"2003","53668","11","4270","","03","Mid/Jr Hi ","N","Pepin Area","","Middle/Junior High School Type/ Prek-12","0",0,"--                            ",0,"--                            ",0,"--                            ",0,"--                            ",0,"--                            ",0,"--                            ",0,"--                            "
"2003","53668","11","4270","","03","High      ","N","Pepin Area","","High School Type/ PreK-12","170",90,"52.941100                     ",80,"47.058800                     ",0,"0.000000                      ",2,"1.176400                      ",2,"1.176400                      ",1,"0.588200                      ",165,"97.058800                     "
"2003","53668","11","4270","","03","El/Sec    ","N","Pepin Area","","Combined Elementary/Secondary School Type/ Prek-12","0",0,"--                            ",0,"--                            ",0,"--                            ",0,"--                            ",0,"--                            ",0,"--                            ",0,"--                            "
"2003","53668","11","4270","","03","Summary   ","N","Pepin Area","","Grades PreK-12","329",165,"50.151900                     ",164,"49.848000                     ",1,"0.303900                      ",3,"0.911800                      ",5,"1.519700                      ",1,"0.303900                      ",319,"96.960400                     "
"2003","53012","11","4270","0020","04","Elem      ","N","Pepin Area","Pepin El","Grades PreK-12","159",75,"47.169800                     ",84,"52.830100                     ",1,"0.628900                      ",1,"0.628900                      ",3,"1.886700                      ",0,"0.000000                      ",154,"96.855300                     "
"2003","53013","11","4270","0040","04","High      ","N","Pepin Area","Pepin Hi","Grades PreK-12","170",90,"52.941100                     ",80,"47.058800                     ",0,"0.000000                      ",2,"1.176400                      ",2,"1.176400                      ",1,"0.588200                      ",165,"97.058800                     "
"2003","53669","11","4459","","03","Elem      ","N","Plum City","","Elementary School Type/ Prek-12","166",75,"45.180700                     ",91,"54.819200                     ",0,"0.000000                      ",0,"0.000000                      ",0,"0.000000                      ",2,"1.204800                      ",164,"98.795100                     "
"2003","53669","11","4459","","03","Mid/Jr Hi ","N","Plum City","","Middle/Junior High School Type/ Prek-12","0",0,"--                            ",0,"--                            ",0,"--                            ",0,"--                            ",0,"--                            ",0,"--                            ",0,"--                            "
"2003","53669","11","4459","","03","High      ","N","Plum City","","High School Type/ PreK-12","225",110,"48.888800                     ",115,"51.111100                     ",0,"0.000000                      ",1,"0.444400                      ",0,"0.000000                      ",0,"0.000000                      ",224,"99.555500                     "
"2003","53669","11","4459","","03","El/Sec    ","N","Plum City","","Combined Elementary/Secondary School Type/ Prek-12","0",0,"--                            ",0,"--                            ",0,"--                            ",0,"--                            ",0,"--                            ",0,"--                            ",0,"--                            "
"2003","53669","11","4459","","03","Summary   ","N","Plum City","","Grades PreK-12","391",185,"47.314500                     ",206,"52.685400                     ",0,"0.000000                      ",1,"0.255700                      ",0,"0.000000                      ",2,"0.511500                      ",388,"99.232700                     "
"2003","53014","11","4459","0020","04","Elem      ","N","Plum City","Plum City El","Grades PreK-12","166",75,"45.180700                     ",91,"54.819200                     ",0,"0.000000                      ",0,"0.000000                      ",0,"0.000000                      ",2,"1.204800                      ",164,"98.795100                     "
"2003","53015","11","4459","0040","04","High      ","N","Plum City","Plum City Hi","Grades PreK-12","225",110,"48.888800                     ",115,"51.111100                     ",0,"0.000000                      ",1,"0.444400                      ",0,"0.000000                      ",0,"0.000000                      ",224,"99.555500                     "
"2003","53670","11","4557","","03","Elem      ","N","Prairie Farm","","Elementary School Type/ Prek-12","149",72,"48.322100                     ",77,"51.677800                     ",3,"2.013400                      ",2,"1.342200                      ",0,"0.000000                      ",1,"0.671100                      ",143,"95.973100                     "
"2003","53670","11","4557","","03","Mid/Jr Hi ","N","Prairie Farm","","Middle/Junior High School Type/ Prek-12","79",41,"51.898700                     ",38,"48.101200                     ",2,"2.531600                      ",1,"1.265800                      ",0,"0.000000                      ",0,"0.000000                      ",76,"96.202500                     "
"2003","53670","11","4557","","03","High      ","N","Prairie Farm","","High School Type/ PreK-12","125",55,"44.000000                     ",70,"56.000000                     ",1,"0.800000                      ",2,"1.600000                      ",1,"0.800000                      ",2,"1.600000                      ",119,"95.200000                     "
"2003","53670","11","4557","","03","El/Sec    ","N","Prairie Farm","","Combined Elementary/Secondary School Type/ Prek-12","0",0,"--                            ",0,"--                            ",0,"--                            ",0,"--                            ",0,"--                            ",0,"--                            ",0,"--                            "
"2003","53670","11","4557","","03","Summary   ","N","Prairie Farm","","Grades PreK-12","353",168,"47.592000                     ",185,"52.407900                     ",6,"1.699700                      ",5,"1.416400                      ",1,"0.283200                      ",3,"0.849800                      ",338,"95.750700                     "
"2003","53016","11","4557","0020","04","Elem      ","N","Prairie Farm","Prairie Farm El","Grades PreK-12","149",72,"48.322100                     ",77,"51.677800                     ",3,"2.013400                      ",2,"1.342200                      ",0,"0.000000                      ",1,"0.671100                      ",143,"95.973100                     "
"2003","53017","11","4557","0030","04","Mid/Jr Hi ","N","Prairie Farm","Prairie Farm Mid","Grades PreK-12","79",41,"51.898700                     ",38,"48.101200                     ",2,"2.531600                      ",1,"1.265800                      ",0,"0.000000                      ",0,"0.000000                      ",76,"96.202500                     "
"2003","53019","11","4557","0040","04","High      ","N","Prairie Farm","Prairie Farm Hi","Grades PreK-12","125",55,"44.000000                     ",70,"56.000000                     ",1,"0.800000                      ",2,"1.600000                      ",1,"0.800000                      ",2,"1.600000                      ",119,"95.200000                     "
"2003","53373","11","4578","","03","Elem      ","N","Prescott","","Elementary School Type/ Prek-12","458",220,"48.034900                     ",238,"51.965000                     ",3,"0.655000                      ",4,"0.873300                      ",4,"0.873300                      ",5,"1.091700                      ",442,"96.506500                     "
"2003","53373","11","4578","","03","Mid/Jr Hi ","N","Prescott","","Middle/Junior High School Type/ Prek-12","298",137,"45.973100                     ",161,"54.026800                     ",3,"1.006700                      ",2,"0.671100                      ",1,"0.335500                      ",2,"0.671100                      ",290,"97.315400                     "
"2003","53373","11","4578","","03","High      ","N","Prescott","","High School Type/ PreK-12","417",215,"51.558700                     ",202,"48.441200                     ",4,"0.959200                      ",1,"0.239800                      ",7,"1.678600                      ",9,"2.158200                      ",396,"94.964000                     "
"2003","53373","11","4578","","03","El/Sec    ","N","Prescott","","Combined Elementary/Secondary School Type/ Prek-12","0",0,"--                            ",0,"--                            ",0,"--                            ",0,"--                            ",0,"--                            ",0,"--                            ",0,"--                            "
"2003","53373","11","4578","","03","Summary   ","N","Prescott","","Grades PreK-12","1173",572,"48.763800                     ",601,"51.236100                     ",10,"0.852500                      ",7,"0.596700                      ",12,"1.023000                      ",16,"1.364000                      ",1128,"96.163600                     "
"2003","52643","11","4578","0040","04","Elem      ","N","Prescott","Malone El","Grades PreK-12","458",220,"48.034900                     ",238,"51.965000                     ",3,"0.655000                      ",4,"0.873300                      ",4,"0.873300                      ",5,"1.091700                      ",442,"96.506500                     "
"2003","52644","11","4578","0060","04","High      ","N","Prescott","Prescott Hi","Grades PreK-12","417",215,"51.558700                     ",202,"48.441200                     ",4,"0.959200                      ",1,"0.239800                      ",7,"1.678600                      ",9,"2.158200                      ",396,"94.964000                     "
"2003","51905","11","4578","0080","04","Mid/Jr Hi ","N","Prescott","Prescott Mid","Grades PreK-12","298",137,"45.973100                     ",161,"54.026800                     ",3,"1.006700                      ",2,"0.671100                      ",1,"0.335500                      ",2,"0.671100                      ",290,"97.315400                     "
"2003","53451","11","4802","","03","Elem      ","N","Rice Lake Area","","Elementary School Type/ Prek-12","1159",563,"48.576300                     ",596,"51.423600                     ",5,"0.431400                      ",17,"1.466700                      ",8,"0.690200                      ",18,"1.553000                      ",1111,"95.858400                     "
"2003","53451","11","4802","","03","Mid/Jr Hi ","N","Rice Lake Area","","Middle/Junior High School Type/ Prek-12","557",283,"50.807800                     ",274,"49.192100                     ",6,"1.077100                      ",5,"0.897600                      ",2,"0.359000                      ",10,"1.795300                      ",534,"95.870700                     "
"2003","53451","11","4802","","03","High      ","N","Rice Lake Area","","High School Type/ PreK-12","926",450,"48.596100                     ",476,"51.403800                     ",4,"0.431900                      ",15,"1.619800                      ",3,"0.323900                      ",12,"1.295800                      ",892,"96.328200                     "
"2003","53451","11","4802","","03","El/Sec    ","N","Rice Lake Area","","Combined Elementary/Secondary School Type/ Prek-12","26",5,"19.230700                     ",21,"80.769200                     ",0,"0.000000                      ",0,"0.000000                      ",0,"0.000000                      ",0,"0.000000                      ",26,"100.000000                    "
"2003","53451","11","4802","","03","Summary   ","N","Rice Lake Area","","Grades PreK-12","2668",1301,"48.763100                     ",1367,"51.236800                     ",15,"0.562200                      ",37,"1.386800                      ",13,"0.487200                      ",40,"1.499200                      ",2563,"96.064400                     "
"2003","52184","11","4802","0010","04","El/Sec    ","N","Rice Lake Area","Barron County Handicapped Center PK","Grades PreK-12","26",5,"19.230700                     ",21,"80.769200                     ",0,"0.000000                      ",0,"0.000000                      ",0,"0.000000                      ",0,"0.000000                      ",26,"100.000000                    "
"2003","50104","11","4802","0025","04","Elem      ","N","Rice Lake Area","Tainter El","Grades PreK-12","286",133,"46.503400                     ",153,"53.496500                     ",0,"0.000000                      ",2,"0.699300                      ",2,"0.699300                      ",0,"0.000000                      ",282,"98.601300                     "
"2003","50105","11","4802","0040","04","Elem      ","N","Rice Lake Area","Franklin El","Grades PreK-12","98",58,"59.183600                     ",40,"40.816300                     ",0,"0.000000                      ",1,"1.020400                      ",1,"1.020400                      ",3,"3.061200                      ",93,"94.897900                     "
"2003","53059","11","4802","0060","04","Elem      ","N","Rice Lake Area","Haugen El","Grades PreK-12","125",62,"49.600000                     ",63,"50.400000                     ",2,"1.600000                      ",0,"0.000000                      ",0,"0.000000                      ",1,"0.800000                      ",122,"97.600000                     "
"2003","50106","11","4802","0080","04","Elem      ","N","Rice Lake Area","Hilltop El","Grades PreK-12","302",136,"45.033100                     ",166,"54.966800                     ",0,"0.000000                      ",6,"1.986700                      ",1,"0.331100                      ",3,"0.993300                      ",292,"96.688700                     "
"2003","50107","11","4802","0100","04","Elem      ","N","Rice Lake Area","Jefferson El","Grades PreK-12","128",70,"54.687500                     ",58,"45.312500                     ",1,"0.781200                      ",3,"2.343700                      ",1,"0.781200                      ",4,"3.125000                      ",119,"92.968700                     "
"2003","54783","11","4802","0110","04","Elem      ","N","Rice Lake Area","Hilltop Day Care & Preschool","Grades PreK-12","20",9,"45.000000                     ",11,"55.000000                     ",0,"0.000000                      ",1,"5.000000                      ",0,"0.000000                      ",0,"0.000000                      ",19,"95.000000                     "
"2003","50108","11","4802","0120","04","Elem      ","N","Rice Lake Area","Lincoln El","Grades PreK-12","134",65,"48.507400                     ",69,"51.492500                     ",1,"0.746200                      ",1,"0.746200                      ",3,"2.238800                      ",5,"3.731300                      ",124,"92.537300                     "
"2003","54784","11","4802","0130","04","Elem      ","N","Rice Lake Area","Kiddie Korner Preschool","Grades PreK-12","37",20,"54.054000                     ",17,"45.945900                     ",0,"0.000000                      ",3,"8.108100                      ",0,"0.000000                      ",0,"0.000000                      ",34,"91.891800                     "
"2003","50109","11","4802","0140","04","Mid/Jr Hi ","N","Rice Lake Area","Rice Lake Mid","Grades PreK-12","557",283,"50.807800                     ",274,"49.192100                     ",6,"1.077100                      ",5,"0.897600                      ",2,"0.359000                      ",10,"1.795300                      ",534,"95.870700                     "
"2003","54785","11","4802","0150","04","Elem      ","N","Rice Lake Area","Head Start","Grades PreK-12","29",10,"34.482700                     ",19,"65.517200                     ",1,"3.448200                      ",0,"0.000000                      ",0,"0.000000                      ",2,"6.896500                      ",26,"89.655100                     "
"2003","50110","11","4802","0180","04","High      ","N","Rice Lake Area","Rice Lake Hi","Grades PreK-12","915",444,"48.524500                     ",471,"51.475400                     ",4,"0.437100                      ",15,"1.639300                      ",3,"0.327800                      ",12,"1.311400                      ",881,"96.284100                     "
"2003","54779","11","4802","9410","04","High      ","Y","Rice Lake Area","Barron County Learning Center","Grades PreK-12","11",6,"54.545400                     ",5,"45.454500                     ",0,"0.000000                      ",0,"0.000000                      ",0,"0.000000                      ",0,"0.000000                      ",11,"100.000000                    "
"2003","53374","11","4893","","03","Elem      ","N","River Falls","","Elementary School Type/ Prek-12","1252",641,"51.198000                     ",611,"48.801900                     ",12,"0.958400                      ",12,"0.958400                      ",24,"1.916900                      ",10,"0.798700                      ",1194,"95.367400                     "
"2003","53374","11","4893","","03","Mid/Jr Hi ","N","River Falls","","Middle/Junior High School Type/ Prek-12","683",319,"46.705700                     ",364,"53.294200                     ",8,"1.171300                      ",7,"1.024800                      ",12,"1.756900                      ",11,"1.610500                      ",645,"94.436300                     "
"2003","53374","11","4893","","03","High      ","N","River Falls","","High School Type/ PreK-12","998",478,"47.895700                     ",520,"52.104200                     ",9,"0.901800                      ",12,"1.202400                      ",15,"1.503000                      ",16,"1.603200                      ",946,"94.789500                     "
"2003","53374","11","4893","","03","El/Sec    ","N","River Falls","","Combined Elementary/Secondary School Type/ Prek-12","0",0,"--                            ",0,"--                            ",0,"--                            ",0,"--                            ",0,"--                            ",0,"--                            ",0,"--                            "
"2003","53374","11","4893","","03","Summary   ","N","River Falls","","Grades PreK-12","2933",1438,"49.028200                     ",1495,"50.971700                     ",29,"0.988700                      ",31,"1.056900                      ",51,"1.738800                      ",37,"1.261500                      ",2785,"94.953900                     "
"2003","51906","11","4893","0020","04","Elem      ","N","River Falls","Greenwood El","Grades PreK-12","387",202,"52.196300                     ",185,"47.803600                     ",2,"0.516700                      ",2,"0.516700                      ",8,"2.067100                      ",0,"0.000000                      ",375,"96.899200                     "
"2003","51907","11","4893","0040","04","Elem      ","N","River Falls","Rocky Branch El","Grades PreK-12","385",181,"47.012900                     ",204,"52.987000                     ",6,"1.558400                      ",4,"1.038900                      ",10,"2.597400                      ",7,"1.818100                      ",358,"92.987000                     "
"2003","51908","11","4893","0060","04","Mid/Jr Hi ","N","River Falls","Meyer Mid","Grades PreK-12","683",319,"46.705700                     ",364,"53.294200                     ",8,"1.171300                      ",7,"1.024800                      ",12,"1.756900                      ",11,"1.610500                      ",645,"94.436300                     "
"2003","51909","11","4893","0080","04","High      ","N","River Falls","River Falls Hi","Grades PreK-12","934",454,"48.608100                     ",480,"51.391800                     ",5,"0.535300                      ",11,"1.177700                      ",12,"1.284700                      ",15,"1.605900                      ",891,"95.396100                     "
"2003","51910","11","4893","0100","04","Elem      ","N","River Falls","Westside El","Grades PreK-12","443",237,"53.498800                     ",206,"46.501100                     ",4,"0.902900                      ",6,"1.354400                      ",5,"1.128600                      ",2,"0.451400                      ",426,"96.162500                     "
"2003","55290","11","4893","0110","04","Elem      ","Y","River Falls","River Falls Montessori Charter Academy","Grades PreK-12","37",21,"56.756700                     ",16,"43.243200                     ",0,"0.000000                      ",0,"0.000000                      ",1,"2.702700                      ",1,"2.702700                      ",35,"94.594500                     "
"2003","54456","11","4893","0410","04","High      ","Y","River Falls","River Falls Renaissance Alt Charter Sch","Grades PreK-12","64",24,"37.500000                     ",40,"62.500000                     ",4,"6.250000                      ",1,"1.562500                      ",3,"4.687500                      ",1,"1.562500                      ",55,"85.937500                     "
"2003","53375","11","5019","","03","Elem      ","N","Saint Croix Falls","","Elementary School Type/ Prek-12","392",185,"47.193800                     ",207,"52.806100                     ",0,"0.000000                      ",0,"0.000000                      ",3,"0.765300                      ",5,"1.275500                      ",384,"97.959100                     "
"2003","53375","11","5019","","03","Mid/Jr Hi ","N","Saint Croix Falls","","Middle/Junior High School Type/ Prek-12","334",165,"49.401100                     ",169,"50.598800                     ",0,"0.000000                      ",1,"0.299400                      ",0,"0.000000                      ",5,"1.497000                      ",328,"98.203500                     "
"2003","53375","11","5019","","03","High      ","N","Saint Croix Falls","","High School Type/ PreK-12","367",182,"49.591200                     ",185,"50.408700                     ",0,"0.000000                      ",0,"0.000000                      ",2,"0.544900                      ",2,"0.544900                      ",363,"98.910000                     "
"2003","53375","11","5019","","03","El/Sec    ","N","Saint Croix Falls","","Combined Elementary/Secondary School Type/ Prek-12","0",0,"--                            ",0,"--                            ",0,"--                            ",0,"--                            ",0,"--                            ",0,"--                            ",0,"--                            "
"2003","53375","11","5019","","03","Summary   ","N","Saint Croix Falls","","Grades PreK-12","1093",532,"48.673300                     ",561,"51.326600                     ",0,"0.000000                      ",1,"0.091400                      ",5,"0.457400                      ",12,"1.097800                      ",1075,"98.353100                     "
"2003","51899","11","5019","0040","04","Elem      ","N","Saint Croix Falls","Dresser El","Grades PreK-12","93",47,"50.537600                     ",46,"49.462300                     ",0,"0.000000                      ",0,"0.000000                      ",0,"0.000000                      ",3,"3.225800                      ",90,"96.774100                     "
"2003","51912","11","5019","0060","04","Elem      ","N","Saint Croix Falls","Saint Croix Falls El","Grades PreK-12","299",138,"46.153800                     ",161,"53.846100                     ",0,"0.000000                      ",0,"0.000000                      ",3,"1.003300                      ",2,"0.668800                      ",294,"98.327700                     "
"2003","51914","11","5019","0070","04","Mid/Jr Hi ","N","Saint Croix Falls","Saint Croix Falls Mid","Grades PreK-12","334",165,"49.401100                     ",169,"50.598800                     ",0,"0.000000                      ",1,"0.299400                      ",0,"0.000000                      ",5,"1.497000                      ",328,"98.203500                     "
"2003","51915","11","5019","0080","04","High      ","N","Saint Croix Falls","Saint Croix Falls Hi","Grades PreK-12","367",182,"49.591200                     ",185,"50.408700                     ",0,"0.000000                      ",0,"0.000000                      ",2,"0.544900                      ",2,"0.544900                      ",363,"98.910000                     "
"2003","53683","11","5306","","03","Elem      ","N","Shell Lake","","Elementary School Type/ Prek-12","299",147,"49.163800                     ",152,"50.836100                     ",14,"4.682200                      ",0,"0.000000                      ",1,"0.334400                      ",0,"0.000000                      ",284,"94.983200                     "
"2003","53683","11","5306","","03","Mid/Jr Hi ","N","Shell Lake","","Middle/Junior High School Type/ Prek-12","0",0,"--                            ",0,"--                            ",0,"--                            ",0,"--                            ",0,"--                            ",0,"--                            ",0,"--                            "
"2003","53683","11","5306","","03","High      ","N","Shell Lake","","High School Type/ PreK-12","288",145,"50.347200                     ",143,"49.652700                     ",9,"3.125000                      ",3,"1.041600                      ",2,"0.694400                      ",7,"2.430500                      ",267,"92.708300                     "
"2003","53683","11","5306","","03","El/Sec    ","N","Shell Lake","","Combined Elementary/Secondary School Type/ Prek-12","0",0,"--                            ",0,"--                            ",0,"--                            ",0,"--                            ",0,"--                            ",0,"--                            ",0,"--                            "
"2003","53683","11","5306","","03","Summary   ","N","Shell Lake","","Grades PreK-12","587",292,"49.744400                     ",295,"50.255500                     ",23,"3.918200                      ",3,"0.511000                      ",3,"0.511000                      ",7,"1.192500                      ",551,"93.867100                     "
"2003","50111","11","5306","0010","04","Elem      ","N","Shell Lake","Shell LakePrimary (K-2)","Grades PreK-12","144",70,"48.611100                     ",74,"51.388800                     ",5,"3.472200                      ",0,"0.000000                      ",0,"0.000000                      ",0,"0.000000                      ",139,"96.527700                     "
"2003","50112","11","5306","0020","04","Elem      ","N","Shell Lake","Shell Lake El (3-6)","Grades PreK-12","155",77,"49.677400                     ",78,"50.322500                     ",9,"5.806400                      ",0,"0.000000                      ",1,"0.645100                      ",0,"0.000000                      ",145,"93.548300                     "
"2003","50113","11","5306","0040","04","High      ","N","Shell Lake","Shell Lake Jr/Sr Hi","Grades PreK-12","288",145,"50.347200                     ",143,"49.652700                     ",9,"3.125000                      ",3,"1.041600                      ",2,"0.694400                      ",7,"2.430500                      ",267,"92.708300                     "
"2003","53684","11","5376","","03","Elem      ","N","Siren","","Elementary School Type/ Prek-12","267",126,"47.191000                     ",141,"52.808900                     ",52,"19.475600                     ",2,"0.749000                      ",3,"1.123500                      ",5,"1.872600                      ",205,"76.779000                     "
"2003","53684","11","5376","","03","Mid/Jr Hi ","N","Siren","","Middle/Junior High School Type/ Prek-12","0",0,"--                            ",0,"--                            ",0,"--                            ",0,"--                            ",0,"--                            ",0,"--                            ",0,"--                            "
"2003","53684","11","5376","","03","High      ","N","Siren","","High School Type/ PreK-12","248",130,"52.419300                     ",118,"47.580600                     ",49,"19.758000                     ",2,"0.806400                      ",1,"0.403200                      ",4,"1.612900                      ",192,"77.419300                     "
"2003","53684","11","5376","","03","El/Sec    ","N","Siren","","Combined Elementary/Secondary School Type/ Prek-12","0",0,"--                            ",0,"--                            ",0,"--                            ",0,"--                            ",0,"--                            ",0,"--                            ",0,"--                            "
"2003","53684","11","5376","","03","Summary   ","N","Siren","","Grades PreK-12","515",256,"49.708700                     ",259,"50.291200                     ",101,"19.611600                     ",4,"0.776600                      ",4,"0.776600                      ",9,"1.747500                      ",397,"77.087300                     "
"2003","53067","11","5376","0020","04","Elem      ","N","Siren","Siren El","Grades PreK-12","267",126,"47.191000                     ",141,"52.808900                     ",52,"19.475600                     ",2,"0.749000                      ",3,"1.123500                      ",5,"1.872600                      ",205,"76.779000                     "
"2003","53068","11","5376","0040","04","High      ","N","Siren","Siren Jr/Sr Hi","Grades PreK-12","248",130,"52.419300                     ",118,"47.580600                     ",49,"19.758000                     ",2,"0.806400                      ",1,"0.403200                      ",4,"1.612900                      ",192,"77.419300                     "
"2003","53378","11","5432","","03","Elem      ","N","Somerset","","Elementary School Type/ Prek-12","497",230,"46.277600                     ",267,"53.722300                     ",2,"0.402400                      ",7,"1.408400                      ",6,"1.207200                      ",10,"2.012000                      ",472,"94.969800                     "
"2003","53378","11","5432","","03","Mid/Jr Hi ","N","Somerset","","Middle/Junior High School Type/ Prek-12","340",179,"52.647000                     ",161,"47.352900                     ",3,"0.882300                      ",5,"1.470500                      ",1,"0.294100                      ",4,"1.176400                      ",327,"96.176400                     "
"2003","53378","11","5432","","03","High      ","N","Somerset","","High School Type/ PreK-12","359",157,"43.732500                     ",202,"56.267400                     ",0,"0.000000                      ",5,"1.392700                      ",2,"0.557100                      ",5,"1.392700                      ",347,"96.657300                     "
"2003","53378","11","5432","","03","El/Sec    ","N","Somerset","","Combined Elementary/Secondary School Type/ Prek-12","0",0,"--                            ",0,"--                            ",0,"--                            ",0,"--                            ",0,"--                            ",0,"--                            ",0,"--                            "
"2003","53378","11","5432","","03","Summary   ","N","Somerset","","Grades PreK-12","1196",566,"47.324400                     ",630,"52.675500                     ",5,"0.418000                      ",17,"1.421400                      ",9,"0.752500                      ",19,"1.588600                      ",1146,"95.819300                     "
"2003","51916","11","5432","0020","04","Elem      ","N","Somerset","Somerset El","Grades PreK-12","497",230,"46.277600                     ",267,"53.722300                     ",2,"0.402400                      ",7,"1.408400                      ",6,"1.207200                      ",10,"2.012000                      ",472,"94.969800                     "
"2003","51917","11","5432","0040","04","High      ","N","Somerset","Somerset Hi","Grades PreK-12","359",157,"43.732500                     ",202,"56.267400                     ",0,"0.000000                      ",5,"1.392700                      ",2,"0.557100                      ",5,"1.392700                      ",347,"96.657300                     "
"2003","50186","11","5432","0060","04","Mid/Jr Hi ","N","Somerset","Somerset Mid","Grades PreK-12","340",179,"52.647000                     ",161,"47.352900                     ",3,"0.882300                      ",5,"1.470500                      ",1,"0.294100                      ",4,"1.176400                      ",327,"96.176400                     "
"2003","53676","11","5474","","03","Elem      ","N","Spooner","","Elementary School Type/ Prek-12","475",233,"49.052600                     ",242,"50.947300                     ",12,"2.526300                      ",1,"0.210500                      ",6,"1.263100                      ",4,"0.842100                      ",452,"95.157800                     "
"2003","53676","11","5474","","03","Mid/Jr Hi ","N","Spooner","","Middle/Junior High School Type/ Prek-12","484",219,"45.247900                     ",265,"54.752000                     ",8,"1.652800                      ",3,"0.619800                      ",5,"1.033000                      ",1,"0.206600                      ",467,"96.487600                     "
"2003","53676","11","5474","","03","High      ","N","Spooner","","High School Type/ PreK-12","591",264,"44.670000                     ",327,"55.329900                     ",9,"1.522800                      ",8,"1.353600                      ",2,"0.338400                      ",4,"0.676800                      ",568,"96.108200                     "
"2003","53676","11","5474","","03","El/Sec    ","N","Spooner","","Combined Elementary/Secondary School Type/ Prek-12","0",0,"--                            ",0,"--                            ",0,"--                            ",0,"--                            ",0,"--                            ",0,"--                            ",0,"--                            "
"2003","53676","11","5474","","03","Summary   ","N","Spooner","","Grades PreK-12","1550",716,"46.193500                     ",834,"53.806400                     ",29,"1.870900                      ",12,"0.774100                      ",13,"0.838700                      ",9,"0.580600                      ",1487,"95.935400                     "
"2003","53035","11","5474","0040","04","Elem      ","N","Spooner","Spooner El","Grades PreK-12","475",233,"49.052600                     ",242,"50.947300                     ",12,"2.526300                      ",1,"0.210500                      ",6,"1.263100                      ",4,"0.842100                      ",452,"95.157800                     "
"2003","53036","11","5474","0080","04","High      ","N","Spooner","Spooner Hi","Grades PreK-12","591",264,"44.670000                     ",327,"55.329900                     ",9,"1.522800                      ",8,"1.353600                      ",2,"0.338400                      ",4,"0.676800                      ",568,"96.108200                     "
"2003","53037","11","5474","0100","04","Mid/Jr Hi ","N","Spooner","Spooner Mid","Grades PreK-12","484",219,"45.247900                     ",265,"54.752000                     ",8,"1.652800                      ",3,"0.619800                      ",5,"1.033000                      ",1,"0.206600                      ",467,"96.487600                     "
"2003","53671","11","5586","","03","Elem      ","N","Spring Valley","","Elementary School Type/ Prek-12","374",190,"50.802100                     ",184,"49.197800                     ",0,"0.000000                      ",1,"0.267300                      ",7,"1.871600                      ",0,"0.000000                      ",366,"97.860900                     "
"2003","53671","11","5586","","03","Mid/Jr Hi ","N","Spring Valley","","Middle/Junior High School Type/ Prek-12","100",55,"55.000000                     ",45,"45.000000                     ",0,"0.000000                      ",2,"2.000000                      ",0,"0.000000                      ",0,"0.000000                      ",98,"98.000000                     "
"2003","53671","11","5586","","03","High      ","N","Spring Valley","","High School Type/ PreK-12","257",117,"45.525200                     ",140,"54.474700                     ",0,"0.000000                      ",1,"0.389100                      ",1,"0.389100                      ",1,"0.389100                      ",254,"98.832600                     "
"2003","53671","11","5586","","03","El/Sec    ","N","Spring Valley","","Combined Elementary/Secondary School Type/ Prek-12","0",0,"--                            ",0,"--                            ",0,"--                            ",0,"--                            ",0,"--                            ",0,"--                            ",0,"--                            "
"2003","53671","11","5586","","03","Summary   ","N","Spring Valley","","Grades PreK-12","731",362,"49.521200                     ",369,"50.478700                     ",0,"0.000000                      ",4,"0.547100                      ",8,"1.094300                      ",1,"0.136700                      ",718,"98.221600                     "
"2003","53022","11","5586","0060","04","Elem      ","N","Spring Valley","Spring Valley El","Grades PreK-12","374",190,"50.802100                     ",184,"49.197800                     ",0,"0.000000                      ",1,"0.267300                      ",7,"1.871600                      ",0,"0.000000                      ",366,"97.860900                     "
"2003","53023","11","5586","0070","04","Mid/Jr Hi ","N","Spring Valley","Spring Valley Mid","Grades PreK-12","100",55,"55.000000                     ",45,"45.000000                     ",0,"0.000000                      ",2,"2.000000                      ",0,"0.000000                      ",0,"0.000000                      ",98,"98.000000                     "
"2003","53024","11","5586","0080","04","High      ","N","Spring Valley","Spring Valley Hi","Grades PreK-12","257",117,"45.525200                     ",140,"54.474700                     ",0,"0.000000                      ",1,"0.389100                      ",1,"0.389100                      ",1,"0.389100                      ",254,"98.832600                     "
"2003","53687","11","5810","","03","Elem      ","N","Turtle Lake","","Elementary School Type/ Prek-12","383",207,"54.046900                     ",176,"45.953000                     ",19,"4.960800                      ",0,"0.000000                      ",0,"0.000000                      ",5,"1.305400                      ",359,"93.733600                     "
"2003","53687","11","5810","","03","Mid/Jr Hi ","N","Turtle Lake","","Middle/Junior High School Type/ Prek-12","0",0,"--                            ",0,"--                            ",0,"--                            ",0,"--                            ",0,"--                            ",0,"--                            ",0,"--                            "
"2003","53687","11","5810","","03","High      ","N","Turtle Lake","","High School Type/ PreK-12","205",103,"50.243900                     ",102,"49.756000                     ",8,"3.902400                      ",0,"0.000000                      ",0,"0.000000                      ",0,"0.000000                      ",197,"96.097500                     "
"2003","53687","11","5810","","03","El/Sec    ","N","Turtle Lake","","Combined Elementary/Secondary School Type/ Prek-12","0",0,"--                            ",0,"--                            ",0,"--                            ",0,"--                            ",0,"--                            ",0,"--                            ",0,"--                            "
"2003","53687","11","5810","","03","Summary   ","N","Turtle Lake","","Grades PreK-12","588",310,"52.721000                     ",278,"47.278900                     ",27,"4.591800                      ",0,"0.000000                      ",0,"0.000000                      ",5,"0.850300                      ",556,"94.557800                     "
"2003","53087","11","5810","0020","04","Elem      ","N","Turtle Lake","Turtle Lake El","Grades PreK-12","383",207,"54.046900                     ",176,"45.953000                     ",19,"4.960800                      ",0,"0.000000                      ",0,"0.000000                      ",5,"1.305400                      ",359,"93.733600                     "
"2003","53088","11","5810","0040","04","High      ","N","Turtle Lake","Turtle Lake Hi","Grades PreK-12","205",103,"50.243900                     ",102,"49.756000                     ",8,"3.902400                      ",0,"0.000000                      ",0,"0.000000                      ",0,"0.000000                      ",197,"96.097500                     "
"2003","53689","11","6293","","03","Elem      ","N","Webster","","Elementary School Type/ Prek-12","278",152,"54.676200                     ",126,"45.323700                     ",33,"11.870500                     ",0,"0.000000                      ",6,"2.158200                      ",0,"0.000000                      ",239,"85.971200                     "
"2003","53689","11","6293","","03","Mid/Jr Hi ","N","Webster","","Middle/Junior High School Type/ Prek-12","253",117,"46.245000                     ",136,"53.754900                     ",48,"18.972300                     ",0,"0.000000                      ",2,"0.790500                      ",2,"0.790500                      ",201,"79.446600                     "
"2003","53689","11","6293","","03","High      ","N","Webster","","High School Type/ PreK-12","225",96,"42.666600                     ",129,"57.333300                     ",45,"20.000000                     ",0,"0.000000                      ",2,"0.888800                      ",4,"1.777700                      ",174,"77.333300                     "
"2003","53689","11","6293","","03","El/Sec    ","N","Webster","","Combined Elementary/Secondary School Type/ Prek-12","0",0,"--                            ",0,"--                            ",0,"--                            ",0,"--                            ",0,"--                            ",0,"--                            ",0,"--                            "
"2003","53689","11","6293","","03","Summary   ","N","Webster","","Grades PreK-12","756",365,"48.280400                     ",391,"51.719500                     ",126,"16.666600                     ",0,"0.000000                      ",10,"1.322700                      ",6,"0.793600                      ",614,"81.216900                     "
"2003","53092","11","6293","0060","04","Elem      ","N","Webster","Webster El","Grades PreK-12","278",152,"54.676200                     ",126,"45.323700                     ",33,"11.870500                     ",0,"0.000000                      ",6,"2.158200                      ",0,"0.000000                      ",239,"85.971200                     "
"2003","53093","11","6293","0080","04","High      ","N","Webster","Webster Hi","Grades PreK-12","225",96,"42.666600                     ",129,"57.333300                     ",45,"20.000000                     ",0,"0.000000                      ",2,"0.888800                      ",4,"1.777700                      ",174,"77.333300                     "
"2003","53094","11","6293","0100","04","Mid/Jr Hi ","N","Webster","Webster Jr","Grades PreK-12","253",117,"46.245000                     ",136,"53.754900                     ",48,"18.972300                     ",0,"0.000000                      ",2,"0.790500                      ",2,"0.790500                      ",201,"79.446600                     "
