"year","agency_key","CESA","district_number","school_number","agency_type","school_type","charter","district_name","school_name","grade_label","total_enrollment_K-12","number_female","percent_female","number_male","percent_male","number_am_ind","percent_am_ind","number_asian","percent_asian","number_black","percent_black","number_hispanic","percent_hispanic","number_white","percent_white"
"2006","05927","02","0063","","03","High Schools","N","Albany","","High Schools","139",66,47.482000,73,52.517900,1,.719400,0,.000000,1,.719400,4,2.877600,133,95.683400
"2006","05927","02","0063","","03","Mid/Jr Hi Schools","N","Albany","","Mid/Jr Hi Schools","90",47,52.222200,43,47.777700,1,1.111100,0,.000000,0,.000000,2,2.222200,87,96.666600
"2006","05927","02","0063","","03","Elem. Schools","N","Albany","","Elem. Schools","204",96,47.058800,108,52.941100,1,.490100,2,.980300,2,.980300,10,4.901900,189,92.647000
"2006","05927","02","0063","","03","El/Sec Combined Schls","N","Albany","","El/Sec Combined Schls","0",,.000000,,.000000,,.000000,,.000000,,.000000,,.000000,,.000000
"2006","05927","02","0063","","03","Summary","N","Albany","","Summary","433",209,48.267800,224,51.732100,3,.692800,2,.461800,3,.692800,16,3.695100,409,94.457200
"2006","05922","02","0063","0020","04","Elem. Schools","N","Albany","Albany Elementary","Elem. Schools","204",96,47.058800,108,52.941100,1,.490100,2,.980300,2,.980300,10,4.901900,189,92.647000
"2006","05923","02","0063","0040","04","High Schools","N","Albany","Albany High","High Schools","139",66,47.482000,73,52.517900,1,.719400,0,.000000,1,.719400,4,2.877600,133,95.683400
"2006","05924","02","0063","0060","04","Mid/Jr Hi Schools","N","Albany","Albany Middle","Mid/Jr Hi Schools","90",47,52.222200,43,47.777700,1,1.111100,0,.000000,0,.000000,2,2.222200,87,96.666600
"2006","06000","02","0350","","03","High Schools","N","Belleville","","High Schools","307",137,44.625400,170,55.374500,2,.651400,4,1.302900,2,.651400,5,1.628600,294,95.765400
"2006","06000","02","0350","","03","Mid/Jr Hi Schools","N","Belleville","","Mid/Jr Hi Schools","140",73,52.142800,67,47.857100,0,.000000,0,.000000,3,2.142800,2,1.428500,135,96.428500
"2006","06000","02","0350","","03","Elem. Schools","N","Belleville","","Elem. Schools","486",235,48.353900,251,51.646000,0,.000000,1,.205700,6,1.234500,11,2.263300,468,96.296200
"2006","06000","02","0350","","03","El/Sec Combined Schls","N","Belleville","","El/Sec Combined Schls","0",,.000000,,.000000,,.000000,,.000000,,.000000,,.000000,,.000000
"2006","06000","02","0350","","03","Summary","N","Belleville","","Summary","933",445,47.695600,488,52.304300,2,.214300,5,.535900,11,1.178900,18,1.929200,897,96.141400
"2006","05993","02","0350","0020","04","Elem. Schools","N","Belleville","Belleville Elementary","Elem. Schools","163",81,49.693200,82,50.306700,0,.000000,0,.000000,2,1.226900,7,4.294400,154,94.478500
"2006","05994","02","0350","0040","04","High Schools","N","Belleville","Belleville High","High Schools","307",137,44.625400,170,55.374500,2,.651400,4,1.302900,2,.651400,5,1.628600,294,95.765400
"2006","05995","02","0350","0060","04","Mid/Jr Hi Schools","N","Belleville","Belleville Middle","Mid/Jr Hi Schools","140",73,52.142800,67,47.857100,0,.000000,0,.000000,3,2.142800,2,1.428500,135,96.428500
"2006","39540","02","0350","0100","04","Elem. Schools","N","Belleville","Belleville Intermediate","Elem. Schools","323",154,47.678000,169,52.321900,0,.000000,1,.309500,4,1.238300,4,1.238300,314,97.213600
"2006","06066","02","0413","","03","High Schools","N","Beloit","","High Schools","2095",1025,48.926000,1070,51.073900,5,.238600,18,.859100,560,26.730300,281,13.412800,1231,58.758900
"2006","06066","02","0413","","03","Mid/Jr Hi Schools","N","Beloit","","Mid/Jr Hi Schools","1622",771,47.533900,851,52.466000,9,.554800,25,1.541300,460,28.360000,294,18.125700,834,51.418000
"2006","06066","02","0413","","03","Elem. Schools","N","Beloit","","Elem. Schools","3409",1687,49.486600,1722,50.513300,11,.322600,34,.997300,983,28.835400,834,24.464600,1547,45.379800
"2006","06066","02","0413","","03","El/Sec Combined Schls","N","Beloit","","El/Sec Combined Schls","43",22,51.162700,21,48.837200,0,.000000,0,.000000,0,.000000,43,100.000000,0,.000000
"2006","06066","02","0413","","03","Summary","N","Beloit","","Summary","7169",3505,48.891000,3664,51.108900,25,.348700,77,1.074000,2003,27.939700,1452,20.253800,3612,50.383500
"2006","06033","02","0413","0020","04","Mid/Jr Hi Schools","N","Beloit","Aldrich Middle","Mid/Jr Hi Schools","773",357,46.183600,416,53.816300,4,.517400,13,1.681700,300,38.809800,126,16.300100,330,42.690800
"2006","06034","02","0413","0040","04","Elem. Schools","N","Beloit","Burdge Elementary","Elem. Schools","192",100,52.083300,92,47.916600,0,.000000,0,.000000,93,48.437500,40,20.833300,59,30.729100
"2006","06035","02","0413","0060","04","Elem. Schools","N","Beloit","Converse Elementary","Elem. Schools","332",181,54.518000,151,45.481900,2,.602400,5,1.506000,47,14.156600,51,15.361400,227,68.373400
"2006","06036","02","0413","0080","04","Elem. Schools","N","Beloit","Cunningham Elementary","Elem. Schools","262",135,51.526700,127,48.473200,1,.381600,0,.000000,52,19.847300,34,12.977000,175,66.793800
"2006","06037","02","0413","0097","04","El/Sec Combined Schls","N","Beloit","Kolak Education Center","El/Sec Combined Schls","43",22,51.162700,21,48.837200,0,.000000,0,.000000,0,.000000,43,100.000000,0,.000000
"2006","06038","02","0413","0110","04","Elem. Schools","N","Beloit","Gaston Elementary","Elem. Schools","316",175,55.379700,141,44.620200,0,.000000,2,.632900,54,17.088600,34,10.759400,226,71.518900
"2006","06039","02","0413","0120","04","Elem. Schools","N","Beloit","Hackett Elementary","Elem. Schools","356",161,45.224700,195,54.775200,1,.280800,1,.280800,103,28.932500,134,37.640400,117,32.865100
"2006","06040","02","0413","0160","04","Elem. Schools","N","Beloit","McLenegan Elementary","Elem. Schools","240",112,46.666600,128,53.333300,1,.416600,7,2.916600,82,34.166600,45,18.750000,105,43.750000
"2006","06041","02","0413","0180","04","Mid/Jr Hi Schools","N","Beloit","McNeel Middle","Mid/Jr Hi Schools","817",405,49.571600,412,50.428300,5,.611900,10,1.223900,157,19.216600,167,20.440600,478,58.506700
"2006","06042","02","0413","0200","04","High Schools","N","Beloit","Memorial High","High Schools","2095",1025,48.926000,1070,51.073900,5,.238600,18,.859100,560,26.730300,281,13.412800,1231,58.758900
"2006","06043","02","0413","0210","04","Elem. Schools","N","Beloit","Merrill Elementary","Elem. Schools","263",140,53.231900,123,46.768000,1,.380200,0,.000000,177,67.300300,56,21.292700,29,11.026600
"2006","06044","02","0413","0240","04","Elem. Schools","N","Beloit","Morgan Elementary","Elem. Schools","277",128,46.209300,149,53.790600,1,.361000,10,3.610100,53,19.133500,50,18.050500,163,58.844700
"2006","06045","02","0413","0260","04","Elem. Schools","N","Beloit","Robinson Elementary","Elem. Schools","311",143,45.980700,168,54.019200,1,.321500,5,1.607700,73,23.472600,69,22.186400,163,52.411500
"2006","72502","02","0413","0280","04","Mid/Jr Hi Schools","Y","Beloit","Synectics Charter School","Mid/Jr Hi Schools","32",9,28.125000,23,71.875000,0,.000000,2,6.250000,3,9.375000,1,3.125000,26,81.250000
"2006","06046","02","0413","0300","04","Elem. Schools","N","Beloit","Royce Elementary","Elem. Schools","314",143,45.541400,171,54.458500,0,.000000,1,.318400,70,22.292900,111,35.350300,132,42.038200
"2006","06047","02","0413","0320","04","Elem. Schools","N","Beloit","Todd Elementary","Elem. Schools","298",132,44.295300,166,55.704600,2,.671100,2,.671100,88,29.530200,87,29.194600,119,39.932800
"2006","06048","02","0413","0360","04","Elem. Schools","N","Beloit","Wright Elementary","Elem. Schools","248",137,55.241900,111,44.758000,1,.403200,1,.403200,91,36.693500,123,49.596700,32,12.903200
"2006","06067","02","0422","","03","High Schools","N","Beloit Turner","","High Schools","385",186,48.311600,199,51.688300,2,.519400,6,1.558400,22,5.714200,17,4.415500,338,87.792200
"2006","06067","02","0422","","03","Mid/Jr Hi Schools","N","Beloit Turner","","Mid/Jr Hi Schools","292",141,48.287600,151,51.712300,5,1.712300,3,1.027300,18,6.164300,14,4.794500,252,86.301300
"2006","06067","02","0422","","03","Elem. Schools","N","Beloit Turner","","Elem. Schools","574",289,50.348400,285,49.651500,3,.522600,4,.696800,22,3.832700,32,5.574900,513,89.372800
"2006","06067","02","0422","","03","El/Sec Combined Schls","N","Beloit Turner","","El/Sec Combined Schls","0",,.000000,,.000000,,.000000,,.000000,,.000000,,.000000,,.000000
"2006","06067","02","0422","","03","Summary","N","Beloit Turner","","Summary","1251",616,49.240600,635,50.759300,10,.799300,13,1.039100,62,4.956000,63,5.035900,1103,88.169400
"2006","06049","02","0422","0020","04","High Schools","N","Beloit Turner","Turner High","High Schools","385",186,48.311600,199,51.688300,2,.519400,6,1.558400,22,5.714200,17,4.415500,338,87.792200
"2006","06050","02","0422","0060","04","Elem. Schools","N","Beloit Turner","Powers Elementary","Elem. Schools","290",146,50.344800,144,49.655100,2,.689600,2,.689600,14,4.827500,19,6.551700,253,87.241300
"2006","06051","02","0422","0100","04","Elem. Schools","N","Beloit Turner","Townview Elementary","Elem. Schools","284",143,50.352100,141,49.647800,1,.352100,2,.704200,8,2.816900,13,4.577400,260,91.549200
"2006","06052","02","0422","0120","04","Mid/Jr Hi Schools","N","Beloit Turner","Turner Middle","Mid/Jr Hi Schools","292",141,48.287600,151,51.712300,5,1.712300,3,1.027300,18,6.164300,14,4.794500,252,86.301300
"2006","06920","02","0469","","03","High Schools","N","Wisconsin Heights","","High Schools","374",169,45.187100,205,54.812800,5,1.336800,8,2.139000,6,1.604200,3,.802100,352,94.117600
"2006","06920","02","0469","","03","Mid/Jr Hi Schools","N","Wisconsin Heights","","Mid/Jr Hi Schools","226",103,45.575200,123,54.424700,2,.884900,5,2.212300,6,2.654800,6,2.654800,207,91.592900
"2006","06920","02","0469","","03","Elem. Schools","N","Wisconsin Heights","","Elem. Schools","363",164,45.179000,199,54.820900,4,1.101900,7,1.928300,14,3.856700,9,2.479300,329,90.633600
"2006","06920","02","0469","","03","El/Sec Combined Schls","N","Wisconsin Heights","","El/Sec Combined Schls","0",,.000000,,.000000,,.000000,,.000000,,.000000,,.000000,,.000000
"2006","06920","02","0469","","03","Summary","N","Wisconsin Heights","","Summary","963",436,45.275100,527,54.724800,11,1.142200,20,2.076800,26,2.699800,18,1.869100,888,92.211800
"2006","06154","02","0469","0020","04","Elem. Schools","N","Wisconsin Heights","Black Earth Elementary","Elem. Schools","154",68,44.155800,86,55.844100,2,1.298700,4,2.597400,2,1.298700,1,.649300,145,94.155800
"2006","06916","02","0469","0040","04","Elem. Schools","N","Wisconsin Heights","Mazomanie Elementary","Elem. Schools","209",96,45.933000,113,54.066900,2,.956900,3,1.435400,12,5.741600,8,3.827700,184,88.038200
"2006","06917","02","0469","0060","04","High Schools","N","Wisconsin Heights","Wisconsin Heights High","High Schools","374",169,45.187100,205,54.812800,5,1.336800,8,2.139000,6,1.604200,3,.802100,352,94.117600
"2006","26957","02","0469","0080","04","Mid/Jr Hi Schools","N","Wisconsin Heights","Wisconsin Heights Middle","Mid/Jr Hi Schools","226",103,45.575200,123,54.424700,2,.884900,5,2.212300,6,2.654800,6,2.654800,207,91.592900
"2006","03057","02","0657","","03","High Schools","N","Brighton #1","","High Schools","0",,.000000,,.000000,,.000000,,.000000,,.000000,,.000000,,.000000
"2006","03057","02","0657","","03","Mid/Jr Hi Schools","N","Brighton #1","","Mid/Jr Hi Schools","0",,.000000,,.000000,,.000000,,.000000,,.000000,,.000000,,.000000
"2006","03057","02","0657","","03","Elem. Schools","N","Brighton #1","","Elem. Schools","205",102,49.756000,103,50.243900,0,.000000,0,.000000,4,1.951200,0,.000000,201,98.048700
"2006","03057","02","0657","","03","El/Sec Combined Schls","N","Brighton #1","","El/Sec Combined Schls","0",,.000000,,.000000,,.000000,,.000000,,.000000,,.000000,,.000000
"2006","03057","02","0657","","03","Summary","N","Brighton #1","","Summary","205",102,49.756000,103,50.243900,0,.000000,0,.000000,4,1.951200,0,.000000,201,98.048700
"2006","03051","02","0657","0020","04","Elem. Schools","N","Brighton #1","Brighton Elementary","Elem. Schools","205",102,49.756000,103,50.243900,0,.000000,0,.000000,4,1.951200,0,.000000,201,98.048700
"2006","02572","02","0665","","03","High Schools","N","Bristol #1","","High Schools","0",,.000000,,.000000,,.000000,,.000000,,.000000,,.000000,,.000000
"2006","02572","02","0665","","03","Mid/Jr Hi Schools","N","Bristol #1","","Mid/Jr Hi Schools","0",,.000000,,.000000,,.000000,,.000000,,.000000,,.000000,,.000000
"2006","02572","02","0665","","03","Elem. Schools","N","Bristol #1","","Elem. Schools","576",282,48.958300,294,51.041600,0,.000000,7,1.215200,3,.520800,15,2.604100,551,95.659700
"2006","02572","02","0665","","03","El/Sec Combined Schls","N","Bristol #1","","El/Sec Combined Schls","0",,.000000,,.000000,,.000000,,.000000,,.000000,,.000000,,.000000
"2006","02572","02","0665","","03","Summary","N","Bristol #1","","Summary","576",282,48.958300,294,51.041600,0,.000000,7,1.215200,3,.520800,15,2.604100,551,95.659700
"2006","02566","02","0665","0020","04","Elem. Schools","N","Bristol #1","Bristol Elementary","Elem. Schools","576",282,48.958300,294,51.041600,0,.000000,7,1.215200,3,.520800,15,2.604100,551,95.659700
"2006","06201","02","0700","","03","High Schools","N","Brodhead","","High Schools","424",194,45.754700,230,54.245200,0,.000000,1,.235800,3,.707500,10,2.358400,410,96.698100
"2006","06201","02","0700","","03","Mid/Jr Hi Schools","N","Brodhead","","Mid/Jr Hi Schools","306",140,45.751600,166,54.248300,1,.326700,0,.000000,2,.653500,1,.326700,302,98.692800
"2006","06201","02","0700","","03","Elem. Schools","N","Brodhead","","Elem. Schools","478",262,54.811700,216,45.188200,3,.627600,6,1.255200,3,.627600,10,2.092000,456,95.397400
"2006","06201","02","0700","","03","El/Sec Combined Schls","N","Brodhead","","El/Sec Combined Schls","0",,.000000,,.000000,,.000000,,.000000,,.000000,,.000000,,.000000
"2006","06201","02","0700","","03","Summary","N","Brodhead","","Summary","1208",596,49.337700,612,50.662200,4,.331100,7,.579400,8,.662200,21,1.738400,1168,96.688700
"2006","06194","02","0700","0020","04","Elem. Schools","N","Brodhead","Ronald R Albrecht Elementary","Elem. Schools","478",262,54.811700,216,45.188200,3,.627600,6,1.255200,3,.627600,10,2.092000,456,95.397400
"2006","06195","02","0700","0040","04","High Schools","N","Brodhead","Brodhead High","High Schools","424",194,45.754700,230,54.245200,0,.000000,1,.235800,3,.707500,10,2.358400,410,96.698100
"2006","06196","02","0700","0060","04","Mid/Jr Hi Schools","N","Brodhead","Brodhead Middle","Mid/Jr Hi Schools","306",140,45.751600,166,54.248300,1,.326700,0,.000000,2,.653500,1,.326700,302,98.692800
"2006","02602","02","0777","","03","High Schools","N","Burlington Area","","High Schools","1350",654,48.444400,696,51.555500,0,.000000,12,.888800,7,.518500,63,4.666600,1268,93.925900
"2006","02602","02","0777","","03","Mid/Jr Hi Schools","N","Burlington Area","","Mid/Jr Hi Schools","607",304,50.082300,303,49.917600,1,.164700,6,.988400,5,.823700,29,4.777500,566,93.245400
"2006","02602","02","0777","","03","Elem. Schools","N","Burlington Area","","Elem. Schools","1702",796,46.768500,906,53.231400,3,.176200,11,.646200,32,1.880100,131,7.696800,1525,89.600400
"2006","02602","02","0777","","03","El/Sec Combined Schls","N","Burlington Area","","El/Sec Combined Schls","0",,.000000,,.000000,,.000000,,.000000,,.000000,,.000000,,.000000
"2006","02602","02","0777","","03","Summary","N","Burlington Area","","Summary","3659",1754,47.936500,1905,52.063400,4,.109300,29,.792500,44,1.202500,223,6.094500,3359,91.801000
"2006","02584","02","0777","0020","04","High Schools","N","Burlington Area","Burlington High","High Schools","1350",654,48.444400,696,51.555500,0,.000000,12,.888800,7,.518500,63,4.666600,1268,93.925900
"2006","02585","02","0777","0040","04","Mid/Jr Hi Schools","N","Burlington Area","Nettie E Karcher School","Mid/Jr Hi Schools","607",304,50.082300,303,49.917600,1,.164700,6,.988400,5,.823700,29,4.777500,566,93.245400
"2006","02586","02","0777","0060","04","Elem. Schools","N","Burlington Area","Cooper Elementary","Elem. Schools","333",151,45.345300,182,54.654600,1,.300300,2,.600600,4,1.201200,14,4.204200,312,93.693600
"2006","26903","02","0777","0100","04","Elem. Schools","N","Burlington Area","Dover Center","Elem. Schools","96",45,46.875000,51,53.125000,0,.000000,0,.000000,0,.000000,4,4.166600,92,95.833300
"2006","71184","02","0777","0110","04","Elem. Schools","N","Burlington Area","Dr Edward G Dyer Sch","Elem. Schools","512",229,44.726500,283,55.273400,0,.000000,4,.781200,5,.976500,34,6.640600,469,91.601500
"2006","26902","02","0777","0120","04","Elem. Schools","N","Burlington Area","Lyons Center","Elem. Schools","190",92,48.421000,98,51.578900,0,.000000,1,.526300,1,.526300,6,3.157800,182,95.789400
"2006","02587","02","0777","0140","04","Elem. Schools","N","Burlington Area","Waller Elementary","Elem. Schools","377",181,48.010600,196,51.989300,1,.265200,4,1.061000,19,5.039700,68,18.037100,285,75.596800
"2006","02588","02","0777","0160","04","Elem. Schools","N","Burlington Area","Winkler Elementary","Elem. Schools","194",98,50.515400,96,49.484500,1,.515400,0,.000000,3,1.546300,5,2.577300,185,95.360800
"2006","06236","02","0896","","03","High Schools","N","Cambridge","","High Schools","344",165,47.965100,179,52.034800,3,.872000,2,.581300,5,1.453400,6,1.744100,328,95.348800
"2006","06236","02","0896","","03","Mid/Jr Hi Schools","N","Cambridge","","Mid/Jr Hi Schools","212",96,45.283000,116,54.716900,0,.000000,0,.000000,4,1.886700,2,.943300,206,97.169800
"2006","06236","02","0896","","03","Elem. Schools","N","Cambridge","","Elem. Schools","394",182,46.192800,212,53.807100,0,.000000,1,.253800,4,1.015200,3,.761400,386,97.969500
"2006","06236","02","0896","","03","El/Sec Combined Schls","N","Cambridge","","El/Sec Combined Schls","0",,.000000,,.000000,,.000000,,.000000,,.000000,,.000000,,.000000
"2006","06236","02","0896","","03","Summary","N","Cambridge","","Summary","950",443,46.631500,507,53.368400,3,.315700,3,.315700,13,1.368400,11,1.157800,920,96.842100
"2006","06230","02","0896","0020","04","Elem. Schools","N","Cambridge","Cambridge Elementary","Elem. Schools","394",182,46.192800,212,53.807100,0,.000000,1,.253800,4,1.015200,3,.761400,386,97.969500
"2006","06231","02","0896","0040","04","High Schools","N","Cambridge","Cambridge High","High Schools","344",165,47.965100,179,52.034800,3,.872000,2,.581300,5,1.453400,6,1.744100,328,95.348800
"2006","06232","02","0896","0060","04","Mid/Jr Hi Schools","N","Cambridge","Nikolay Middle","Mid/Jr Hi Schools","212",96,45.283000,116,54.716900,0,.000000,0,.000000,4,1.886700,2,.943300,206,97.169800
"2006","71518","02","0896","9403","4C","High Schools","Y","Cambridge","Jefferson County Alternative Sch","High Schools","0",,.000000,,.000000,,.000000,,.000000,,.000000,,.000000,,.000000
"2006","00114","02","0896","9413","04","High Schools","Y","Cambridge","JEDI Virtual High School","High Schools","0",,.000000,,.000000,,.000000,,.000000,,.000000,,.000000,,.000000
"2006","06261","02","1134","","03","High Schools","N","Clinton Community","","High Schools","373",182,48.793500,191,51.206400,0,.000000,3,.804200,3,.804200,25,6.702400,342,91.689000
"2006","06261","02","1134","","03","Mid/Jr Hi Schools","N","Clinton Community","","Mid/Jr Hi Schools","392",193,49.234600,199,50.765300,2,.510200,3,.765300,2,.510200,25,6.377500,360,91.836700
"2006","06261","02","1134","","03","Elem. Schools","N","Clinton Community","","Elem. Schools","462",230,49.783500,232,50.216400,0,.000000,5,1.082200,8,1.731600,47,10.173100,402,87.012900
"2006","06261","02","1134","","03","El/Sec Combined Schls","N","Clinton Community","","El/Sec Combined Schls","0",,.000000,,.000000,,.000000,,.000000,,.000000,,.000000,,.000000
"2006","06261","02","1134","","03","Summary","N","Clinton Community","","Summary","1227",605,49.307200,622,50.692700,2,.162900,11,.896400,13,1.059400,97,7.905400,1104,89.975500
"2006","06256","02","1134","0040","04","Elem. Schools","N","Clinton Community","Clinton Elementary","Elem. Schools","404",197,48.762300,207,51.237600,0,.000000,2,.495000,8,1.980100,24,5.940500,370,91.584100
"2006","06257","02","1134","0060","04","High Schools","N","Clinton Community","Clinton High","High Schools","373",182,48.793500,191,51.206400,0,.000000,3,.804200,3,.804200,25,6.702400,342,91.689000
"2006","06258","02","1134","0080","04","Mid/Jr Hi Schools","N","Clinton Community","Clinton Middle","Mid/Jr Hi Schools","392",193,49.234600,199,50.765300,2,.510200,3,.765300,2,.510200,25,6.377500,360,91.836700
"2006","72835","02","1134","0130","04","Elem. Schools","Y","Clinton Community","Lang Immersion for Tomorrow","Elem. Schools","58",33,56.896500,25,43.103400,0,.000000,3,5.172400,0,.000000,23,39.655100,32,55.172400
"2006","06344","02","1309","","03","High Schools","N","Deerfield Community","","High Schools","236",123,52.118600,113,47.881300,0,.000000,2,.847400,3,1.271100,7,2.966100,224,94.915200
"2006","06344","02","1309","","03","Mid/Jr Hi Schools","N","Deerfield Community","","Mid/Jr Hi Schools","119",56,47.058800,63,52.941100,0,.000000,5,4.201600,2,1.680600,4,3.361300,108,90.756300
"2006","06344","02","1309","","03","Elem. Schools","N","Deerfield Community","","Elem. Schools","376",186,49.468000,190,50.531900,0,.000000,4,1.063800,5,1.329700,12,3.191400,355,94.414800
"2006","06344","02","1309","","03","El/Sec Combined Schls","N","Deerfield Community","","El/Sec Combined Schls","0",,.000000,,.000000,,.000000,,.000000,,.000000,,.000000,,.000000
"2006","06344","02","1309","","03","Summary","N","Deerfield Community","","Summary","731",365,49.931600,366,50.068300,0,.000000,11,1.504700,10,1.367900,23,3.146300,687,93.980800
"2006","06340","02","1309","0020","04","Elem. Schools","N","Deerfield Community","Deerfield Elementary","Elem. Schools","376",186,49.468000,190,50.531900,0,.000000,4,1.063800,5,1.329700,12,3.191400,355,94.414800
"2006","06341","02","1309","0040","04","High Schools","N","Deerfield Community","Deerfield High","High Schools","224",117,52.232100,107,47.767800,0,.000000,2,.892800,3,1.339200,7,3.125000,212,94.642800
"2006","06342","02","1309","0060","04","Mid/Jr Hi Schools","N","Deerfield Community","Deerfield Middle","Mid/Jr Hi Schools","119",56,47.058800,63,52.941100,0,.000000,5,4.201600,2,1.680600,4,3.361300,108,90.756300
"2006","30969","02","1309","0080","04","High Schools","Y","Deerfield Community","Deerfield Charter High","High Schools","12",6,50.000000,6,50.000000,0,.000000,0,.000000,0,.000000,0,.000000,12,100.000000
"2006","00115","02","1309","9413","4C","High Schools","Y","Deerfield Community","JEDI Virtual High School","High Schools","0",,.000000,,.000000,,.000000,,.000000,,.000000,,.000000,,.000000
"2006","06367","02","1316","","03","High Schools","N","De Forest Area","","High Schools","989",483,48.837200,506,51.162700,5,.505500,26,2.628900,24,2.426600,26,2.628900,908,91.809900
"2006","06367","02","1316","","03","Mid/Jr Hi Schools","N","De Forest Area","","Mid/Jr Hi Schools","1020",513,50.294100,507,49.705800,12,1.176400,29,2.843100,46,4.509800,37,3.627400,896,87.843100
"2006","06367","02","1316","","03","Elem. Schools","N","De Forest Area","","Elem. Schools","1212",617,50.907500,595,49.092400,6,.495000,39,3.217800,52,4.290400,42,3.465300,1073,88.531300
"2006","06367","02","1316","","03","El/Sec Combined Schls","N","De Forest Area","","El/Sec Combined Schls","0",,.000000,,.000000,,.000000,,.000000,,.000000,,.000000,,.000000
"2006","06367","02","1316","","03","Summary","N","De Forest Area","","Summary","3221",1613,50.077600,1608,49.922300,23,.714000,94,2.918300,122,3.787600,105,3.259800,2877,89.320000
"2006","06359","02","1316","0020","04","Elem. Schools","N","De Forest Area","Eagle Point Elementary","Elem. Schools","274",152,55.474400,122,44.525500,1,.364900,8,2.919700,17,6.204300,10,3.649600,238,86.861300
"2006","06360","02","1316","0040","04","High Schools","N","De Forest Area","De Forest High","High Schools","989",483,48.837200,506,51.162700,5,.505500,26,2.628900,24,2.426600,26,2.628900,908,91.809900
"2006","06361","02","1316","0050","04","Mid/Jr Hi Schools","N","De Forest Area","De Forest Middle","Mid/Jr Hi Schools","1020",513,50.294100,507,49.705800,12,1.176400,29,2.843100,46,4.509800,37,3.627400,896,87.843100
"2006","07124","02","1316","0080","04","Elem. Schools","N","De Forest Area","Morrisonville Elementary","Elem. Schools","47",21,44.680800,26,55.319100,1,2.127600,1,2.127600,0,.000000,0,.000000,45,95.744600
"2006","06362","02","1316","0100","04","Elem. Schools","N","De Forest Area","Holum Kindergarten Center","Elem. Schools","55",14,25.454500,41,74.545400,0,.000000,1,1.818100,1,1.818100,0,.000000,53,96.363600
"2006","07687","02","1316","0140","04","Elem. Schools","N","De Forest Area","Windsor Elementary","Elem. Schools","403",199,49.379600,204,50.620300,2,.496200,19,4.714600,19,4.714600,9,2.233200,354,87.841100
"2006","06363","02","1316","0160","04","Elem. Schools","N","De Forest Area","Yahara Elementary","Elem. Schools","433",231,53.348700,202,46.651200,2,.461800,10,2.309400,15,3.464200,23,5.311700,383,88.452600
"2006","02730","02","1380","","03","High Schools","N","Delavan-Darien","","High Schools","900",448,49.777700,452,50.222200,3,.333300,13,1.444400,24,2.666600,202,22.444400,658,73.111100
"2006","02730","02","1380","","03","Mid/Jr Hi Schools","N","Delavan-Darien","","Mid/Jr Hi Schools","562",263,46.797100,299,53.202800,0,.000000,4,.711700,9,1.601400,177,31.494600,372,66.192100
"2006","02730","02","1380","","03","Elem. Schools","N","Delavan-Darien","","Elem. Schools","1313",634,48.286300,679,51.713600,9,.685400,8,.609200,34,2.589400,570,43.412000,692,52.703700
"2006","02730","02","1380","","03","El/Sec Combined Schls","N","Delavan-Darien","","El/Sec Combined Schls","0",,.000000,,.000000,,.000000,,.000000,,.000000,,.000000,,.000000
"2006","02730","02","1380","","03","Summary","N","Delavan-Darien","","Summary","2775",1345,48.468400,1430,51.531500,12,.432400,25,.900900,67,2.414400,949,34.198100,1722,62.054000
"2006","02711","02","1380","0010","04","Elem. Schools","N","Delavan-Darien","Darien Elementary","Elem. Schools","524",264,50.381600,260,49.618300,3,.572500,4,.763300,12,2.290000,235,44.847300,270,51.526700
"2006","02720","02","1380","0020","04","High Schools","N","Delavan-Darien","Delavan-Darien High","High Schools","900",448,49.777700,452,50.222200,3,.333300,13,1.444400,24,2.666600,202,22.444400,658,73.111100
"2006","02721","02","1380","0045","04","Elem. Schools","N","Delavan-Darien","Turtle Creek Elementary","Elem. Schools","576",272,47.222200,304,52.777700,3,.520800,3,.520800,17,2.951300,278,48.263800,275,47.743000
"2006","02722","02","1380","0060","04","Mid/Jr Hi Schools","N","Delavan-Darien","Phoenix Middle","Mid/Jr Hi Schools","562",263,46.797100,299,53.202800,0,.000000,4,.711700,9,1.601400,177,31.494600,372,66.192100
"2006","02723","02","1380","0100","04","Elem. Schools","N","Delavan-Darien","Wileman Elementary","Elem. Schools","213",98,46.009300,115,53.990600,3,1.408400,1,.469400,5,2.347400,57,26.760500,147,69.014000
"2006","71506","02","1380","9401","4C","High Schools","Y","Delavan-Darien","Walworth Co Educ Alt High","High Schools","0",,.000000,,.000000,,.000000,,.000000,,.000000,,.000000,,.000000
"2006","03058","02","1449","","03","High Schools","N","Dover #1","","High Schools","0",,.000000,,.000000,,.000000,,.000000,,.000000,,.000000,,.000000
"2006","03058","02","1449","","03","Mid/Jr Hi Schools","N","Dover #1","","Mid/Jr Hi Schools","0",,.000000,,.000000,,.000000,,.000000,,.000000,,.000000,,.000000
"2006","03058","02","1449","","03","Elem. Schools","N","Dover #1","","Elem. Schools","98",52,53.061200,46,46.938700,0,.000000,1,1.020400,2,2.040800,5,5.102000,90,91.836700
"2006","03058","02","1449","","03","El/Sec Combined Schls","N","Dover #1","","El/Sec Combined Schls","0",,.000000,,.000000,,.000000,,.000000,,.000000,,.000000,,.000000
"2006","03058","02","1449","","03","Summary","N","Dover #1","","Summary","98",52,53.061200,46,46.938700,0,.000000,1,1.020400,2,2.040800,5,5.102000,90,91.836700
"2006","03052","02","1449","0020","04","Elem. Schools","N","Dover #1","Kansasville Elementary","Elem. Schools","98",52,53.061200,46,46.938700,0,.000000,1,1.020400,2,2.040800,5,5.102000,90,91.836700
"2006","02795","02","1540","","03","High Schools","N","East Troy Community","","High Schools","589",284,48.217300,305,51.782600,0,.000000,2,.339500,1,.169700,9,1.528000,577,97.962600
"2006","02795","02","1540","","03","Mid/Jr Hi Schools","N","East Troy Community","","Mid/Jr Hi Schools","403",202,50.124000,201,49.875900,0,.000000,2,.496200,3,.744400,9,2.233200,389,96.526000
"2006","02795","02","1540","","03","Elem. Schools","N","East Troy Community","","Elem. Schools","664",322,48.493900,342,51.506000,7,1.054200,7,1.054200,1,.150600,19,2.861400,630,94.879500
"2006","02795","02","1540","","03","El/Sec Combined Schls","N","East Troy Community","","El/Sec Combined Schls","0",,.000000,,.000000,,.000000,,.000000,,.000000,,.000000,,.000000
"2006","02795","02","1540","","03","Summary","N","East Troy Community","","Summary","1656",808,48.792200,848,51.207700,7,.422700,11,.664200,5,.301900,37,2.234200,1596,96.376800
"2006","02786","02","1540","0020","04","Elem. Schools","N","East Troy Community","Doubek Elementary","Elem. Schools","195",101,51.794800,94,48.205100,3,1.538400,2,1.025600,0,.000000,4,2.051200,186,95.384600
"2006","02787","02","1540","0035","04","Elem. Schools","N","East Troy Community","Chester Byrnes Elementary","Elem. Schools","125",54,43.200000,71,56.800000,1,.800000,0,.000000,0,.000000,2,1.600000,122,97.600000
"2006","02788","02","1540","0040","04","High Schools","N","East Troy Community","East Troy High","High Schools","589",284,48.217300,305,51.782600,0,.000000,2,.339500,1,.169700,9,1.528000,577,97.962600
"2006","02789","02","1540","0060","04","Mid/Jr Hi Schools","N","East Troy Community","East Troy Middle","Mid/Jr Hi Schools","403",202,50.124000,201,49.875900,0,.000000,2,.496200,3,.744400,9,2.233200,389,96.526000
"2006","02790","02","1540","0100","04","Elem. Schools","N","East Troy Community","Prairie View Elementary","Elem. Schools","344",167,48.546500,177,51.453400,3,.872000,5,1.453400,1,.290600,13,3.779000,322,93.604600
"2006","06443","02","1568","","03","High Schools","N","Edgerton","","High Schools","564",251,44.503500,313,55.496400,2,.354600,8,1.418400,3,.531900,16,2.836800,535,94.858100
"2006","06443","02","1568","","03","Mid/Jr Hi Schools","N","Edgerton","","Mid/Jr Hi Schools","453",228,50.331100,225,49.668800,5,1.103700,4,.883000,3,.662200,8,1.766000,433,95.584900
"2006","06443","02","1568","","03","Elem. Schools","N","Edgerton","","Elem. Schools","777",374,48.133800,403,51.866100,0,.000000,7,.900900,12,1.544400,42,5.405400,716,92.149200
"2006","06443","02","1568","","03","El/Sec Combined Schls","N","Edgerton","","El/Sec Combined Schls","0",,.000000,,.000000,,.000000,,.000000,,.000000,,.000000,,.000000
"2006","06443","02","1568","","03","Summary","N","Edgerton","","Summary","1794",853,47.547300,941,52.452600,7,.390100,19,1.059000,18,1.003300,66,3.678900,1684,93.868400
"2006","06435","02","1568","0040","04","Elem. Schools","N","Edgerton","Edgerton Community Elementary","Elem. Schools","664",315,47.439700,349,52.560200,0,.000000,6,.903600,10,1.506000,32,4.819200,616,92.771000
"2006","06436","02","1568","0060","04","Mid/Jr Hi Schools","N","Edgerton","Edgerton Middle","Mid/Jr Hi Schools","453",228,50.331100,225,49.668800,5,1.103700,4,.883000,3,.662200,8,1.766000,433,95.584900
"2006","06437","02","1568","0080","04","High Schools","N","Edgerton","Edgerton High","High Schools","564",251,44.503500,313,55.496400,2,.354600,8,1.418400,3,.531900,16,2.836800,535,94.858100
"2006","06438","02","1568","0160","04","Elem. Schools","N","Edgerton","Yahara Elementary","Elem. Schools","113",59,52.212300,54,47.787600,0,.000000,1,.884900,2,1.769900,10,8.849500,100,88.495500
"2006","02827","02","1638","","03","High Schools","N","Elkhorn Area","","High Schools","944",436,46.186400,508,53.813500,1,.105900,9,.953300,8,.847400,61,6.461800,865,91.631300
"2006","02827","02","1638","","03","Mid/Jr Hi Schools","N","Elkhorn Area","","Mid/Jr Hi Schools","707",335,47.383300,372,52.616600,3,.424300,10,1.414400,8,1.131500,72,10.183800,614,86.845800
"2006","02827","02","1638","","03","Elem. Schools","N","Elkhorn Area","","Elem. Schools","1277",615,48.159700,662,51.840200,2,.156600,21,1.644400,18,1.409500,144,11.276400,1092,85.512900
"2006","02827","02","1638","","03","El/Sec Combined Schls","N","Elkhorn Area","","El/Sec Combined Schls","0",,.000000,,.000000,,.000000,,.000000,,.000000,,.000000,,.000000
"2006","02827","02","1638","","03","Summary","N","Elkhorn Area","","Summary","2928",1386,47.336000,1542,52.663900,6,.204900,40,1.366100,34,1.161200,277,9.460300,2571,87.807300
"2006","02817","02","1638","0040","04","High Schools","N","Elkhorn Area","Elkhorn Area High","High Schools","918",425,46.296200,493,53.703700,1,.108900,9,.980300,7,.762500,59,6.427000,842,91.721100
"2006","02818","02","1638","0060","04","Mid/Jr Hi Schools","N","Elkhorn Area","Elkhorn Area Middle","Mid/Jr Hi Schools","707",335,47.383300,372,52.616600,3,.424300,10,1.414400,8,1.131500,72,10.183800,614,86.845800
"2006","02819","02","1638","0080","04","Elem. Schools","N","Elkhorn Area","Tibbets Elementary","Elem. Schools","437",193,44.164700,244,55.835200,2,.457600,4,.915300,4,.915300,21,4.805400,406,92.906100
"2006","02820","02","1638","0100","04","Elem. Schools","N","Elkhorn Area","West Side Elementary","Elem. Schools","401",204,50.872800,197,49.127100,0,.000000,5,1.246800,5,1.246800,51,12.718200,340,84.788000
"2006","72326","02","1638","0120","04","Elem. Schools","N","Elkhorn Area","Jackson Elementary","Elem. Schools","439",218,49.658300,221,50.341600,0,.000000,12,2.733400,9,2.050100,72,16.400900,346,78.815400
"2006","70097","02","1638","9401","04","High Schools","Y","Elkhorn Area","Walworth Co Educ Alt High","High Schools","26",11,42.307600,15,57.692300,0,.000000,0,.000000,1,3.846100,2,7.692300,23,88.461500
"2006","06478","02","1694","","03","High Schools","N","Evansville Community","","High Schools","520",249,47.884600,271,52.115300,3,.576900,5,.961500,3,.576900,12,2.307600,497,95.576900
"2006","06478","02","1694","","03","Mid/Jr Hi Schools","N","Evansville Community","","Mid/Jr Hi Schools","409",192,46.943700,217,53.056200,3,.733400,6,1.466900,1,.244400,10,2.444900,389,95.110000
"2006","06478","02","1694","","03","Elem. Schools","N","Evansville Community","","Elem. Schools","801",376,46.941300,425,53.058600,3,.374500,5,.624200,12,1.498100,30,3.745300,751,93.757800
"2006","06478","02","1694","","03","El/Sec Combined Schls","N","Evansville Community","","El/Sec Combined Schls","0",,.000000,,.000000,,.000000,,.000000,,.000000,,.000000,,.000000
"2006","06478","02","1694","","03","Summary","N","Evansville Community","","Summary","1730",817,47.225400,913,52.774500,9,.520200,16,.924800,16,.924800,52,3.005700,1637,94.624200
"2006","06471","02","1694","0020","04","Elem. Schools","N","Evansville Community","Levi Leonard Elementary","Elem. Schools","430",204,47.441800,226,52.558100,1,.232500,1,.232500,7,1.627900,18,4.186000,403,93.720900
"2006","06472","02","1694","0040","04","High Schools","N","Evansville Community","Evansville High","High Schools","520",249,47.884600,271,52.115300,3,.576900,5,.961500,3,.576900,12,2.307600,497,95.576900
"2006","06473","02","1694","0060","04","Mid/Jr Hi Schools","N","Evansville Community","J C McKenna Middle","Mid/Jr Hi Schools","409",192,46.943700,217,53.056200,3,.733400,6,1.466900,1,.244400,10,2.444900,389,95.110000
"2006","71982","02","1694","0100","04","Elem. Schools","N","Evansville Community","Theodore Robinson Intermediate School","Elem. Schools","371",172,46.361100,199,53.638800,2,.539000,4,1.078100,5,1.347700,12,3.234500,348,93.800500
"2006","02892","02","1870","","03","High Schools","N","Fontana J8","","High Schools","0",,.000000,,.000000,,.000000,,.000000,,.000000,,.000000,,.000000
"2006","02892","02","1870","","03","Mid/Jr Hi Schools","N","Fontana J8","","Mid/Jr Hi Schools","0",,.000000,,.000000,,.000000,,.000000,,.000000,,.000000,,.000000
"2006","02892","02","1870","","03","Elem. Schools","N","Fontana J8","","Elem. Schools","300",137,45.666600,163,54.333300,0,.000000,2,.666600,3,1.000000,18,6.000000,277,92.333300
"2006","02892","02","1870","","03","El/Sec Combined Schls","N","Fontana J8","","El/Sec Combined Schls","0",,.000000,,.000000,,.000000,,.000000,,.000000,,.000000,,.000000
"2006","02892","02","1870","","03","Summary","N","Fontana J8","","Summary","300",137,45.666600,163,54.333300,0,.000000,2,.666600,3,1.000000,18,6.000000,277,92.333300
"2006","02886","02","1870","0020","04","Elem. Schools","N","Fontana J8","Fontana Elementary","Elem. Schools","300",137,45.666600,163,54.333300,0,.000000,2,.666600,3,1.000000,18,6.000000,277,92.333300
"2006","06510","02","1883","","03","High Schools","N","Fort Atkinson","","High Schools","941",473,50.265600,468,49.734300,5,.531300,10,1.062600,9,.956400,47,4.994600,870,92.454800
"2006","06510","02","1883","","03","Mid/Jr Hi Schools","N","Fort Atkinson","","Mid/Jr Hi Schools","588",291,49.489700,297,50.510200,3,.510200,4,.680200,5,.850300,31,5.272100,545,92.687000
"2006","06510","02","1883","","03","Elem. Schools","N","Fort Atkinson","","Elem. Schools","1181",554,46.909300,627,53.090600,4,.338600,13,1.100700,16,1.354700,96,8.128700,1052,89.077000
"2006","06510","02","1883","","03","El/Sec Combined Schls","N","Fort Atkinson","","El/Sec Combined Schls","0",,.000000,,.000000,,.000000,,.000000,,.000000,,.000000,,.000000
"2006","06510","02","1883","","03","Summary","N","Fort Atkinson","","Summary","2710",1318,48.634600,1392,51.365300,12,.442800,27,.996300,30,1.107000,174,6.420600,2467,91.033200
"2006","06499","02","1883","0020","04","Elem. Schools","N","Fort Atkinson","Barrie Elementary","Elem. Schools","256",122,47.656200,134,52.343700,0,.000000,1,.390600,2,.781200,6,2.343700,247,96.484300
"2006","06500","02","1883","0080","04","High Schools","N","Fort Atkinson","Fort Atkinson High","High Schools","941",473,50.265600,468,49.734300,5,.531300,10,1.062600,9,.956400,47,4.994600,870,92.454800
"2006","71190","02","1883","0100","04","Elem. Schools","N","Fort Atkinson","Luther Elementary","Elem. Schools","283",131,46.289700,152,53.710200,2,.706700,2,.706700,3,1.060000,53,18.727900,223,78.798500
"2006","06501","02","1883","0120","04","Mid/Jr Hi Schools","N","Fort Atkinson","Fort Atkinson Middle School","Mid/Jr Hi Schools","588",291,49.489700,297,50.510200,3,.510200,4,.680200,5,.850300,31,5.272100,545,92.687000
"2006","06502","02","1883","0160","04","Elem. Schools","N","Fort Atkinson","Purdy Elementary","Elem. Schools","392",185,47.193800,207,52.806100,2,.510200,1,.255100,10,2.551000,25,6.377500,354,90.306100
"2006","06503","02","1883","0180","04","Elem. Schools","N","Fort Atkinson","Rockwell Elementary","Elem. Schools","250",116,46.400000,134,53.600000,0,.000000,9,3.600000,1,.400000,12,4.800000,228,91.200000
"2006","71519","02","1883","9403","4C","High Schools","Y","Fort Atkinson","Jefferson County Alternative Sch","High Schools","0",,.000000,,.000000,,.000000,,.000000,,.000000,,.000000,,.000000
"2006","00116","02","1883","9413","4C","High Schools","Y","Fort Atkinson","JEDI Virtual High School","High Schools","0",,.000000,,.000000,,.000000,,.000000,,.000000,,.000000,,.000000
"2006","03333","02","2044","","03","High Schools","N","Geneva J4","","High Schools","0",,.000000,,.000000,,.000000,,.000000,,.000000,,.000000,,.000000
"2006","03333","02","2044","","03","Mid/Jr Hi Schools","N","Geneva J4","","Mid/Jr Hi Schools","0",,.000000,,.000000,,.000000,,.000000,,.000000,,.000000,,.000000
"2006","03333","02","2044","","03","Elem. Schools","N","Geneva J4","","Elem. Schools","127",53,41.732200,74,58.267700,0,.000000,4,3.149600,3,2.362200,4,3.149600,116,91.338500
"2006","03333","02","2044","","03","El/Sec Combined Schls","N","Geneva J4","","El/Sec Combined Schls","0",,.000000,,.000000,,.000000,,.000000,,.000000,,.000000,,.000000
"2006","03333","02","2044","","03","Summary","N","Geneva J4","","Summary","127",53,41.732200,74,58.267700,0,.000000,4,3.149600,3,2.362200,4,3.149600,116,91.338500
"2006","03310","02","2044","0020","04","Elem. Schools","N","Geneva J4","Woods Elementary","Elem. Schools","127",53,41.732200,74,58.267700,0,.000000,4,3.149600,3,2.362200,4,3.149600,116,91.338500
"2006","02944","02","2051","","03","High Schools","N","Genoa City J2","","High Schools","0",,.000000,,.000000,,.000000,,.000000,,.000000,,.000000,,.000000
"2006","02944","02","2051","","03","Mid/Jr Hi Schools","N","Genoa City J2","","Mid/Jr Hi Schools","275",139,50.545400,136,49.454500,0,.000000,1,.363600,3,1.090900,20,7.272700,251,91.272700
"2006","02944","02","2051","","03","Elem. Schools","N","Genoa City J2","","Elem. Schools","371",154,41.509400,217,58.490500,1,.269500,2,.539000,3,.808600,27,7.277600,338,91.105100
"2006","02944","02","2051","","03","El/Sec Combined Schls","N","Genoa City J2","","El/Sec Combined Schls","0",,.000000,,.000000,,.000000,,.000000,,.000000,,.000000,,.000000
"2006","02944","02","2051","","03","Summary","N","Genoa City J2","","Summary","646",293,45.356000,353,54.643900,1,.154700,3,.464300,6,.928700,47,7.275500,589,91.176400
"2006","02938","02","2051","0020","04","Elem. Schools","N","Genoa City J2","Brookwood Elementary","Elem. Schools","371",154,41.509400,217,58.490500,1,.269500,2,.539000,3,.808600,27,7.277600,338,91.105100
"2006","71188","02","2051","0200","04","Mid/Jr Hi Schools","N","Genoa City J2","Brookwood Middle","Mid/Jr Hi Schools","275",139,50.545400,136,49.454500,0,.000000,1,.363600,3,1.090900,20,7.272700,251,91.272700
"2006","06597","02","2695","","03","High Schools","N","Janesville","","High Schools","3664",1732,47.270700,1932,52.729200,13,.354800,73,1.992300,144,3.930100,131,3.575300,3303,90.147300
"2006","06597","02","2695","","03","Mid/Jr Hi Schools","N","Janesville","","Mid/Jr Hi Schools","2345",1171,49.936000,1174,50.063900,19,.810200,46,1.961600,143,6.098000,133,5.671600,2004,85.458400
"2006","06597","02","2695","","03","Elem. Schools","N","Janesville","","Elem. Schools","4580",2208,48.209600,2372,51.790300,14,.305600,106,2.314400,299,6.528300,347,7.576400,3814,83.275100
"2006","06597","02","2695","","03","El/Sec Combined Schls","N","Janesville","","El/Sec Combined Schls","0",,.000000,,.000000,,.000000,,.000000,,.000000,,.000000,,.000000
"2006","06597","02","2695","","03","Summary","N","Janesville","","Summary","10589",5111,48.267000,5478,51.732900,46,.434400,225,2.124800,586,5.534000,611,5.770100,9121,86.136500
"2006","06575","02","2695","0020","04","Elem. Schools","N","Janesville","Adams Elementary","Elem. Schools","432",207,47.916600,225,52.083300,2,.462900,9,2.083300,36,8.333300,34,7.870300,351,81.250000
"2006","06576","02","2695","0060","04","High Schools","N","Janesville","Craig High","High Schools","1794",852,47.491600,942,52.508300,8,.445900,32,1.783700,69,3.846100,53,2.954200,1632,90.969800
"2006","06685","02","2695","0070","04","Mid/Jr Hi Schools","N","Janesville","Edison Middle","Mid/Jr Hi Schools","755",401,53.112500,354,46.887400,2,.264900,10,1.324500,62,8.211900,41,5.430400,640,84.768200
"2006","06577","02","2695","0080","04","Mid/Jr Hi Schools","N","Janesville","Franklin Middle","Mid/Jr Hi Schools","634",319,50.315400,315,49.684500,6,.946300,23,3.627700,28,4.416400,45,7.097700,532,83.911600
"2006","06686","02","2695","0110","04","Elem. Schools","N","Janesville","Harrison Elementary","Elem. Schools","351",164,46.723600,187,53.276300,1,.284900,7,1.994300,14,3.988600,7,1.994300,322,91.737800
"2006","06687","02","2695","0140","04","Elem. Schools","N","Janesville","Jackson Elementary","Elem. Schools","303",133,43.894300,170,56.105600,0,.000000,4,1.320100,25,8.250800,46,15.181500,228,75.247500
"2006","06578","02","2695","0160","04","Elem. Schools","N","Janesville","Jefferson Elementary","Elem. Schools","281",135,48.042700,146,51.957200,0,.000000,6,2.135200,15,5.338000,30,10.676100,230,81.850500
"2006","70067","02","2695","0180","04","Elem. Schools","N","Janesville","Kennedy Elementary","Elem. Schools","378",208,55.026400,170,44.973500,0,.000000,9,2.380900,33,8.730100,25,6.613700,311,82.275100
"2006","06688","02","2695","0200","04","Elem. Schools","N","Janesville","Lincoln Elementary","Elem. Schools","408",214,52.450900,194,47.549000,1,.245000,13,3.186200,28,6.862700,37,9.068600,329,80.637200
"2006","06579","02","2695","0220","04","Elem. Schools","N","Janesville","Madison Elementary","Elem. Schools","420",212,50.476100,208,49.523800,0,.000000,4,.952300,35,8.333300,36,8.571400,345,82.142800
"2006","06580","02","2695","0240","04","Mid/Jr Hi Schools","N","Janesville","Marshall Middle","Mid/Jr Hi Schools","956",451,47.175700,505,52.824200,11,1.150600,13,1.359800,53,5.543900,47,4.916300,832,87.029200
"2006","06581","02","2695","0260","04","Elem. Schools","N","Janesville","Monroe Elementary","Elem. Schools","456",218,47.807000,238,52.192900,1,.219200,12,2.631500,18,3.947300,23,5.043800,402,88.157800
"2006","06582","02","2695","0280","04","High Schools","N","Janesville","Parker High","High Schools","1763",820,46.511600,943,53.488300,5,.283600,36,2.041900,64,3.630100,75,4.254100,1583,89.790100
"2006","06583","02","2695","0320","04","Elem. Schools","N","Janesville","Roosevelt Elementary","Elem. Schools","354",172,48.587500,182,51.412400,2,.564900,4,1.129900,12,3.389800,14,3.954800,322,90.960400
"2006","06689","02","2695","0330","04","Elem. Schools","N","Janesville","Van Buren Elementary","Elem. Schools","360",160,44.444400,200,55.555500,0,.000000,7,1.944400,9,2.500000,8,2.222200,336,93.333300
"2006","06584","02","2695","0340","04","Elem. Schools","N","Janesville","Washington Elementary","Elem. Schools","479",220,45.929000,259,54.070900,2,.417500,9,1.878900,28,5.845500,31,6.471800,409,85.386200
"2006","06585","02","2695","0360","04","Elem. Schools","N","Janesville","Wilson Elementary","Elem. Schools","358",165,46.089300,193,53.910600,5,1.396600,22,6.145200,46,12.849100,56,15.642400,229,63.966400
"2006","51945","02","2695","0400","04","High Schools","Y","Janesville","Rock River Charter School","High Schools","107",60,56.074700,47,43.925200,0,.000000,5,4.672800,11,10.280300,3,2.803700,88,82.242900
"2006","00126","02","2695","0410","04","High Schools","Y","Janesville","Janesville Acad for InternationalStudies","High Schools","0",,.000000,,.000000,,.000000,,.000000,,.000000,,.000000,,.000000
"2006","06733","02","2702","","03","High Schools","N","Jefferson","","High Schools","619",295,47.657500,324,52.342400,6,.969300,2,.323100,3,.484600,42,6.785100,566,91.437800
"2006","06733","02","2702","","03","Mid/Jr Hi Schools","N","Jefferson","","Mid/Jr Hi Schools","373",169,45.308300,204,54.691600,7,1.876600,0,.000000,6,1.608500,35,9.383300,325,87.131300
"2006","06733","02","2702","","03","Elem. Schools","N","Jefferson","","Elem. Schools","780",385,49.358900,395,50.641000,4,.512800,4,.512800,16,2.051200,78,10.000000,678,86.923000
"2006","06733","02","2702","","03","El/Sec Combined Schls","N","Jefferson","","El/Sec Combined Schls","0",,.000000,,.000000,,.000000,,.000000,,.000000,,.000000,,.000000
"2006","06733","02","2702","","03","Summary","N","Jefferson","","Summary","1772",849,47.911900,923,52.088000,17,.959300,6,.338600,25,1.410800,155,8.747100,1569,88.544000
"2006","06723","02","2702","0040","04","Elem. Schools","N","Jefferson","East Elementary","Elem. Schools","298",135,45.302000,163,54.697900,1,.335500,1,.335500,6,2.013400,24,8.053600,266,89.261700
"2006","06724","02","2702","0060","04","Mid/Jr Hi Schools","N","Jefferson","Jefferson Middle","Mid/Jr Hi Schools","373",169,45.308300,204,54.691600,7,1.876600,0,.000000,6,1.608500,35,9.383300,325,87.131300
"2006","06725","02","2702","0080","04","High Schools","N","Jefferson","Jefferson High","High Schools","619",295,47.657500,324,52.342400,6,.969300,2,.323100,3,.484600,42,6.785100,566,91.437800
"2006","06726","02","2702","0085","04","Elem. Schools","N","Jefferson","West Elementary","Elem. Schools","265",131,49.433900,134,50.566000,3,1.132000,2,.754700,10,3.773500,50,18.867900,200,75.471600
"2006","03710","02","2702","0100","04","Elem. Schools","N","Jefferson","Sullivan Elementary","Elem. Schools","217",119,54.838700,98,45.161200,0,.000000,1,.460800,0,.000000,4,1.843300,212,97.695800
"2006","71234","02","2702","9403","04","High Schools","Y","Jefferson","Jefferson County Alternative Sch","High Schools","0",,.000000,,.000000,,.000000,,.000000,,.000000,,.000000,,.000000
"2006","00118","02","2702","9413","4C","High Schools","Y","Jefferson","JEDI Virtual High School","High Schools","0",,.000000,,.000000,,.000000,,.000000,,.000000,,.000000,,.000000
"2006","01457","02","2730","","03","High Schools","N","Johnson Creek","","High Schools","273",134,49.084200,139,50.915700,2,.732600,1,.366300,1,.366300,17,6.227100,252,92.307600
"2006","01457","02","2730","","03","Mid/Jr Hi Schools","N","Johnson Creek","","Mid/Jr Hi Schools","0",,.000000,,.000000,,.000000,,.000000,,.000000,,.000000,,.000000
"2006","01457","02","2730","","03","Elem. Schools","N","Johnson Creek","","Elem. Schools","330",156,47.272700,174,52.727200,0,.000000,3,.909000,4,1.212100,25,7.575700,298,90.303000
"2006","01457","02","2730","","03","El/Sec Combined Schls","N","Johnson Creek","","El/Sec Combined Schls","0",,.000000,,.000000,,.000000,,.000000,,.000000,,.000000,,.000000
"2006","01457","02","2730","","03","Summary","N","Johnson Creek","","Summary","603",290,48.092800,313,51.907100,2,.331600,4,.663300,5,.829100,42,6.965100,550,91.210600
"2006","01455","02","2730","0020","04","Elem. Schools","N","Johnson Creek","Johnson Creek Elementary","Elem. Schools","330",156,47.272700,174,52.727200,0,.000000,3,.909000,4,1.212100,25,7.575700,298,90.303000
"2006","01456","02","2730","0040","04","High Schools","N","Johnson Creek","Johnson Creek High","High Schools","273",134,49.084200,139,50.915700,2,.732600,1,.366300,1,.366300,17,6.227100,252,92.307600
"2006","71521","02","2730","9403","4C","High Schools","Y","Johnson Creek","Jefferson County Alternative Sch","High Schools","1",0,.000000,1,100.000000,0,.000000,0,.000000,0,.000000,0,.000000,1,100.000000
"2006","00119","02","2730","9413","4C","High Schools","Y","Johnson Creek","JEDI Virtual High School","High Schools","0",,.000000,,.000000,,.000000,,.000000,,.000000,,.000000,,.000000
"2006","06768","02","2737","","03","High Schools","N","Juda","","High Schools","88",40,45.454500,48,54.545400,0,.000000,4,4.545400,0,.000000,0,.000000,84,95.454500
"2006","06768","02","2737","","03","Mid/Jr Hi Schools","N","Juda","","Mid/Jr Hi Schools","0",,.000000,,.000000,,.000000,,.000000,,.000000,,.000000,,.000000
"2006","06768","02","2737","","03","Elem. Schools","N","Juda","","Elem. Schools","207",113,54.589300,94,45.410600,0,.000000,4,1.932300,0,.000000,2,.966100,201,97.101400
"2006","06768","02","2737","","03","El/Sec Combined Schls","N","Juda","","El/Sec Combined Schls","0",,.000000,,.000000,,.000000,,.000000,,.000000,,.000000,,.000000
"2006","06768","02","2737","","03","Summary","N","Juda","","Summary","295",153,51.864400,142,48.135500,0,.000000,8,2.711800,0,.000000,2,.677900,285,96.610100
"2006","06763","02","2737","0020","04","Elem. Schools","N","Juda","Juda Elementary","Elem. Schools","207",113,54.589300,94,45.410600,0,.000000,4,1.932300,0,.000000,2,.966100,201,97.101400
"2006","06764","02","2737","0040","04","High Schools","N","Juda","Juda High","High Schools","88",40,45.454500,48,54.545400,0,.000000,4,4.545400,0,.000000,0,.000000,84,95.454500
"2006","03334","02","2884","","03","High Schools","N","Lake Geneva-Genoa City UHS","","High Schools","1440",670,46.527700,770,53.472200,3,.208300,9,.625000,11,.763800,153,10.625000,1264,87.777700
"2006","03334","02","2884","","03","Mid/Jr Hi Schools","N","Lake Geneva-Genoa City UHS","","Mid/Jr Hi Schools","0",,.000000,,.000000,,.000000,,.000000,,.000000,,.000000,,.000000
"2006","03334","02","2884","","03","Elem. Schools","N","Lake Geneva-Genoa City UHS","","Elem. Schools","0",,.000000,,.000000,,.000000,,.000000,,.000000,,.000000,,.000000
"2006","03334","02","2884","","03","El/Sec Combined Schls","N","Lake Geneva-Genoa City UHS","","El/Sec Combined Schls","0",,.000000,,.000000,,.000000,,.000000,,.000000,,.000000,,.000000
"2006","03334","02","2884","","03","Summary","N","Lake Geneva-Genoa City UHS","","Summary","1440",670,46.527700,770,53.472200,3,.208300,9,.625000,11,.763800,153,10.625000,1264,87.777700
"2006","03311","02","2884","0020","04","High Schools","N","Lake Geneva-Genoa City UHS","Badger High","High Schools","1413",659,46.638300,754,53.361600,3,.212300,9,.636900,11,.778400,152,10.757200,1238,87.615000
"2006","71507","02","2884","9401","4C","High Schools","Y","Lake Geneva-Genoa City UHS","Walworth Co Educ Alt High","High Schools","27",11,40.740700,16,59.259200,0,.000000,0,.000000,0,.000000,1,3.703700,26,96.296200
"2006","03335","02","2885","","03","High Schools","N","Lake Geneva J1","","High Schools","0",,.000000,,.000000,,.000000,,.000000,,.000000,,.000000,,.000000
"2006","03335","02","2885","","03","Mid/Jr Hi Schools","N","Lake Geneva J1","","Mid/Jr Hi Schools","640",309,48.281200,331,51.718700,4,.625000,5,.781200,13,2.031200,105,16.406200,513,80.156200
"2006","03335","02","2885","","03","Elem. Schools","N","Lake Geneva J1","","Elem. Schools","1375",668,48.581800,707,51.418100,10,.727200,18,1.309000,44,3.200000,345,25.090900,958,69.672700
"2006","03335","02","2885","","03","El/Sec Combined Schls","N","Lake Geneva J1","","El/Sec Combined Schls","0",,.000000,,.000000,,.000000,,.000000,,.000000,,.000000,,.000000
"2006","03335","02","2885","","03","Summary","N","Lake Geneva J1","","Summary","2015",977,48.486300,1038,51.513600,14,.694700,23,1.141400,57,2.828700,450,22.332500,1471,73.002400
"2006","03312","02","2885","0020","04","Elem. Schools","N","Lake Geneva J1","Central - Denison Elementary","Elem. Schools","701",347,49.500700,354,50.499200,5,.713200,14,1.997100,33,4.707500,197,28.102700,452,64.479300
"2006","03313","02","2885","0060","04","Mid/Jr Hi Schools","N","Lake Geneva J1","Lake Geneva Middle","Mid/Jr Hi Schools","640",309,48.281200,331,51.718700,4,.625000,5,.781200,13,2.031200,105,16.406200,513,80.156200
"2006","03314","02","2885","0080","04","Elem. Schools","N","Lake Geneva J1","Eastview Elementary","Elem. Schools","328",164,50.000000,164,50.000000,1,.304800,3,.914600,7,2.134100,123,37.500000,194,59.146300
"2006","03315","02","2885","0120","04","Elem. Schools","N","Lake Geneva J1","Star Center Elementary","Elem. Schools","346",157,45.375700,189,54.624200,4,1.156000,1,.289000,4,1.156000,25,7.225400,312,90.173400
"2006","06785","02","2898","","03","High Schools","N","Lake Mills Area","","High Schools","424",213,50.235800,211,49.764100,1,.235800,8,1.886700,1,.235800,14,3.301800,400,94.339600
"2006","06785","02","2898","","03","Mid/Jr Hi Schools","N","Lake Mills Area","","Mid/Jr Hi Schools","287",140,48.780400,147,51.219500,1,.348400,8,2.787400,2,.696800,15,5.226400,261,90.940700
"2006","06785","02","2898","","03","Elem. Schools","N","Lake Mills Area","","Elem. Schools","510",256,50.196000,254,49.803900,1,.196000,5,.980300,9,1.764700,32,6.274500,463,90.784300
"2006","06785","02","2898","","03","El/Sec Combined Schls","N","Lake Mills Area","","El/Sec Combined Schls","0",,.000000,,.000000,,.000000,,.000000,,.000000,,.000000,,.000000
"2006","06785","02","2898","","03","Summary","N","Lake Mills Area","","Summary","1221",609,49.877100,612,50.122800,3,.245700,21,1.719900,12,.982800,61,4.995900,1124,92.055600
"2006","06777","02","2898","0040","04","High Schools","N","Lake Mills Area","Lake Mills High","High Schools","424",213,50.235800,211,49.764100,1,.235800,8,1.886700,1,.235800,14,3.301800,400,94.339600
"2006","06778","02","2898","0060","04","Mid/Jr Hi Schools","N","Lake Mills Area","Lake Mills Middle","Mid/Jr Hi Schools","287",140,48.780400,147,51.219500,1,.348400,8,2.787400,2,.696800,15,5.226400,261,90.940700
"2006","06779","02","2898","0100","04","Elem. Schools","N","Lake Mills Area","Prospect Street Elementary","Elem. Schools","510",256,50.196000,254,49.803900,1,.196000,5,.980300,9,1.764700,32,6.274500,463,90.784300
"2006","71522","02","2898","9403","4C","High Schools","Y","Lake Mills Area","Jefferson County Alternative Sch","High Schools","0",,.000000,,.000000,,.000000,,.000000,,.000000,,.000000,,.000000
"2006","00122","02","2898","9413","4C","High Schools","Y","Lake Mills Area","JEDI Virtual High School","High Schools","0",,.000000,,.000000,,.000000,,.000000,,.000000,,.000000,,.000000
"2006","03336","02","3087","","03","High Schools","N","Linn J4","","High Schools","0",,.000000,,.000000,,.000000,,.000000,,.000000,,.000000,,.000000
"2006","03336","02","3087","","03","Mid/Jr Hi Schools","N","Linn J4","","Mid/Jr Hi Schools","0",,.000000,,.000000,,.000000,,.000000,,.000000,,.000000,,.000000
"2006","03336","02","3087","","03","Elem. Schools","N","Linn J4","","Elem. Schools","141",57,40.425500,84,59.574400,0,.000000,0,.000000,2,1.418400,11,7.801400,128,90.780100
"2006","03336","02","3087","","03","El/Sec Combined Schls","N","Linn J4","","El/Sec Combined Schls","0",,.000000,,.000000,,.000000,,.000000,,.000000,,.000000,,.000000
"2006","03336","02","3087","","03","Summary","N","Linn J4","","Summary","141",57,40.425500,84,59.574400,0,.000000,0,.000000,2,1.418400,11,7.801400,128,90.780100
"2006","03316","02","3087","0020","04","Elem. Schools","N","Linn J4","Traver Elementary","Elem. Schools","141",57,40.425500,84,59.574400,0,.000000,0,.000000,2,1.418400,11,7.801400,128,90.780100
"2006","03337","02","3094","","03","High Schools","N","Linn J6","","High Schools","0",,.000000,,.000000,,.000000,,.000000,,.000000,,.000000,,.000000
"2006","03337","02","3094","","03","Mid/Jr Hi Schools","N","Linn J6","","Mid/Jr Hi Schools","0",,.000000,,.000000,,.000000,,.000000,,.000000,,.000000,,.000000
"2006","03337","02","3094","","03","Elem. Schools","N","Linn J6","","Elem. Schools","120",55,45.833300,65,54.166600,0,.000000,0,.000000,0,.000000,3,2.500000,117,97.500000
"2006","03337","02","3094","","03","El/Sec Combined Schls","N","Linn J6","","El/Sec Combined Schls","0",,.000000,,.000000,,.000000,,.000000,,.000000,,.000000,,.000000
"2006","03337","02","3094","","03","Summary","N","Linn J6","","Summary","120",55,45.833300,65,54.166600,0,.000000,0,.000000,0,.000000,3,2.500000,117,97.500000
"2006","03317","02","3094","0020","04","Elem. Schools","N","Linn J6","Reek Elementary","Elem. Schools","120",55,45.833300,65,54.166600,0,.000000,0,.000000,0,.000000,3,2.500000,117,97.500000
"2006","07738","02","3269","","03","High Schools","N","Madison Metropolitan","","High Schools","8187",4112,50.225900,4075,49.774000,44,.537400,847,10.345600,1500,18.321700,727,8.879900,5069,61.915200
"2006","07738","02","3269","","03","Mid/Jr Hi Schools","N","Madison Metropolitan","","Mid/Jr Hi Schools","5130",2545,49.610100,2585,50.389800,32,.623700,532,10.370300,1155,22.514600,577,11.247500,2834,55.243600
"2006","07738","02","3269","","03","Elem. Schools","N","Madison Metropolitan","","Elem. Schools","11135",5347,48.019700,5788,51.980200,73,.655500,1189,10.678000,2544,22.846800,1526,13.704500,5803,52.114900
"2006","07738","02","3269","","03","El/Sec Combined Schls","N","Madison Metropolitan","","El/Sec Combined Schls","0",,.000000,,.000000,,.000000,,.000000,,.000000,,.000000,,.000000
"2006","07738","02","3269","","03","Summary","N","Madison Metropolitan","","Summary","24452",12004,49.092000,12448,50.907900,149,.609300,2568,10.502200,5199,21.262000,2830,11.573600,13706,56.052600
"2006","07972","02","3269","0012","04","High Schools","N","Madison Metropolitan","Diploma Completion High","High Schools","107",56,52.336400,51,47.663500,2,1.869100,9,8.411200,27,25.233600,8,7.476600,61,57.009300
"2006","08542","02","3269","0015","04","Elem. Schools","N","Madison Metropolitan","Lincoln Elementary","Elem. Schools","352",163,46.306800,189,53.693100,3,.852200,48,13.636300,92,26.136300,105,29.829500,104,29.545400
"2006","07863","02","3269","0040","04","Elem. Schools","N","Madison Metropolitan","Sandburg Elementary","Elem. Schools","299",157,52.508300,142,47.491600,0,.000000,20,6.688900,65,21.739100,74,24.749100,140,46.822700
"2006","08580","02","3269","0048","04","Elem. Schools","N","Madison Metropolitan","Hawthorne Elementary","Elem. Schools","319",164,51.410600,155,48.589300,1,.313400,69,21.630000,107,33.542300,47,14.733500,95,29.780500
"2006","07734","02","3269","0053","04","Elem. Schools","N","Madison Metropolitan","Lapham Elementary","Elem. Schools","250",107,42.800000,143,57.200000,2,.800000,4,1.600000,56,22.400000,15,6.000000,173,69.200000
"2006","07865","02","3269","0065","04","Elem. Schools","N","Madison Metropolitan","Lindbergh Elementary","Elem. Schools","247",116,46.963500,131,53.036400,5,2.024200,57,23.076900,63,25.506000,33,13.360300,89,36.032300
"2006","08444","02","3269","0090","04","Mid/Jr Hi Schools","N","Madison Metropolitan","Cherokee Heights Middle","Mid/Jr Hi Schools","527",241,45.730500,286,54.269400,2,.379500,49,9.297900,110,20.872800,128,24.288400,238,45.161200
"2006","07974","02","3269","0105","04","Elem. Schools","N","Madison Metropolitan","Crestwood Elementary","Elem. Schools","387",188,48.578800,199,51.421100,4,1.033500,49,12.661400,47,12.144700,9,2.325500,278,71.834600
"2006","71589","02","3269","0110","04","Elem. Schools","N","Madison Metropolitan","Cesar Chavez Elementary","Elem. Schools","594",282,47.474700,312,52.525200,2,.336700,59,9.932600,99,16.666600,83,13.973000,351,59.090900
"2006","72806","02","3269","0125","04","Elem. Schools","Y","Madison Metropolitan","Nuestro Mundo","Elem. Schools","93",55,59.139700,38,40.860200,0,.000000,1,1.075200,11,11.827900,46,49.462300,35,37.634400
"2006","07866","02","3269","0150","04","High Schools","N","Madison Metropolitan","East High","High Schools","1834",923,50.327100,911,49.672800,10,.545200,204,11.123200,414,22.573600,149,8.124300,1057,57.633500
"2006","08627","02","3269","0165","04","Elem. Schools","N","Madison Metropolitan","Elvehjem Elementary","Elem. Schools","401",191,47.630900,210,52.369000,1,.249300,16,3.990000,45,11.221900,9,2.244300,330,82.294200
"2006","07867","02","3269","0180","04","Elem. Schools","N","Madison Metropolitan","Emerson Elementary","Elem. Schools","261",121,46.360100,140,53.639800,1,.383100,9,3.448200,91,34.865900,26,9.961600,134,51.340900
"2006","71291","02","3269","0190","04","Elem. Schools","N","Madison Metropolitan","Allied Drive Learning Center Elementary","Elem. Schools","118",38,32.203300,80,67.796600,1,.847400,3,2.542300,21,17.796600,27,22.881300,66,55.932200
"2006","08445","02","3269","0210","04","Elem. Schools","N","Madison Metropolitan","Falk Elementary","Elem. Schools","370",173,46.756700,197,53.243200,1,.270200,41,11.081000,151,40.810800,44,11.891800,133,35.945900
"2006","08628","02","3269","0225","04","Elem. Schools","N","Madison Metropolitan","Allis Elementary","Elem. Schools","441",208,47.165500,233,52.834400,5,1.133700,31,7.029400,104,23.582700,128,29.024900,173,39.229000
"2006","08603","02","3269","0240","04","Elem. Schools","N","Madison Metropolitan","Franklin Elementary","Elem. Schools","330",154,46.666600,176,53.333300,3,.909000,41,12.424200,42,12.727200,34,10.303000,210,63.636300
"2006","08629","02","3269","0255","04","Elem. Schools","N","Madison Metropolitan","Glendale Elementary","Elem. Schools","329",160,48.632200,169,51.367700,4,1.215800,38,11.550100,92,27.963500,92,27.963500,103,31.306900
"2006","07975","02","3269","0270","04","Elem. Schools","N","Madison Metropolitan","Stephens Elementary","Elem. Schools","524",249,47.519000,275,52.480900,1,.190800,117,22.328200,98,18.702200,49,9.351100,259,49.427400
"2006","08581","02","3269","0300","04","Elem. Schools","N","Madison Metropolitan","Schenk Elementary","Elem. Schools","379",180,47.493400,199,52.506500,2,.527700,14,3.693900,128,33.773000,46,12.137200,189,49.868000
"2006","08582","02","3269","0315","04","Mid/Jr Hi Schools","N","Madison Metropolitan","Whitehorse Middle","Mid/Jr Hi Schools","396",187,47.222200,209,52.777700,3,.757500,13,3.282800,71,17.929200,23,5.808000,286,72.222200
"2006","08683","02","3269","0360","04","High Schools","N","Madison Metropolitan","Memorial High","High Schools","2197",1092,49.704100,1105,50.295800,11,.500600,249,11.333600,384,17.478300,181,8.238500,1372,62.448700
"2006","08684","02","3269","0370","04","Mid/Jr Hi Schools","N","Madison Metropolitan","Jefferson Middle","Mid/Jr Hi Schools","484",242,50.000000,242,50.000000,1,.206600,82,16.942100,75,15.495800,31,6.404900,295,60.950400
"2006","08583","02","3269","0375","04","Elem. Schools","N","Madison Metropolitan","Kennedy Elementary","Elem. Schools","492",239,48.577200,253,51.422700,0,.000000,19,3.861700,60,12.195100,23,4.674700,390,79.268200
"2006","07976","02","3269","0390","04","Elem. Schools","N","Madison Metropolitan","Muir Elementary","Elem. Schools","443",189,42.663600,254,57.336300,4,.902900,50,11.286600,93,20.993200,40,9.029300,256,57.787800
"2006","07868","02","3269","0400","04","High Schools","N","Madison Metropolitan","Shabazz-City High","High Schools","117",69,58.974300,48,41.025600,2,1.709400,2,1.709400,22,18.803400,6,5.128200,85,72.649500
"2006","08630","02","3269","0420","04","High Schools","N","Madison Metropolitan","LaFollette High","High Schools","1743",845,48.479600,898,51.520300,9,.516300,105,6.024000,303,17.383800,160,9.179500,1166,66.896100
"2006","07869","02","3269","0435","04","Elem. Schools","N","Madison Metropolitan","Lake View Elementary","Elem. Schools","278",138,49.640200,140,50.359700,0,.000000,38,13.669000,96,34.532300,42,15.107900,102,36.690600
"2006","07977","02","3269","0440","04","Mid/Jr Hi Schools","Y","Madison Metropolitan","James Wright Middle","Mid/Jr Hi Schools","230",128,55.652100,102,44.347800,3,1.304300,22,9.565200,132,57.391300,41,17.826000,32,13.913000
"2006","72544","02","3269","0460","04","High Schools","N","Madison Metropolitan","AERO Alt Ed Resource Option","High Schools","18",7,38.888800,11,61.111100,1,5.555500,0,.000000,10,55.555500,1,5.555500,6,33.333300
"2006","08543","02","3269","0475","04","Elem. Schools","N","Madison Metropolitan","Leopold Elementary","Elem. Schools","678",321,47.345100,357,52.654800,5,.737400,36,5.309700,200,29.498500,162,23.893800,275,40.560400
"2006","08605","02","3269","0480","04","High Schools","N","Madison Metropolitan","SAPAR Program High","High Schools","25",25,100.000000,0,.000000,0,.000000,0,.000000,16,64.000000,3,12.000000,6,24.000000
"2006","07870","02","3269","0495","04","Elem. Schools","N","Madison Metropolitan","Lowell Elementary","Elem. Schools","266",133,50.000000,133,50.000000,3,1.127800,19,7.142800,79,29.699200,37,13.909700,128,48.120300
"2006","07735","02","3269","0525","04","Elem. Schools","N","Madison Metropolitan","Marquette Elementary","Elem. Schools","223",115,51.569500,108,48.430400,1,.448400,8,3.587400,36,16.143400,9,4.035800,169,75.784700
"2006","07736","02","3269","0540","04","Mid/Jr Hi Schools","N","Madison Metropolitan","O'Keeffe Middle","Mid/Jr Hi Schools","354",178,50.282400,176,49.717500,1,.282400,21,5.932200,84,23.728800,22,6.214600,226,63.841800
"2006","07871","02","3269","0555","04","Elem. Schools","N","Madison Metropolitan","Mendota Elementary","Elem. Schools","239",114,47.698700,125,52.301200,3,1.255200,4,1.673600,143,59.832600,19,7.949700,70,29.288700
"2006","08446","02","3269","0570","04","Elem. Schools","N","Madison Metropolitan","Midvale Elementary","Elem. Schools","344",180,52.325500,164,47.674400,3,.872000,45,13.081300,82,23.837200,117,34.011600,97,28.197600
"2006","08447","02","3269","0615","04","Elem. Schools","N","Madison Metropolitan","Orchard Ridge Elementary","Elem. Schools","256",125,48.828100,131,51.171800,1,.390600,11,4.296800,73,28.515600,24,9.375000,147,57.421800
"2006","08448","02","3269","0620","04","Mid/Jr Hi Schools","N","Madison Metropolitan","Toki Middle","Mid/Jr Hi Schools","627",313,49.920200,314,50.079700,8,1.275900,47,7.496000,198,31.578900,62,9.888300,312,49.760700
"2006","07978","02","3269","0645","04","Elem. Schools","N","Madison Metropolitan","Randall Elementary","Elem. Schools","366",178,48.633800,188,51.366100,3,.819600,41,11.202100,33,9.016300,28,7.650200,261,71.311400
"2006","08449","02","3269","0660","04","Elem. Schools","N","Madison Metropolitan","Huegel Elementary","Elem. Schools","456",228,50.000000,228,50.000000,3,.657800,37,8.114000,132,28.947300,39,8.552600,245,53.728000
"2006","08631","02","3269","0665","04","Mid/Jr Hi Schools","N","Madison Metropolitan","Sennett Middle","Mid/Jr Hi Schools","626",293,46.805100,333,53.194800,5,.798700,55,8.785900,114,18.210800,108,17.252300,344,54.952000
"2006","07872","02","3269","0675","04","Elem. Schools","N","Madison Metropolitan","Gompers Elementary","Elem. Schools","247",127,51.417000,120,48.582900,0,.000000,24,9.716500,40,16.194300,29,11.740800,154,62.348100
"2006","07873","02","3269","0690","04","Mid/Jr Hi Schools","N","Madison Metropolitan","Black Hawk Middle","Mid/Jr Hi Schools","406",196,48.275800,210,51.724100,1,.246300,60,14.778300,125,30.788100,28,6.896500,192,47.290600
"2006","08606","02","3269","0700","04","High Schools","N","Madison Metropolitan","Work & Learning High","High Schools","103",54,52.427100,49,47.572800,2,1.941700,17,16.504800,41,39.805800,9,8.737800,34,33.009700
"2006","07874","02","3269","0710","04","Mid/Jr Hi Schools","N","Madison Metropolitan","Sherman Middle","Mid/Jr Hi Schools","537",284,52.886400,253,47.113500,3,.558600,54,10.055800,164,30.540000,66,12.290500,250,46.554900
"2006","07979","02","3269","0735","04","Elem. Schools","N","Madison Metropolitan","Shorewood Hills Elementary","Elem. Schools","443",223,50.338600,220,49.661300,1,.225700,153,34.537200,19,4.288900,33,7.449200,237,53.498800
"2006","08450","02","3269","0780","04","Elem. Schools","N","Madison Metropolitan","Thoreau Elementary","Elem. Schools","411",193,46.958600,218,53.041300,7,1.703100,27,6.569300,121,29.440300,45,10.948900,211,51.338100
"2006","07980","02","3269","0795","04","Elem. Schools","N","Madison Metropolitan","Van Hise Elementary","Elem. Schools","299",138,46.153800,161,53.846100,3,1.003300,60,20.066800,25,8.361200,12,4.013300,199,66.555100
"2006","07981","02","3269","0810","04","Mid/Jr Hi Schools","N","Madison Metropolitan","Hamilton Middle","Mid/Jr Hi Schools","699",366,52.360500,333,47.639400,4,.572200,116,16.595100,48,6.866900,50,7.153000,481,68.812500
"2006","07982","02","3269","0840","04","High Schools","N","Madison Metropolitan","West High","High Schools","2043",1041,50.954400,1002,49.045500,7,.342600,261,12.775300,283,13.852100,210,10.279000,1282,62.750800
"2006","07973","02","3269","0850","04","Mid/Jr Hi Schools","N","Madison Metropolitan","Spring Harbor Middle","Mid/Jr Hi Schools","244",117,47.950800,127,52.049100,1,.409800,13,5.327800,34,13.934400,18,7.377000,178,72.950800
"2006","06896","02","3332","","03","High Schools","N","Marshall","","High Schools","357",165,46.218400,192,53.781500,0,.000000,2,.560200,6,1.680600,42,11.764700,307,85.994300
"2006","06896","02","3332","","03","Mid/Jr Hi Schools","N","Marshall","","Mid/Jr Hi Schools","163",77,47.239200,86,52.760700,1,.613400,0,.000000,8,4.907900,16,9.815900,138,84.662500
"2006","06896","02","3332","","03","Elem. Schools","N","Marshall","","Elem. Schools","377",176,46.684300,201,53.315600,0,.000000,3,.795700,6,1.591500,46,12.201500,322,85.411100
"2006","06896","02","3332","","03","El/Sec Combined Schls","N","Marshall","","El/Sec Combined Schls","0",,.000000,,.000000,,.000000,,.000000,,.000000,,.000000,,.000000
"2006","06896","02","3332","","03","Summary","N","Marshall","","Summary","897",418,46.599700,479,53.400200,1,.111400,5,.557400,20,2.229600,104,11.594200,767,85.507200
"2006","06887","02","3332","0020","04","Elem. Schools","N","Marshall","Marshall Elementary","Elem. Schools","362",170,46.961300,192,53.038600,0,.000000,3,.828700,6,1.657400,44,12.154600,309,85.359100
"2006","06888","02","3332","0040","04","High Schools","N","Marshall","Marshall High","High Schools","345",160,46.376800,185,53.623100,0,.000000,2,.579700,6,1.739100,39,11.304300,298,86.376800
"2006","06889","02","3332","0060","04","Mid/Jr Hi Schools","N","Marshall","Marshall Middle","Mid/Jr Hi Schools","163",77,47.239200,86,52.760700,1,.613400,0,.000000,8,4.907900,16,9.815900,138,84.662500
"2006","06890","02","3332","0080","04","Elem. Schools","N","Marshall","Marshall Early Learning Center","Elem. Schools","15",6,40.000000,9,60.000000,0,.000000,0,.000000,0,.000000,2,13.333300,13,86.666600
"2006","51946","02","3332","0400","04","High Schools","Y","Marshall","The Fifth Dimension","High Schools","12",5,41.666600,7,58.333300,0,.000000,0,.000000,0,.000000,3,25.000000,9,75.000000
"2006","00121","02","3332","9413","4C","High Schools","Y","Marshall","JEDI Virtual High School","High Schools","0",,.000000,,.000000,,.000000,,.000000,,.000000,,.000000,,.000000
"2006","06863","02","3381","","03","High Schools","N","McFarland","","High Schools","676",315,46.597600,361,53.402300,4,.591700,14,2.071000,14,2.071000,14,2.071000,630,93.195200
"2006","06863","02","3381","","03","Mid/Jr Hi Schools","N","McFarland","","Mid/Jr Hi Schools","456",217,47.587700,239,52.412200,2,.438500,17,3.728000,11,2.412200,11,2.412200,415,91.008700
"2006","06863","02","3381","","03","Elem. Schools","N","McFarland","","Elem. Schools","899",436,48.498300,463,51.501600,3,.333700,34,3.781900,34,3.781900,33,3.670700,795,88.431500
"2006","06863","02","3381","","03","El/Sec Combined Schls","N","McFarland","","El/Sec Combined Schls","0",,.000000,,.000000,,.000000,,.000000,,.000000,,.000000,,.000000
"2006","06863","02","3381","","03","Summary","N","McFarland","","Summary","2031",968,47.661200,1063,52.338700,9,.443100,65,3.200300,59,2.904900,58,2.855700,1840,90.595700
"2006","06856","02","3381","0010","04","Elem. Schools","N","McFarland","Conrad Elvehjem Early Learning Center","Elem. Schools","164",76,46.341400,88,53.658500,0,.000000,5,3.048700,4,2.439000,3,1.829200,152,92.682900
"2006","06857","02","3381","0020","04","Elem. Schools","N","McFarland","McFarland Primary School","Elem. Schools","307",151,49.185600,156,50.814300,1,.325700,14,4.560200,11,3.583000,13,4.234500,268,87.296400
"2006","70105","02","3381","0040","04","Elem. Schools","N","McFarland","Waubesa Intermediate Sch","Elem. Schools","428",209,48.831700,219,51.168200,2,.467200,15,3.504600,19,4.439200,17,3.971900,375,87.616800
"2006","06858","02","3381","0060","04","Mid/Jr Hi Schools","N","McFarland","Indian Mound Middle","Mid/Jr Hi Schools","456",217,47.587700,239,52.412200,2,.438500,17,3.728000,11,2.412200,11,2.412200,415,91.008700
"2006","06859","02","3381","0080","04","High Schools","N","McFarland","McFarland High","High Schools","676",315,46.597600,361,53.402300,4,.591700,14,2.071000,14,2.071000,14,2.071000,630,93.195200
"2006","06948","02","3549","","03","High Schools","N","Middleton-Cross Plains","","High Schools","1926",952,49.428800,974,50.571100,9,.467200,57,2.959500,69,3.582500,70,3.634400,1721,89.356100
"2006","06948","02","3549","","03","Mid/Jr Hi Schools","N","Middleton-Cross Plains","","Mid/Jr Hi Schools","1266",613,48.420200,653,51.579700,2,.157900,37,2.922500,71,5.608200,50,3.949400,1106,87.361700
"2006","06948","02","3549","","03","Elem. Schools","N","Middleton-Cross Plains","","Elem. Schools","2424",1178,48.597300,1246,51.402600,4,.165000,109,4.496600,156,6.435600,94,3.877800,2061,85.024700
"2006","06948","02","3549","","03","El/Sec Combined Schls","N","Middleton-Cross Plains","","El/Sec Combined Schls","0",,.000000,,.000000,,.000000,,.000000,,.000000,,.000000,,.000000
"2006","06948","02","3549","","03","Summary","N","Middleton-Cross Plains","","Summary","5616",2743,48.842500,2873,51.157400,15,.267000,203,3.614600,296,5.270600,214,3.810500,4888,87.037000
"2006","06938","02","3549","0030","04","Mid/Jr Hi Schools","N","Middleton-Cross Plains","Kromrey Middle","Mid/Jr Hi Schools","636",313,49.213800,323,50.786100,0,.000000,25,3.930800,46,7.232700,41,6.446500,524,82.389900
"2006","06939","02","3549","0040","04","Elem. Schools","N","Middleton-Cross Plains","Elm Lawn Elementary","Elem. Schools","455",242,53.186800,213,46.813100,0,.000000,33,7.252700,8,1.758200,9,1.978000,405,89.010900
"2006","30748","02","3549","0050","04","Mid/Jr Hi Schools","N","Middleton-Cross Plains","Glacier Creek Middle","Mid/Jr Hi Schools","630",300,47.619000,330,52.380900,2,.317400,12,1.904700,25,3.968200,9,1.428500,582,92.380900
"2006","06940","02","3549","0060","04","High Schools","N","Middleton-Cross Plains","Middleton High","High Schools","1818",903,49.669900,915,50.330000,9,.495000,56,3.080300,62,3.410300,61,3.355300,1630,89.658900
"2006","06941","02","3549","0090","04","Elem. Schools","N","Middleton-Cross Plains","Northside Elementary","Elem. Schools","475",230,48.421000,245,51.578900,2,.421000,21,4.421000,22,4.631500,9,1.894700,421,88.631500
"2006","06295","02","3549","0100","04","Elem. Schools","N","Middleton-Cross Plains","Park Elementary","Elem. Schools","324",151,46.604900,173,53.395000,1,.308600,4,1.234500,3,.925900,3,.925900,313,96.604900
"2006","06942","02","3549","0120","04","Elem. Schools","N","Middleton-Cross Plains","Sauk Trail Elementary","Elem. Schools","357",168,47.058800,189,52.941100,1,.280100,19,5.322100,50,14.005600,65,18.207200,222,62.184800
"2006","07641","02","3549","0150","04","Elem. Schools","N","Middleton-Cross Plains","Sunset Ridge Elementary","Elem. Schools","496",244,49.193500,252,50.806400,0,.000000,24,4.838700,18,3.629000,1,.201600,453,91.330600
"2006","07577","02","3549","0160","04","Elem. Schools","N","Middleton-Cross Plains","West Middleton Elementary","Elem. Schools","317",143,45.110400,174,54.889500,0,.000000,8,2.523600,55,17.350100,7,2.208200,247,77.917900
"2006","30555","02","3549","0180","04","High Schools","Y","Middleton-Cross Plains","Middleton Alternative High","High Schools","108",49,45.370300,59,54.629600,0,.000000,1,.925900,7,6.481400,9,8.333300,91,84.259200
"2006","06991","02","3612","","03","High Schools","N","Milton","","High Schools","984",480,48.780400,504,51.219500,5,.508100,22,2.235700,7,.711300,21,2.134100,929,94.410500
"2006","06991","02","3612","","03","Mid/Jr Hi Schools","N","Milton","","Mid/Jr Hi Schools","1209",590,48.800600,619,51.199300,1,.082700,22,1.819600,13,1.075200,23,1.902300,1150,95.119900
"2006","06991","02","3612","","03","Elem. Schools","N","Milton","","Elem. Schools","931",412,44.253400,519,55.746500,2,.214800,9,.966700,9,.966700,26,2.792600,885,95.059000
"2006","06991","02","3612","","03","El/Sec Combined Schls","N","Milton","","El/Sec Combined Schls","0",,.000000,,.000000,,.000000,,.000000,,.000000,,.000000,,.000000
"2006","06991","02","3612","","03","Summary","N","Milton","","Summary","3124",1482,47.439100,1642,52.560800,8,.256000,53,1.696500,29,.928200,70,2.240700,2964,94.878300
"2006","06586","02","3612","0040","04","Elem. Schools","N","Milton","Consolidated Elementary","Elem. Schools","90",31,34.444400,59,65.555500,0,.000000,0,.000000,0,.000000,0,.000000,90,100.000000
"2006","06984","02","3612","0080","04","Elem. Schools","N","Milton","East Elementary","Elem. Schools","322",150,46.583800,172,53.416100,1,.310500,3,.931600,4,1.242200,9,2.795000,305,94.720400
"2006","06985","02","3612","0100","04","High Schools","N","Milton","Milton High","High Schools","984",480,48.780400,504,51.219500,5,.508100,22,2.235700,7,.711300,21,2.134100,929,94.410500
"2006","06986","02","3612","0120","04","Mid/Jr Hi Schools","N","Milton","Milton Middle","Mid/Jr Hi Schools","502",251,50.000000,251,50.000000,1,.199200,7,1.394400,3,.597600,8,1.593600,483,96.215100
"2006","06987","02","3612","0130","04","Mid/Jr Hi Schools","N","Milton","Northside Intermediate","Mid/Jr Hi Schools","707",339,47.949000,368,52.050900,0,.000000,15,2.121600,10,1.414400,15,2.121600,667,94.342200
"2006","06988","02","3612","0140","04","Elem. Schools","N","Milton","West Elementary","Elem. Schools","311",135,43.408300,176,56.591600,1,.321500,4,1.286100,2,.643000,9,2.893800,295,94.855300
"2006","00077","02","3612","0160","04","Elem. Schools","N","Milton","Harmony Elementary School","Elem. Schools","208",96,46.153800,112,53.846100,0,.000000,2,.961500,3,1.442300,8,3.846100,195,93.750000
"2006","08640","02","3675","","03","High Schools","N","Monona Grove","","High Schools","993",483,48.640400,510,51.359500,2,.201400,20,2.014000,47,4.733100,33,3.323200,891,89.728000
"2006","08640","02","3675","","03","Mid/Jr Hi Schools","N","Monona Grove","","Mid/Jr Hi Schools","654",336,51.376100,318,48.623800,4,.611600,19,2.905100,31,4.740000,20,3.058100,580,88.685000
"2006","08640","02","3675","","03","Elem. Schools","N","Monona Grove","","Elem. Schools","1270",616,48.503900,654,51.496000,5,.393700,33,2.598400,51,4.015700,46,3.622000,1135,89.370000
"2006","08640","02","3675","","03","El/Sec Combined Schls","N","Monona Grove","","El/Sec Combined Schls","0",,.000000,,.000000,,.000000,,.000000,,.000000,,.000000,,.000000
"2006","08640","02","3675","","03","Summary","N","Monona Grove","","Summary","2917",1435,49.194300,1482,50.805600,11,.377000,72,2.468200,129,4.422300,99,3.393800,2606,89.338300
"2006","06284","02","3675","0020","04","Elem. Schools","N","Monona Grove","Cottage Grove Elementary","Elem. Schools","412",196,47.572800,216,52.427100,2,.485400,17,4.126200,14,3.398000,10,2.427100,369,89.563100
"2006","08632","02","3675","0040","04","Elem. Schools","N","Monona Grove","Maywood Elementary","Elem. Schools","189",96,50.793600,93,49.206300,0,.000000,1,.529100,15,7.936500,9,4.761900,164,86.772400
"2006","08633","02","3675","0060","04","High Schools","N","Monona Grove","Monona Grove High","High Schools","971",472,48.609600,499,51.390300,2,.205900,20,2.059700,45,4.634300,31,3.192500,873,89.907300
"2006","08634","02","3675","0080","04","Elem. Schools","N","Monona Grove","Nichols Elementary","Elem. Schools","224",112,50.000000,112,50.000000,0,.000000,2,.892800,12,5.357100,17,7.589200,193,86.160700
"2006","08635","02","3675","0100","04","Mid/Jr Hi Schools","N","Monona Grove","Winnequah Middle","Mid/Jr Hi Schools","654",336,51.376100,318,48.623800,4,.611600,19,2.905100,31,4.740000,20,3.058100,580,88.685000
"2006","26907","02","3675","0120","04","Elem. Schools","N","Monona Grove","Taylor Prairie Elementary","Elem. Schools","445",212,47.640400,233,52.359500,3,.674100,13,2.921300,10,2.247100,10,2.247100,409,91.910100
"2006","48854","02","3675","0410","04","High Schools","Y","Monona Grove","Monona Grove Alternative High","High Schools","22",11,50.000000,11,50.000000,0,.000000,0,.000000,2,9.090900,2,9.090900,18,81.818100
"2006","07059","02","3682","","03","High Schools","N","Monroe","","High Schools","980",477,48.673400,503,51.326500,7,.714200,8,.816300,13,1.326500,16,1.632600,936,95.510200
"2006","07059","02","3682","","03","Mid/Jr Hi Schools","N","Monroe","","Mid/Jr Hi Schools","640",339,52.968700,301,47.031200,2,.312500,8,1.250000,14,2.187500,16,2.500000,600,93.750000
"2006","07059","02","3682","","03","Elem. Schools","N","Monroe","","Elem. Schools","1108",573,51.714800,535,48.285100,4,.361000,12,1.083000,14,1.263500,31,2.797800,1047,94.494500
"2006","07059","02","3682","","03","El/Sec Combined Schls","N","Monroe","","El/Sec Combined Schls","0",,.000000,,.000000,,.000000,,.000000,,.000000,,.000000,,.000000
"2006","07059","02","3682","","03","Summary","N","Monroe","","Summary","2728",1389,50.916400,1339,49.083500,13,.476500,28,1.026300,41,1.502900,63,2.309300,2583,94.684700
"2006","07049","02","3682","0010","04","Elem. Schools","N","Monroe","Abraham Lincoln Elementary","Elem. Schools","313",152,48.562300,161,51.437600,1,.319400,2,.638900,2,.638900,2,.638900,306,97.763500
"2006","07050","02","3682","0100","04","Mid/Jr Hi Schools","N","Monroe","Monroe Middle","Mid/Jr Hi Schools","633",338,53.396500,295,46.603400,2,.315900,8,1.263800,12,1.895700,16,2.527600,595,93.996800
"2006","07051","02","3682","0120","04","High Schools","N","Monroe","Monroe High","High Schools","791",380,48.040400,411,51.959500,5,.632100,6,.758500,9,1.137800,10,1.264200,761,96.207300
"2006","07052","02","3682","0140","04","Elem. Schools","N","Monroe","Northside Elementary","Elem. Schools","419",229,54.653900,190,45.346000,1,.238600,3,.715900,4,.954600,12,2.863900,399,95.226700
"2006","07053","02","3682","0150","04","Elem. Schools","N","Monroe","Parkside Elementary","Elem. Schools","376",192,51.063800,184,48.936100,2,.531900,7,1.861700,8,2.127600,17,4.521200,342,90.957400
"2006","00140","02","3682","0200","04","Mid/Jr Hi Schools","Y","Monroe","MMS Alternative Charter","Mid/Jr Hi Schools","7",1,14.285700,6,85.714200,0,.000000,0,.000000,2,28.571400,0,.000000,5,71.428500
"2006","48810","02","3682","0410","04","High Schools","Y","Monroe","Monroe Alternative Charter School","High Schools","42",26,61.904700,16,38.095200,0,.000000,0,.000000,0,.000000,0,.000000,42,100.000000
"2006","72065","02","3682","0420","04","High Schools","Y","Monroe","Monroe Independent Virtual Charter Sch","High Schools","147",71,48.299300,76,51.700600,2,1.360500,2,1.360500,4,2.721000,6,4.081600,133,90.476100
"2006","07104","02","3696","","03","High Schools","N","Monticello","","High Schools","124",61,49.193500,63,50.806400,0,.000000,3,2.419300,1,.806400,1,.806400,119,95.967700
"2006","07104","02","3696","","03","Mid/Jr Hi Schools","N","Monticello","","Mid/Jr Hi Schools","97",43,44.329800,54,55.670100,1,1.030900,4,4.123700,0,.000000,0,.000000,92,94.845300
"2006","07104","02","3696","","03","Elem. Schools","N","Monticello","","Elem. Schools","192",95,49.479100,97,50.520800,1,.520800,4,2.083300,0,.000000,4,2.083300,183,95.312500
"2006","07104","02","3696","","03","El/Sec Combined Schls","N","Monticello","","El/Sec Combined Schls","0",,.000000,,.000000,,.000000,,.000000,,.000000,,.000000,,.000000
"2006","07104","02","3696","","03","Summary","N","Monticello","","Summary","413",199,48.184000,214,51.815900,2,.484200,11,2.663400,1,.242100,5,1.210600,394,95.399500
"2006","07098","02","3696","0020","04","Elem. Schools","N","Monticello","Monticello Elementary","Elem. Schools","192",95,49.479100,97,50.520800,1,.520800,4,2.083300,0,.000000,4,2.083300,183,95.312500
"2006","07099","02","3696","0030","04","Mid/Jr Hi Schools","N","Monticello","Monticello Middle","Mid/Jr Hi Schools","97",43,44.329800,54,55.670100,1,1.030900,4,4.123700,0,.000000,0,.000000,92,94.845300
"2006","07100","02","3696","0040","04","High Schools","N","Monticello","Monticello High","High Schools","124",61,49.193500,63,50.806400,0,.000000,3,2.419300,1,.806400,1,.806400,119,95.967700
"2006","07133","02","3794","","03","High Schools","N","Mount Horeb Area","","High Schools","621",318,51.207700,303,48.792200,1,.161000,2,.322000,6,.966100,11,1.771300,601,96.779300
"2006","07133","02","3794","","03","Mid/Jr Hi Schools","N","Mount Horeb Area","","Mid/Jr Hi Schools","522",277,53.065100,245,46.934800,0,.000000,0,.000000,10,1.915700,5,.957800,507,97.126400
"2006","07133","02","3794","","03","Elem. Schools","N","Mount Horeb Area","","Elem. Schools","1031",502,48.690500,529,51.309400,7,.678900,18,1.745800,13,1.260900,19,1.842800,974,94.471300
"2006","07133","02","3794","","03","El/Sec Combined Schls","N","Mount Horeb Area","","El/Sec Combined Schls","0",,.000000,,.000000,,.000000,,.000000,,.000000,,.000000,,.000000
"2006","07133","02","3794","","03","Summary","N","Mount Horeb Area","","Summary","2174",1097,50.459900,1077,49.540000,8,.367900,20,.919900,29,1.333900,35,1.609900,2082,95.768100
"2006","07125","02","3794","0100","04","Elem. Schools","N","Mount Horeb Area","Mount Horeb Intermediate","Elem. Schools","512",240,46.875000,272,53.125000,4,.781200,10,1.953100,6,1.171800,8,1.562500,484,94.531200
"2006","07126","02","3794","0110","04","Mid/Jr Hi Schools","N","Mount Horeb Area","Mount Horeb Middle","Mid/Jr Hi Schools","522",277,53.065100,245,46.934800,0,.000000,0,.000000,10,1.915700,5,.957800,507,97.126400
"2006","07127","02","3794","0120","04","High Schools","N","Mount Horeb Area","Mount Horeb High","High Schools","621",318,51.207700,303,48.792200,1,.161000,2,.322000,6,.966100,11,1.771300,601,96.779300
"2006","07128","02","3794","0130","04","Elem. Schools","N","Mount Horeb Area","Mount Horeb Primary Center","Elem. Schools","314",153,48.726100,161,51.273800,2,.636900,5,1.592300,6,1.910800,6,1.910800,295,93.949000
"2006","07129","02","3794","0140","04","Elem. Schools","N","Mount Horeb Area","Early Learning Center","Elem. Schools","205",109,53.170700,96,46.829200,1,.487800,3,1.463400,1,.487800,5,2.439000,195,95.121900
"2006","07190","02","3934","","03","High Schools","N","New Glarus","","High Schools","420",201,47.857100,219,52.142800,0,.000000,2,.476100,4,.952300,6,1.428500,408,97.142800
"2006","07190","02","3934","","03","Mid/Jr Hi Schools","N","New Glarus","","Mid/Jr Hi Schools","0",,.000000,,.000000,,.000000,,.000000,,.000000,,.000000,,.000000
"2006","07190","02","3934","","03","Elem. Schools","N","New Glarus","","Elem. Schools","430",204,47.441800,226,52.558100,0,.000000,5,1.162700,8,1.860400,8,1.860400,409,95.116200
"2006","07190","02","3934","","03","El/Sec Combined Schls","N","New Glarus","","El/Sec Combined Schls","0",,.000000,,.000000,,.000000,,.000000,,.000000,,.000000,,.000000
"2006","07190","02","3934","","03","Summary","N","New Glarus","","Summary","850",405,47.647000,445,52.352900,0,.000000,7,.823500,12,1.411700,14,1.647000,817,96.117600
"2006","07185","02","3934","0020","04","Elem. Schools","N","New Glarus","New Glarus Elementary","Elem. Schools","430",204,47.441800,226,52.558100,0,.000000,5,1.162700,8,1.860400,8,1.860400,409,95.116200
"2006","07186","02","3934","0040","04","High Schools","N","New Glarus","New Glarus Middle/High","High Schools","420",201,47.857100,219,52.142800,0,.000000,2,.476100,4,.952300,6,1.428500,408,97.142800
"2006","02914","02","4011","","03","High Schools","N","Norway J7","","High Schools","0",,.000000,,.000000,,.000000,,.000000,,.000000,,.000000,,.000000
"2006","02914","02","4011","","03","Mid/Jr Hi Schools","N","Norway J7","","Mid/Jr Hi Schools","0",,.000000,,.000000,,.000000,,.000000,,.000000,,.000000,,.000000
"2006","02914","02","4011","","03","Elem. Schools","N","Norway J7","","Elem. Schools","144",73,50.694400,71,49.305500,0,.000000,1,.694400,0,.000000,2,1.388800,141,97.916600
"2006","02914","02","4011","","03","El/Sec Combined Schls","N","Norway J7","","El/Sec Combined Schls","0",,.000000,,.000000,,.000000,,.000000,,.000000,,.000000,,.000000
"2006","02914","02","4011","","03","Summary","N","Norway J7","","Summary","144",73,50.694400,71,49.305500,0,.000000,1,.694400,0,.000000,2,1.388800,141,97.916600
"2006","02905","02","4011","0020","04","Elem. Schools","N","Norway J7","Drought Elementary","Elem. Schools","144",73,50.694400,71,49.305500,0,.000000,1,.694400,0,.000000,2,1.388800,141,97.916600
"2006","07210","02","4144","","03","High Schools","N","Oregon","","High Schools","1192",557,46.728100,635,53.271800,4,.335500,12,1.006700,23,1.929500,27,2.265100,1126,94.463000
"2006","07210","02","4144","","03","Mid/Jr Hi Schools","N","Oregon","","Mid/Jr Hi Schools","1065",524,49.201800,541,50.798100,4,.375500,14,1.314500,13,1.220600,20,1.877900,1014,95.211200
"2006","07210","02","4144","","03","Elem. Schools","N","Oregon","","Elem. Schools","1292",662,51.238300,630,48.761600,6,.464300,28,2.167100,23,1.780100,44,3.405500,1191,92.182600
"2006","07210","02","4144","","03","El/Sec Combined Schls","N","Oregon","","El/Sec Combined Schls","0",,.000000,,.000000,,.000000,,.000000,,.000000,,.000000,,.000000
"2006","07210","02","4144","","03","Summary","N","Oregon","","Summary","3549",1743,49.112400,1806,50.887500,14,.394400,54,1.521500,59,1.662400,91,2.564100,3331,93.857400
"2006","06221","02","4144","0020","04","Elem. Schools","N","Oregon","Brooklyn Elementary","Elem. Schools","439",241,54.897400,198,45.102500,1,.227700,8,1.822300,6,1.366700,23,5.239100,401,91.343900
"2006","07205","02","4144","0040","04","Elem. Schools","N","Oregon","Netherwood Knoll Elementary","Elem. Schools","434",221,50.921600,213,49.078300,3,.691200,9,2.073700,12,2.764900,8,1.843300,402,92.626700
"2006","07206","02","4144","0050","04","Elem. Schools","N","Oregon","Prairie View Elementary","Elem. Schools","419",200,47.732600,219,52.267300,2,.477300,11,2.625200,5,1.193300,13,3.102600,388,92.601400
"2006","07207","02","4144","0060","04","High Schools","N","Oregon","Oregon High","High Schools","1192",557,46.728100,635,53.271800,4,.335500,12,1.006700,23,1.929500,27,2.265100,1126,94.463000
"2006","07208","02","4144","0080","04","Mid/Jr Hi Schools","N","Oregon","Oregon Middle","Mid/Jr Hi Schools","559",257,45.974900,302,54.025000,1,.178800,8,1.431100,5,.894400,8,1.431100,537,96.064400
"2006","71588","02","4144","0200","04","Mid/Jr Hi Schools","N","Oregon","Rome Corners Intermediate Sch","Mid/Jr Hi Schools","506",267,52.766700,239,47.233200,3,.592800,6,1.185700,8,1.581000,12,2.371500,477,94.268700
"2006","07249","02","4151","","03","High Schools","N","Parkview","","High Schools","361",174,48.199400,187,51.800500,2,.554000,4,1.108000,2,.554000,2,.554000,351,97.229900
"2006","07249","02","4151","","03","Mid/Jr Hi Schools","N","Parkview","","Mid/Jr Hi Schools","183",86,46.994500,97,53.005400,0,.000000,0,.000000,1,.546400,3,1.639300,179,97.814200
"2006","07249","02","4151","","03","Elem. Schools","N","Parkview","","Elem. Schools","515",260,50.485400,255,49.514500,0,.000000,2,.388300,9,1.747500,17,3.300900,487,94.563100
"2006","07249","02","4151","","03","El/Sec Combined Schls","N","Parkview","","El/Sec Combined Schls","0",,.000000,,.000000,,.000000,,.000000,,.000000,,.000000,,.000000
"2006","07249","02","4151","","03","Summary","N","Parkview","","Summary","1059",520,49.102900,539,50.897000,2,.188800,6,.566500,12,1.133100,22,2.077400,1017,96.033900
"2006","06498","02","4151","0020","04","Elem. Schools","N","Parkview","Footville Elementary","Elem. Schools","162",86,53.086400,76,46.913500,0,.000000,1,.617200,5,3.086400,3,1.851800,153,94.444400
"2006","06053","02","4151","0040","04","Elem. Schools","N","Parkview","Newark Elementary","Elem. Schools","91",45,49.450500,46,50.549400,0,.000000,0,.000000,0,.000000,2,2.197800,89,97.802100
"2006","07244","02","4151","0060","04","Elem. Schools","N","Parkview","Orfordville Elementary","Elem. Schools","262",129,49.236600,133,50.763300,0,.000000,1,.381600,4,1.526700,12,4.580100,245,93.511400
"2006","07245","02","4151","0100","04","High Schools","N","Parkview","Parkview High","High Schools","353",170,48.158600,183,51.841300,2,.566500,4,1.133100,2,.566500,2,.566500,343,97.167100
"2006","07246","02","4151","0120","04","Mid/Jr Hi Schools","N","Parkview","Parkview Junior High","Mid/Jr Hi Schools","183",86,46.994500,97,53.005400,0,.000000,0,.000000,1,.546400,3,1.639300,179,97.814200
"2006","70098","02","4151","0450","04","High Schools","Y","Parkview","Parkview Charter Sch","High Schools","8",4,50.000000,4,50.000000,0,.000000,0,.000000,0,.000000,0,.000000,8,100.000000
"2006","03578","02","4221","","03","High Schools","N","Palmyra-Eagle Area","","High Schools","374",183,48.930400,191,51.069500,2,.534700,0,.000000,1,.267300,26,6.951800,345,92.245900
"2006","03578","02","4221","","03","Mid/Jr Hi Schools","N","Palmyra-Eagle Area","","Mid/Jr Hi Schools","186",85,45.698900,101,54.301000,1,.537600,0,.000000,0,.000000,20,10.752600,165,88.709600
"2006","03578","02","4221","","03","Elem. Schools","N","Palmyra-Eagle Area","","Elem. Schools","594",298,50.168300,296,49.831600,4,.673400,0,.000000,3,.505000,58,9.764300,529,89.057200
"2006","03578","02","4221","","03","El/Sec Combined Schls","N","Palmyra-Eagle Area","","El/Sec Combined Schls","0",,.000000,,.000000,,.000000,,.000000,,.000000,,.000000,,.000000
"2006","03578","02","4221","","03","Summary","N","Palmyra-Eagle Area","","Summary","1154",566,49.046700,588,50.953200,7,.606500,0,.000000,4,.346600,104,9.012100,1039,90.034600
"2006","02777","02","4221","0010","04","Elem. Schools","N","Palmyra-Eagle Area","Eagle Elementary","Elem. Schools","320",167,52.187500,153,47.812500,4,1.250000,0,.000000,1,.312500,2,.625000,313,97.812500
"2006","03574","02","4221","0015","04","High Schools","N","Palmyra-Eagle Area","Palmyra-Eagle High","High Schools","374",183,48.930400,191,51.069500,2,.534700,0,.000000,1,.267300,26,6.951800,345,92.245900
"2006","03575","02","4221","0020","04","Elem. Schools","N","Palmyra-Eagle Area","Palmyra Elementary","Elem. Schools","274",131,47.810200,143,52.189700,0,.000000,0,.000000,2,.729900,56,20.437900,216,78.832100
"2006","03576","02","4221","0030","04","Mid/Jr Hi Schools","N","Palmyra-Eagle Area","Palmyra-Eagle Middle","Mid/Jr Hi Schools","186",85,45.698900,101,54.301000,1,.537600,0,.000000,0,.000000,20,10.752600,165,88.709600
"2006","00123","02","4221","9413","4C","High Schools","Y","Palmyra-Eagle Area","JEDI Virtual High School","High Schools","0",,.000000,,.000000,,.000000,,.000000,,.000000,,.000000,,.000000
"2006","03101","02","4235","","03","High Schools","N","Paris J1","","High Schools","0",,.000000,,.000000,,.000000,,.000000,,.000000,,.000000,,.000000
"2006","03101","02","4235","","03","Mid/Jr Hi Schools","N","Paris J1","","Mid/Jr Hi Schools","0",,.000000,,.000000,,.000000,,.000000,,.000000,,.000000,,.000000
"2006","03101","02","4235","","03","Elem. Schools","N","Paris J1","","Elem. Schools","210",119,56.666600,91,43.333300,0,.000000,0,.000000,8,3.809500,0,.000000,202,96.190400
"2006","03101","02","4235","","03","El/Sec Combined Schls","N","Paris J1","","El/Sec Combined Schls","0",,.000000,,.000000,,.000000,,.000000,,.000000,,.000000,,.000000
"2006","03101","02","4235","","03","Summary","N","Paris J1","","Summary","210",119,56.666600,91,43.333300,0,.000000,0,.000000,8,3.809500,0,.000000,202,96.190400
"2006","03093","02","4235","0020","04","Elem. Schools","N","Paris J1","Paris Elementary","Elem. Schools","210",119,56.666600,91,43.333300,0,.000000,0,.000000,8,3.809500,0,.000000,202,96.190400
"2006","02551","02","4627","","03","High Schools","N","Randall J1","","High Schools","0",,.000000,,.000000,,.000000,,.000000,,.000000,,.000000,,.000000
"2006","02551","02","4627","","03","Mid/Jr Hi Schools","N","Randall J1","","Mid/Jr Hi Schools","0",,.000000,,.000000,,.000000,,.000000,,.000000,,.000000,,.000000
"2006","02551","02","4627","","03","Elem. Schools","N","Randall J1","","Elem. Schools","748",353,47.192500,395,52.807400,1,.133600,3,.401000,8,1.069500,9,1.203200,727,97.192500
"2006","02551","02","4627","","03","El/Sec Combined Schls","N","Randall J1","","El/Sec Combined Schls","0",,.000000,,.000000,,.000000,,.000000,,.000000,,.000000,,.000000
"2006","02551","02","4627","","03","Summary","N","Randall J1","","Summary","748",353,47.192500,395,52.807400,1,.133600,3,.401000,8,1.069500,9,1.203200,727,97.192500
"2006","02550","02","4627","0020","04","Elem. Schools","N","Randall J1","Randall Consolidated School","Elem. Schools","748",353,47.192500,395,52.807400,1,.133600,3,.401000,8,1.069500,9,1.203200,727,97.192500
"2006","02915","02","4686","","03","High Schools","N","Raymond #14","","High Schools","0",,.000000,,.000000,,.000000,,.000000,,.000000,,.000000,,.000000
"2006","02915","02","4686","","03","Mid/Jr Hi Schools","N","Raymond #14","","Mid/Jr Hi Schools","0",,.000000,,.000000,,.000000,,.000000,,.000000,,.000000,,.000000
"2006","02915","02","4686","","03","Elem. Schools","N","Raymond #14","","Elem. Schools","421",198,47.030800,223,52.969100,4,.950100,5,1.187600,2,.475000,17,4.038000,393,93.349100
"2006","02915","02","4686","","03","El/Sec Combined Schls","N","Raymond #14","","El/Sec Combined Schls","0",,.000000,,.000000,,.000000,,.000000,,.000000,,.000000,,.000000
"2006","02915","02","4686","","03","Summary","N","Raymond #14","","Summary","421",198,47.030800,223,52.969100,4,.950100,5,1.187600,2,.475000,17,4.038000,393,93.349100
"2006","02906","02","4686","0020","04","Elem. Schools","N","Raymond #14","Raymond Elementary","Elem. Schools","421",198,47.030800,223,52.969100,4,.950100,5,1.187600,2,.475000,17,4.038000,393,93.349100
"2006","02916","02","4690","","03","High Schools","N","North Cape","","High Schools","0",,.000000,,.000000,,.000000,,.000000,,.000000,,.000000,,.000000
"2006","02916","02","4690","","03","Mid/Jr Hi Schools","N","North Cape","","Mid/Jr Hi Schools","0",,.000000,,.000000,,.000000,,.000000,,.000000,,.000000,,.000000
"2006","02916","02","4690","","03","Elem. Schools","N","North Cape","","Elem. Schools","206",92,44.660100,114,55.339800,3,1.456300,0,.000000,2,.970800,10,4.854300,191,92.718400
"2006","02916","02","4690","","03","El/Sec Combined Schls","N","North Cape","","El/Sec Combined Schls","0",,.000000,,.000000,,.000000,,.000000,,.000000,,.000000,,.000000
"2006","02916","02","4690","","03","Summary","N","North Cape","","Summary","206",92,44.660100,114,55.339800,3,1.456300,0,.000000,2,.970800,10,4.854300,191,92.718400
"2006","02907","02","4690","0020","04","Elem. Schools","N","North Cape","North Cape Elementary","Elem. Schools","206",92,44.660100,114,55.339800,3,1.456300,0,.000000,2,.970800,10,4.854300,191,92.718400
"2006","03618","02","5054","","03","High Schools","N","Central/Westosha UHS","","High Schools","1243",593,47.707100,650,52.292800,7,.563100,9,.724000,9,.724000,47,3.781100,1171,94.207500
"2006","03618","02","5054","","03","Mid/Jr Hi Schools","N","Central/Westosha UHS","","Mid/Jr Hi Schools","0",,.000000,,.000000,,.000000,,.000000,,.000000,,.000000,,.000000
"2006","03618","02","5054","","03","Elem. Schools","N","Central/Westosha UHS","","Elem. Schools","0",,.000000,,.000000,,.000000,,.000000,,.000000,,.000000,,.000000
"2006","03618","02","5054","","03","El/Sec Combined Schls","N","Central/Westosha UHS","","El/Sec Combined Schls","0",,.000000,,.000000,,.000000,,.000000,,.000000,,.000000,,.000000
"2006","03618","02","5054","","03","Summary","N","Central/Westosha UHS","","Summary","1243",593,47.707100,650,52.292800,7,.563100,9,.724000,9,.724000,47,3.781100,1171,94.207500
"2006","03608","02","5054","0020","04","High Schools","N","Central/Westosha UHS","Central High","High Schools","1243",593,47.707100,650,52.292800,7,.563100,9,.724000,9,.724000,47,3.781100,1171,94.207500
"2006","03721","02","5061","","03","High Schools","N","Trevor Grade School","","High Schools","0",,.000000,,.000000,,.000000,,.000000,,.000000,,.000000,,.000000
"2006","03721","02","5061","","03","Mid/Jr Hi Schools","N","Trevor Grade School","","Mid/Jr Hi Schools","0",,.000000,,.000000,,.000000,,.000000,,.000000,,.000000,,.000000
"2006","03721","02","5061","","03","Elem. Schools","N","Trevor Grade School","","Elem. Schools","404",191,47.277200,213,52.722700,2,.495000,1,.247500,5,1.237600,27,6.683100,369,91.336600
"2006","03721","02","5061","","03","El/Sec Combined Schls","N","Trevor Grade School","","El/Sec Combined Schls","0",,.000000,,.000000,,.000000,,.000000,,.000000,,.000000,,.000000
"2006","03721","02","5061","","03","Summary","N","Trevor Grade School","","Summary","404",191,47.277200,213,52.722700,2,.495000,1,.247500,5,1.237600,27,6.683100,369,91.336600
"2006","03715","02","5061","0020","04","Elem. Schools","N","Trevor Grade School","Trevor Grade School","Elem. Schools","358",172,48.044600,186,51.955300,1,.279300,1,.279300,4,1.117300,26,7.262500,326,91.061400
"2006","48855","02","5061","0110","04","Elem. Schools","Y","Trevor Grade School","Trevor Charter Sch","Elem. Schools","46",19,41.304300,27,58.695600,1,2.173900,0,.000000,1,2.173900,1,2.173900,43,93.478200
"2006","03619","02","5068","","03","High Schools","N","Salem","","High Schools","0",,.000000,,.000000,,.000000,,.000000,,.000000,,.000000,,.000000
"2006","03619","02","5068","","03","Mid/Jr Hi Schools","N","Salem","","Mid/Jr Hi Schools","0",,.000000,,.000000,,.000000,,.000000,,.000000,,.000000,,.000000
"2006","03619","02","5068","","03","Elem. Schools","N","Salem","","Elem. Schools","1136",537,47.271100,599,52.728800,6,.528100,7,.616100,19,1.672500,57,5.017600,1047,92.165400
"2006","03619","02","5068","","03","El/Sec Combined Schls","N","Salem","","El/Sec Combined Schls","0",,.000000,,.000000,,.000000,,.000000,,.000000,,.000000,,.000000
"2006","03619","02","5068","","03","Summary","N","Salem","","Summary","1136",537,47.271100,599,52.728800,6,.528100,7,.616100,19,1.672500,57,5.017600,1047,92.165400
"2006","03609","02","5068","0020","04","Elem. Schools","N","Salem","Salem Elementary","Elem. Schools","1136",537,47.271100,599,52.728800,6,.528100,7,.616100,19,1.672500,57,5.017600,1047,92.165400
"2006","04274","02","5075","","03","High Schools","N","Wilmot Grade","","High Schools","0",,.000000,,.000000,,.000000,,.000000,,.000000,,.000000,,.000000
"2006","04274","02","5075","","03","Mid/Jr Hi Schools","N","Wilmot Grade","","Mid/Jr Hi Schools","0",,.000000,,.000000,,.000000,,.000000,,.000000,,.000000,,.000000
"2006","04274","02","5075","","03","Elem. Schools","N","Wilmot Grade","","Elem. Schools","158",69,43.670800,89,56.329100,0,.000000,0,.000000,0,.000000,4,2.531600,154,97.468300
"2006","04274","02","5075","","03","El/Sec Combined Schls","N","Wilmot Grade","","El/Sec Combined Schls","0",,.000000,,.000000,,.000000,,.000000,,.000000,,.000000,,.000000
"2006","04274","02","5075","","03","Summary","N","Wilmot Grade","","Summary","158",69,43.670800,89,56.329100,0,.000000,0,.000000,0,.000000,4,2.531600,154,97.468300
"2006","04269","02","5075","0020","04","Elem. Schools","N","Wilmot Grade","Wilmot Elementary","Elem. Schools","148",64,43.243200,84,56.756700,0,.000000,0,.000000,0,.000000,4,2.702700,144,97.297200
"2006","00137","02","5075","9110","04","Elem. Schools","Y","Wilmot Grade","Wilmot Bright Horizons","Elem. Schools","10",5,50.000000,5,50.000000,0,.000000,0,.000000,0,.000000,0,.000000,10,100.000000
"2006","07399","02","5258","","03","High Schools","N","Sharon J11","","High Schools","0",,.000000,,.000000,,.000000,,.000000,,.000000,,.000000,,.000000
"2006","07399","02","5258","","03","Mid/Jr Hi Schools","N","Sharon J11","","Mid/Jr Hi Schools","0",,.000000,,.000000,,.000000,,.000000,,.000000,,.000000,,.000000
"2006","07399","02","5258","","03","Elem. Schools","N","Sharon J11","","Elem. Schools","320",149,46.562500,171,53.437500,1,.312500,0,.000000,8,2.500000,70,21.875000,241,75.312500
"2006","07399","02","5258","","03","El/Sec Combined Schls","N","Sharon J11","","El/Sec Combined Schls","0",,.000000,,.000000,,.000000,,.000000,,.000000,,.000000,,.000000
"2006","07399","02","5258","","03","Summary","N","Sharon J11","","Summary","320",149,46.562500,171,53.437500,1,.312500,0,.000000,8,2.500000,70,21.875000,241,75.312500
"2006","07395","02","5258","0020","04","Elem. Schools","N","Sharon J11","Sharon Elementary","Elem. Schools","320",149,46.562500,171,53.437500,1,.312500,0,.000000,8,2.500000,70,21.875000,241,75.312500
"2006","03648","02","5369","","03","High Schools","N","Silver Lake J1","","High Schools","0",,.000000,,.000000,,.000000,,.000000,,.000000,,.000000,,.000000
"2006","03648","02","5369","","03","Mid/Jr Hi Schools","N","Silver Lake J1","","Mid/Jr Hi Schools","0",,.000000,,.000000,,.000000,,.000000,,.000000,,.000000,,.000000
"2006","03648","02","5369","","03","Elem. Schools","N","Silver Lake J1","","Elem. Schools","614",272,44.299600,342,55.700300,4,.651400,2,.325700,11,1.791500,26,4.234500,571,92.996700
"2006","03648","02","5369","","03","El/Sec Combined Schls","N","Silver Lake J1","","El/Sec Combined Schls","0",,.000000,,.000000,,.000000,,.000000,,.000000,,.000000,,.000000
"2006","03648","02","5369","","03","Summary","N","Silver Lake J1","","Summary","614",272,44.299600,342,55.700300,4,.651400,2,.325700,11,1.791500,26,4.234500,571,92.996700
"2006","03645","02","5369","0020","04","Elem. Schools","N","Silver Lake J1","Riverview Elementary","Elem. Schools","602",270,44.850400,332,55.149500,4,.664400,2,.332200,11,1.827200,26,4.318900,559,92.857100
"2006","00151","02","5369","9110","4C","Elem. Schools","Y","Silver Lake J1","Wilmot Bright Horizons","Elem. Schools","12",2,16.666600,10,83.333300,0,.000000,0,.000000,0,.000000,0,.000000,12,100.000000
"2006","07479","02","5621","","03","High Schools","N","Stoughton Area","","High Schools","1165",565,48.497800,600,51.502100,4,.343300,18,1.545000,27,2.317500,12,1.030000,1104,94.763900
"2006","07479","02","5621","","03","Mid/Jr Hi Schools","N","Stoughton Area","","Mid/Jr Hi Schools","1067",540,50.609100,527,49.390800,5,.468600,16,1.499500,34,3.186500,14,1.312000,998,93.533200
"2006","07479","02","5621","","03","Elem. Schools","N","Stoughton Area","","Elem. Schools","1248",608,48.717900,640,51.282000,4,.320500,19,1.522400,40,3.205100,28,2.243500,1157,92.708300
"2006","07479","02","5621","","03","El/Sec Combined Schls","N","Stoughton Area","","El/Sec Combined Schls","0",,.000000,,.000000,,.000000,,.000000,,.000000,,.000000,,.000000
"2006","07479","02","5621","","03","Summary","N","Stoughton Area","","Summary","3480",1713,49.224100,1767,50.775800,13,.373500,53,1.522900,101,2.902200,54,1.551700,3259,93.649400
"2006","07468","02","5621","0060","04","Elem. Schools","N","Stoughton Area","Kegonsa Elementary","Elem. Schools","441",219,49.659800,222,50.340100,1,.226700,6,1.360500,20,4.535100,12,2.721000,402,91.156400
"2006","07469","02","5621","0120","04","Mid/Jr Hi Schools","N","Stoughton Area","River Bluff Middle","Mid/Jr Hi Schools","540",286,52.962900,254,47.037000,3,.555500,9,1.666600,15,2.777700,5,.925900,508,94.074000
"2006","07470","02","5621","0140","04","High Schools","N","Stoughton Area","Stoughton High","High Schools","1165",565,48.497800,600,51.502100,4,.343300,18,1.545000,27,2.317500,12,1.030000,1104,94.763900
"2006","07471","02","5621","0160","04","Elem. Schools","N","Stoughton Area","Fox Prairie Elementary","Elem. Schools","423",195,46.099200,228,53.900700,0,.000000,4,.945600,6,1.418400,7,1.654800,406,95.981000
"2006","07472","02","5621","0180","04","Elem. Schools","N","Stoughton Area","Yahara Elementary","Elem. Schools","384",194,50.520800,190,49.479100,3,.781200,9,2.343700,14,3.645800,9,2.343700,349,90.885400
"2006","36688","02","5621","0200","04","Mid/Jr Hi Schools","N","Stoughton Area","Sandhill School","Mid/Jr Hi Schools","527",254,48.197300,273,51.802600,2,.379500,7,1.328200,19,3.605300,9,1.707700,490,92.979100
"2006","07533","02","5656","","03","High Schools","N","Sun Prairie Area","","High Schools","1697",836,49.263400,861,50.736500,10,.589200,67,3.948100,161,9.487300,50,2.946300,1409,83.028800
"2006","07533","02","5656","","03","Mid/Jr Hi Schools","N","Sun Prairie Area","","Mid/Jr Hi Schools","1222",617,50.490900,605,49.509000,10,.818300,46,3.764300,128,10.474600,49,4.009800,989,80.932800
"2006","07533","02","5656","","03","Elem. Schools","N","Sun Prairie Area","","Elem. Schools","2772",1389,50.108200,1383,49.891700,21,.757500,124,4.473300,310,11.183200,137,4.942200,2180,78.643500
"2006","07533","02","5656","","03","El/Sec Combined Schls","N","Sun Prairie Area","","El/Sec Combined Schls","0",,.000000,,.000000,,.000000,,.000000,,.000000,,.000000,,.000000
"2006","07533","02","5656","","03","Summary","N","Sun Prairie Area","","Summary","5691",2842,49.938400,2849,50.061500,41,.720400,237,4.164400,599,10.525300,236,4.146800,4578,80.442800
"2006","07521","02","5656","0020","04","Elem. Schools","N","Sun Prairie Area","Bird Elementary","Elem. Schools","462",225,48.701200,237,51.298700,5,1.082200,15,3.246700,68,14.718600,24,5.194800,350,75.757500
"2006","07522","02","5656","0040","04","Elem. Schools","N","Sun Prairie Area","Eastside Elementary","Elem. Schools","549",290,52.823300,259,47.176600,4,.728500,19,3.460800,40,7.285900,28,5.100100,458,83.424400
"2006","07523","02","5656","0060","04","Elem. Schools","N","Sun Prairie Area","Northside Elementary","Elem. Schools","474",234,49.367000,240,50.632900,4,.843800,20,4.219400,41,8.649700,22,4.641300,387,81.645500
"2006","07524","02","5656","0070","04","Elem. Schools","N","Sun Prairie Area","Royal Oaks Elementary","Elem. Schools","470",238,50.638200,232,49.361700,0,.000000,24,5.106300,19,4.042500,8,1.702100,419,89.148900
"2006","07525","02","5656","0100","04","High Schools","N","Sun Prairie Area","Sun Prairie High","High Schools","1655",814,49.184200,841,50.815700,10,.604200,64,3.867000,155,9.365500,48,2.900300,1378,83.262800
"2006","07527","02","5656","0140","04","Elem. Schools","N","Sun Prairie Area","Westside Elementary","Elem. Schools","461",220,47.722300,241,52.277600,7,1.518400,14,3.036800,106,22.993400,47,10.195200,287,62.255900
"2006","00006","02","5656","0150","04","Elem. Schools","N","Sun Prairie Area","Horizon Elementary School","Elem. Schools","356",182,51.123500,174,48.876400,1,.280800,32,8.988700,36,10.112300,8,2.247100,279,78.370700
"2006","39604","02","5656","0200","04","Mid/Jr Hi Schools","N","Sun Prairie Area","Prairie View Middle","Mid/Jr Hi Schools","612",338,55.228700,274,44.771200,8,1.307100,28,4.575100,57,9.313700,27,4.411700,492,80.392100
"2006","39605","02","5656","0210","04","Mid/Jr Hi Schools","N","Sun Prairie Area","Patrick Marsh Middle","Mid/Jr Hi Schools","610",279,45.737700,331,54.262200,2,.327800,18,2.950800,71,11.639300,22,3.606500,497,81.475400
"2006","00149","02","5656","0410","04","High Schools","N","Sun Prairie Area","Sun Prairie Alternative High School","High Schools","42",22,52.380900,20,47.619000,0,.000000,3,7.142800,6,14.285700,2,4.761900,31,73.809500
"2006","03733","02","5817","","03","High Schools","N","Twin Lakes #4","","High Schools","0",,.000000,,.000000,,.000000,,.000000,,.000000,,.000000,,.000000
"2006","03733","02","5817","","03","Mid/Jr Hi Schools","N","Twin Lakes #4","","Mid/Jr Hi Schools","0",,.000000,,.000000,,.000000,,.000000,,.000000,,.000000,,.000000
"2006","03733","02","5817","","03","Elem. Schools","N","Twin Lakes #4","","Elem. Schools","406",208,51.231500,198,48.768400,2,.492600,0,.000000,11,2.709300,22,5.418700,371,91.379300
"2006","03733","02","5817","","03","El/Sec Combined Schls","N","Twin Lakes #4","","El/Sec Combined Schls","0",,.000000,,.000000,,.000000,,.000000,,.000000,,.000000,,.000000
"2006","03733","02","5817","","03","Summary","N","Twin Lakes #4","","Summary","406",208,51.231500,198,48.768400,2,.492600,0,.000000,11,2.709300,22,5.418700,371,91.379300
"2006","03727","02","5817","0020","04","Elem. Schools","N","Twin Lakes #4","Lakewood Elementary","Elem. Schools","406",208,51.231500,198,48.768400,2,.492600,0,.000000,11,2.709300,22,5.418700,371,91.379300
"2006","03759","02","5852","","03","High Schools","N","Union Grove UHS","","High Schools","762",365,47.900200,397,52.099700,13,1.706000,13,1.706000,1,.131200,26,3.412000,709,93.044600
"2006","03759","02","5852","","03","Mid/Jr Hi Schools","N","Union Grove UHS","","Mid/Jr Hi Schools","0",,.000000,,.000000,,.000000,,.000000,,.000000,,.000000,,.000000
"2006","03759","02","5852","","03","Elem. Schools","N","Union Grove UHS","","Elem. Schools","0",,.000000,,.000000,,.000000,,.000000,,.000000,,.000000,,.000000
"2006","03759","02","5852","","03","El/Sec Combined Schls","N","Union Grove UHS","","El/Sec Combined Schls","0",,.000000,,.000000,,.000000,,.000000,,.000000,,.000000,,.000000
"2006","03759","02","5852","","03","Summary","N","Union Grove UHS","","Summary","762",365,47.900200,397,52.099700,13,1.706000,13,1.706000,1,.131200,26,3.412000,709,93.044600
"2006","03745","02","5852","0020","04","High Schools","N","Union Grove UHS","Union Grove High","High Schools","762",365,47.900200,397,52.099700,13,1.706000,13,1.706000,1,.131200,26,3.412000,709,93.044600
"2006","03760","02","5859","","03","High Schools","N","Union Grove J1","","High Schools","0",,.000000,,.000000,,.000000,,.000000,,.000000,,.000000,,.000000
"2006","03760","02","5859","","03","Mid/Jr Hi Schools","N","Union Grove J1","","Mid/Jr Hi Schools","0",,.000000,,.000000,,.000000,,.000000,,.000000,,.000000,,.000000
"2006","03760","02","5859","","03","Elem. Schools","N","Union Grove J1","","Elem. Schools","655",338,51.603000,317,48.396900,3,.458000,9,1.374000,7,1.068700,19,2.900700,617,94.198400
"2006","03760","02","5859","","03","El/Sec Combined Schls","N","Union Grove J1","","El/Sec Combined Schls","0",,.000000,,.000000,,.000000,,.000000,,.000000,,.000000,,.000000
"2006","03760","02","5859","","03","Summary","N","Union Grove J1","","Summary","655",338,51.603000,317,48.396900,3,.458000,9,1.374000,7,1.068700,19,2.900700,617,94.198400
"2006","03746","02","5859","0020","04","Elem. Schools","N","Union Grove J1","Union Grove Elementary","Elem. Schools","655",338,51.603000,317,48.396900,3,.458000,9,1.374000,7,1.068700,19,2.900700,617,94.198400
"2006","07585","02","5901","","03","High Schools","N","Verona Area","","High Schools","1431",687,48.008300,744,51.991600,14,.978300,45,3.144600,113,7.896500,89,6.219400,1170,81.761000
"2006","07585","02","5901","","03","Mid/Jr Hi Schools","N","Verona Area","","Mid/Jr Hi Schools","884",431,48.755600,453,51.244300,6,.678700,48,5.429800,100,11.312200,62,7.013500,668,75.565600
"2006","07585","02","5901","","03","Elem. Schools","N","Verona Area","","Elem. Schools","2100",973,46.333300,1127,53.666600,17,.809500,108,5.142800,213,10.142800,190,9.047600,1572,74.857100
"2006","07585","02","5901","","03","El/Sec Combined Schls","N","Verona Area","","El/Sec Combined Schls","0",,.000000,,.000000,,.000000,,.000000,,.000000,,.000000,,.000000
"2006","07585","02","5901","","03","Summary","N","Verona Area","","Summary","4415",2091,47.361200,2324,52.638700,37,.838000,201,4.552600,426,9.648900,341,7.723600,3410,77.236600
"2006","30738","02","5901","0050","04","Mid/Jr Hi Schools","N","Verona Area","Savanna Oaks Middle","Mid/Jr Hi Schools","427",206,48.243500,221,51.756400,3,.702500,40,9.367600,69,16.159200,53,12.412100,262,61.358300
"2006","08451","02","5901","0060","04","Elem. Schools","N","Verona Area","Stoner Prairie Elementary","Elem. Schools","426",196,46.009300,230,53.990600,3,.704200,50,11.737000,79,18.544600,24,5.633800,270,63.380200
"2006","30739","02","5901","0070","04","Elem. Schools","Y","Verona Area","Core Knowledge Charter School","Elem. Schools","377",166,44.031800,211,55.968100,5,1.326200,20,5.305000,25,6.631200,14,3.713500,313,83.023800
"2006","07578","02","5901","0080","04","Elem. Schools","N","Verona Area","Sugar Creek Elementary","Elem. Schools","604",289,47.847600,315,52.152300,2,.331100,10,1.655600,19,3.145600,128,21.192000,445,73.675400
"2006","07579","02","5901","0090","04","Elem. Schools","N","Verona Area","Country View Elementary","Elem. Schools","561",258,45.989300,303,54.010600,4,.713000,22,3.921500,84,14.973200,17,3.030300,434,77.361800
"2006","07580","02","5901","0100","04","High Schools","N","Verona Area","Verona Area High","High Schools","1431",687,48.008300,744,51.991600,14,.978300,45,3.144600,113,7.896500,89,6.219400,1170,81.761000
"2006","71202","02","5901","0110","04","Elem. Schools","N","Verona Area","Early Learning Center","Elem. Schools","34",9,26.470500,25,73.529400,0,.000000,3,8.823500,4,11.764700,4,11.764700,23,67.647000
"2006","07581","02","5901","0120","04","Mid/Jr Hi Schools","N","Verona Area","Badger Ridge Middle School","Mid/Jr Hi Schools","457",225,49.234100,232,50.765800,3,.656400,8,1.750500,31,6.783300,9,1.969300,406,88.840200
"2006","30553","02","5901","0140","04","Elem. Schools","Y","Verona Area","New Century School","Elem. Schools","98",55,56.122400,43,43.877500,3,3.061200,3,3.061200,2,2.040800,3,3.061200,87,88.775500
"2006","03826","02","6013","","03","High Schools","N","Big Foot UHS","","High Schools","589",289,49.066200,300,50.933700,3,.509300,3,.509300,6,1.018600,40,6.791100,537,91.171400
"2006","03826","02","6013","","03","Mid/Jr Hi Schools","N","Big Foot UHS","","Mid/Jr Hi Schools","0",,.000000,,.000000,,.000000,,.000000,,.000000,,.000000,,.000000
"2006","03826","02","6013","","03","Elem. Schools","N","Big Foot UHS","","Elem. Schools","0",,.000000,,.000000,,.000000,,.000000,,.000000,,.000000,,.000000
"2006","03826","02","6013","","03","El/Sec Combined Schls","N","Big Foot UHS","","El/Sec Combined Schls","0",,.000000,,.000000,,.000000,,.000000,,.000000,,.000000,,.000000
"2006","03826","02","6013","","03","Summary","N","Big Foot UHS","","Summary","589",289,49.066200,300,50.933700,3,.509300,3,.509300,6,1.018600,40,6.791100,537,91.171400
"2006","03818","02","6013","0020","04","High Schools","N","Big Foot UHS","Big Foot High","High Schools","589",289,49.066200,300,50.933700,3,.509300,3,.509300,6,1.018600,40,6.791100,537,91.171400
"2006","71505","02","6013","9401","4C","High Schools","Y","Big Foot UHS","Walworth Co Educ Alt High","High Schools","2",1,50.000000,1,50.000000,0,.000000,0,.000000,0,.000000,0,.000000,2,100.000000
"2006","03827","02","6022","","03","High Schools","N","Walworth J1","","High Schools","0",,.000000,,.000000,,.000000,,.000000,,.000000,,.000000,,.000000
"2006","03827","02","6022","","03","Mid/Jr Hi Schools","N","Walworth J1","","Mid/Jr Hi Schools","0",,.000000,,.000000,,.000000,,.000000,,.000000,,.000000,,.000000
"2006","03827","02","6022","","03","Elem. Schools","N","Walworth J1","","Elem. Schools","575",267,46.434700,308,53.565200,1,.173900,6,1.043400,6,1.043400,112,19.478200,450,78.260800
"2006","03827","02","6022","","03","El/Sec Combined Schls","N","Walworth J1","","El/Sec Combined Schls","0",,.000000,,.000000,,.000000,,.000000,,.000000,,.000000,,.000000
"2006","03827","02","6022","","03","Summary","N","Walworth J1","","Summary","575",267,46.434700,308,53.565200,1,.173900,6,1.043400,6,1.043400,112,19.478200,450,78.260800
"2006","03819","02","6022","0020","04","Elem. Schools","N","Walworth J1","Walworth Elementary","Elem. Schools","575",267,46.434700,308,53.565200,1,.173900,6,1.043400,6,1.043400,112,19.478200,450,78.260800
"2006","03868","02","6083","","03","High Schools","N","Waterford UHS","","High Schools","1103",491,44.514900,612,55.485000,5,.453300,2,.181300,5,.453300,21,1.903800,1070,97.008100
"2006","03868","02","6083","","03","Mid/Jr Hi Schools","N","Waterford UHS","","Mid/Jr Hi Schools","0",,.000000,,.000000,,.000000,,.000000,,.000000,,.000000,,.000000
"2006","03868","02","6083","","03","Elem. Schools","N","Waterford UHS","","Elem. Schools","0",,.000000,,.000000,,.000000,,.000000,,.000000,,.000000,,.000000
"2006","03868","02","6083","","03","El/Sec Combined Schls","N","Waterford UHS","","El/Sec Combined Schls","0",,.000000,,.000000,,.000000,,.000000,,.000000,,.000000,,.000000
"2006","03868","02","6083","","03","Summary","N","Waterford UHS","","Summary","1103",491,44.514900,612,55.485000,5,.453300,2,.181300,5,.453300,21,1.903800,1070,97.008100
"2006","03852","02","6083","0020","04","High Schools","N","Waterford UHS","Waterford High","High Schools","1103",491,44.514900,612,55.485000,5,.453300,2,.181300,5,.453300,21,1.903800,1070,97.008100
"2006","03869","02","6104","","03","High Schools","N","Washington-Caldwell","","High Schools","0",,.000000,,.000000,,.000000,,.000000,,.000000,,.000000,,.000000
"2006","03869","02","6104","","03","Mid/Jr Hi Schools","N","Washington-Caldwell","","Mid/Jr Hi Schools","0",,.000000,,.000000,,.000000,,.000000,,.000000,,.000000,,.000000
"2006","03869","02","6104","","03","Elem. Schools","N","Washington-Caldwell","","Elem. Schools","219",102,46.575300,117,53.424600,0,.000000,0,.000000,0,.000000,2,.913200,217,99.086700
"2006","03869","02","6104","","03","El/Sec Combined Schls","N","Washington-Caldwell","","El/Sec Combined Schls","0",,.000000,,.000000,,.000000,,.000000,,.000000,,.000000,,.000000
"2006","03869","02","6104","","03","Summary","N","Washington-Caldwell","","Summary","219",102,46.575300,117,53.424600,0,.000000,0,.000000,0,.000000,2,.913200,217,99.086700
"2006","03854","02","6104","0020","04","Elem. Schools","N","Washington-Caldwell","Washington Elementary","Elem. Schools","219",102,46.575300,117,53.424600,0,.000000,0,.000000,0,.000000,2,.913200,217,99.086700
"2006","03870","02","6113","","03","High Schools","N","Waterford Graded J1","","High Schools","0",,.000000,,.000000,,.000000,,.000000,,.000000,,.000000,,.000000
"2006","03870","02","6113","","03","Mid/Jr Hi Schools","N","Waterford Graded J1","","Mid/Jr Hi Schools","366",176,48.087400,190,51.912500,2,.546400,0,.000000,1,.273200,6,1.639300,357,97.540900
"2006","03870","02","6113","","03","Elem. Schools","N","Waterford Graded J1","","Elem. Schools","1207",557,46.147400,650,53.852500,1,.082800,8,.662800,7,.579900,23,1.905500,1168,96.768800
"2006","03870","02","6113","","03","El/Sec Combined Schls","N","Waterford Graded J1","","El/Sec Combined Schls","0",,.000000,,.000000,,.000000,,.000000,,.000000,,.000000,,.000000
"2006","03870","02","6113","","03","Summary","N","Waterford Graded J1","","Summary","1573",733,46.598800,840,53.401100,3,.190700,8,.508500,8,.508500,29,1.843600,1525,96.948500
"2006","03855","02","6113","0010","04","Mid/Jr Hi Schools","N","Waterford Graded J1","Fox River Middle","Mid/Jr Hi Schools","366",176,48.087400,190,51.912500,2,.546400,0,.000000,1,.273200,6,1.639300,357,97.540900
"2006","03856","02","6113","0015","04","Elem. Schools","N","Waterford Graded J1","Evergreen Elementary","Elem. Schools","460",210,45.652100,250,54.347800,0,.000000,5,1.086900,4,.869500,11,2.391300,440,95.652100
"2006","71566","02","6113","0100","04","Elem. Schools","N","Waterford Graded J1","Trailside Elementary","Elem. Schools","329",170,51.671700,159,48.328200,1,.303900,3,.911800,0,.000000,2,.607900,323,98.176200
"2006","71567","02","6113","0110","04","Elem. Schools","N","Waterford Graded J1","Woodfield Elementary","Elem. Schools","418",177,42.344400,241,57.655500,0,.000000,0,.000000,3,.717700,10,2.392300,405,96.889900
"2006","07624","02","6118","","03","High Schools","N","Waterloo","","High Schools","323",148,45.820400,175,54.179500,1,.309500,1,.309500,2,.619100,26,8.049500,293,90.712000
"2006","07624","02","6118","","03","Mid/Jr Hi Schools","N","Waterloo","","Mid/Jr Hi Schools","132",60,45.454500,72,54.545400,0,.000000,2,1.515100,0,.000000,13,9.848400,117,88.636300
"2006","07624","02","6118","","03","Elem. Schools","N","Waterloo","","Elem. Schools","457",227,49.671700,230,50.328200,0,.000000,7,1.531700,5,1.094000,68,14.879600,377,82.494500
"2006","07624","02","6118","","03","El/Sec Combined Schls","N","Waterloo","","El/Sec Combined Schls","0",,.000000,,.000000,,.000000,,.000000,,.000000,,.000000,,.000000
"2006","07624","02","6118","","03","Summary","N","Waterloo","","Summary","912",435,47.697300,477,52.302600,1,.109600,10,1.096400,7,.767500,107,11.732400,787,86.293800
"2006","07617","02","6118","0020","04","Elem. Schools","N","Waterloo","Waterloo Elementary","Elem. Schools","347",178,51.296800,169,48.703100,0,.000000,5,1.440900,4,1.152700,54,15.561900,284,81.844300
"2006","07618","02","6118","0040","04","High Schools","N","Waterloo","Waterloo High","High Schools","323",148,45.820400,175,54.179500,1,.309500,1,.309500,2,.619100,26,8.049500,293,90.712000
"2006","00073","02","6118","0100","04","Elem. Schools","N","Waterloo","Waterloo Intermediate School","Elem. Schools","110",49,44.545400,61,55.454500,0,.000000,2,1.818100,1,.909000,14,12.727200,93,84.545400
"2006","71197","02","6118","0300","04","Mid/Jr Hi Schools","N","Waterloo","Waterloo Middle School","Mid/Jr Hi Schools","132",60,45.454500,72,54.545400,0,.000000,2,1.515100,0,.000000,13,9.848400,117,88.636300
"2006","02410","02","6125","","03","High Schools","N","Watertown","","High Schools","1350",689,51.037000,661,48.962900,6,.444400,9,.666600,13,.962900,79,5.851800,1243,92.074000
"2006","02410","02","6125","","03","Mid/Jr Hi Schools","N","Watertown","","Mid/Jr Hi Schools","783",360,45.977000,423,54.022900,3,.383100,7,.893900,14,1.787900,71,9.067600,688,87.867100
"2006","02410","02","6125","","03","Elem. Schools","N","Watertown","","Elem. Schools","1413",668,47.275300,745,52.724600,9,.636900,12,.849200,27,1.910800,175,12.384900,1190,84.217900
"2006","02410","02","6125","","03","El/Sec Combined Schls","N","Watertown","","El/Sec Combined Schls","0",,.000000,,.000000,,.000000,,.000000,,.000000,,.000000,,.000000
"2006","02410","02","6125","","03","Summary","N","Watertown","","Summary","3546",1717,48.420700,1829,51.579200,18,.507600,28,.789600,54,1.522800,325,9.165200,3121,88.014600
"2006","02545","02","6125","0040","04","Elem. Schools","N","Watertown","Douglas Elementary","Elem. Schools","369",165,44.715400,204,55.284500,2,.542000,5,1.355000,5,1.355000,17,4.607000,340,92.140900
"2006","02546","02","6125","0060","04","Elem. Schools","N","Watertown","Lebanon Elementary","Elem. Schools","60",30,50.000000,30,50.000000,0,.000000,0,.000000,0,.000000,0,.000000,60,100.000000
"2006","02389","02","6125","0080","04","Elem. Schools","N","Watertown","Lincoln Elementary","Elem. Schools","189",108,57.142800,81,42.857100,1,.529100,2,1.058200,7,3.703700,11,5.820100,168,88.888800
"2006","02390","02","6125","0090","04","Mid/Jr Hi Schools","N","Watertown","Riverside Middle","Mid/Jr Hi Schools","783",360,45.977000,423,54.022900,3,.383100,7,.893900,14,1.787900,71,9.067600,688,87.867100
"2006","02391","02","6125","0100","04","Elem. Schools","N","Watertown","Schurz Elementary","Elem. Schools","343",164,47.813400,179,52.186500,3,.874600,1,.291500,4,1.166100,89,25.947500,246,71.720100
"2006","02392","02","6125","0140","04","High Schools","N","Watertown","Watertown High","High Schools","1350",689,51.037000,661,48.962900,6,.444400,9,.666600,13,.962900,79,5.851800,1243,92.074000
"2006","02393","02","6125","0160","04","Elem. Schools","N","Watertown","Webster Elementary","Elem. Schools","452",201,44.469000,251,55.530900,3,.663700,4,.884900,11,2.433600,58,12.831800,376,83.185800
"2006","07649","02","6181","","03","High Schools","N","Waunakee Community","","High Schools","997",482,48.345000,515,51.654900,4,.401200,18,1.805400,16,1.604800,15,1.504500,944,94.684000
"2006","07649","02","6181","","03","Mid/Jr Hi Schools","N","Waunakee Community","","Mid/Jr Hi Schools","546",252,46.153800,294,53.846100,1,.183100,7,1.282000,16,2.930400,7,1.282000,515,94.322300
"2006","07649","02","6181","","03","Elem. Schools","N","Waunakee Community","","Elem. Schools","1660",819,49.337300,841,50.662600,6,.361400,22,1.325300,18,1.084300,26,1.566200,1588,95.662600
"2006","07649","02","6181","","03","El/Sec Combined Schls","N","Waunakee Community","","El/Sec Combined Schls","0",,.000000,,.000000,,.000000,,.000000,,.000000,,.000000,,.000000
"2006","07649","02","6181","","03","Summary","N","Waunakee Community","","Summary","3203",1553,48.485700,1650,51.514200,11,.343400,47,1.467300,50,1.561000,48,1.498500,3047,95.129500
"2006","07642","02","6181","0020","04","Elem. Schools","N","Waunakee Community","Waunakee Intermediate","Elem. Schools","473",232,49.048600,241,50.951300,1,.211400,7,1.479900,4,.845600,11,2.325500,450,95.137400
"2006","07643","02","6181","0040","04","High Schools","N","Waunakee Community","Waunakee High","High Schools","997",482,48.345000,515,51.654900,4,.401200,18,1.805400,16,1.604800,15,1.504500,944,94.684000
"2006","07644","02","6181","0060","04","Mid/Jr Hi Schools","N","Waunakee Community","Waunakee Middle","Mid/Jr Hi Schools","546",252,46.153800,294,53.846100,1,.183100,7,1.282000,16,2.930400,7,1.282000,515,94.322300
"2006","07645","02","6181","0080","04","Elem. Schools","N","Waunakee Community","Waunakee Heritage Elementary","Elem. Schools","504",237,47.023800,267,52.976100,2,.396800,10,1.984100,9,1.785700,4,.793600,479,95.039600
"2006","30740","02","6181","0100","04","Elem. Schools","N","Waunakee Community","Waunakee Prairie Elementary","Elem. Schools","683",350,51.244500,333,48.755400,3,.439200,5,.732000,5,.732000,11,1.610500,659,96.486000
"2006","02603","02","6412","","03","High Schools","N","Wheatland J1","","High Schools","0",,.000000,,.000000,,.000000,,.000000,,.000000,,.000000,,.000000
"2006","02603","02","6412","","03","Mid/Jr Hi Schools","N","Wheatland J1","","Mid/Jr Hi Schools","0",,.000000,,.000000,,.000000,,.000000,,.000000,,.000000,,.000000
"2006","02603","02","6412","","03","Elem. Schools","N","Wheatland J1","","Elem. Schools","446",200,44.843000,246,55.156900,4,.896800,2,.448400,7,1.569500,8,1.793700,425,95.291400
"2006","02603","02","6412","","03","El/Sec Combined Schls","N","Wheatland J1","","El/Sec Combined Schls","0",,.000000,,.000000,,.000000,,.000000,,.000000,,.000000,,.000000
"2006","02603","02","6412","","03","Summary","N","Wheatland J1","","Summary","446",200,44.843000,246,55.156900,4,.896800,2,.448400,7,1.569500,8,1.793700,425,95.291400
"2006","02589","02","6412","0020","04","Elem. Schools","N","Wheatland J1","Wheatland Center Elementary","Elem. Schools","446",200,44.843000,246,55.156900,4,.896800,2,.448400,7,1.569500,8,1.793700,425,95.291400
"2006","04160","02","6461","","03","High Schools","N","Whitewater","","High Schools","629",273,43.402200,356,56.597700,3,.476900,7,1.112800,7,1.112800,86,13.672400,526,83.624800
"2006","04160","02","6461","","03","Mid/Jr Hi Schools","N","Whitewater","","Mid/Jr Hi Schools","468",238,50.854700,230,49.145200,1,.213600,2,.427300,10,2.136700,80,17.094000,375,80.128200
"2006","04160","02","6461","","03","Elem. Schools","N","Whitewater","","Elem. Schools","837",427,51.015500,410,48.984400,1,.119400,27,3.225800,27,3.225800,157,18.757400,625,74.671400
"2006","04160","02","6461","","03","El/Sec Combined Schls","N","Whitewater","","El/Sec Combined Schls","0",,.000000,,.000000,,.000000,,.000000,,.000000,,.000000,,.000000
"2006","04160","02","6461","","03","Summary","N","Whitewater","","Summary","1934",938,48.500500,996,51.499400,5,.258500,36,1.861400,44,2.275000,323,16.701100,1526,78.903800
"2006","04153","02","6461","0020","04","Mid/Jr Hi Schools","N","Whitewater","Whitewater Middle","Mid/Jr Hi Schools","468",238,50.854700,230,49.145200,1,.213600,2,.427300,10,2.136700,80,17.094000,375,80.128200
"2006","04240","02","6461","0040","04","Elem. Schools","N","Whitewater","Lakeview Elementary","Elem. Schools","181",99,54.696100,82,45.303800,0,.000000,2,1.104900,0,.000000,5,2.762400,174,96.132500
"2006","04154","02","6461","0080","04","Elem. Schools","N","Whitewater","Lincoln Elementary","Elem. Schools","371",181,48.787000,190,51.212900,1,.269500,21,5.660300,19,5.121200,66,17.789700,264,71.159000
"2006","04155","02","6461","0120","04","Elem. Schools","N","Whitewater","Washington Elementary","Elem. Schools","285",147,51.578900,138,48.421000,0,.000000,4,1.403500,8,2.807000,86,30.175400,187,65.614000
"2006","04156","02","6461","0140","04","High Schools","N","Whitewater","Whitewater High","High Schools","629",273,43.402200,356,56.597700,3,.476900,7,1.112800,7,1.112800,86,13.672400,526,83.624800
"2006","00125","02","6461","9413","4C","High Schools","Y","Whitewater","JEDI Virtual High School","High Schools","0",,.000000,,.000000,,.000000,,.000000,,.000000,,.000000,,.000000
"2006","04250","02","6482","","03","High Schools","N","Williams Bay","","High Schools","179",82,45.810000,97,54.189900,0,.000000,3,1.675900,2,1.117300,16,8.938500,158,88.268100
"2006","04250","02","6482","","03","Mid/Jr Hi Schools","N","Williams Bay","","Mid/Jr Hi Schools","92",47,51.086900,45,48.913000,0,.000000,2,2.173900,1,1.086900,10,10.869500,79,85.869500
"2006","04250","02","6482","","03","Elem. Schools","N","Williams Bay","","Elem. Schools","254",120,47.244000,134,52.755900,0,.000000,5,1.968500,2,.787400,26,10.236200,221,87.007800
"2006","04250","02","6482","","03","El/Sec Combined Schls","N","Williams Bay","","El/Sec Combined Schls","0",,.000000,,.000000,,.000000,,.000000,,.000000,,.000000,,.000000
"2006","04250","02","6482","","03","Summary","N","Williams Bay","","Summary","525",249,47.428500,276,52.571400,0,.000000,10,1.904700,5,.952300,52,9.904700,458,87.238000
"2006","04245","02","6482","0020","04","Elem. Schools","N","Williams Bay","Williams Bay Elementary","Elem. Schools","254",120,47.244000,134,52.755900,0,.000000,5,1.968500,2,.787400,26,10.236200,221,87.007800
"2006","04246","02","6482","0030","04","Mid/Jr Hi Schools","N","Williams Bay","Williams Bay Junior High","Mid/Jr Hi Schools","92",47,51.086900,45,48.913000,0,.000000,2,2.173900,1,1.086900,10,10.869500,79,85.869500
"2006","04247","02","6482","0040","04","High Schools","N","Williams Bay","Williams Bay High","High Schools","179",82,45.810000,97,54.189900,0,.000000,3,1.675900,2,1.117300,16,8.938500,158,88.268100
"2006","71508","02","6482","9401","4C","High Schools","Y","Williams Bay","Walworth Co Educ Alt High","High Schools","4",2,50.000000,2,50.000000,0,.000000,0,.000000,0,.000000,0,.000000,4,100.000000
"2006","04275","02","6545","","03","High Schools","N","Wilmot UHS","","High Schools","1071",511,47.712400,560,52.287500,2,.186700,5,.466800,13,1.213800,28,2.614300,1023,95.518200
"2006","04275","02","6545","","03","Mid/Jr Hi Schools","N","Wilmot UHS","","Mid/Jr Hi Schools","0",,.000000,,.000000,,.000000,,.000000,,.000000,,.000000,,.000000
"2006","04275","02","6545","","03","Elem. Schools","N","Wilmot UHS","","Elem. Schools","0",,.000000,,.000000,,.000000,,.000000,,.000000,,.000000,,.000000
"2006","04275","02","6545","","03","El/Sec Combined Schls","N","Wilmot UHS","","El/Sec Combined Schls","0",,.000000,,.000000,,.000000,,.000000,,.000000,,.000000,,.000000
"2006","04275","02","6545","","03","Summary","N","Wilmot UHS","","Summary","1071",511,47.712400,560,52.287500,2,.186700,5,.466800,13,1.213800,28,2.614300,1023,95.518200
"2006","04270","02","6545","0020","04","High Schools","N","Wilmot UHS","Wilmot High","High Schools","1071",511,47.712400,560,52.287500,2,.186700,5,.466800,13,1.213800,28,2.614300,1023,95.518200
"2006","03761","02","6748","","03","High Schools","N","Yorkville J2","","High Schools","0",,.000000,,.000000,,.000000,,.000000,,.000000,,.000000,,.000000
"2006","03761","02","6748","","03","Mid/Jr Hi Schools","N","Yorkville J2","","Mid/Jr Hi Schools","0",,.000000,,.000000,,.000000,,.000000,,.000000,,.000000,,.000000
"2006","03761","02","6748","","03","Elem. Schools","N","Yorkville J2","","Elem. Schools","402",207,51.492500,195,48.507400,3,.746200,11,2.736300,0,.000000,18,4.477600,370,92.039800
"2006","03761","02","6748","","03","El/Sec Combined Schls","N","Yorkville J2","","El/Sec Combined Schls","0",,.000000,,.000000,,.000000,,.000000,,.000000,,.000000,,.000000
"2006","03761","02","6748","","03","Summary","N","Yorkville J2","","Summary","402",207,51.492500,195,48.507400,3,.746200,11,2.736300,0,.000000,18,4.477600,370,92.039800
"2006","03748","02","6748","0020","04","Elem. Schools","N","Yorkville J2","Yorkville Elementary","Elem. Schools","402",207,51.492500,195,48.507400,3,.746200,11,2.736300,0,.000000,18,4.477600,370,92.039800
