"year","agency_key","CESA","district_number","school_number","agency_type","school_type","charter","district_name","school_name","grade_label","race_ethnicity","gender","total_enrollment_prek-12","pre-k_number","pre-k_percent","kinder_number","kinder_percent","grade_1_number","grade_1_percent","grade_2_number","grade_2_percent","grade_3_number","grade_3_percent","grade_4_number","grade_4_percent","grade_5_number","grade_5_percent","grade_6_number","grade_6_percent","grade_7_number","grade_7_percent","grade_8_number","grade_8_percent","grade_9_number","grade_9_percent","grade_10_number","grade_10_percent","grade_11_number","grade_11_percent","grade_12_number","grade_12_percent"
"2005","77956","01","0714","","03","Summary   ","N","Elmbrook","","Grades PreK-12","All Races","Both Genders","7617",70,"0.918900                      ",425,"5.579600                      ",519,"6.813700                      ",480,"6.301600                      ",494,"6.485400                      ",510,"6.695500                      ",557,"7.312500                      ",564,"7.404400                      ",606,"7.955800                      ",638,"8.376000                      ",707,"9.281800                      ",723,"9.491900                      ",669,"8.782900                      ",655,"8.599100                      "
"2005","77967","01","0714","0020","04","High      ","N","Elmbrook","Central High","Grades PreK-12","All Races","Both Genders","1352",0,"0.000000                      ",0,"0.000000                      ",0,"0.000000                      ",0,"0.000000                      ",0,"0.000000                      ",0,"0.000000                      ",0,"0.000000                      ",0,"0.000000                      ",0,"0.000000                      ",0,"0.000000                      ",344,"25.443700                     ",377,"27.884600                     ",321,"23.742600                     ",310,"22.928900                     "
"2005","77854","01","0714","0040","04","Elem      ","N","Elmbrook","Brookfield Elementary","Grades PreK-12","All Races","Both Genders","463",0,"0.000000                      ",76,"16.414600                     ",91,"19.654400                     ",59,"12.742900                     ",89,"19.222400                     ",69,"14.902800                     ",79,"17.062600                     ",0,"0.000000                      ",0,"0.000000                      ",0,"0.000000                      ",0,"0.000000                      ",0,"0.000000                      ",0,"0.000000                      ",0,"0.000000                      "
"2005","77968","01","0714","0060","04","High      ","N","Elmbrook","East High","Grades PreK-12","All Races","Both Genders","1383",0,"0.000000                      ",0,"0.000000                      ",0,"0.000000                      ",0,"0.000000                      ",0,"0.000000                      ",0,"0.000000                      ",0,"0.000000                      ",0,"0.000000                      ",0,"0.000000                      ",0,"0.000000                      ",360,"26.030300                     ",342,"24.728800                     ",342,"24.728800                     ",339,"24.511900                     "
"2005","79638","01","0714","0080","04","Elem      ","N","Elmbrook","Burleigh Elementary","Grades PreK-12","All Races","Both Genders","783",70,"8.939900                      ",85,"10.855600                     ",127,"16.219600                     ",115,"14.687100                     ",123,"15.708800                     ",128,"16.347300                     ",135,"17.241300                     ",0,"0.000000                      ",0,"0.000000                      ",0,"0.000000                      ",0,"0.000000                      ",0,"0.000000                      ",0,"0.000000                      ",0,"0.000000                      "
"2005","77969","01","0714","0100","04","Elem      ","N","Elmbrook","Dixon Elementary","Grades PreK-12","All Races","Both Genders","426",0,"0.000000                      ",63,"14.788700                     ",65,"15.258200                     ",78,"18.309800                     ",66,"15.492900                     ",78,"18.309800                     ",76,"17.840300                     ",0,"0.000000                      ",0,"0.000000                      ",0,"0.000000                      ",0,"0.000000                      ",0,"0.000000                      ",0,"0.000000                      ",0,"0.000000                      "
"2005","77631","01","0714","0150","04","Mid/Jr Hi ","N","Elmbrook","Pilgrim Park Middle","Grades PreK-12","All Races","Both Genders","879",0,"0.000000                      ",0,"0.000000                      ",0,"0.000000                      ",0,"0.000000                      ",0,"0.000000                      ",0,"0.000000                      ",0,"0.000000                      ",280,"31.854300                     ",301,"34.243400                     ",298,"33.902100                     ",0,"0.000000                      ",0,"0.000000                      ",0,"0.000000                      ",0,"0.000000                      "
"2005","79614","01","0714","0160","04","El/Sec    ","N","Elmbrook","Fairview South","Grades PreK-12","All Races","Both Genders","36",0,"0.000000                      ",0,"0.000000                      ",0,"0.000000                      ",0,"0.000000                      ",0,"0.000000                      ",0,"0.000000                      ",5,"13.888800                     ",5,"13.888800                     ",3,"8.333300                      ",4,"11.111100                     ",3,"8.333300                      ",4,"11.111100                     ",6,"16.666600                     ",6,"16.666600                     "
"2005","77855","01","0714","0170","04","Elem      ","N","Elmbrook","Hillside Elementary","Grades PreK-12","All Races","Both Genders","393",0,"0.000000                      ",67,"17.048300                     ",66,"16.793800                     ",68,"17.302700                     ",64,"16.284900                     ",64,"16.284900                     ",64,"16.284900                     ",0,"0.000000                      ",0,"0.000000                      ",0,"0.000000                      ",0,"0.000000                      ",0,"0.000000                      ",0,"0.000000                      ",0,"0.000000                      "
"2005","75217","01","0714","0190","04","Elem      ","N","Elmbrook","Swanson Elementary","Grades PreK-12","All Races","Both Genders","608",0,"0.000000                      ",77,"12.664400                     ",108,"17.763100                     ",95,"15.625000                     ",97,"15.953900                     ",105,"17.269700                     ",126,"20.723600                     ",0,"0.000000                      ",0,"0.000000                      ",0,"0.000000                      ",0,"0.000000                      ",0,"0.000000                      ",0,"0.000000                      ",0,"0.000000                      "
"2005","77632","01","0714","0250","04","Elem      ","N","Elmbrook","Tonawanda Elementary","Grades PreK-12","All Races","Both Genders","377",0,"0.000000                      ",57,"15.119300                     ",62,"16.445600                     ",65,"17.241300                     ",55,"14.588800                     ",66,"17.506600                     ",72,"19.098100                     ",0,"0.000000                      ",0,"0.000000                      ",0,"0.000000                      ",0,"0.000000                      ",0,"0.000000                      ",0,"0.000000                      ",0,"0.000000                      "
"2005","77856","01","0714","0270","04","Mid/Jr Hi ","N","Elmbrook","Wisconsin Hills Middle","Grades PreK-12","All Races","Both Genders","917",0,"0.000000                      ",0,"0.000000                      ",0,"0.000000                      ",0,"0.000000                      ",0,"0.000000                      ",0,"0.000000                      ",0,"0.000000                      ",279,"30.425200                     ",302,"32.933400                     ",336,"36.641200                     ",0,"0.000000                      ",0,"0.000000                      ",0,"0.000000                      ",0,"0.000000                      "
"2005","77186","01","0721","","03","Summary   ","N","Brown Deer","","Grades PreK-12","All Races","Both Genders","1850",15,"0.810800                      ",91,"4.918900                      ",110,"5.945900                      ",111,"6.000000                      ",109,"5.891800                      ",125,"6.756700                      ",133,"7.189100                      ",144,"7.783700                      ",156,"8.432400                      ",145,"7.837800                      ",196,"10.594500                     ",180,"9.729700                      ",186,"10.054000                     ",149,"8.054000                      "
"2005","77193","01","0721","0040","04","High      ","N","Brown Deer","Brown Deer High","Grades PreK-12","All Races","Both Genders","711",0,"0.000000                      ",0,"0.000000                      ",0,"0.000000                      ",0,"0.000000                      ",0,"0.000000                      ",0,"0.000000                      ",0,"0.000000                      ",0,"0.000000                      ",0,"0.000000                      ",0,"0.000000                      ",196,"27.566800                     ",180,"25.316400                     ",186,"26.160300                     ",149,"20.956300                     "
"2005","77194","01","0721","0060","04","Mid/Jr Hi ","N","Brown Deer","Brown Deer Middle","Grades PreK-12","All Races","Both Genders","577",0,"0.000000                      ",0,"0.000000                      ",0,"0.000000                      ",0,"0.000000                      ",0,"0.000000                      ",0,"0.000000                      ",132,"22.876900                     ",144,"24.956600                     ",156,"27.036300                     ",145,"25.129900                     ",0,"0.000000                      ",0,"0.000000                      ",0,"0.000000                      ",0,"0.000000                      "
"2005","77195","01","0721","0080","04","Elem      ","N","Brown Deer","Dean Elementary","Grades PreK-12","All Races","Both Genders","330",0,"0.000000                      ",0,"0.000000                      ",0,"0.000000                      ",95,"28.787800                     ",109,"33.030300                     ",125,"37.878700                     ",1,"0.303000                      ",0,"0.000000                      ",0,"0.000000                      ",0,"0.000000                      ",0,"0.000000                      ",0,"0.000000                      ",0,"0.000000                      ",0,"0.000000                      "
"2005","77196","01","0721","0090","04","Elem      ","N","Brown Deer","Algonquin Elementary","Grades PreK-12","All Races","Both Genders","232",15,"6.465500                      ",91,"39.224100                     ",110,"47.413700                     ",16,"6.896500                      ",0,"0.000000                      ",0,"0.000000                      ",0,"0.000000                      ",0,"0.000000                      ",0,"0.000000                      ",0,"0.000000                      ",0,"0.000000                      ",0,"0.000000                      ",0,"0.000000                      ",0,"0.000000                      "
"2005","78891","01","0721","9200","4C","Mid/Jr Hi ","Y","Brown Deer","Passage Middle School","Grades PreK-12","All Races","Both Genders","0",0,"--                            ",0,"--                            ",0,"--                            ",0,"--                            ",0,"--                            ",0,"--                            ",0,"--                            ",0,"--                            ",0,"--                            ",0,"--                            ",0,"--                            ",0,"--                            ",0,"--                            ",0,"--                            "
"2005","79635","01","1015","","03","Summary   ","N","Cedarburg","","Grades PreK-12","All Races","Both Genders","3161",39,"1.233700                      ",186,"5.884200                      ",206,"6.516900                      ",195,"6.168900                      ",196,"6.200500                      ",211,"6.675100                      ",206,"6.516900                      ",229,"7.244500                      ",257,"8.130300                      ",261,"8.256800                      ",277,"8.763000                      ",293,"9.269200                      ",315,"9.965200                      ",290,"9.174300                      "
"2005","79633","01","1015","0020","04","High      ","N","Cedarburg","Cedarburg High","Grades PreK-12","All Races","Both Genders","1175",0,"0.000000                      ",0,"0.000000                      ",0,"0.000000                      ",0,"0.000000                      ",0,"0.000000                      ",0,"0.000000                      ",0,"0.000000                      ",0,"0.000000                      ",0,"0.000000                      ",0,"0.000000                      ",277,"23.574400                     ",293,"24.936100                     ",315,"26.808500                     ",290,"24.680800                     "
"2005","77951","01","1015","0070","04","Elem      ","N","Cedarburg","Parkview Elementary","Grades PreK-12","All Races","Both Genders","445",39,"8.764000                      ",64,"14.382000                     ",61,"13.707800                     ",68,"15.280800                     ",73,"16.404400                     ",64,"14.382000                     ",76,"17.078600                     ",0,"0.000000                      ",0,"0.000000                      ",0,"0.000000                      ",0,"0.000000                      ",0,"0.000000                      ",0,"0.000000                      ",0,"0.000000                      "
"2005","77952","01","1015","0075","04","Elem      ","N","Cedarburg","Westlawn Elementary","Grades PreK-12","All Races","Both Genders","321",0,"0.000000                      ",50,"15.576300                     ",51,"15.887800                     ",55,"17.133900                     ",48,"14.953200                     ",63,"19.626100                     ",54,"16.822400                     ",0,"0.000000                      ",0,"0.000000                      ",0,"0.000000                      ",0,"0.000000                      ",0,"0.000000                      ",0,"0.000000                      ",0,"0.000000                      "
"2005","79634","01","1015","0090","04","Elem      ","N","Cedarburg","Thorson Elementary","Grades PreK-12","All Races","Both Genders","473",0,"0.000000                      ",72,"15.221900                     ",94,"19.873100                     ",72,"15.221900                     ",75,"15.856200                     ",84,"17.758900                     ",76,"16.067600                     ",0,"0.000000                      ",0,"0.000000                      ",0,"0.000000                      ",0,"0.000000                      ",0,"0.000000                      ",0,"0.000000                      ",0,"0.000000                      "
"2005","77953","01","1015","0100","04","Mid/Jr Hi ","N","Cedarburg","Webster Middle","Grades PreK-12","All Races","Both Genders","747",0,"0.000000                      ",0,"0.000000                      ",0,"0.000000                      ",0,"0.000000                      ",0,"0.000000                      ",0,"0.000000                      ",0,"0.000000                      ",229,"30.655900                     ",257,"34.404200                     ",261,"34.939700                     ",0,"0.000000                      ",0,"0.000000                      ",0,"0.000000                      ",0,"0.000000                      "
"2005","77651","01","1253","","03","Summary   ","N","Cudahy","","Grades PreK-12","All Races","Both Genders","2850",154,"5.403500                      ",186,"6.526300                      ",198,"6.947300                      ",180,"6.315700                      ",185,"6.491200                      ",189,"6.631500                      ",207,"7.263100                      ",197,"6.912200                      ",218,"7.649100                      ",209,"7.333300                      ",270,"9.473600                      ",222,"7.789400                      ",226,"7.929800                      ",209,"7.333300                      "
"2005","77660","01","1253","0022","04","Mid/Jr Hi ","N","Cudahy","Cudahy Middle","Grades PreK-12","All Races","Both Genders","427",0,"0.000000                      ",0,"0.000000                      ",0,"0.000000                      ",0,"0.000000                      ",0,"0.000000                      ",0,"0.000000                      ",0,"0.000000                      ",0,"0.000000                      ",218,"51.053800                     ",209,"48.946100                     ",0,"0.000000                      ",0,"0.000000                      ",0,"0.000000                      ",0,"0.000000                      "
"2005","77661","01","1253","0040","04","High      ","N","Cudahy","Cudahy High","Grades PreK-12","All Races","Both Genders","927",0,"0.000000                      ",0,"0.000000                      ",0,"0.000000                      ",0,"0.000000                      ",0,"0.000000                      ",0,"0.000000                      ",0,"0.000000                      ",0,"0.000000                      ",0,"0.000000                      ",0,"0.000000                      ",270,"29.126200                     ",222,"23.948200                     ",226,"24.379700                     ",209,"22.545800                     "
"2005","77662","01","1253","0050","04","Elem      ","N","Cudahy","Mitchell Elementary","Grades PreK-12","All Races","Both Genders","282",18,"6.382900                      ",35,"12.411300                     ",26,"9.219800                      ",46,"16.312000                     ",32,"11.347500                     ",34,"12.056700                     ",47,"16.666600                     ",44,"15.602800                     ",0,"0.000000                      ",0,"0.000000                      ",0,"0.000000                      ",0,"0.000000                      ",0,"0.000000                      ",0,"0.000000                      "
"2005","77663","01","1253","0060","04","Elem      ","N","Cudahy","Jones Elementary","Grades PreK-12","All Races","Both Genders","212",44,"20.754700                     ",36,"16.981100                     ",24,"11.320700                     ",21,"9.905600                      ",20,"9.433900                      ",21,"9.905600                      ",23,"10.849000                     ",23,"10.849000                     ",0,"0.000000                      ",0,"0.000000                      ",0,"0.000000                      ",0,"0.000000                      ",0,"0.000000                      ",0,"0.000000                      "
"2005","79569","01","1253","0080","04","Elem      ","N","Cudahy","Lincoln Elementary","Grades PreK-12","All Races","Both Genders","394",34,"8.629400                      ",39,"9.898400                      ",62,"15.736000                     ",42,"10.659800                     ",49,"12.436500                     ",54,"13.705500                     ",53,"13.451700                     ",61,"15.482200                     ",0,"0.000000                      ",0,"0.000000                      ",0,"0.000000                      ",0,"0.000000                      ",0,"0.000000                      ",0,"0.000000                      "
"2005","77649","01","1253","0120","04","Elem      ","N","Cudahy","Park View Elementary","Grades PreK-12","All Races","Both Genders","294",23,"7.823100                      ",35,"11.904700                     ",43,"14.625800                     ",33,"11.224400                     ",37,"12.585000                     ",43,"14.625800                     ",36,"12.244800                     ",44,"14.965900                     ",0,"0.000000                      ",0,"0.000000                      ",0,"0.000000                      ",0,"0.000000                      ",0,"0.000000                      ",0,"0.000000                      "
"2005","75215","01","1253","0140","04","Elem      ","N","Cudahy","Kosciuszko Elementary","Grades PreK-12","All Races","Both Genders","314",35,"11.146400                     ",41,"13.057300                     ",43,"13.694200                     ",38,"12.101900                     ",47,"14.968100                     ",37,"11.783400                     ",48,"15.286600                     ",25,"7.961700                      ",0,"0.000000                      ",0,"0.000000                      ",0,"0.000000                      ",0,"0.000000                      ",0,"0.000000                      ",0,"0.000000                      "
"2005","78895","01","1253","9200","4C","Mid/Jr Hi ","Y","Cudahy","Passage Middle School","Grades PreK-12","All Races","Both Genders","0",0,"--                            ",0,"--                            ",0,"--                            ",0,"--                            ",0,"--                            ",0,"--                            ",0,"--                            ",0,"--                            ",0,"--                            ",0,"--                            ",0,"--                            ",0,"--                            ",0,"--                            ",0,"--                            "
"2005","79011","01","1253","9801","4C","High      ","Y","Cudahy","Connects Learning Center","Grades PreK-12","All Races","Both Genders","0",0,"--                            ",0,"--                            ",0,"--                            ",0,"--                            ",0,"--                            ",0,"--                            ",0,"--                            ",0,"--                            ",0,"--                            ",0,"--                            ",0,"--                            ",0,"--                            ",0,"--                            ",0,"--                            "
"2005","77461","01","1376","","03","Summary   ","N","Kettle Moraine","","Grades PreK-12","All Races","Both Genders","4417",66,"1.494200                      ",285,"6.452300                      ",290,"6.565500                      ",293,"6.633400                      ",321,"7.267300                      ",331,"7.493700                      ",325,"7.357900                      ",337,"7.629600                      ",340,"7.697500                      ",341,"7.720100                      ",367,"8.308800                      ",373,"8.444600                      ",384,"8.693600                      ",364,"8.240800                      "
"2005","77936","01","1376","0040","04","Elem      ","N","Kettle Moraine","Cushing Elementary","Grades PreK-12","All Races","Both Genders","509",12,"2.357500                      ",73,"14.341800                     ",84,"16.502900                     ",85,"16.699400                     ",78,"15.324100                     ",96,"18.860500                     ",81,"15.913500                     ",0,"0.000000                      ",0,"0.000000                      ",0,"0.000000                      ",0,"0.000000                      ",0,"0.000000                      ",0,"0.000000                      ",0,"0.000000                      "
"2005","79564","01","1376","0060","04","Elem      ","N","Kettle Moraine","Dousman Elementary","Grades PreK-12","All Races","Both Genders","566",21,"3.710200                      ",82,"14.487600                     ",93,"16.431000                     ",82,"14.487600                     ",105,"18.551200                     ",91,"16.077700                     ",92,"16.254400                     ",0,"0.000000                      ",0,"0.000000                      ",0,"0.000000                      ",0,"0.000000                      ",0,"0.000000                      ",0,"0.000000                      ",0,"0.000000                      "
"2005","77462","01","1376","0120","04","High      ","N","Kettle Moraine","Kettle Moraine High","Grades PreK-12","All Races","Both Genders","1488",0,"0.000000                      ",0,"0.000000                      ",0,"0.000000                      ",0,"0.000000                      ",0,"0.000000                      ",0,"0.000000                      ",0,"0.000000                      ",0,"0.000000                      ",0,"0.000000                      ",0,"0.000000                      ",367,"24.663900                     ",373,"25.067200                     ",384,"25.806400                     ",364,"24.462300                     "
"2005","77646","01","1376","0140","04","Mid/Jr Hi ","N","Kettle Moraine","Kettle Moraine Middle","Grades PreK-12","All Races","Both Genders","1018",0,"0.000000                      ",0,"0.000000                      ",0,"0.000000                      ",0,"0.000000                      ",0,"0.000000                      ",0,"0.000000                      ",0,"0.000000                      ",337,"33.104100                     ",340,"33.398800                     ",341,"33.497000                     ",0,"0.000000                      ",0,"0.000000                      ",0,"0.000000                      ",0,"0.000000                      "
"2005","77610","01","1376","0160","04","Elem      ","N","Kettle Moraine","Magee Elementary","Grades PreK-12","All Races","Both Genders","291",2,"0.687200                      ",38,"13.058400                     ",46,"15.807500                     ",43,"14.776600                     ",48,"16.494800                     ",47,"16.151200                     ",67,"23.024000                     ",0,"0.000000                      ",0,"0.000000                      ",0,"0.000000                      ",0,"0.000000                      ",0,"0.000000                      ",0,"0.000000                      ",0,"0.000000                      "
"2005","77460","01","1376","0240","04","Elem      ","N","Kettle Moraine","Wales Elementary","Grades PreK-12","All Races","Both Genders","545",31,"5.688000                      ",92,"16.880700                     ",67,"12.293500                     ",83,"15.229300                     ",90,"16.513700                     ",97,"17.798100                     ",85,"15.596300                     ",0,"0.000000                      ",0,"0.000000                      ",0,"0.000000                      ",0,"0.000000                      ",0,"0.000000                      ",0,"0.000000                      ",0,"0.000000                      "
"2005","79473","01","1890","","03","Summary   ","N","Fox Point J2","","Grades PreK-12","All Races","Both Genders","950",80,"8.421000                      ",92,"9.684200                      ",100,"10.526300                     ",101,"10.631500                     ",79,"8.315700                      ",101,"10.631500                     ",106,"11.157800                     ",100,"10.526300                     ",105,"11.052600                     ",86,"9.052600                      ",0,"0.000000                      ",0,"0.000000                      ",0,"0.000000                      ",0,"0.000000                      "
"2005","77268","01","1890","0020","04","Mid/Jr Hi ","N","Fox Point J2","Bayside Middle","Grades PreK-12","All Races","Both Genders","397",0,"0.000000                      ",0,"0.000000                      ",0,"0.000000                      ",0,"0.000000                      ",0,"0.000000                      ",0,"0.000000                      ",106,"26.700200                     ",100,"25.188900                     ",105,"26.448300                     ",86,"21.662400                     ",0,"0.000000                      ",0,"0.000000                      ",0,"0.000000                      ",0,"0.000000                      "
"2005","77269","01","1890","0040","04","Elem      ","N","Fox Point J2","Stormonth Elementary","Grades PreK-12","All Races","Both Genders","553",80,"14.466500                     ",92,"16.636500                     ",100,"18.083100                     ",101,"18.264000                     ",79,"14.285700                     ",101,"18.264000                     ",0,"0.000000                      ",0,"0.000000                      ",0,"0.000000                      ",0,"0.000000                      ",0,"0.000000                      ",0,"0.000000                      ",0,"0.000000                      ",0,"0.000000                      "
"2005","77335","01","1897","","03","Summary   ","N","Maple Dale-Indian Hill","","Grades PreK-12","All Races","Both Genders","508",40,"7.874000                      ",39,"7.677100                      ",46,"9.055100                      ",44,"8.661400                      ",52,"10.236200                     ",63,"12.401500                     ",53,"10.433000                     ",47,"9.251900                      ",64,"12.598400                     ",60,"11.811000                     ",0,"0.000000                      ",0,"0.000000                      ",0,"0.000000                      ",0,"0.000000                      "
"2005","79478","01","1897","0020","04","Elem      ","N","Maple Dale-Indian Hill","Indian Hill Elementary","Grades PreK-12","All Races","Both Genders","284",40,"14.084500                     ",39,"13.732300                     ",46,"16.197100                     ",44,"15.492900                     ",52,"18.309800                     ",63,"22.183000                     ",0,"0.000000                      ",0,"0.000000                      ",0,"0.000000                      ",0,"0.000000                      ",0,"0.000000                      ",0,"0.000000                      ",0,"0.000000                      ",0,"0.000000                      "
"2005","77255","01","1897","0040","04","Mid/Jr Hi ","N","Maple Dale-Indian Hill","Maple Dale Elementary","Grades PreK-12","All Races","Both Genders","224",0,"0.000000                      ",0,"0.000000                      ",0,"0.000000                      ",0,"0.000000                      ",0,"0.000000                      ",0,"0.000000                      ",53,"23.660700                     ",47,"20.982100                     ",64,"28.571400                     ",60,"26.785700                     ",0,"0.000000                      ",0,"0.000000                      ",0,"0.000000                      ",0,"0.000000                      "
"2005","77601","01","1900","","03","Summary   ","N","Franklin Public","","Grades PreK-12","All Races","Both Genders","3988",22,"0.551600                      ",286,"7.171500                      ",285,"7.146400                      ",288,"7.221600                      ",294,"7.372100                      ",287,"7.196500                      ",284,"7.121300                      ",305,"7.647900                      ",277,"6.945800                      ",297,"7.447300                      ",352,"8.826400                      ",348,"8.726100                      ",337,"8.450300                      ",326,"8.174500                      "
"2005","79644","01","1900","0020","04","Elem      ","N","Franklin Public","Ben Franklin Elementary","Grades PreK-12","All Races","Both Genders","390",9,"2.307600                      ",41,"10.512800                     ",60,"15.384600                     ",45,"11.538400                     ",66,"16.923000                     ",49,"12.564100                     ",61,"15.641000                     ",59,"15.128200                     ",0,"0.000000                      ",0,"0.000000                      ",0,"0.000000                      ",0,"0.000000                      ",0,"0.000000                      ",0,"0.000000                      "
"2005","77608","01","1900","0040","04","Elem      ","N","Franklin Public","Country Dale Elementary","Grades PreK-12","All Races","Both Genders","401",0,"0.000000                      ",46,"11.471300                     ",55,"13.715700                     ",67,"16.708200                     ",45,"11.221900                     ",64,"15.960000                     ",66,"16.458800                     ",58,"14.463800                     ",0,"0.000000                      ",0,"0.000000                      ",0,"0.000000                      ",0,"0.000000                      ",0,"0.000000                      ",0,"0.000000                      "
"2005","77594","01","1900","0060","04","High      ","N","Franklin Public","Franklin High","Grades PreK-12","All Races","Both Genders","1363",0,"0.000000                      ",0,"0.000000                      ",0,"0.000000                      ",0,"0.000000                      ",0,"0.000000                      ",0,"0.000000                      ",0,"0.000000                      ",0,"0.000000                      ",0,"0.000000                      ",0,"0.000000                      ",352,"25.825300                     ",348,"25.531900                     ",337,"24.724800                     ",326,"23.917800                     "
"2005","77595","01","1900","0070","04","Mid/Jr Hi ","N","Franklin Public","Forest Park Middle","Grades PreK-12","All Races","Both Genders","574",0,"0.000000                      ",0,"0.000000                      ",0,"0.000000                      ",0,"0.000000                      ",0,"0.000000                      ",0,"0.000000                      ",0,"0.000000                      ",0,"0.000000                      ",277,"48.257800                     ",297,"51.742100                     ",0,"0.000000                      ",0,"0.000000                      ",0,"0.000000                      ",0,"0.000000                      "
"2005","79552","01","1900","0080","04","Elem      ","N","Franklin Public","Pleasant View Elementary","Grades PreK-12","All Races","Both Genders","424",13,"3.066000                      ",61,"14.386700                     ",53,"12.500000                     ",64,"15.094300                     ",64,"15.094300                     ",58,"13.679200                     ",52,"12.264100                     ",59,"13.915000                     ",0,"0.000000                      ",0,"0.000000                      ",0,"0.000000                      ",0,"0.000000                      ",0,"0.000000                      ",0,"0.000000                      "
"2005","77596","01","1900","0100","04","Elem      ","N","Franklin Public","Robinwood Elementary","Grades PreK-12","All Races","Both Genders","442",0,"0.000000                      ",70,"15.837100                     ",72,"16.289500                     ",54,"12.217100                     ",70,"15.837100                     ",55,"12.443400                     ",50,"11.312200                     ",71,"16.063300                     ",0,"0.000000                      ",0,"0.000000                      ",0,"0.000000                      ",0,"0.000000                      ",0,"0.000000                      ",0,"0.000000                      "
"2005","77597","01","1900","0120","04","Elem      ","N","Franklin Public","Southwood Glen Elementary","Grades PreK-12","All Races","Both Genders","394",0,"0.000000                      ",68,"17.258800                     ",45,"11.421300                     ",58,"14.720800                     ",49,"12.436500                     ",61,"15.482200                     ",55,"13.959300                     ",58,"14.720800                     ",0,"0.000000                      ",0,"0.000000                      ",0,"0.000000                      ",0,"0.000000                      ",0,"0.000000                      ",0,"0.000000                      "
"2005","78903","01","1900","9200","4C","Mid/Jr Hi ","Y","Franklin Public","Passage Middle School","Grades PreK-12","All Races","Both Genders","0",0,"--                            ",0,"--                            ",0,"--                            ",0,"--                            ",0,"--                            ",0,"--                            ",0,"--                            ",0,"--                            ",0,"--                            ",0,"--                            ",0,"--                            ",0,"--                            ",0,"--                            ",0,"--                            "
"2005","77929","01","1945","","03","Summary   ","N","Northern Ozaukee","","Grades PreK-12","All Races","Both Genders","1523",55,"3.611200                      ",122,"8.010500                      ",131,"8.601400                      ",141,"9.258000                      ",129,"8.470100                      ",135,"8.864000                      ",128,"8.404400                      ",135,"8.864000                      ",151,"9.914600                      ",119,"7.813500                      ",76,"4.990100                      ",62,"4.070900                      ",71,"4.661800                      ",68,"4.464800                      "
"2005","77925","01","1945","0040","04","Elem      ","N","Northern Ozaukee","Ozaukee Elementary","Grades PreK-12","All Races","Both Genders","324",53,"16.358000                     ",54,"16.666600                     ",49,"15.123400                     ",57,"17.592500                     ",53,"16.358000                     ",58,"17.901200                     ",0,"0.000000                      ",0,"0.000000                      ",0,"0.000000                      ",0,"0.000000                      ",0,"0.000000                      ",0,"0.000000                      ",0,"0.000000                      ",0,"0.000000                      "
"2005","77926","01","1945","0060","04","High      ","N","Northern Ozaukee","Ozaukee High","Grades PreK-12","All Races","Both Genders","277",0,"0.000000                      ",0,"0.000000                      ",0,"0.000000                      ",0,"0.000000                      ",0,"0.000000                      ",0,"0.000000                      ",0,"0.000000                      ",0,"0.000000                      ",0,"0.000000                      ",0,"0.000000                      ",76,"27.436800                     ",62,"22.382600                     ",71,"25.631700                     ",68,"24.548700                     "
"2005","77927","01","1945","0080","04","Mid/Jr Hi ","N","Northern Ozaukee","Ozaukee Middle","Grades PreK-12","All Races","Both Genders","238",0,"0.000000                      ",0,"0.000000                      ",0,"0.000000                      ",0,"0.000000                      ",0,"0.000000                      ",0,"0.000000                      ",55,"23.109200                     ",58,"24.369700                     ",70,"29.411700                     ",55,"23.109200                     ",0,"0.000000                      ",0,"0.000000                      ",0,"0.000000                      ",0,"0.000000                      "
"2005","79043","01","1945","0100","04","Elem      ","Y","Northern Ozaukee","Wisconsin Virtual Academy","Grades PreK-12","All Races","Both Genders","684",2,"0.292300                      ",68,"9.941500                      ",82,"11.988300                     ",84,"12.280700                     ",76,"11.111100                     ",77,"11.257300                     ",73,"10.672500                     ",77,"11.257300                     ",81,"11.842100                     ",64,"9.356700                      ",0,"0.000000                      ",0,"0.000000                      ",0,"0.000000                      ",0,"0.000000                      "
"2005","77917","01","2058","","03","Summary   ","N","Germantown","","Grades PreK-12","All Races","Both Genders","3731",47,"1.259700                      ",212,"5.682100                      ",253,"6.781000                      ",242,"6.486100                      ",244,"6.539800                      ",283,"7.585000                      ",251,"6.727400                      ",293,"7.853100                      ",288,"7.719100                      ",295,"7.906700                      ",355,"9.514800                      ",335,"8.978800                      ",325,"8.710800                      ",308,"8.255100                      "
"2005","77935","01","2058","0020","04","Elem      ","N","Germantown","Amy Belle Elementary","Grades PreK-12","All Races","Both Genders","392",21,"5.357100                      ",50,"12.755100                     ",58,"14.795900                     ",61,"15.561200                     ",58,"14.795900                     ",75,"19.132600                     ",69,"17.602000                     ",0,"0.000000                      ",0,"0.000000                      ",0,"0.000000                      ",0,"0.000000                      ",0,"0.000000                      ",0,"0.000000                      ",0,"0.000000                      "
"2005","77918","01","2058","0040","04","Elem      ","N","Germantown","County Line Elementary","Grades PreK-12","All Races","Both Genders","541",0,"0.000000                      ",86,"15.896400                     ",100,"18.484200                     ",84,"15.526800                     ",76,"14.048000                     ",105,"19.408500                     ",90,"16.635800                     ",0,"0.000000                      ",0,"0.000000                      ",0,"0.000000                      ",0,"0.000000                      ",0,"0.000000                      ",0,"0.000000                      ",0,"0.000000                      "
"2005","77931","01","2058","0110","04","Mid/Jr Hi ","N","Germantown","Kennedy Middle","Grades PreK-12","All Races","Both Genders","876",0,"0.000000                      ",0,"0.000000                      ",0,"0.000000                      ",0,"0.000000                      ",0,"0.000000                      ",0,"0.000000                      ",0,"0.000000                      ",293,"33.447400                     ",288,"32.876700                     ",295,"33.675700                     ",0,"0.000000                      ",0,"0.000000                      ",0,"0.000000                      ",0,"0.000000                      "
"2005","79625","01","2058","0120","04","Elem      ","N","Germantown","MacArthur Elementary","Grades PreK-12","All Races","Both Genders","399",18,"4.511200                      ",56,"14.035000                     ",62,"15.538800                     ",63,"15.789400                     ",71,"17.794400                     ",72,"18.045100                     ",57,"14.285700                     ",0,"0.000000                      ",0,"0.000000                      ",0,"0.000000                      ",0,"0.000000                      ",0,"0.000000                      ",0,"0.000000                      ",0,"0.000000                      "
"2005","79628","01","2058","0140","04","Elem      ","N","Germantown","Rockfield Elementary","Grades PreK-12","All Races","Both Genders","200",8,"4.000000                      ",20,"10.000000                     ",33,"16.500000                     ",34,"17.000000                     ",39,"19.500000                     ",31,"15.500000                     ",35,"17.500000                     ",0,"0.000000                      ",0,"0.000000                      ",0,"0.000000                      ",0,"0.000000                      ",0,"0.000000                      ",0,"0.000000                      ",0,"0.000000                      "
"2005","77932","01","2058","0180","04","High      ","N","Germantown","Germantown High","Grades PreK-12","All Races","Both Genders","1323",0,"0.000000                      ",0,"0.000000                      ",0,"0.000000                      ",0,"0.000000                      ",0,"0.000000                      ",0,"0.000000                      ",0,"0.000000                      ",0,"0.000000                      ",0,"0.000000                      ",0,"0.000000                      ",355,"26.832900                     ",335,"25.321200                     ",325,"24.565300                     ",308,"23.280400                     "
"2005","77251","01","2177","","03","Summary   ","N","Nicolet UHS","","Grades PreK-12","All Races","Both Genders","454",0,"0.000000                      ",0,"0.000000                      ",0,"0.000000                      ",0,"0.000000                      ",0,"0.000000                      ",0,"0.000000                      ",0,"0.000000                      ",0,"0.000000                      ",0,"0.000000                      ",0,"0.000000                      ",338,"74.449300                     ",29,"6.387600                      ",47,"10.352400                     ",40,"8.810500                      "
"2005","77256","01","2177","0020","04","High      ","N","Nicolet UHS","Nicolet High","Grades PreK-12","All Races","Both Genders","454",0,"0.000000                      ",0,"0.000000                      ",0,"0.000000                      ",0,"0.000000                      ",0,"0.000000                      ",0,"0.000000                      ",0,"0.000000                      ",0,"0.000000                      ",0,"0.000000                      ",0,"0.000000                      ",338,"74.449300                     ",29,"6.387600                      ",47,"10.352400                     ",40,"8.810500                      "
"2005","77336","01","2184","","03","Summary   ","N","Glendale-River Hills","","Grades PreK-12","All Races","Both Genders","1019",97,"9.519100                      ",90,"8.832100                      ",85,"8.341500                      ",89,"8.734000                      ",92,"9.028400                      ",88,"8.635900                      ",106,"10.402300                     ",132,"12.953800                     ",124,"12.168700                     ",116,"11.383700                     ",0,"0.000000                      ",0,"0.000000                      ",0,"0.000000                      ",0,"0.000000                      "
"2005","79498","01","2184","0010","04","Mid/Jr Hi ","N","Glendale-River Hills","Glen Hills Middle","Grades PreK-12","All Races","Both Genders","478",0,"0.000000                      ",0,"0.000000                      ",0,"0.000000                      ",0,"0.000000                      ",0,"0.000000                      ",0,"0.000000                      ",106,"22.175700                     ",132,"27.615000                     ",124,"25.941400                     ",116,"24.267700                     ",0,"0.000000                      ",0,"0.000000                      ",0,"0.000000                      ",0,"0.000000                      "
"2005","77351","01","2184","0060","04","Elem      ","N","Glendale-River Hills","Parkway Elementary","Grades PreK-12","All Races","Both Genders","541",97,"17.929700                     ",90,"16.635800                     ",85,"15.711600                     ",89,"16.451000                     ",92,"17.005500                     ",88,"16.266100                     ",0,"0.000000                      ",0,"0.000000                      ",0,"0.000000                      ",0,"0.000000                      ",0,"0.000000                      ",0,"0.000000                      ",0,"0.000000                      ",0,"0.000000                      "
"2005","79623","01","2217","","03","Summary   ","N","Grafton","","Grades PreK-12","All Races","Both Genders","2029",33,"1.626400                      ",131,"6.456300                      ",134,"6.604200                      ",120,"5.914200                      ",108,"5.322800                      ",134,"6.604200                      ",131,"6.456300                      ",159,"7.836300                      ",151,"7.442000                      ",159,"7.836300                      ",207,"10.202000                     ",172,"8.477000                      ",188,"9.265600                      ",202,"9.955600                      "
"2005","77919","01","2217","0020","04","Elem      ","N","Grafton","Grafton Elementary","Grades PreK-12","All Races","Both Genders","295",23,"7.796600                      ",45,"15.254200                     ",47,"15.932200                     ",46,"15.593200                     ",41,"13.898300                     ",44,"14.915200                     ",49,"16.610100                     ",0,"0.000000                      ",0,"0.000000                      ",0,"0.000000                      ",0,"0.000000                      ",0,"0.000000                      ",0,"0.000000                      ",0,"0.000000                      "
"2005","77920","01","2217","0030","04","Elem      ","N","Grafton","Kennedy Elementary","Grades PreK-12","All Races","Both Genders","246",7,"2.845500                      ",26,"10.569100                     ",45,"18.292600                     ",39,"15.853600                     ",41,"16.666600                     ",46,"18.699100                     ",42,"17.073100                     ",0,"0.000000                      ",0,"0.000000                      ",0,"0.000000                      ",0,"0.000000                      ",0,"0.000000                      ",0,"0.000000                      ",0,"0.000000                      "
"2005","79626","01","2217","0040","04","High      ","N","Grafton","Grafton High","Grades PreK-12","All Races","Both Genders","769",0,"0.000000                      ",0,"0.000000                      ",0,"0.000000                      ",0,"0.000000                      ",0,"0.000000                      ",0,"0.000000                      ",0,"0.000000                      ",0,"0.000000                      ",0,"0.000000                      ",0,"0.000000                      ",207,"26.918000                     ",172,"22.366700                     ",188,"24.447300                     ",202,"26.267800                     "
"2005","77921","01","2217","0060","04","Mid/Jr Hi ","N","Grafton","John Long Middle","Grades PreK-12","All Races","Both Genders","469",0,"0.000000                      ",0,"0.000000                      ",0,"0.000000                      ",0,"0.000000                      ",0,"0.000000                      ",0,"0.000000                      ",0,"0.000000                      ",159,"33.901900                     ",151,"32.196100                     ",159,"33.901900                     ",0,"0.000000                      ",0,"0.000000                      ",0,"0.000000                      ",0,"0.000000                      "
"2005","77922","01","2217","0100","04","Elem      ","N","Grafton","Woodview Elementary","Grades PreK-12","All Races","Both Genders","250",3,"1.200000                      ",60,"24.000000                     ",42,"16.800000                     ",35,"14.000000                     ",26,"10.400000                     ",44,"17.600000                     ",40,"16.000000                     ",0,"0.000000                      ",0,"0.000000                      ",0,"0.000000                      ",0,"0.000000                      ",0,"0.000000                      ",0,"0.000000                      ",0,"0.000000                      "
"2005","79554","01","2296","","03","Summary   ","N","Greendale","","Grades PreK-12","All Races","Both Genders","2485",83,"3.340000                      ",134,"5.392300                      ",149,"5.995900                      ",148,"5.955700                      ",189,"7.605600                      ",149,"5.995900                      ",186,"7.484900                      ",204,"8.209200                      ",197,"7.927500                      ",170,"6.841000                      ",222,"8.933600                      ",228,"9.175000                      ",212,"8.531100                      ",214,"8.611600                      "
"2005","77612","01","2296","0040","04","Elem      ","N","Greendale","Canterbury Elementary","Grades PreK-12","All Races","Both Genders","335",4,"1.194000                      ",45,"13.432800                     ",56,"16.716400                     ",49,"14.626800                     ",63,"18.805900                     ",46,"13.731300                     ",72,"21.492500                     ",0,"0.000000                      ",0,"0.000000                      ",0,"0.000000                      ",0,"0.000000                      ",0,"0.000000                      ",0,"0.000000                      ",0,"0.000000                      "
"2005","77613","01","2296","0050","04","Elem      ","N","Greendale","College Park Elementary","Grades PreK-12","All Races","Both Genders","303",0,"0.000000                      ",48,"15.841500                     ",45,"14.851400                     ",53,"17.491700                     ",62,"20.462000                     ",49,"16.171600                     ",46,"15.181500                     ",0,"0.000000                      ",0,"0.000000                      ",0,"0.000000                      ",0,"0.000000                      ",0,"0.000000                      ",0,"0.000000                      ",0,"0.000000                      "
"2005","77614","01","2296","0060","04","High      ","N","Greendale","Greendale High","Grades PreK-12","All Races","Both Genders","876",0,"0.000000                      ",0,"0.000000                      ",0,"0.000000                      ",0,"0.000000                      ",0,"0.000000                      ",0,"0.000000                      ",0,"0.000000                      ",0,"0.000000                      ",0,"0.000000                      ",0,"0.000000                      ",222,"25.342400                     ",228,"26.027300                     ",212,"24.200900                     ",214,"24.429200                     "
"2005","77615","01","2296","0080","04","Mid/Jr Hi ","N","Greendale","Greendale Middle","Grades PreK-12","All Races","Both Genders","571",0,"0.000000                      ",0,"0.000000                      ",0,"0.000000                      ",0,"0.000000                      ",0,"0.000000                      ",0,"0.000000                      ",0,"0.000000                      ",204,"35.726700                     ",197,"34.500800                     ",170,"29.772300                     ",0,"0.000000                      ",0,"0.000000                      ",0,"0.000000                      ",0,"0.000000                      "
"2005","79557","01","2296","0100","04","Elem      ","N","Greendale","Highland View Elementary","Grades PreK-12","All Races","Both Genders","321",0,"0.000000                      ",41,"12.772500                     ",48,"14.953200                     ",46,"14.330200                     ",64,"19.937600                     ",54,"16.822400                     ",68,"21.183800                     ",0,"0.000000                      ",0,"0.000000                      ",0,"0.000000                      ",0,"0.000000                      ",0,"0.000000                      ",0,"0.000000                      ",0,"0.000000                      "
"2005","79042","01","2296","0110","04","Elem      ","Y","Greendale","Time 4 Learning Charter School","Grades PreK-12","All Races","Both Genders","79",79,"100.000000                    ",0,"0.000000                      ",0,"0.000000                      ",0,"0.000000                      ",0,"0.000000                      ",0,"0.000000                      ",0,"0.000000                      ",0,"0.000000                      ",0,"0.000000                      ",0,"0.000000                      ",0,"0.000000                      ",0,"0.000000                      ",0,"0.000000                      ",0,"0.000000                      "
"2005","77155","01","2303","","03","Summary   ","N","Greenfield","","Grades PreK-12","All Races","Both Genders","3329",169,"5.076500                      ",217,"6.518400                      ",200,"6.007800                      ",182,"5.467100                      ",221,"6.638600                      ",210,"6.308200                      ",212,"6.368200                      ",231,"6.939000                      ",246,"7.389600                      ",239,"7.179300                      ",355,"10.663800                     ",297,"8.921500                      ",282,"8.471000                      ",268,"8.050400                      "
"2005","77239","01","2303","0060","04","Elem      ","N","Greenfield","Edgewood Elementary","Grades PreK-12","All Races","Both Genders","291",38,"13.058400                     ",45,"15.463900                     ",44,"15.120200                     ",35,"12.027400                     ",38,"13.058400                     ",49,"16.838400                     ",42,"14.432900                     ",0,"0.000000                      ",0,"0.000000                      ",0,"0.000000                      ",0,"0.000000                      ",0,"0.000000                      ",0,"0.000000                      ",0,"0.000000                      "
"2005","79466","01","2303","0080","04","Elem      ","N","Greenfield","Elm Dale Elementary","Grades PreK-12","All Races","Both Genders","432",51,"11.805500                     ",65,"15.046200                     ",69,"15.972200                     ",64,"14.814800                     ",69,"15.972200                     ",50,"11.574000                     ",64,"14.814800                     ",0,"0.000000                      ",0,"0.000000                      ",0,"0.000000                      ",0,"0.000000                      ",0,"0.000000                      ",0,"0.000000                      ",0,"0.000000                      "
"2005","77225","01","2303","0100","04","Elem      ","N","Greenfield","Glenwood Elementary","Grades PreK-12","All Races","Both Genders","279",32,"11.469500                     ",41,"14.695300                     ",39,"13.978400                     ",39,"13.978400                     ",46,"16.487400                     ",43,"15.412100                     ",39,"13.978400                     ",0,"0.000000                      ",0,"0.000000                      ",0,"0.000000                      ",0,"0.000000                      ",0,"0.000000                      ",0,"0.000000                      ",0,"0.000000                      "
"2005","77226","01","2303","0120","04","High      ","N","Greenfield","Greenfield High","Grades PreK-12","All Races","Both Genders","1202",0,"0.000000                      ",0,"0.000000                      ",0,"0.000000                      ",0,"0.000000                      ",0,"0.000000                      ",0,"0.000000                      ",0,"0.000000                      ",0,"0.000000                      ",0,"0.000000                      ",0,"0.000000                      ",355,"29.534100                     ",297,"24.708800                     ",282,"23.460800                     ",268,"22.296100                     "
"2005","77218","01","2303","0130","04","Mid/Jr Hi ","N","Greenfield","Greenfield Middle","Grades PreK-12","All Races","Both Genders","716",0,"0.000000                      ",0,"0.000000                      ",0,"0.000000                      ",0,"0.000000                      ",0,"0.000000                      ",0,"0.000000                      ",0,"0.000000                      ",231,"32.262500                     ",246,"34.357500                     ",239,"33.379800                     ",0,"0.000000                      ",0,"0.000000                      ",0,"0.000000                      ",0,"0.000000                      "
"2005","77227","01","2303","0160","04","Elem      ","N","Greenfield","Maple Grove Elementary","Grades PreK-12","All Races","Both Genders","409",48,"11.735900                     ",66,"16.136900                     ",48,"11.735900                     ",44,"10.757900                     ",68,"16.625900                     ",68,"16.625900                     ",67,"16.381400                     ",0,"0.000000                      ",0,"0.000000                      ",0,"0.000000                      ",0,"0.000000                      ",0,"0.000000                      ",0,"0.000000                      ",0,"0.000000                      "
"2005","78907","01","2303","9200","4C","Mid/Jr Hi ","Y","Greenfield","Passage Middle School","Grades PreK-12","All Races","Both Genders","0",0,"--                            ",0,"--                            ",0,"--                            ",0,"--                            ",0,"--                            ",0,"--                            ",0,"--                            ",0,"--                            ",0,"--                            ",0,"--                            ",0,"--                            ",0,"--                            ",0,"--                            ",0,"--                            "
"2005","78956","01","2420","","03","Summary   ","N","Hamilton","","Grades PreK-12","All Races","Both Genders","4209",302,"7.175100                      ",290,"6.889900                      ",313,"7.436400                      ",292,"6.937500                      ",297,"7.056300                      ",339,"8.054100                      ",324,"7.697700                      ",280,"6.652400                      ",288,"6.842400                      ",286,"6.794900                      ",339,"8.054100                      ",323,"7.674000                      ",264,"6.272200                      ",272,"6.462300                      "
"2005","77723","01","2420","0040","04","High      ","N","Hamilton","Hamilton High","Grades PreK-12","All Races","Both Genders","1198",0,"0.000000                      ",0,"0.000000                      ",0,"0.000000                      ",0,"0.000000                      ",0,"0.000000                      ",0,"0.000000                      ",0,"0.000000                      ",0,"0.000000                      ",0,"0.000000                      ",0,"0.000000                      ",339,"28.297100                     ",323,"26.961600                     ",264,"22.036700                     ",272,"22.704500                     "
"2005","77845","01","2420","0060","04","Elem      ","N","Hamilton","Lannon Elementary","Grades PreK-12","All Races","Both Genders","302",0,"0.000000                      ",43,"14.238400                     ",53,"17.549600                     ",41,"13.576100                     ",47,"15.562900                     ",64,"21.192000                     ",54,"17.880700                     ",0,"0.000000                      ",0,"0.000000                      ",0,"0.000000                      ",0,"0.000000                      ",0,"0.000000                      ",0,"0.000000                      ",0,"0.000000                      "
"2005","77724","01","2420","0100","04","Elem      ","N","Hamilton","Maple Avenue Elementary","Grades PreK-12","All Races","Both Genders","518",0,"0.000000                      ",67,"12.934300                     ",90,"17.374500                     ",81,"15.637000                     ",86,"16.602300                     ",105,"20.270200                     ",89,"17.181400                     ",0,"0.000000                      ",0,"0.000000                      ",0,"0.000000                      ",0,"0.000000                      ",0,"0.000000                      ",0,"0.000000                      ",0,"0.000000                      "
"2005","77844","01","2420","0120","04","Elem      ","N","Hamilton","Marcy Elementary","Grades PreK-12","All Races","Both Genders","405",0,"0.000000                      ",74,"18.271600                     ",64,"15.802400                     ",72,"17.777700                     ",65,"16.049300                     ",63,"15.555500                     ",67,"16.543200                     ",0,"0.000000                      ",0,"0.000000                      ",0,"0.000000                      ",0,"0.000000                      ",0,"0.000000                      ",0,"0.000000                      ",0,"0.000000                      "
"2005","77725","01","2420","0130","04","Mid/Jr Hi ","N","Hamilton","Templeton Middle","Grades PreK-12","All Races","Both Genders","854",0,"0.000000                      ",0,"0.000000                      ",0,"0.000000                      ",0,"0.000000                      ",0,"0.000000                      ",0,"0.000000                      ",0,"0.000000                      ",280,"32.786800                     ",288,"33.723600                     ",286,"33.489400                     ",0,"0.000000                      ",0,"0.000000                      ",0,"0.000000                      ",0,"0.000000                      "
"2005","77829","01","2420","0140","04","Elem      ","N","Hamilton","Willow Springs Learning Center","Grades PreK-12","All Races","Both Genders","302",302,"100.000000                    ",0,"0.000000                      ",0,"0.000000                      ",0,"0.000000                      ",0,"0.000000                      ",0,"0.000000                      ",0,"0.000000                      ",0,"0.000000                      ",0,"0.000000                      ",0,"0.000000                      ",0,"0.000000                      ",0,"0.000000                      ",0,"0.000000                      ",0,"0.000000                      "
"2005","78974","01","2420","0150","04","Elem      ","N","Hamilton","Woodside Elementary","Grades PreK-12","All Races","Both Genders","630",0,"0.000000                      ",106,"16.825300                     ",106,"16.825300                     ",98,"15.555500                     ",99,"15.714200                     ",107,"16.984100                     ",114,"18.095200                     ",0,"0.000000                      ",0,"0.000000                      ",0,"0.000000                      ",0,"0.000000                      ",0,"0.000000                      ",0,"0.000000                      ",0,"0.000000                      "
"2005","75043","01","2420","9200","04","Mid/Jr Hi ","Y","Hamilton","Passage Middle School","Grades PreK-12","All Races","Both Genders","0",0,"--                            ",0,"--                            ",0,"--                            ",0,"--                            ",0,"--                            ",0,"--                            ",0,"--                            ",0,"--                            ",0,"--                            ",0,"--                            ",0,"--                            ",0,"--                            ",0,"--                            ",0,"--                            "
"2005","77895","01","2450","","03","Summary   ","N","Arrowhead UHS","","Grades PreK-12","All Races","Both Genders","2350",0,"0.000000                      ",0,"0.000000                      ",0,"0.000000                      ",0,"0.000000                      ",0,"0.000000                      ",0,"0.000000                      ",0,"0.000000                      ",0,"0.000000                      ",0,"0.000000                      ",0,"0.000000                      ",634,"26.978700                     ",610,"25.957400                     ",570,"24.255300                     ",536,"22.808500                     "
"2005","77904","01","2450","0020","04","High      ","N","Arrowhead UHS","Arrowhead High","Grades PreK-12","All Races","Both Genders","2350",0,"0.000000                      ",0,"0.000000                      ",0,"0.000000                      ",0,"0.000000                      ",0,"0.000000                      ",0,"0.000000                      ",0,"0.000000                      ",0,"0.000000                      ",0,"0.000000                      ",0,"0.000000                      ",634,"26.978700                     ",610,"25.957400                     ",570,"24.255300                     ",536,"22.808500                     "
"2005","77896","01","2460","","03","Summary   ","N","Hartland-Lakeside J3","","Grades PreK-12","All Races","Both Genders","1342",23,"1.713800                      ",142,"10.581200                     ",146,"10.879200                     ",151,"11.251800                     ",143,"10.655700                     ",149,"11.102800                     ",139,"10.357600                     ",147,"10.953800                     ",153,"11.400800                     ",149,"11.102800                     ",0,"0.000000                      ",0,"0.000000                      ",0,"0.000000                      ",0,"0.000000                      "
"2005","78975","01","2460","0020","04","Elem      ","N","Hartland-Lakeside J3","North Elementary","Grades PreK-12","All Races","Both Genders","404",0,"0.000000                      ",81,"20.049500                     ",67,"16.584100                     ",61,"15.099000                     ",69,"17.079200                     ",67,"16.584100                     ",59,"14.603900                     ",0,"0.000000                      ",0,"0.000000                      ",0,"0.000000                      ",0,"0.000000                      ",0,"0.000000                      ",0,"0.000000                      ",0,"0.000000                      "
"2005","77905","01","2460","0040","04","Elem      ","N","Hartland-Lakeside J3","South Elementary","Grades PreK-12","All Races","Both Genders","489",23,"4.703400                      ",61,"12.474400                     ",79,"16.155400                     ",90,"18.404900                     ",74,"15.132900                     ",82,"16.768900                     ",80,"16.359900                     ",0,"0.000000                      ",0,"0.000000                      ",0,"0.000000                      ",0,"0.000000                      ",0,"0.000000                      ",0,"0.000000                      ",0,"0.000000                      "
"2005","75216","01","2460","0100","04","Mid/Jr Hi ","N","Hartland-Lakeside J3","North Shore Middle","Grades PreK-12","All Races","Both Genders","449",0,"0.000000                      ",0,"0.000000                      ",0,"0.000000                      ",0,"0.000000                      ",0,"0.000000                      ",0,"0.000000                      ",0,"0.000000                      ",147,"32.739400                     ",153,"34.075700                     ",149,"33.184800                     ",0,"0.000000                      ",0,"0.000000                      ",0,"0.000000                      ",0,"0.000000                      "
"2005","77567","01","2793","","03","Summary   ","N","Kenosha","","Grades PreK-12","All Races","Both Genders","21740",801,"3.684400                      ",1650,"7.589600                      ",1583,"7.281500                      ",1481,"6.812300                      ",1541,"7.088300                      ",1563,"7.189500                      ",1630,"7.497700                      ",1583,"7.281500                      ",1660,"7.635600                      ",1659,"7.631000                      ",2085,"9.590600                      ",1463,"6.729500                      ",1829,"8.413000                      ",1212,"5.574900                      "
"2005","77592","01","2793","0050","04","Elem      ","N","Kenosha","Bose Elementary","Grades PreK-12","All Races","Both Genders","329",0,"0.000000                      ",58,"17.629100                     ",51,"15.501500                     ",53,"16.109400                     ",56,"17.021200                     ",54,"16.413300                     ",57,"17.325200                     ",0,"0.000000                      ",0,"0.000000                      ",0,"0.000000                      ",0,"0.000000                      ",0,"0.000000                      ",0,"0.000000                      ",0,"0.000000                      "
"2005","77568","01","2793","0060","04","High      ","N","Kenosha","Bradford High","Grades PreK-12","All Races","Both Genders","2096",0,"0.000000                      ",0,"0.000000                      ",0,"0.000000                      ",0,"0.000000                      ",0,"0.000000                      ",0,"0.000000                      ",0,"0.000000                      ",0,"0.000000                      ",0,"0.000000                      ",0,"0.000000                      ",708,"33.778600                     ",496,"23.664100                     ",507,"24.188900                     ",385,"18.368300                     "
"2005","79112","01","2793","0065","04","Elem      ","Y","Kenosha","Brompton School","Grades PreK-12","All Races","Both Genders","92",0,"0.000000                      ",16,"17.391300                     ",17,"18.478200                     ",18,"19.565200                     ",15,"16.304300                     ",10,"10.869500                     ",16,"17.391300                     ",0,"0.000000                      ",0,"0.000000                      ",0,"0.000000                      ",0,"0.000000                      ",0,"0.000000                      ",0,"0.000000                      ",0,"0.000000                      "
"2005","79551","01","2793","0070","04","Mid/Jr Hi ","N","Kenosha","Bullen Middle","Grades PreK-12","All Races","Both Genders","823",0,"0.000000                      ",0,"0.000000                      ",0,"0.000000                      ",0,"0.000000                      ",0,"0.000000                      ",0,"0.000000                      ",0,"0.000000                      ",288,"34.993900                     ",303,"36.816500                     ",232,"28.189500                     ",0,"0.000000                      ",0,"0.000000                      ",0,"0.000000                      ",0,"0.000000                      "
"2005","77593","01","2793","0100","04","Elem      ","N","Kenosha","Columbus Elementary","Grades PreK-12","All Races","Both Genders","238",27,"11.344500                     ",38,"15.966300                     ",38,"15.966300                     ",31,"13.025200                     ",35,"14.705800                     ",39,"16.386500                     ",30,"12.605000                     ",0,"0.000000                      ",0,"0.000000                      ",0,"0.000000                      ",0,"0.000000                      ",0,"0.000000                      ",0,"0.000000                      ",0,"0.000000                      "
"2005","77577","01","2793","0120","04","Elem      ","N","Kenosha","Durkee Elementary","Grades PreK-12","All Races","Both Genders","167",0,"0.000000                      ",25,"14.970000                     ",26,"15.568800                     ",27,"16.167600                     ",24,"14.371200                     ",32,"19.161600                     ",33,"19.760400                     ",0,"0.000000                      ",0,"0.000000                      ",0,"0.000000                      ",0,"0.000000                      ",0,"0.000000                      ",0,"0.000000                      ",0,"0.000000                      "
"2005","75080","01","2793","0130","04","Elem      ","Y","Kenosha","Dimensions of Learning Academy","Grades PreK-12","All Races","Both Genders","193",0,"0.000000                      ",18,"9.326400                      ",18,"9.326400                      ",20,"10.362600                     ",20,"10.362600                     ",22,"11.398900                     ",24,"12.435200                     ",25,"12.953300                     ",24,"12.435200                     ",22,"11.398900                     ",0,"0.000000                      ",0,"0.000000                      ",0,"0.000000                      ",0,"0.000000                      "
"2005","79548","01","2793","0140","04","Elem      ","N","Kenosha","Forest Park Elementary","Grades PreK-12","All Races","Both Genders","457",18,"3.938700                      ",90,"19.693600                     ",77,"16.849000                     ",70,"15.317200                     ",82,"17.943100                     ",65,"14.223100                     ",55,"12.035000                     ",0,"0.000000                      ",0,"0.000000                      ",0,"0.000000                      ",0,"0.000000                      ",0,"0.000000                      ",0,"0.000000                      ",0,"0.000000                      "
"2005","80086","01","2793","0150","04","Elem      ","N","Kenosha","Edward Bain School of Language and Art","Grades PreK-12","All Races","Both Genders","693",111,"16.017300                     ",113,"16.305900                     ",108,"15.584400                     ",94,"13.564200                     ",94,"13.564200                     ",91,"13.131300                     ",82,"11.832600                     ",0,"0.000000                      ",0,"0.000000                      ",0,"0.000000                      ",0,"0.000000                      ",0,"0.000000                      ",0,"0.000000                      ",0,"0.000000                      "
"2005","77578","01","2793","0160","04","Elem      ","N","Kenosha","Frank Elementary","Grades PreK-12","All Races","Both Genders","484",30,"6.198300                      ",91,"18.801600                     ",83,"17.148700                     ",81,"16.735500                     ",65,"13.429700                     ",73,"15.082600                     ",61,"12.603300                     ",0,"0.000000                      ",0,"0.000000                      ",0,"0.000000                      ",0,"0.000000                      ",0,"0.000000                      ",0,"0.000000                      ",0,"0.000000                      "
"2005","77579","01","2793","0180","04","Elem      ","N","Kenosha","Grant Elementary","Grades PreK-12","All Races","Both Genders","329",10,"3.039500                      ",65,"19.756800                     ",46,"13.981700                     ",50,"15.197500                     ",52,"15.805400                     ",48,"14.589600                     ",58,"17.629100                     ",0,"0.000000                      ",0,"0.000000                      ",0,"0.000000                      ",0,"0.000000                      ",0,"0.000000                      ",0,"0.000000                      ",0,"0.000000                      "
"2005","74958","01","2793","0215","04","Mid/Jr Hi ","N","Kenosha","Mahone Middle","Grades PreK-12","All Races","Both Genders","838",0,"0.000000                      ",0,"0.000000                      ",0,"0.000000                      ",0,"0.000000                      ",0,"0.000000                      ",0,"0.000000                      ",0,"0.000000                      ",255,"30.429500                     ",265,"31.622900                     ",318,"37.947400                     ",0,"0.000000                      ",0,"0.000000                      ",0,"0.000000                      ",0,"0.000000                      "
"2005","77580","01","2793","0220","04","Elem      ","N","Kenosha","Grewenow Elementary","Grades PreK-12","All Races","Both Genders","360",16,"4.444400                      ",65,"18.055500                     ",54,"15.000000                     ",60,"16.666600                     ",42,"11.666600                     ",56,"15.555500                     ",67,"18.611100                     ",0,"0.000000                      ",0,"0.000000                      ",0,"0.000000                      ",0,"0.000000                      ",0,"0.000000                      ",0,"0.000000                      ",0,"0.000000                      "
"2005","77581","01","2793","0240","04","Elem      ","N","Kenosha","Harvey Elementary","Grades PreK-12","All Races","Both Genders","447",51,"11.409300                     ",64,"14.317600                     ",66,"14.765100                     ",68,"15.212500                     ",65,"14.541300                     ",69,"15.436200                     ",64,"14.317600                     ",0,"0.000000                      ",0,"0.000000                      ",0,"0.000000                      ",0,"0.000000                      ",0,"0.000000                      ",0,"0.000000                      ",0,"0.000000                      "
"2005","79077","01","2793","0250","04","Elem      ","N","Kenosha","Chavez Learning Station","Grades PreK-12","All Races","Both Genders","375",375,"100.000000                    ",0,"0.000000                      ",0,"0.000000                      ",0,"0.000000                      ",0,"0.000000                      ",0,"0.000000                      ",0,"0.000000                      ",0,"0.000000                      ",0,"0.000000                      ",0,"0.000000                      ",0,"0.000000                      ",0,"0.000000                      ",0,"0.000000                      ",0,"0.000000                      "
"2005","77552","01","2793","0280","04","High      ","N","Kenosha","Hillcrest School","Grades PreK-12","All Races","Both Genders","61",0,"0.000000                      ",0,"0.000000                      ",0,"0.000000                      ",0,"0.000000                      ",0,"0.000000                      ",0,"0.000000                      ",0,"0.000000                      ",1,"1.639300                      ",3,"4.918000                      ",12,"19.672100                     ",24,"39.344200                     ",9,"14.754000                     ",10,"16.393400                     ",2,"3.278600                      "
"2005","79549","01","2793","0300","04","Elem      ","N","Kenosha","Jefferson Elementary","Grades PreK-12","All Races","Both Genders","328",20,"6.097500                      ",58,"17.682900                     ",46,"14.024300                     ",56,"17.073100                     ",48,"14.634100                     ",46,"14.024300                     ",54,"16.463400                     ",0,"0.000000                      ",0,"0.000000                      ",0,"0.000000                      ",0,"0.000000                      ",0,"0.000000                      ",0,"0.000000                      ",0,"0.000000                      "
"2005","77582","01","2793","0310","04","Elem      ","N","Kenosha","Jeffery Elementary","Grades PreK-12","All Races","Both Genders","400",0,"0.000000                      ",61,"15.250000                     ",73,"18.250000                     ",64,"16.000000                     ",72,"18.000000                     ",60,"15.000000                     ",70,"17.500000                     ",0,"0.000000                      ",0,"0.000000                      ",0,"0.000000                      ",0,"0.000000                      ",0,"0.000000                      ",0,"0.000000                      ",0,"0.000000                      "
"2005","77583","01","2793","0320","04","Mid/Jr Hi ","N","Kenosha","Lance Middle","Grades PreK-12","All Races","Both Genders","956",0,"0.000000                      ",0,"0.000000                      ",0,"0.000000                      ",0,"0.000000                      ",0,"0.000000                      ",0,"0.000000                      ",0,"0.000000                      ",306,"32.008300                     ",323,"33.786600                     ",327,"34.205000                     ",0,"0.000000                      ",0,"0.000000                      ",0,"0.000000                      ",0,"0.000000                      "
"2005","75223","01","2793","0330","04","Mid/Jr Hi ","Y","Kenosha","Paideia Academy","Grades PreK-12","All Races","Both Genders","67",0,"0.000000                      ",0,"0.000000                      ",0,"0.000000                      ",0,"0.000000                      ",0,"0.000000                      ",0,"0.000000                      ",0,"0.000000                      ",25,"37.313400                     ",24,"35.820800                     ",18,"26.865600                     ",0,"0.000000                      ",0,"0.000000                      ",0,"0.000000                      ",0,"0.000000                      "
"2005","77584","01","2793","0340","04","Elem      ","N","Kenosha","Lincoln Elementary","Grades PreK-12","All Races","Both Genders","282",12,"4.255300                      ",49,"17.375800                     ",32,"11.347500                     ",48,"17.021200                     ",47,"16.666600                     ",45,"15.957400                     ",49,"17.375800                     ",0,"0.000000                      ",0,"0.000000                      ",0,"0.000000                      ",0,"0.000000                      ",0,"0.000000                      ",0,"0.000000                      ",0,"0.000000                      "
"2005","77585","01","2793","0360","04","Mid/Jr Hi ","N","Kenosha","Lincoln Middle","Grades PreK-12","All Races","Both Genders","850",0,"0.000000                      ",0,"0.000000                      ",0,"0.000000                      ",0,"0.000000                      ",0,"0.000000                      ",0,"0.000000                      ",0,"0.000000                      ",276,"32.470500                     ",282,"33.176400                     ",292,"34.352900                     ",0,"0.000000                      ",0,"0.000000                      ",0,"0.000000                      ",0,"0.000000                      "
"2005","77569","01","2793","0380","04","Elem      ","N","Kenosha","McKinley Elementary","Grades PreK-12","All Races","Both Genders","250",0,"0.000000                      ",43,"17.200000                     ",46,"18.400000                     ",35,"14.000000                     ",43,"17.200000                     ",38,"15.200000                     ",45,"18.000000                     ",0,"0.000000                      ",0,"0.000000                      ",0,"0.000000                      ",0,"0.000000                      ",0,"0.000000                      ",0,"0.000000                      ",0,"0.000000                      "
"2005","77570","01","2793","0400","04","Mid/Jr Hi ","N","Kenosha","McKinley Middle","Grades PreK-12","All Races","Both Genders","640",0,"0.000000                      ",0,"0.000000                      ",0,"0.000000                      ",0,"0.000000                      ",0,"0.000000                      ",0,"0.000000                      ",0,"0.000000                      ",212,"33.125000                     ",212,"33.125000                     ",216,"33.750000                     ",0,"0.000000                      ",0,"0.000000                      ",0,"0.000000                      ",0,"0.000000                      "
"2005","75051","01","2793","0405","04","High      ","N","Kenosha","Kenosha House of Corrections","Grades PreK-12","All Races","Both Genders","30",0,"0.000000                      ",0,"0.000000                      ",0,"0.000000                      ",0,"0.000000                      ",0,"0.000000                      ",0,"0.000000                      ",0,"0.000000                      ",0,"0.000000                      ",0,"0.000000                      ",0,"0.000000                      ",1,"3.333300                      ",7,"23.333300                     ",5,"16.666600                     ",17,"56.666600                     "
"2005","75162","01","2793","0410","04","High      ","N","Kenosha","Indian Trail Academy","Grades PreK-12","All Races","Both Genders","1112",0,"0.000000                      ",0,"0.000000                      ",0,"0.000000                      ",0,"0.000000                      ",0,"0.000000                      ",0,"0.000000                      ",0,"0.000000                      ",0,"0.000000                      ",0,"0.000000                      ",0,"0.000000                      ",425,"38.219400                     ",234,"21.043100                     ",258,"23.201400                     ",195,"17.535900                     "
"2005","78976","01","2793","0420","04","Elem      ","N","Kenosha","Pleasant Prairie Elementary","Grades PreK-12","All Races","Both Genders","713",0,"0.000000                      ",123,"17.251000                     ",119,"16.690000                     ",103,"14.446000                     ",127,"17.812000                     ",122,"17.110700                     ",119,"16.690000                     ",0,"0.000000                      ",0,"0.000000                      ",0,"0.000000                      ",0,"0.000000                      ",0,"0.000000                      ",0,"0.000000                      ",0,"0.000000                      "
"2005","79546","01","2793","0440","04","Elem      ","N","Kenosha","Prairie Lane Elementary","Grades PreK-12","All Races","Both Genders","377",0,"0.000000                      ",73,"19.363300                     ",66,"17.506600                     ",52,"13.793100                     ",67,"17.771800                     ",64,"16.976100                     ",55,"14.588800                     ",0,"0.000000                      ",0,"0.000000                      ",0,"0.000000                      ",0,"0.000000                      ",0,"0.000000                      ",0,"0.000000                      ",0,"0.000000                      "
"2005","77571","01","2793","0450","04","High      ","N","Kenosha","Reuther Central High","Grades PreK-12","All Races","Both Genders","678",0,"0.000000                      ",0,"0.000000                      ",0,"0.000000                      ",0,"0.000000                      ",0,"0.000000                      ",0,"0.000000                      ",0,"0.000000                      ",0,"0.000000                      ",0,"0.000000                      ",0,"0.000000                      ",97,"14.306700                     ",65,"9.587000                      ",391,"57.669600                     ",125,"18.436500                     "
"2005","77572","01","2793","0460","04","Elem      ","N","Kenosha","Roosevelt Elementary","Grades PreK-12","All Races","Both Genders","404",0,"0.000000                      ",56,"13.861300                     ",51,"12.623700                     ",63,"15.594000                     ",74,"18.316800                     ",78,"19.306900                     ",82,"20.297000                     ",0,"0.000000                      ",0,"0.000000                      ",0,"0.000000                      ",0,"0.000000                      ",0,"0.000000                      ",0,"0.000000                      ",0,"0.000000                      "
"2005","79099","01","2793","0480","04","High      ","N","Kenosha","Lakeview Technology Academy","Grades PreK-12","All Races","Both Genders","261",0,"0.000000                      ",0,"0.000000                      ",0,"0.000000                      ",0,"0.000000                      ",0,"0.000000                      ",0,"0.000000                      ",0,"0.000000                      ",0,"0.000000                      ",0,"0.000000                      ",0,"0.000000                      ",91,"34.865900                     ",73,"27.969300                     ",52,"19.923300                     ",45,"17.241300                     "
"2005","77547","01","2793","0500","04","Elem      ","N","Kenosha","Somers Elementary","Grades PreK-12","All Races","Both Genders","598",0,"0.000000                      ",105,"17.558500                     ",101,"16.889600                     ",99,"16.555100                     ",86,"14.381200                     ",99,"16.555100                     ",108,"18.060200                     ",0,"0.000000                      ",0,"0.000000                      ",0,"0.000000                      ",0,"0.000000                      ",0,"0.000000                      ",0,"0.000000                      ",0,"0.000000                      "
"2005","77573","01","2793","0520","04","Elem      ","N","Kenosha","Southport Elementary","Grades PreK-12","All Races","Both Genders","492",20,"4.065000                      ",90,"18.292600                     ",78,"15.853600                     ",67,"13.617800                     ",81,"16.463400                     ",70,"14.227600                     ",86,"17.479600                     ",0,"0.000000                      ",0,"0.000000                      ",0,"0.000000                      ",0,"0.000000                      ",0,"0.000000                      ",0,"0.000000                      ",0,"0.000000                      "
"2005","77553","01","2793","0530","04","Elem      ","N","Kenosha","Stocker Elementary","Grades PreK-12","All Races","Both Genders","543",0,"0.000000                      ",83,"15.285400                     ",94,"17.311200                     ",91,"16.758700                     ",93,"17.127000                     ",84,"15.469600                     ",98,"18.047800                     ",0,"0.000000                      ",0,"0.000000                      ",0,"0.000000                      ",0,"0.000000                      ",0,"0.000000                      ",0,"0.000000                      ",0,"0.000000                      "
"2005","77574","01","2793","0540","04","Elem      ","N","Kenosha","Strange Elementary","Grades PreK-12","All Races","Both Genders","487",39,"8.008200                      ",83,"17.043100                     ",97,"19.917800                     ",62,"12.731000                     ",60,"12.320300                     ",75,"15.400400                     ",71,"14.579000                     ",0,"0.000000                      ",0,"0.000000                      ",0,"0.000000                      ",0,"0.000000                      ",0,"0.000000                      ",0,"0.000000                      ",0,"0.000000                      "
"2005","79547","01","2793","0580","04","High      ","N","Kenosha","Tremper High","Grades PreK-12","All Races","Both Genders","2367",0,"0.000000                      ",0,"0.000000                      ",0,"0.000000                      ",0,"0.000000                      ",0,"0.000000                      ",0,"0.000000                      ",0,"0.000000                      ",0,"0.000000                      ",0,"0.000000                      ",0,"0.000000                      ",739,"31.220900                     ",579,"24.461300                     ",606,"25.602000                     ",443,"18.715600                     "
"2005","77575","01","2793","0600","04","Elem      ","N","Kenosha","Vernon Elementary","Grades PreK-12","All Races","Both Genders","471",0,"0.000000                      ",57,"12.101900                     ",77,"16.348100                     ",63,"13.375700                     ",79,"16.772800                     ",84,"17.834300                     ",111,"23.566800                     ",0,"0.000000                      ",0,"0.000000                      ",0,"0.000000                      ",0,"0.000000                      ",0,"0.000000                      ",0,"0.000000                      ",0,"0.000000                      "
"2005","77576","01","2793","0640","04","Mid/Jr Hi ","N","Kenosha","Washington Middle","Grades PreK-12","All Races","Both Genders","641",0,"0.000000                      ",0,"0.000000                      ",0,"0.000000                      ",0,"0.000000                      ",0,"0.000000                      ",0,"0.000000                      ",0,"0.000000                      ",195,"30.421200                     ",224,"34.945300                     ",222,"34.633300                     ",0,"0.000000                      ",0,"0.000000                      ",0,"0.000000                      ",0,"0.000000                      "
"2005","77561","01","2793","0680","04","Elem      ","N","Kenosha","Whittier Elementary","Grades PreK-12","All Races","Both Genders","578",72,"12.456700                     ",76,"13.148700                     ",82,"14.186800                     ",65,"11.245600                     ",80,"13.840800                     ",101,"17.474000                     ",102,"17.647000                     ",0,"0.000000                      ",0,"0.000000                      ",0,"0.000000                      ",0,"0.000000                      ",0,"0.000000                      ",0,"0.000000                      ",0,"0.000000                      "
"2005","77562","01","2793","0700","04","Elem      ","N","Kenosha","Wilson Elementary","Grades PreK-12","All Races","Both Genders","233",0,"0.000000                      ",50,"21.459200                     ",37,"15.879800                     ",41,"17.596500                     ",34,"14.592200                     ",38,"16.309000                     ",33,"14.163000                     ",0,"0.000000                      ",0,"0.000000                      ",0,"0.000000                      ",0,"0.000000                      ",0,"0.000000                      ",0,"0.000000                      ",0,"0.000000                      "
"2005","77711","01","3122","","03","Summary   ","N","Richmond","","Grades PreK-12","All Races","Both Genders","439",33,"7.517000                      ",34,"7.744800                      ",35,"7.972600                      ",48,"10.933900                     ",49,"11.161700                     ",46,"10.478300                     ",52,"11.845100                     ",51,"11.617300                     ",52,"11.845100                     ",39,"8.883800                      ",0,"0.000000                      ",0,"0.000000                      ",0,"0.000000                      ",0,"0.000000                      "
"2005","79583","01","3122","0020","04","Elem      ","N","Richmond","Richmond Elementary","Grades PreK-12","All Races","Both Genders","439",33,"7.517000                      ",34,"7.744800                      ",35,"7.972600                      ",48,"10.933900                     ",49,"11.161700                     ",46,"10.478300                     ",52,"11.845100                     ",51,"11.617300                     ",52,"11.845100                     ",39,"8.883800                      ",0,"0.000000                      ",0,"0.000000                      ",0,"0.000000                      ",0,"0.000000                      "
"2005","77824","01","3437","","03","Summary   ","N","Menomonee Falls","","Grades PreK-12","All Races","Both Genders","4602",57,"1.238500                      ",290,"6.301600                      ",285,"6.192900                      ",329,"7.149000                      ",350,"7.605300                      ",333,"7.235900                      ",341,"7.409800                      ",350,"7.605300                      ",349,"7.583600                      ",363,"7.887800                      ",398,"8.648400                      ",421,"9.148100                      ",361,"7.844400                      ",375,"8.148600                      "
"2005","77830","01","3437","0040","04","Elem      ","N","Menomonee Falls","Benjamin Franklin Elementary","Grades PreK-12","All Races","Both Genders","868",23,"2.649700                      ",144,"16.589800                     ",139,"16.013800                     ",148,"17.050600                     ",144,"16.589800                     ",135,"15.552900                     ",135,"15.552900                     ",0,"0.000000                      ",0,"0.000000                      ",0,"0.000000                      ",0,"0.000000                      ",0,"0.000000                      ",0,"0.000000                      ",0,"0.000000                      "
"2005","75333","01","3437","0065","04","Elem      ","N","Menomonee Falls","Riverside Elementary","Grades PreK-12","All Races","Both Genders","347",15,"4.322700                      ",49,"14.121000                     ",36,"10.374600                     ",53,"15.273700                     ",65,"18.731900                     ",63,"18.155600                     ",66,"19.020100                     ",0,"0.000000                      ",0,"0.000000                      ",0,"0.000000                      ",0,"0.000000                      ",0,"0.000000                      ",0,"0.000000                      ",0,"0.000000                      "
"2005","75334","01","3437","0085","04","Elem      ","N","Menomonee Falls","Valley View Elementary","Grades PreK-12","All Races","Both Genders","359",5,"1.392700                      ",39,"10.863500                     ",47,"13.091900                     ",62,"17.270100                     ",69,"19.220000                     ",69,"19.220000                     ",68,"18.941500                     ",0,"0.000000                      ",0,"0.000000                      ",0,"0.000000                      ",0,"0.000000                      ",0,"0.000000                      ",0,"0.000000                      ",0,"0.000000                      "
"2005","79608","01","3437","0110","04","High      ","N","Menomonee Falls","Menomonee Falls High","Grades PreK-12","All Races","Both Genders","1159",0,"0.000000                      ",0,"0.000000                      ",0,"0.000000                      ",0,"0.000000                      ",0,"0.000000                      ",0,"0.000000                      ",0,"0.000000                      ",0,"0.000000                      ",0,"0.000000                      ",0,"0.000000                      ",2,"0.172500                      ",421,"36.324400                     ",361,"31.147500                     ",375,"32.355400                     "
"2005","77831","01","3437","0120","04","Mid/Jr Hi ","N","Menomonee Falls","North Junior High School Campus","Grades PreK-12","All Races","Both Genders","759",0,"0.000000                      ",0,"0.000000                      ",0,"0.000000                      ",0,"0.000000                      ",0,"0.000000                      ",0,"0.000000                      ",0,"0.000000                      ",0,"0.000000                      ",0,"0.000000                      ",363,"47.826000                     ",396,"52.173900                     ",0,"0.000000                      ",0,"0.000000                      ",0,"0.000000                      "
"2005","77832","01","3437","0200","04","Elem      ","N","Menomonee Falls","Shady Lane Elementary","Grades PreK-12","All Races","Both Genders","410",14,"3.414600                      ",58,"14.146300                     ",63,"15.365800                     ",66,"16.097500                     ",72,"17.560900                     ",66,"16.097500                     ",71,"17.317000                     ",0,"0.000000                      ",0,"0.000000                      ",0,"0.000000                      ",0,"0.000000                      ",0,"0.000000                      ",0,"0.000000                      ",0,"0.000000                      "
"2005","77833","01","3437","0220","04","Mid/Jr Hi ","N","Menomonee Falls","Thomas Jefferson Middle","Grades PreK-12","All Races","Both Genders","700",0,"0.000000                      ",0,"0.000000                      ",0,"0.000000                      ",0,"0.000000                      ",0,"0.000000                      ",0,"0.000000                      ",1,"0.142800                      ",350,"50.000000                     ",349,"49.857100                     ",0,"0.000000                      ",0,"0.000000                      ",0,"0.000000                      ",0,"0.000000                      ",0,"0.000000                      "
"2005","78918","01","3437","9200","4C","Mid/Jr Hi ","Y","Menomonee Falls","Passage Middle School","Grades PreK-12","All Races","Both Genders","0",0,"--                            ",0,"--                            ",0,"--                            ",0,"--                            ",0,"--                            ",0,"--                            ",0,"--                            ",0,"--                            ",0,"--                            ",0,"--                            ",0,"--                            ",0,"--                            ",0,"--                            ",0,"--                            "
"2005","77704","01","3479","","03","Summary   ","N","Mequon-Thiensville","","Grades PreK-12","All Races","Both Genders","4033",30,"0.743800                      ",217,"5.380600                      ",242,"6.000400                      ",226,"5.603700                      ",238,"5.901300                      ",257,"6.372400                      ",262,"6.496400                      ",332,"8.232000                      ",305,"7.562600                      ",329,"8.157600                      ",407,"10.091700                     ",418,"10.364400                     ",380,"9.422200                      ",390,"9.670200                      "
"2005","77714","01","3479","0020","04","Elem      ","N","Mequon-Thiensville","Donges Bay Elementary","Grades PreK-12","All Races","Both Genders","374",13,"3.475900                      ",53,"14.171100                     ",48,"12.834200                     ",55,"14.705800                     ",81,"21.657700                     ",67,"17.914400                     ",57,"15.240600                     ",0,"0.000000                      ",0,"0.000000                      ",0,"0.000000                      ",0,"0.000000                      ",0,"0.000000                      ",0,"0.000000                      ",0,"0.000000                      "
"2005","77715","01","3479","0060","04","High      ","N","Mequon-Thiensville","Homestead High","Grades PreK-12","All Races","Both Genders","1595",0,"0.000000                      ",0,"0.000000                      ",0,"0.000000                      ",0,"0.000000                      ",0,"0.000000                      ",0,"0.000000                      ",0,"0.000000                      ",0,"0.000000                      ",0,"0.000000                      ",0,"0.000000                      ",407,"25.517200                     ",418,"26.206800                     ",380,"23.824400                     ",390,"24.451400                     "
"2005","79581","01","3479","0080","04","Mid/Jr Hi ","N","Mequon-Thiensville","Lake Shore Middle","Grades PreK-12","All Races","Both Genders","447",0,"0.000000                      ",0,"0.000000                      ",0,"0.000000                      ",0,"0.000000                      ",0,"0.000000                      ",0,"0.000000                      ",0,"0.000000                      ",144,"32.214700                     ",147,"32.885900                     ",156,"34.899300                     ",0,"0.000000                      ",0,"0.000000                      ",0,"0.000000                      ",0,"0.000000                      "
"2005","77687","01","3479","0100","04","Elem      ","N","Mequon-Thiensville","Oriole Lane Elementary","Grades PreK-12","All Races","Both Genders","331",0,"0.000000                      ",56,"16.918400                     ",52,"15.709900                     ",60,"18.126800                     ",53,"16.012000                     ",62,"18.731100                     ",48,"14.501500                     ",0,"0.000000                      ",0,"0.000000                      ",0,"0.000000                      ",0,"0.000000                      ",0,"0.000000                      ",0,"0.000000                      ",0,"0.000000                      "
"2005","77716","01","3479","0120","04","Elem      ","N","Mequon-Thiensville","Range Line Elementary","Grades PreK-12","All Races","Both Genders","332",0,"0.000000                      ",59,"17.771000                     ",58,"17.469800                     ",46,"13.855400                     ",43,"12.951800                     ",63,"18.975900                     ",63,"18.975900                     ",0,"0.000000                      ",0,"0.000000                      ",0,"0.000000                      ",0,"0.000000                      ",0,"0.000000                      ",0,"0.000000                      ",0,"0.000000                      "
"2005","77717","01","3479","0140","04","Mid/Jr Hi ","N","Mequon-Thiensville","Steffen Middle","Grades PreK-12","All Races","Both Genders","519",0,"0.000000                      ",0,"0.000000                      ",0,"0.000000                      ",0,"0.000000                      ",0,"0.000000                      ",0,"0.000000                      ",0,"0.000000                      ",188,"36.223500                     ",158,"30.443100                     ",173,"33.333300                     ",0,"0.000000                      ",0,"0.000000                      ",0,"0.000000                      ",0,"0.000000                      "
"2005","77718","01","3479","0160","04","Elem      ","N","Mequon-Thiensville","Wilson Elementary","Grades PreK-12","All Races","Both Genders","435",17,"3.908000                      ",49,"11.264300                     ",84,"19.310300                     ",65,"14.942500                     ",61,"14.022900                     ",65,"14.942500                     ",94,"21.609100                     ",0,"0.000000                      ",0,"0.000000                      ",0,"0.000000                      ",0,"0.000000                      ",0,"0.000000                      ",0,"0.000000                      ",0,"0.000000                      "
"2005","77897","01","3510","","03","Summary   ","N","Swallow","","Grades PreK-12","All Races","Both Genders","386",0,"0.000000                      ",37,"9.585400                      ",33,"8.549200                      ",45,"11.658000                     ",42,"10.880800                     ",37,"9.585400                      ",39,"10.103600                     ",47,"12.176100                     ",50,"12.953300                     ",56,"14.507700                     ",0,"0.000000                      ",0,"0.000000                      ",0,"0.000000                      ",0,"0.000000                      "
"2005","79622","01","3510","0020","04","Elem      ","N","Swallow","Swallow Elementary","Grades PreK-12","All Races","Both Genders","386",0,"0.000000                      ",37,"9.585400                      ",33,"8.549200                      ",45,"11.658000                     ",42,"10.880800                     ",37,"9.585400                      ",39,"10.103600                     ",47,"12.176100                     ",50,"12.953300                     ",56,"14.507700                     ",0,"0.000000                      ",0,"0.000000                      ",0,"0.000000                      ",0,"0.000000                      "
"2005","77807","01","3514","","03","Summary   ","N","North Lake","","Grades PreK-12","All Races","Both Genders","348",13,"3.735600                      ",33,"9.482700                      ",28,"8.045900                      ",31,"8.908000                      ",41,"11.781600                     ",43,"12.356300                     ",32,"9.195400                      ",39,"11.206800                     ",46,"13.218300                     ",42,"12.068900                     ",0,"0.000000                      ",0,"0.000000                      ",0,"0.000000                      ",0,"0.000000                      "
"2005","77806","01","3514","0020","04","Elem      ","N","North Lake","North Lake Elementary","Grades PreK-12","All Races","Both Genders","348",13,"3.735600                      ",33,"9.482700                      ",28,"8.045900                      ",31,"8.908000                      ",41,"11.781600                     ",43,"12.356300                     ",32,"9.195400                      ",39,"11.206800                     ",46,"13.218300                     ",42,"12.068900                     ",0,"0.000000                      ",0,"0.000000                      ",0,"0.000000                      ",0,"0.000000                      "
"2005","77826","01","3528","","03","Summary   ","N","Merton Community","","Grades PreK-12","All Races","Both Genders","946",98,"10.359400                     ",84,"8.879400                      ",88,"9.302300                      ",102,"10.782200                     ",85,"8.985200                      ",99,"10.465100                     ",91,"9.619400                      ",86,"9.090900                      ",105,"11.099300                     ",108,"11.416400                     ",0,"0.000000                      ",0,"0.000000                      ",0,"0.000000                      ",0,"0.000000                      "
"2005","77825","01","3528","0020","04","Elem      ","N","Merton Community","Merton Intermediate","Grades PreK-12","All Races","Both Genders","489",0,"0.000000                      ",0,"0.000000                      ",0,"0.000000                      ",0,"0.000000                      ",0,"0.000000                      ",99,"20.245300                     ",91,"18.609400                     ",86,"17.586900                     ",105,"21.472300                     ",108,"22.085800                     ",0,"0.000000                      ",0,"0.000000                      ",0,"0.000000                      ",0,"0.000000                      "
"2005","75256","01","3528","0040","04","Elem      ","N","Merton Community","Merton Primary","Grades PreK-12","All Races","Both Genders","457",98,"21.444200                     ",84,"18.380700                     ",88,"19.256000                     ",102,"22.319400                     ",85,"18.599500                     ",0,"0.000000                      ",0,"0.000000                      ",0,"0.000000                      ",0,"0.000000                      ",0,"0.000000                      ",0,"0.000000                      ",0,"0.000000                      ",0,"0.000000                      ",0,"0.000000                      "
"2005","77790","01","3542","","03","Summary   ","N","Stone Bank","","Grades PreK-12","All Races","Both Genders","326",0,"0.000000                      ",39,"11.963100                     ",33,"10.122600                     ",29,"8.895700                      ",39,"11.963100                     ",36,"11.042900                     ",34,"10.429400                     ",36,"11.042900                     ",43,"13.190100                     ",37,"11.349600                     ",0,"0.000000                      ",0,"0.000000                      ",0,"0.000000                      ",0,"0.000000                      "
"2005","79604","01","3542","0020","04","Elem      ","N","Stone Bank","Stone Bank Elementary","Grades PreK-12","All Races","Both Genders","326",0,"0.000000                      ",39,"11.963100                     ",33,"10.122600                     ",29,"8.895700                      ",39,"11.963100                     ",36,"11.042900                     ",34,"10.429400                     ",36,"11.042900                     ",43,"13.190100                     ",37,"11.349600                     ",0,"0.000000                      ",0,"0.000000                      ",0,"0.000000                      ",0,"0.000000                      "
"2005","77404","01","3619","","03","Summary   ","N","Milwaukee","","Grades PreK-12","All Races","Both Genders","93653",6831,"7.293900                      ",6780,"7.239400                      ",6891,"7.358000                      ",6477,"6.915900                      ",6538,"6.981000                      ",6622,"7.070700                      ",6879,"7.345100                      ",6551,"6.994900                      ",6909,"7.377200                      ",6675,"7.127300                      ",9722,"10.380800                     ",6427,"6.862500                      ",5746,"6.135400                      ",4605,"4.917000                      "
"2005","77316","01","3619","0003","04","High      ","Y","Milwaukee","Juneau Business High School","Grades PreK-12","All Races","Both Genders","915",0,"0.000000                      ",0,"0.000000                      ",0,"0.000000                      ",0,"0.000000                      ",0,"0.000000                      ",0,"0.000000                      ",0,"0.000000                      ",0,"0.000000                      ",0,"0.000000                      ",0,"0.000000                      ",379,"41.420700                     ",168,"18.360600                     ",203,"22.185700                     ",165,"18.032700                     "
"2005","75020","01","3619","0006","04","Mid/Jr Hi ","N","Milwaukee","Lincoln Middle School of the Arts","Grades PreK-12","All Races","Both Genders","840",0,"0.000000                      ",0,"0.000000                      ",0,"0.000000                      ",0,"0.000000                      ",0,"0.000000                      ",0,"0.000000                      ",0,"0.000000                      ",288,"34.285700                     ",279,"33.214200                     ",273,"32.500000                     ",0,"0.000000                      ",0,"0.000000                      ",0,"0.000000                      ",0,"0.000000                      "
"2005","79480","01","3619","0008","04","High      ","N","Milwaukee","Marshall High","Grades PreK-12","All Races","Both Genders","1097",0,"0.000000                      ",0,"0.000000                      ",0,"0.000000                      ",0,"0.000000                      ",0,"0.000000                      ",0,"0.000000                      ",0,"0.000000                      ",0,"0.000000                      ",0,"0.000000                      ",0,"0.000000                      ",435,"39.653600                     ",257,"23.427500                     ",195,"17.775700                     ",210,"19.143100                     "
"2005","75018","01","3619","0012","04","High      ","N","Milwaukee","Bay View High","Grades PreK-12","All Races","Both Genders","1721",0,"0.000000                      ",0,"0.000000                      ",0,"0.000000                      ",0,"0.000000                      ",0,"0.000000                      ",0,"0.000000                      ",0,"0.000000                      ",0,"0.000000                      ",0,"0.000000                      ",0,"0.000000                      ",682,"39.628100                     ",418,"24.288200                     ",341,"19.814000                     ",280,"16.269600                     "
"2005","77407","01","3619","0014","04","High      ","N","Milwaukee","Bradley Technology & Trade High","Grades PreK-12","All Races","Both Genders","1564",0,"0.000000                      ",0,"0.000000                      ",0,"0.000000                      ",0,"0.000000                      ",0,"0.000000                      ",0,"0.000000                      ",0,"0.000000                      ",0,"0.000000                      ",0,"0.000000                      ",0,"0.000000                      ",639,"40.856700                     ",368,"23.529400                     ",301,"19.245500                     ",256,"16.368200                     "
"2005","77352","01","3619","0016","04","High      ","N","Milwaukee","Custer High","Grades PreK-12","All Races","Both Genders","1165",0,"0.000000                      ",0,"0.000000                      ",0,"0.000000                      ",0,"0.000000                      ",0,"0.000000                      ",0,"0.000000                      ",0,"0.000000                      ",0,"0.000000                      ",0,"0.000000                      ",0,"0.000000                      ",499,"42.832600                     ",268,"23.004200                     ",232,"19.914100                     ",166,"14.248900                     "
"2005","77228","01","3619","0018","04","High      ","N","Milwaukee","Hamilton High","Grades PreK-12","All Races","Both Genders","2126",0,"0.000000                      ",0,"0.000000                      ",0,"0.000000                      ",0,"0.000000                      ",0,"0.000000                      ",0,"0.000000                      ",0,"0.000000                      ",0,"0.000000                      ",0,"0.000000                      ",0,"0.000000                      ",784,"36.876700                     ",520,"24.459000                     ",478,"22.483500                     ",344,"16.180600                     "
"2005","77353","01","3619","0020","04","High      ","N","Milwaukee","King High","Grades PreK-12","All Races","Both Genders","1474",0,"0.000000                      ",0,"0.000000                      ",0,"0.000000                      ",0,"0.000000                      ",0,"0.000000                      ",0,"0.000000                      ",0,"0.000000                      ",0,"0.000000                      ",0,"0.000000                      ",0,"0.000000                      ",422,"28.629500                     ",373,"25.305200                     ",342,"23.202100                     ",337,"22.862900                     "
"2005","77254","01","3619","0022","04","High      ","N","Milwaukee","Madison High","Grades PreK-12","All Races","Both Genders","1609",0,"0.000000                      ",0,"0.000000                      ",0,"0.000000                      ",0,"0.000000                      ",0,"0.000000                      ",0,"0.000000                      ",0,"0.000000                      ",0,"0.000000                      ",0,"0.000000                      ",0,"0.000000                      ",605,"37.600900                     ",439,"27.284000                     ",293,"18.210000                     ",272,"16.904900                     "
"2005","75307","01","3619","0023","04","High      ","Y","Milwaukee","Milwaukee School of Entrepreneurship","Grades PreK-12","All Races","Both Genders","186",0,"0.000000                      ",0,"0.000000                      ",0,"0.000000                      ",0,"0.000000                      ",0,"0.000000                      ",0,"0.000000                      ",0,"0.000000                      ",0,"0.000000                      ",0,"0.000000                      ",0,"0.000000                      ",0,"0.000000                      ",0,"0.000000                      ",104,"55.913900                     ",82,"44.086000                     "
"2005","77394","01","3619","0024","04","High      ","N","Milwaukee","North Division High-12th Gr","Grades PreK-12","All Races","Both Genders","267",0,"0.000000                      ",0,"0.000000                      ",0,"0.000000                      ",0,"0.000000                      ",0,"0.000000                      ",0,"0.000000                      ",0,"0.000000                      ",0,"0.000000                      ",0,"0.000000                      ",0,"0.000000                      ",2,"0.749000                      ",21,"7.865100                      ",123,"46.067400                     ",121,"45.318300                     "
"2005","77279","01","3619","0026","04","High      ","N","Milwaukee","Pulaski High","Grades PreK-12","All Races","Both Genders","1600",0,"0.000000                      ",0,"0.000000                      ",0,"0.000000                      ",0,"0.000000                      ",0,"0.000000                      ",0,"0.000000                      ",0,"0.000000                      ",0,"0.000000                      ",0,"0.000000                      ",0,"0.000000                      ",642,"40.125000                     ",383,"23.937500                     ",315,"19.687500                     ",260,"16.250000                     "
"2005","79130","01","3619","0027","04","High      ","N","Milwaukee","New School for Community Services","Grades PreK-12","All Races","Both Genders","127",0,"0.000000                      ",0,"0.000000                      ",0,"0.000000                      ",0,"0.000000                      ",0,"0.000000                      ",0,"0.000000                      ",0,"0.000000                      ",0,"0.000000                      ",0,"0.000000                      ",0,"0.000000                      ",0,"0.000000                      ",0,"0.000000                      ",63,"49.606200                     ",64,"50.393700                     "
"2005","75019","01","3619","0029","04","High      ","N","Milwaukee","Riverside High","Grades PreK-12","All Races","Both Genders","1565",0,"0.000000                      ",0,"0.000000                      ",0,"0.000000                      ",0,"0.000000                      ",0,"0.000000                      ",0,"0.000000                      ",0,"0.000000                      ",0,"0.000000                      ",0,"0.000000                      ",0,"0.000000                      ",410,"26.198000                     ",435,"27.795500                     ",366,"23.386500                     ",354,"22.619800                     "
"2005","79513","01","3619","0032","04","High      ","N","Milwaukee","South Division High","Grades PreK-12","All Races","Both Genders","1605",0,"0.000000                      ",0,"0.000000                      ",0,"0.000000                      ",0,"0.000000                      ",0,"0.000000                      ",0,"0.000000                      ",0,"0.000000                      ",0,"0.000000                      ",0,"0.000000                      ",0,"0.000000                      ",656,"40.872200                     ",274,"17.071600                     ",406,"25.295900                     ",269,"16.760100                     "
"2005","77187","01","3619","0033","04","High      ","N","Milwaukee","Vincent High","Grades PreK-12","All Races","Both Genders","1630",0,"0.000000                      ",0,"0.000000                      ",0,"0.000000                      ",0,"0.000000                      ",0,"0.000000                      ",0,"0.000000                      ",0,"0.000000                      ",0,"0.000000                      ",0,"0.000000                      ",0,"0.000000                      ",641,"39.325100                     ",356,"21.840400                     ",360,"22.085800                     ",273,"16.748400                     "
"2005","77337","01","3619","0035","04","High      ","N","Milwaukee","Washington High","Grades PreK-12","All Races","Both Genders","1005",0,"0.000000                      ",0,"0.000000                      ",0,"0.000000                      ",0,"0.000000                      ",0,"0.000000                      ",0,"0.000000                      ",0,"0.000000                      ",0,"0.000000                      ",0,"0.000000                      ",0,"0.000000                      ",178,"17.711400                     ",336,"33.432800                     ",287,"28.557200                     ",204,"20.298500                     "
"2005","77157","01","3619","0038","04","High      ","N","Milwaukee","Milwaukee High School of the Arts","Grades PreK-12","All Races","Both Genders","986",0,"0.000000                      ",0,"0.000000                      ",0,"0.000000                      ",0,"0.000000                      ",0,"0.000000                      ",0,"0.000000                      ",0,"0.000000                      ",0,"0.000000                      ",0,"0.000000                      ",0,"0.000000                      ",311,"31.541500                     ",278,"28.194700                     ",217,"22.008100                     ",180,"18.255500                     "
"2005","77280","01","3619","0041","04","Mid/Jr Hi ","Y","Milwaukee","Audubon Technology & Communication","Grades PreK-12","All Races","Both Genders","937",0,"0.000000                      ",0,"0.000000                      ",0,"0.000000                      ",0,"0.000000                      ",0,"0.000000                      ",0,"0.000000                      ",0,"0.000000                      ",263,"28.068300                     ",321,"34.258200                     ",353,"37.673400                     ",0,"0.000000                      ",0,"0.000000                      ",0,"0.000000                      ",0,"0.000000                      "
"2005","79467","01","3619","0044","04","Mid/Jr Hi ","N","Milwaukee","Bell Middle","Grades PreK-12","All Races","Both Genders","782",0,"0.000000                      ",0,"0.000000                      ",0,"0.000000                      ",0,"0.000000                      ",0,"0.000000                      ",0,"0.000000                      ",0,"0.000000                      ",184,"23.529400                     ",265,"33.887400                     ",333,"42.583100                     ",0,"0.000000                      ",0,"0.000000                      ",0,"0.000000                      ",0,"0.000000                      "
"2005","77197","01","3619","0045","04","Mid/Jr Hi ","N","Milwaukee","Burroughs Middle","Grades PreK-12","All Races","Both Genders","823",0,"0.000000                      ",0,"0.000000                      ",0,"0.000000                      ",0,"0.000000                      ",0,"0.000000                      ",0,"0.000000                      ",0,"0.000000                      ",206,"25.030300                     ",290,"35.236900                     ",327,"39.732600                     ",0,"0.000000                      ",0,"0.000000                      ",0,"0.000000                      ",0,"0.000000                      "
"2005","77354","01","3619","0047","04","Mid/Jr Hi ","N","Milwaukee","Edison School","Grades PreK-12","All Races","Both Genders","622",0,"0.000000                      ",0,"0.000000                      ",0,"0.000000                      ",0,"0.000000                      ",0,"0.000000                      ",0,"0.000000                      ",0,"0.000000                      ",102,"16.398700                     ",142,"22.829500                     ",207,"33.279700                     ",117,"18.810200                     ",54,"8.681600                      ",0,"0.000000                      ",0,"0.000000                      "
"2005","77323","01","3619","0048","04","El/Sec    ","Y","Milwaukee","Malcolm X Academy","Grades PreK-12","All Races","Both Genders","500",0,"0.000000                      ",0,"0.000000                      ",0,"0.000000                      ",0,"0.000000                      ",0,"0.000000                      ",0,"0.000000                      ",0,"0.000000                      ",47,"9.400000                      ",116,"23.200000                     ",123,"24.600000                     ",155,"31.000000                     ",59,"11.800000                     ",0,"0.000000                      ",0,"0.000000                      "
"2005","77377","01","3619","0049","04","Mid/Jr Hi ","Y","Milwaukee","Fritsche Middle","Grades PreK-12","All Races","Both Genders","1022",0,"0.000000                      ",0,"0.000000                      ",0,"0.000000                      ",0,"0.000000                      ",0,"0.000000                      ",0,"0.000000                      ",0,"0.000000                      ",350,"34.246500                     ",328,"32.093900                     ",344,"33.659400                     ",0,"0.000000                      ",0,"0.000000                      ",0,"0.000000                      ",0,"0.000000                      "
"2005","77408","01","3619","0050","04","Mid/Jr Hi ","N","Milwaukee","Kosciuszko Middle","Grades PreK-12","All Races","Both Genders","477",0,"0.000000                      ",0,"0.000000                      ",0,"0.000000                      ",0,"0.000000                      ",0,"0.000000                      ",0,"0.000000                      ",0,"0.000000                      ",104,"21.802900                     ",172,"36.058700                     ",201,"42.138300                     ",0,"0.000000                      ",0,"0.000000                      ",0,"0.000000                      ",0,"0.000000                      "
"2005","79448","01","3619","0051","04","Mid/Jr Hi ","N","Milwaukee","Grand Ave Middle","Grades PreK-12","All Races","Both Genders","666",0,"0.000000                      ",0,"0.000000                      ",0,"0.000000                      ",0,"0.000000                      ",0,"0.000000                      ",0,"0.000000                      ",0,"0.000000                      ",212,"31.831800                     ",228,"34.234200                     ",226,"33.933900                     ",0,"0.000000                      ",0,"0.000000                      ",0,"0.000000                      ",0,"0.000000                      "
"2005","77192","01","3619","0052","04","Mid/Jr Hi ","N","Milwaukee","Morse Middle","Grades PreK-12","All Races","Both Genders","1092",0,"0.000000                      ",0,"0.000000                      ",0,"0.000000                      ",0,"0.000000                      ",0,"0.000000                      ",0,"0.000000                      ",0,"0.000000                      ",383,"35.073200                     ",374,"34.249000                     ",335,"30.677600                     ",0,"0.000000                      ",0,"0.000000                      ",0,"0.000000                      ",0,"0.000000                      "
"2005","79474","01","3619","0053","04","Mid/Jr Hi ","N","Milwaukee","Muir Middle","Grades PreK-12","All Races","Both Genders","640",0,"0.000000                      ",0,"0.000000                      ",0,"0.000000                      ",0,"0.000000                      ",0,"0.000000                      ",0,"0.000000                      ",0,"0.000000                      ",173,"27.031200                     ",247,"38.593700                     ",220,"34.375000                     ",0,"0.000000                      ",0,"0.000000                      ",0,"0.000000                      ",0,"0.000000                      "
"2005","75308","01","3619","0054","04","Mid/Jr Hi ","N","Milwaukee","Milwaukee Village Sch","Grades PreK-12","All Races","Both Genders","98",0,"0.000000                      ",0,"0.000000                      ",0,"0.000000                      ",0,"0.000000                      ",0,"0.000000                      ",0,"0.000000                      ",0,"0.000000                      ",19,"19.387700                     ",26,"26.530600                     ",53,"54.081600                     ",0,"0.000000                      ",0,"0.000000                      ",0,"0.000000                      ",0,"0.000000                      "
"2005","77395","01","3619","0055","04","Mid/Jr Hi ","N","Milwaukee","Douglas Community Academy","Grades PreK-12","All Races","Both Genders","365",0,"0.000000                      ",0,"0.000000                      ",0,"0.000000                      ",0,"0.000000                      ",0,"0.000000                      ",0,"0.000000                      ",0,"0.000000                      ",71,"19.452000                     ",123,"33.698600                     ",171,"46.849300                     ",0,"0.000000                      ",0,"0.000000                      ",0,"0.000000                      ",0,"0.000000                      "
"2005","77277","01","3619","0056","04","Mid/Jr Hi ","N","Milwaukee","Robinson Middle","Grades PreK-12","All Races","Both Genders","224",0,"0.000000                      ",0,"0.000000                      ",0,"0.000000                      ",0,"0.000000                      ",0,"0.000000                      ",0,"0.000000                      ",0,"0.000000                      ",0,"0.000000                      ",92,"41.071400                     ",132,"58.928500                     ",0,"0.000000                      ",0,"0.000000                      ",0,"0.000000                      ",0,"0.000000                      "
"2005","77402","01","3619","0059","04","Mid/Jr Hi ","N","Milwaukee","Roosevelt Middle","Grades PreK-12","All Races","Both Genders","762",0,"0.000000                      ",0,"0.000000                      ",0,"0.000000                      ",0,"0.000000                      ",0,"0.000000                      ",0,"0.000000                      ",0,"0.000000                      ",259,"33.989500                     ",249,"32.677100                     ",254,"33.333300                     ",0,"0.000000                      ",0,"0.000000                      ",0,"0.000000                      ",0,"0.000000                      "
"2005","77158","01","3619","0061","04","Mid/Jr Hi ","N","Milwaukee","Sarah Scott Middle","Grades PreK-12","All Races","Both Genders","754",0,"0.000000                      ",0,"0.000000                      ",0,"0.000000                      ",0,"0.000000                      ",0,"0.000000                      ",0,"0.000000                      ",0,"0.000000                      ",216,"28.647200                     ",270,"35.809000                     ",268,"35.543700                     ",0,"0.000000                      ",0,"0.000000                      ",0,"0.000000                      ",0,"0.000000                      "
"2005","79481","01","3619","0065","04","Mid/Jr Hi ","Y","Milwaukee","Walker International Middle","Grades PreK-12","All Races","Both Genders","733",0,"0.000000                      ",0,"0.000000                      ",0,"0.000000                      ",0,"0.000000                      ",0,"0.000000                      ",0,"0.000000                      ",0,"0.000000                      ",158,"21.555200                     ",279,"38.062700                     ",296,"40.381900                     ",0,"0.000000                      ",0,"0.000000                      ",0,"0.000000                      ",0,"0.000000                      "
"2005","77198","01","3619","0066","04","Mid/Jr Hi ","N","Milwaukee","Webster Middle","Grades PreK-12","All Races","Both Genders","863",0,"0.000000                      ",0,"0.000000                      ",0,"0.000000                      ",0,"0.000000                      ",0,"0.000000                      ",0,"0.000000                      ",0,"0.000000                      ",207,"23.986000                     ",311,"36.037000                     ",345,"39.976800                     ",0,"0.000000                      ",0,"0.000000                      ",0,"0.000000                      ",0,"0.000000                      "
"2005","79492","01","3619","0067","04","Mid/Jr Hi ","N","Milwaukee","Milwaukee Education Center","Grades PreK-12","All Races","Both Genders","712",0,"0.000000                      ",0,"0.000000                      ",0,"0.000000                      ",0,"0.000000                      ",0,"0.000000                      ",0,"0.000000                      ",0,"0.000000                      ",191,"26.825800                     ",261,"36.657300                     ",260,"36.516800                     ",0,"0.000000                      ",0,"0.000000                      ",0,"0.000000                      ",0,"0.000000                      "
"2005","77212","01","3619","0071","04","El/Sec    ","N","Milwaukee","Milwaukee School of Languages","Grades PreK-12","All Races","Both Genders","976",0,"0.000000                      ",0,"0.000000                      ",0,"0.000000                      ",0,"0.000000                      ",0,"0.000000                      ",0,"0.000000                      ",0,"0.000000                      ",202,"20.696700                     ",177,"18.135200                     ",169,"17.315500                     ",154,"15.778600                     ",120,"12.295000                     ",83,"8.504000                      ",71,"7.274500                      "
"2005","77409","01","3619","0073","04","Elem      ","N","Milwaukee","Allen-Field Elementary","Grades PreK-12","All Races","Both Genders","903",48,"5.315600                      ",124,"13.732000                     ",129,"14.285700                     ",129,"14.285700                     ",154,"17.054200                     ",153,"16.943500                     ",166,"18.383100                     ",0,"0.000000                      ",0,"0.000000                      ",0,"0.000000                      ",0,"0.000000                      ",0,"0.000000                      ",0,"0.000000                      ",0,"0.000000                      "
"2005","77166","01","3619","0075","04","Elem      ","N","Milwaukee","Alcott Elementary","Grades PreK-12","All Races","Both Genders","301",53,"17.607900                     ",54,"17.940100                     ",39,"12.956800                     ",43,"14.285700                     ",37,"12.292300                     ",43,"14.285700                     ",32,"10.631200                     ",0,"0.000000                      ",0,"0.000000                      ",0,"0.000000                      ",0,"0.000000                      ",0,"0.000000                      ",0,"0.000000                      ",0,"0.000000                      "
"2005","77396","01","3619","0077","04","Elem      ","N","Milwaukee","Auer Avenue Elementary","Grades PreK-12","All Races","Both Genders","619",108,"17.447400                     ",70,"11.308500                     ",64,"10.339200                     ",56,"9.046800                      ",62,"10.016100                     ",56,"9.046800                      ",51,"8.239000                      ",44,"7.108200                      ",59,"9.531500                      ",49,"7.915900                      ",0,"0.000000                      ",0,"0.000000                      ",0,"0.000000                      ",0,"0.000000                      "
"2005","79459","01","3619","0081","04","Elem      ","N","Milwaukee","Barton Elementary","Grades PreK-12","All Races","Both Genders","484",47,"9.710700                      ",59,"12.190000                     ",56,"11.570200                     ",61,"12.603300                     ",57,"11.776800                     ",65,"13.429700                     ",67,"13.842900                     ",72,"14.876000                     ",0,"0.000000                      ",0,"0.000000                      ",0,"0.000000                      ",0,"0.000000                      ",0,"0.000000                      ",0,"0.000000                      "
"2005","77324","01","3619","0083","04","Elem      ","N","Milwaukee","King Jr Elementary","Grades PreK-12","All Races","Both Genders","407",26,"6.388200                      ",43,"10.565100                     ",66,"16.216200                     ",44,"10.810800                     ",47,"11.547900                     ",36,"8.845200                      ",54,"13.267800                     ",52,"12.776400                     ",39,"9.582300                      ",0,"0.000000                      ",0,"0.000000                      ",0,"0.000000                      ",0,"0.000000                      ",0,"0.000000                      "
"2005","79512","01","3619","0089","04","Elem      ","N","Milwaukee","Brown Street Elementary","Grades PreK-12","All Races","Both Genders","593",65,"10.961200                     ",73,"12.310200                     ",105,"17.706500                     ",91,"15.345600                     ",99,"16.694700                     ",79,"13.322000                     ",81,"13.659300                     ",0,"0.000000                      ",0,"0.000000                      ",0,"0.000000                      ",0,"0.000000                      ",0,"0.000000                      ",0,"0.000000                      ",0,"0.000000                      "
"2005","79470","01","3619","0092","04","Elem      ","N","Milwaukee","Browning Elementary","Grades PreK-12","All Races","Both Genders","474",52,"10.970400                     ",67,"14.135000                     ",67,"14.135000                     ",69,"14.556900                     ",75,"15.822700                     ",68,"14.345900                     ",76,"16.033700                     ",0,"0.000000                      ",0,"0.000000                      ",0,"0.000000                      ",0,"0.000000                      ",0,"0.000000                      ",0,"0.000000                      ",0,"0.000000                      "
"2005","79457","01","3619","0093","04","Elem      ","N","Milwaukee","Bruce Elementary","Grades PreK-12","All Races","Both Genders","403",51,"12.655000                     ",70,"17.369700                     ",62,"15.384600                     ",47,"11.662500                     ",55,"13.647600                     ",62,"15.384600                     ",56,"13.895700                     ",0,"0.000000                      ",0,"0.000000                      ",0,"0.000000                      ",0,"0.000000                      ",0,"0.000000                      ",0,"0.000000                      ",0,"0.000000                      "
"2005","77177","01","3619","0094","04","Elem      ","N","Milwaukee","Bryant Elementary","Grades PreK-12","All Races","Both Genders","324",24,"7.407400                      ",41,"12.654300                     ",50,"15.432000                     ",43,"13.271600                     ",52,"16.049300                     ",50,"15.432000                     ",64,"19.753000                     ",0,"0.000000                      ",0,"0.000000                      ",0,"0.000000                      ",0,"0.000000                      ",0,"0.000000                      ",0,"0.000000                      ",0,"0.000000                      "
"2005","79485","01","3619","0095","04","Elem      ","N","Milwaukee","Burbank Elementary","Grades PreK-12","All Races","Both Genders","517",50,"9.671100                      ",62,"11.992200                     ",61,"11.798800                     ",59,"11.411900                     ",68,"13.152800                     ",72,"13.926400                     ",75,"14.506700                     ",38,"7.350000                      ",32,"6.189500                      ",0,"0.000000                      ",0,"0.000000                      ",0,"0.000000                      ",0,"0.000000                      ",0,"0.000000                      "
"2005","79505","01","3619","0098","04","Elem      ","N","Milwaukee","Burdick Elementary","Grades PreK-12","All Races","Both Genders","517",33,"6.382900                      ",40,"7.736900                      ",47,"9.090900                      ",39,"7.543500                      ",52,"10.058000                     ",59,"11.411900                     ",50,"9.671100                      ",65,"12.572500                     ",65,"12.572500                     ",67,"12.959300                     ",0,"0.000000                      ",0,"0.000000                      ",0,"0.000000                      ",0,"0.000000                      "
"2005","75201","01","3619","0100","04","Elem      ","N","Milwaukee","Starms Monumental","Grades PreK-12","All Races","Both Genders","34",17,"50.000000                     ",17,"50.000000                     ",0,"0.000000                      ",0,"0.000000                      ",0,"0.000000                      ",0,"0.000000                      ",0,"0.000000                      ",0,"0.000000                      ",0,"0.000000                      ",0,"0.000000                      ",0,"0.000000                      ",0,"0.000000                      ",0,"0.000000                      ",0,"0.000000                      "
"2005","79499","01","3619","0101","04","Elem      ","N","Milwaukee","Carleton Elementary","Grades PreK-12","All Races","Both Genders","345",49,"14.202800                     ",56,"16.231800                     ",45,"13.043400                     ",56,"16.231800                     ",42,"12.173900                     ",47,"13.623100                     ",50,"14.492700                     ",0,"0.000000                      ",0,"0.000000                      ",0,"0.000000                      ",0,"0.000000                      ",0,"0.000000                      ",0,"0.000000                      ",0,"0.000000                      "
"2005","75005","01","3619","0104","04","Elem      ","N","Milwaukee","Cass Street Elementary","Grades PreK-12","All Races","Both Genders","444",15,"3.378300                      ",37,"8.333300                      ",43,"9.684600                      ",35,"7.882800                      ",52,"11.711700                     ",48,"10.810800                     ",53,"11.936900                     ",56,"12.612600                     ",51,"11.486400                     ",54,"12.162100                     ",0,"0.000000                      ",0,"0.000000                      ",0,"0.000000                      ",0,"0.000000                      "
"2005","75120","01","3619","0108","04","Elem      ","N","Milwaukee","Carson Academy of Science","Grades PreK-12","All Races","Both Genders","482",27,"5.601600                      ",46,"9.543500                      ",57,"11.825700                     ",53,"10.995800                     ",45,"9.336000                      ",48,"9.958500                      ",51,"10.580900                     ",47,"9.751000                      ",52,"10.788300                     ",56,"11.618200                     ",0,"0.000000                      ",0,"0.000000                      ",0,"0.000000                      ",0,"0.000000                      "
"2005","77339","01","3619","0110","04","Elem      ","N","Milwaukee","Clarke Street Elementary","Grades PreK-12","All Races","Both Genders","463",34,"7.343400                      ",57,"12.311000                     ",59,"12.742900                     ",53,"11.447000                     ",54,"11.663000                     ",62,"13.390900                     ",57,"12.311000                     ",47,"10.151100                     ",40,"8.639300                      ",0,"0.000000                      ",0,"0.000000                      ",0,"0.000000                      ",0,"0.000000                      ",0,"0.000000                      "
"2005","77378","01","3619","0113","04","Elem      ","N","Milwaukee","Clement Avenue Elementary","Grades PreK-12","All Races","Both Genders","365",63,"17.260200                     ",54,"14.794500                     ",62,"16.986300                     ",41,"11.232800                     ",45,"12.328700                     ",50,"13.698600                     ",50,"13.698600                     ",0,"0.000000                      ",0,"0.000000                      ",0,"0.000000                      ",0,"0.000000                      ",0,"0.000000                      ",0,"0.000000                      ",0,"0.000000                      "
"2005","77278","01","3619","0114","04","Elem      ","N","Milwaukee","Clemens Elementary","Grades PreK-12","All Races","Both Genders","331",39,"11.782400                     ",50,"15.105700                     ",44,"13.293000                     ",45,"13.595100                     ",44,"13.293000                     ",50,"15.105700                     ",59,"17.824700                     ",0,"0.000000                      ",0,"0.000000                      ",0,"0.000000                      ",0,"0.000000                      ",0,"0.000000                      ",0,"0.000000                      ",0,"0.000000                      "
"2005","77240","01","3619","0116","04","Elem      ","N","Milwaukee","Congress Elementary","Grades PreK-12","All Races","Both Genders","728",125,"17.170300                     ",84,"11.538400                     ",86,"11.813100                     ",88,"12.087900                     ",83,"11.401000                     ",83,"11.401000                     ",76,"10.439500                     ",51,"7.005400                      ",52,"7.142800                      ",0,"0.000000                      ",0,"0.000000                      ",0,"0.000000                      ",0,"0.000000                      ",0,"0.000000                      "
"2005","77220","01","3619","0117","04","Elem      ","N","Milwaukee","Cooper Elementary","Grades PreK-12","All Races","Both Genders","321",27,"8.411200                      ",31,"9.657300                      ",30,"9.345700                      ",42,"13.084100                     ",30,"9.345700                      ",38,"11.838000                     ",48,"14.953200                     ",44,"13.707100                     ",31,"9.657300                      ",0,"0.000000                      ",0,"0.000000                      ",0,"0.000000                      ",0,"0.000000                      ",0,"0.000000                      "
"2005","77281","01","3619","0122","04","Elem      ","N","Milwaukee","Curtin Elementary","Grades PreK-12","All Races","Both Genders","281",25,"8.896700                      ",43,"15.302400                     ",54,"19.217000                     ",37,"13.167200                     ",40,"14.234800                     ",38,"13.523100                     ",44,"15.658300                     ",0,"0.000000                      ",0,"0.000000                      ",0,"0.000000                      ",0,"0.000000                      ",0,"0.000000                      ",0,"0.000000                      ",0,"0.000000                      "
"2005","77282","01","3619","0125","04","Elem      ","N","Milwaukee","Doerfler Elementary","Grades PreK-12","All Races","Both Genders","614",84,"13.680700                     ",92,"14.983700                     ",99,"16.123700                     ",80,"13.029300                     ",85,"13.843600                     ",60,"9.771900                      ",58,"9.446200                      ",56,"9.120500                      ",0,"0.000000                      ",0,"0.000000                      ",0,"0.000000                      ",0,"0.000000                      ",0,"0.000000                      ",0,"0.000000                      "
"2005","77262","01","3619","0127","04","Elem      ","N","Milwaukee","Douglass Elementary","Grades PreK-12","All Races","Both Genders","157",12,"7.643300                      ",20,"12.738800                     ",23,"14.649600                     ",16,"10.191000                     ",24,"15.286600                     ",22,"14.012700                     ",22,"14.012700                     ",18,"11.464900                     ",0,"0.000000                      ",0,"0.000000                      ",0,"0.000000                      ",0,"0.000000                      ",0,"0.000000                      ",0,"0.000000                      "
"2005","80198","01","3619","0130","04","Elem      ","Y","Milwaukee","Westside Academy","Grades PreK-12","All Races","Both Genders","350",0,"0.000000                      ",0,"0.000000                      ",0,"0.000000                      ",0,"0.000000                      ",0,"0.000000                      ",68,"19.428500                     ",74,"21.142800                     ",69,"19.714200                     ",75,"21.428500                     ",64,"18.285700                     ",0,"0.000000                      ",0,"0.000000                      ",0,"0.000000                      ",0,"0.000000                      "
"2005","77379","01","3619","0131","04","Elem      ","N","Milwaukee","Dover Street Elementary","Grades PreK-12","All Races","Both Genders","346",57,"16.473900                     ",50,"14.450800                     ",47,"13.583800                     ",42,"12.138700                     ",47,"13.583800                     ",50,"14.450800                     ",53,"15.317900                     ",0,"0.000000                      ",0,"0.000000                      ",0,"0.000000                      ",0,"0.000000                      ",0,"0.000000                      ",0,"0.000000                      ",0,"0.000000                      "
"2005","79059","01","3619","0133","04","Elem      ","N","Milwaukee","AGAPE (Partnership)","Grades PreK-12","All Races","Both Genders","181",0,"0.000000                      ",0,"0.000000                      ",0,"0.000000                      ",32,"17.679500                     ",27,"14.917100                     ",21,"11.602200                     ",26,"14.364600                     ",31,"17.127000                     ",22,"12.154600                     ",22,"12.154600                     ",0,"0.000000                      ",0,"0.000000                      ",0,"0.000000                      ",0,"0.000000                      "
"2005","74950","01","3619","0135","04","Elem      ","N","Milwaukee","Windlake Seeds of Health El Partnership","Grades PreK-12","All Races","Both Genders","200",0,"0.000000                      ",0,"0.000000                      ",32,"16.000000                     ",42,"21.000000                     ",52,"26.000000                     ",40,"20.000000                     ",34,"17.000000                     ",0,"0.000000                      ",0,"0.000000                      ",0,"0.000000                      ",0,"0.000000                      ",0,"0.000000                      ",0,"0.000000                      ",0,"0.000000                      "
"2005","75006","01","3619","0140","04","Elem      ","N","Milwaukee","Milwaukee French Immersion","Grades PreK-12","All Races","Both Genders","338",69,"20.414200                     ",68,"20.118300                     ",71,"21.005900                     ",34,"10.059100                     ",37,"10.946700                     ",28,"8.284000                      ",31,"9.171500                      ",0,"0.000000                      ",0,"0.000000                      ",0,"0.000000                      ",0,"0.000000                      ",0,"0.000000                      ",0,"0.000000                      ",0,"0.000000                      "
"2005","77213","01","3619","0143","04","Elem      ","N","Milwaukee","Eighty-First Street Elementary","Grades PreK-12","All Races","Both Genders","384",28,"7.291600                      ",39,"10.156200                     ",44,"11.458300                     ",43,"11.197900                     ",41,"10.677000                     ",44,"11.458300                     ",52,"13.541600                     ",28,"7.291600                      ",36,"9.375000                      ",29,"7.552000                      ",0,"0.000000                      ",0,"0.000000                      ",0,"0.000000                      ",0,"0.000000                      "
"2005","79463","01","3619","0146","04","Elem      ","N","Milwaukee","Milwaukee German Immersion","Grades PreK-12","All Races","Both Genders","560",82,"14.642800                     ",108,"19.285700                     ",96,"17.142800                     ",85,"15.178500                     ",71,"12.678500                     ",64,"11.428500                     ",54,"9.642800                      ",0,"0.000000                      ",0,"0.000000                      ",0,"0.000000                      ",0,"0.000000                      ",0,"0.000000                      ",0,"0.000000                      ",0,"0.000000                      "
"2005","77403","01","3619","0148","04","Elem      ","N","Milwaukee","Elm Creative Arts Elementary","Grades PreK-12","All Races","Both Genders","564",77,"13.652400                     ",78,"13.829700                     ",77,"13.652400                     ",76,"13.475100                     ",75,"13.297800                     ",89,"15.780100                     ",92,"16.312000                     ",0,"0.000000                      ",0,"0.000000                      ",0,"0.000000                      ",0,"0.000000                      ",0,"0.000000                      ",0,"0.000000                      ",0,"0.000000                      "
"2005","77390","01","3619","0149","04","Elem      ","N","Milwaukee","Starms Early Childhood","Grades PreK-12","All Races","Both Genders","166",89,"53.614400                     ",77,"46.385500                     ",0,"0.000000                      ",0,"0.000000                      ",0,"0.000000                      ",0,"0.000000                      ",0,"0.000000                      ",0,"0.000000                      ",0,"0.000000                      ",0,"0.000000                      ",0,"0.000000                      ",0,"0.000000                      ",0,"0.000000                      ",0,"0.000000                      "
"2005","77178","01","3619","0150","04","Elem      ","N","Milwaukee","Emerson Elementary","Grades PreK-12","All Races","Both Genders","224",32,"14.285700                     ",38,"16.964200                     ",38,"16.964200                     ",31,"13.839200                     ",21,"9.375000                      ",32,"14.285700                     ",32,"14.285700                     ",0,"0.000000                      ",0,"0.000000                      ",0,"0.000000                      ",0,"0.000000                      ",0,"0.000000                      ",0,"0.000000                      ",0,"0.000000                      "
"2005","77179","01","3619","0152","04","Elem      ","N","Milwaukee","Engleburg Elementary","Grades PreK-12","All Races","Both Genders","464",54,"11.637900                     ",76,"16.379300                     ",80,"17.241300                     ",69,"14.870600                     ",61,"13.146500                     ",60,"12.931000                     ",64,"13.793100                     ",0,"0.000000                      ",0,"0.000000                      ",0,"0.000000                      ",0,"0.000000                      ",0,"0.000000                      ",0,"0.000000                      ",0,"0.000000                      "
"2005","77355","01","3619","0154","04","Elem      ","N","Milwaukee","Thurston Woods Elementary","Grades PreK-12","All Races","Both Genders","472",80,"16.949100                     ",47,"9.957600                      ",44,"9.322000                      ",52,"11.016900                     ",53,"11.228800                     ",54,"11.440600                     ",54,"11.440600                     ",46,"9.745700                      ",42,"8.898300                      ",0,"0.000000                      ",0,"0.000000                      ",0,"0.000000                      ",0,"0.000000                      ",0,"0.000000                      "
"2005","79468","01","3619","0155","04","Elem      ","Y","Milwaukee","Fairview Elementary","Grades PreK-12","All Races","Both Genders","611",60,"9.819900                      ",63,"10.310900                     ",62,"10.147200                     ",58,"9.492600                      ",69,"11.292900                     ",51,"8.346900                      ",70,"11.456600                     ",58,"9.492600                      ",63,"10.310900                     ",57,"9.328900                      ",0,"0.000000                      ",0,"0.000000                      ",0,"0.000000                      ",0,"0.000000                      "
"2005","79072","01","3619","0158","04","Elem      ","N","Milwaukee","Fernwood Montessori","Grades PreK-12","All Races","Both Genders","440",143,"32.500000                     ",57,"12.954500                     ",42,"9.545400                      ",44,"10.000000                     ",39,"8.863600                      ",23,"5.227200                      ",25,"5.681800                      ",27,"6.136300                      ",14,"3.181800                      ",26,"5.909000                      ",0,"0.000000                      ",0,"0.000000                      ",0,"0.000000                      ",0,"0.000000                      "
"2005","79848","01","3619","0162","04","Elem      ","Y","Milwaukee","Academia de Leguage y Bellas - ALBA","Grades PreK-12","All Races","Both Genders","117",28,"23.931600                     ",22,"18.803400                     ",25,"21.367500                     ",10,"8.547000                      ",16,"13.675200                     ",11,"9.401700                      ",5,"4.273500                      ",0,"0.000000                      ",0,"0.000000                      ",0,"0.000000                      ",0,"0.000000                      ",0,"0.000000                      ",0,"0.000000                      ",0,"0.000000                      "
"2005","74991","01","3619","0165","04","Elem      ","Y","Milwaukee","IDEAL","Grades PreK-12","All Races","Both Genders","168",13,"7.738000                      ",22,"13.095200                     ",18,"10.714200                     ",16,"9.523800                      ",13,"7.738000                      ",14,"8.333300                      ",14,"8.333300                      ",26,"15.476100                     ",14,"8.333300                      ",18,"10.714200                     ",0,"0.000000                      ",0,"0.000000                      ",0,"0.000000                      ",0,"0.000000                      "
"2005","77232","01","3619","0167","04","Elem      ","N","Milwaukee","Milwaukee Spanish Immersion","Grades PreK-12","All Races","Both Genders","539",94,"17.439700                     ",91,"16.883100                     ",92,"17.068600                     ",78,"14.471200                     ",71,"13.172500                     ",60,"11.131700                     ",53,"9.833000                      ",0,"0.000000                      ",0,"0.000000                      ",0,"0.000000                      ",0,"0.000000                      ",0,"0.000000                      ",0,"0.000000                      ",0,"0.000000                      "
"2005","77263","01","3619","0170","04","Elem      ","N","Milwaukee","Fifty-Third Street Elementary","Grades PreK-12","All Races","Both Genders","359",43,"11.977700                     ",50,"13.927500                     ",70,"19.498600                     ",56,"15.598800                     ",43,"11.977700                     ",48,"13.370400                     ",49,"13.649000                     ",0,"0.000000                      ",0,"0.000000                      ",0,"0.000000                      ",0,"0.000000                      ",0,"0.000000                      ",0,"0.000000                      ",0,"0.000000                      "
"2005","74923","01","3619","0172","04","Elem      ","N","Milwaukee","Garden Homes Montessori","Grades PreK-12","All Races","Both Genders","105",76,"72.380900                     ",29,"27.619000                     ",0,"0.000000                      ",0,"0.000000                      ",0,"0.000000                      ",0,"0.000000                      ",0,"0.000000                      ",0,"0.000000                      ",0,"0.000000                      ",0,"0.000000                      ",0,"0.000000                      ",0,"0.000000                      ",0,"0.000000                      ",0,"0.000000                      "
"2005","77410","01","3619","0173","04","Elem      ","N","Milwaukee","Forest Home Elementary","Grades PreK-12","All Races","Both Genders","905",144,"15.911600                     ",119,"13.149100                     ",131,"14.475100                     ",117,"12.928100                     ",130,"14.364600                     ",128,"14.143600                     ",136,"15.027600                     ",0,"0.000000                      ",0,"0.000000                      ",0,"0.000000                      ",0,"0.000000                      ",0,"0.000000                      ",0,"0.000000                      ",0,"0.000000                      "
"2005","79850","01","3619","0175","04","Elem      ","Y","Milwaukee","Hmong American Peace Academy (HAPA)","Grades PreK-12","All Races","Both Genders","228",48,"21.052600                     ",42,"18.421000                     ",33,"14.473600                     ",25,"10.964900                     ",28,"12.280700                     ",32,"14.035000                     ",20,"8.771900                      ",0,"0.000000                      ",0,"0.000000                      ",0,"0.000000                      ",0,"0.000000                      ",0,"0.000000                      ",0,"0.000000                      ",0,"0.000000                      "
"2005","77325","01","3619","0176","04","Elem      ","N","Milwaukee","Meir Elementary","Grades PreK-12","All Races","Both Genders","303",0,"0.000000                      ",0,"0.000000                      ",0,"0.000000                      ",0,"0.000000                      ",91,"30.033000                     ",90,"29.702900                     ",91,"30.033000                     ",31,"10.231000                     ",0,"0.000000                      ",0,"0.000000                      ",0,"0.000000                      ",0,"0.000000                      ",0,"0.000000                      ",0,"0.000000                      "
"2005","79510","01","3619","0179","04","Elem      ","N","Milwaukee","Franklin Elementary","Grades PreK-12","All Races","Both Genders","393",61,"15.521600                     ",48,"12.213700                     ",52,"13.231500                     ",43,"10.941400                     ",62,"15.776000                     ",67,"17.048300                     ",60,"15.267100                     ",0,"0.000000                      ",0,"0.000000                      ",0,"0.000000                      ",0,"0.000000                      ",0,"0.000000                      ",0,"0.000000                      ",0,"0.000000                      "
"2005","79488","01","3619","0182","04","Elem      ","N","Milwaukee","Fratney Elementary","Grades PreK-12","All Races","Both Genders","393",50,"12.722600                     ",61,"15.521600                     ",60,"15.267100                     ",63,"16.030500                     ",52,"13.231500                     ",59,"15.012700                     ",48,"12.213700                     ",0,"0.000000                      ",0,"0.000000                      ",0,"0.000000                      ",0,"0.000000                      ",0,"0.000000                      ",0,"0.000000                      ",0,"0.000000                      "
"2005","77311","01","3619","0185","04","Elem      ","N","Milwaukee","Gaenslen Elementary","Grades PreK-12","All Races","Both Genders","636",41,"6.446500                      ",50,"7.861600                      ",56,"8.805000                      ",54,"8.490500                      ",51,"8.018800                      ",69,"10.849000                     ",94,"14.779800                     ",69,"10.849000                     ",81,"12.735800                     ",71,"11.163500                     ",0,"0.000000                      ",0,"0.000000                      ",0,"0.000000                      ",0,"0.000000                      "
"2005","79660","01","3619","0186","04","Elem      ","N","Milwaukee","La Causa Early Childhood","Grades PreK-12","All Races","Both Genders","90",72,"80.000000                     ",18,"20.000000                     ",0,"0.000000                      ",0,"0.000000                      ",0,"0.000000                      ",0,"0.000000                      ",0,"0.000000                      ",0,"0.000000                      ",0,"0.000000                      ",0,"0.000000                      ",0,"0.000000                      ",0,"0.000000                      ",0,"0.000000                      ",0,"0.000000                      "
"2005","77356","01","3619","0188","04","Elem      ","N","Milwaukee","Garden Homes Elementary","Grades PreK-12","All Races","Both Genders","303",35,"11.551100                     ",48,"15.841500                     ",50,"16.501600                     ",46,"15.181500                     ",48,"15.841500                     ",38,"12.541200                     ",38,"12.541200                     ",0,"0.000000                      ",0,"0.000000                      ",0,"0.000000                      ",0,"0.000000                      ",0,"0.000000                      ",0,"0.000000                      ",0,"0.000000                      "
"2005","79041","01","3619","0189","04","Elem      ","Y","Milwaukee","Carter School of Excellence","Grades PreK-12","All Races","Both Genders","189",1,"0.529100                      ",57,"30.158700                     ",35,"18.518500                     ",22,"11.640200                     ",35,"18.518500                     ",27,"14.285700                     ",12,"6.349200                      ",0,"0.000000                      ",0,"0.000000                      ",0,"0.000000                      ",0,"0.000000                      ",0,"0.000000                      ",0,"0.000000                      ",0,"0.000000                      "
"2005","77312","01","3619","0190","04","Elem      ","N","Milwaukee","Garfield Avenue Elementary","Grades PreK-12","All Races","Both Genders","369",51,"13.821100                     ",61,"16.531100                     ",47,"12.737100                     ",66,"17.886100                     ",47,"12.737100                     ",51,"13.821100                     ",46,"12.466100                     ",0,"0.000000                      ",0,"0.000000                      ",0,"0.000000                      ",0,"0.000000                      ",0,"0.000000                      ",0,"0.000000                      ",0,"0.000000                      "
"2005","77221","01","3619","0191","04","Elem      ","N","Milwaukee","Garland Elementary","Grades PreK-12","All Races","Both Genders","315",63,"20.000000                     ",64,"20.317400                     ",39,"12.380900                     ",45,"14.285700                     ",42,"13.333300                     ",32,"10.158700                     ",30,"9.523800                      ",0,"0.000000                      ",0,"0.000000                      ",0,"0.000000                      ",0,"0.000000                      ",0,"0.000000                      ",0,"0.000000                      ",0,"0.000000                      "
"2005","77188","01","3619","0192","04","Elem      ","N","Milwaukee","Goodrich Elementary","Grades PreK-12","All Races","Both Genders","377",44,"11.671000                     ",54,"14.323600                     ",59,"15.649800                     ",63,"16.710800                     ",55,"14.588800                     ",48,"12.732000                     ",54,"14.323600                     ",0,"0.000000                      ",0,"0.000000                      ",0,"0.000000                      ",0,"0.000000                      ",0,"0.000000                      ",0,"0.000000                      ",0,"0.000000                      "
"2005","77283","01","3619","0193","04","Elem      ","N","Milwaukee","Grant Elementary","Grades PreK-12","All Races","Both Genders","650",65,"10.000000                     ",73,"11.230700                     ",88,"13.538400                     ",76,"11.692300                     ",69,"10.615300                     ",74,"11.384600                     ",83,"12.769200                     ",64,"9.846100                      ",58,"8.923000                      ",0,"0.000000                      ",0,"0.000000                      ",0,"0.000000                      ",0,"0.000000                      ",0,"0.000000                      "
"2005","77180","01","3619","0194","04","Elem      ","N","Milwaukee","River Trail Elementary","Grades PreK-12","All Races","Both Genders","328",48,"14.634100                     ",41,"12.500000                     ",45,"13.719500                     ",47,"14.329200                     ",45,"13.719500                     ",43,"13.109700                     ",59,"17.987800                     ",0,"0.000000                      ",0,"0.000000                      ",0,"0.000000                      ",0,"0.000000                      ",0,"0.000000                      ",0,"0.000000                      ",0,"0.000000                      "
"2005","74936","01","3619","0195","04","Elem      ","N","Milwaukee","Hilltop Seeds of Health","Grades PreK-12","All Races","Both Genders","21",7,"33.333300                     ",14,"66.666600                     ",0,"0.000000                      ",0,"0.000000                      ",0,"0.000000                      ",0,"0.000000                      ",0,"0.000000                      ",0,"0.000000                      ",0,"0.000000                      ",0,"0.000000                      ",0,"0.000000                      ",0,"0.000000                      ",0,"0.000000                      ",0,"0.000000                      "
"2005","77241","01","3619","0196","04","Elem      ","N","Milwaukee","Grantosa Drive Elementary","Grades PreK-12","All Races","Both Genders","626",60,"9.584600                      ",80,"12.779500                     ",77,"12.300300                     ",90,"14.376900                     ",83,"13.258700                     ",85,"13.578200                     ",87,"13.897700                     ",64,"10.223600                     ",0,"0.000000                      ",0,"0.000000                      ",0,"0.000000                      ",0,"0.000000                      ",0,"0.000000                      ",0,"0.000000                      "
"2005","77189","01","3619","0197","04","Elem      ","N","Milwaukee","Granville Elementary","Grades PreK-12","All Races","Both Genders","189",20,"10.582000                     ",27,"14.285700                     ",29,"15.343900                     ",30,"15.873000                     ",23,"12.169300                     ",30,"15.873000                     ",30,"15.873000                     ",0,"0.000000                      ",0,"0.000000                      ",0,"0.000000                      ",0,"0.000000                      ",0,"0.000000                      ",0,"0.000000                      ",0,"0.000000                      "
"2005","74937","01","3619","0198","04","Elem      ","N","Milwaukee","Parkside Seeds of Health","Grades PreK-12","All Races","Both Genders","13",3,"23.076900                     ",10,"76.923000                     ",0,"0.000000                      ",0,"0.000000                      ",0,"0.000000                      ",0,"0.000000                      ",0,"0.000000                      ",0,"0.000000                      ",0,"0.000000                      ",0,"0.000000                      ",0,"0.000000                      ",0,"0.000000                      ",0,"0.000000                      ",0,"0.000000                      "
"2005","77382","01","3619","0199","04","Elem      ","N","Milwaukee","Green Bay Avenue Elementary","Grades PreK-12","All Races","Both Genders","404",80,"19.801900                     ",48,"11.881100                     ",66,"16.336600                     ",55,"13.613800                     ",43,"10.643500                     ",58,"14.356400                     ",54,"13.366300                     ",0,"0.000000                      ",0,"0.000000                      ",0,"0.000000                      ",0,"0.000000                      ",0,"0.000000                      ",0,"0.000000                      ",0,"0.000000                      "
"2005","79056","01","3619","0201","04","Mid/Jr Hi ","Y","Milwaukee","Northern Star School","Grades PreK-12","All Races","Both Genders","37",0,"0.000000                      ",0,"0.000000                      ",0,"0.000000                      ",0,"0.000000                      ",0,"0.000000                      ",0,"0.000000                      ",0,"0.000000                      ",0,"0.000000                      ",6,"16.216200                     ",8,"21.621600                     ",23,"62.162100                     ",0,"0.000000                      ",0,"0.000000                      ",0,"0.000000                      "
"2005","77284","01","3619","0202","04","Elem      ","N","Milwaukee","Greenfield Bilingual","Grades PreK-12","All Races","Both Genders","613",52,"8.482800                      ",65,"10.603500                     ",72,"11.745500                     ",77,"12.561100                     ",68,"11.092900                     ",58,"9.461600                      ",59,"9.624700                      ",62,"10.114100                     ",48,"7.830300                      ",52,"8.482800                      ",0,"0.000000                      ",0,"0.000000                      ",0,"0.000000                      ",0,"0.000000                      "
"2005","77242","01","3619","0205","04","Elem      ","N","Milwaukee","Hampton Elementary","Grades PreK-12","All Races","Both Genders","412",52,"12.621300                     ",45,"10.922300                     ",60,"14.563100                     ",70,"16.990200                     ",54,"13.106700                     ",61,"14.805800                     ",70,"16.990200                     ",0,"0.000000                      ",0,"0.000000                      ",0,"0.000000                      ",0,"0.000000                      ",0,"0.000000                      ",0,"0.000000                      ",0,"0.000000                      "
"2005","75001","01","3619","0206","04","Elem      ","N","Milwaukee","Happy Hill Elementary","Grades PreK-12","All Races","Both Genders","274",33,"12.043700                     ",43,"15.693400                     ",41,"14.963500                     ",40,"14.598500                     ",32,"11.678800                     ",41,"14.963500                     ",44,"16.058300                     ",0,"0.000000                      ",0,"0.000000                      ",0,"0.000000                      ",0,"0.000000                      ",0,"0.000000                      ",0,"0.000000                      ",0,"0.000000                      "
"2005","77330","01","3619","0208","04","Elem      ","N","Milwaukee","Hartford Avenue Elementary","Grades PreK-12","All Races","Both Genders","649",70,"10.785800                     ",83,"12.788900                     ",65,"10.015400                     ",65,"10.015400                     ",57,"8.782700                      ",69,"10.631700                     ",62,"9.553100                      ",68,"10.477600                     ",57,"8.782700                      ",53,"8.166400                      ",0,"0.000000                      ",0,"0.000000                      ",0,"0.000000                      ",0,"0.000000                      "
"2005","77317","01","3619","0211","04","Elem      ","N","Milwaukee","Hawley Road Elementary","Grades PreK-12","All Races","Both Genders","304",55,"18.092100                     ",45,"14.802600                     ",44,"14.473600                     ",42,"13.815700                     ",37,"12.171000                     ",42,"13.815700                     ",39,"12.828900                     ",0,"0.000000                      ",0,"0.000000                      ",0,"0.000000                      ",0,"0.000000                      ",0,"0.000000                      ",0,"0.000000                      ",0,"0.000000                      "
"2005","77357","01","3619","0212","04","Elem      ","N","Milwaukee","Hawthorne Elementary","Grades PreK-12","All Races","Both Genders","324",14,"4.320900                      ",39,"12.037000                     ",61,"18.827100                     ",52,"16.049300                     ",51,"15.740700                     ",54,"16.666600                     ",53,"16.358000                     ",0,"0.000000                      ",0,"0.000000                      ",0,"0.000000                      ",0,"0.000000                      ",0,"0.000000                      ",0,"0.000000                      ",0,"0.000000                      "
"2005","75309","01","3619","0214","04","Elem      ","N","Milwaukee","Hayes Bilingual Sch","Grades PreK-12","All Races","Both Genders","382",41,"10.732900                     ",67,"17.539200                     ",66,"17.277400                     ",59,"15.445000                     ",50,"13.089000                     ",50,"13.089000                     ",49,"12.827200                     ",0,"0.000000                      ",0,"0.000000                      ",0,"0.000000                      ",0,"0.000000                      ",0,"0.000000                      ",0,"0.000000                      ",0,"0.000000                      "
"2005","77371","01","3619","0217","04","Elem      ","N","Milwaukee","Hi-Mount Elementary","Grades PreK-12","All Races","Both Genders","448",46,"10.267800                     ",51,"11.383900                     ",67,"14.955300                     ",56,"12.500000                     ",60,"13.392800                     ",63,"14.062500                     ",61,"13.616000                     ",44,"9.821400                      ",0,"0.000000                      ",0,"0.000000                      ",0,"0.000000                      ",0,"0.000000                      ",0,"0.000000                      ",0,"0.000000                      "
"2005","77313","01","3619","0218","04","Elem      ","N","Milwaukee","Holmes Elementary","Grades PreK-12","All Races","Both Genders","428",52,"12.149500                     ",39,"9.112100                      ",41,"9.579400                      ",40,"9.345700                      ",44,"10.280300                     ",49,"11.448500                     ",57,"13.317700                     ",38,"8.878500                      ",38,"8.878500                      ",30,"7.009300                      ",0,"0.000000                      ",0,"0.000000                      ",0,"0.000000                      ",0,"0.000000                      "
"2005","77383","01","3619","0220","04","Elem      ","N","Milwaukee","Hopkins Street Elementary","Grades PreK-12","All Races","Both Genders","460",46,"10.000000                     ",47,"10.217300                     ",43,"9.347800                      ",53,"11.521700                     ",53,"11.521700                     ",41,"8.913000                      ",50,"10.869500                     ",44,"9.565200                      ",50,"10.869500                     ",33,"7.173900                      ",0,"0.000000                      ",0,"0.000000                      ",0,"0.000000                      ",0,"0.000000                      "
"2005","77380","01","3619","0223","04","Elem      ","Y","Milwaukee","Humboldt Park Elementary","Grades PreK-12","All Races","Both Genders","568",54,"9.507000                      ",58,"10.211200                     ",61,"10.739400                     ",62,"10.915400                     ",54,"9.507000                      ",60,"10.563300                     ",57,"10.035200                     ",57,"10.035200                     ",53,"9.330900                      ",52,"9.154900                      ",0,"0.000000                      ",0,"0.000000                      ",0,"0.000000                      ",0,"0.000000                      "
"2005","77199","01","3619","0226","04","Elem      ","N","Milwaukee","Milwaukee Sign Language Elementary","Grades PreK-12","All Races","Both Genders","576",50,"8.680500                      ",59,"10.243000                     ",55,"9.548600                      ",64,"11.111100                     ",75,"13.020800                     ",84,"14.583300                     ",64,"11.111100                     ",53,"9.201300                      ",41,"7.118000                      ",31,"5.381900                      ",0,"0.000000                      ",0,"0.000000                      ",0,"0.000000                      ",0,"0.000000                      "
"2005","77411","01","3619","0232","04","Elem      ","N","Milwaukee","Kagel Elementary","Grades PreK-12","All Races","Both Genders","315",43,"13.650700                     ",49,"15.555500                     ",53,"16.825300                     ",44,"13.968200                     ",43,"13.650700                     ",48,"15.238000                     ",35,"11.111100                     ",0,"0.000000                      ",0,"0.000000                      ",0,"0.000000                      ",0,"0.000000                      ",0,"0.000000                      ",0,"0.000000                      ",0,"0.000000                      "
"2005","79507","01","3619","0235","04","Elem      ","N","Milwaukee","Keefe Avenue Elementary","Grades PreK-12","All Races","Both Genders","393",37,"9.414700                      ",40,"10.178100                     ",44,"11.195900                     ",41,"10.432500                     ",50,"12.722600                     ",40,"10.178100                     ",57,"14.503800                     ",28,"7.124600                      ",29,"7.379100                      ",27,"6.870200                      ",0,"0.000000                      ",0,"0.000000                      ",0,"0.000000                      ",0,"0.000000                      "
"2005","79117","01","3619","0236","04","High      ","N","Milwaukee","Kilmer South Alternative High","Grades PreK-12","All Races","Both Genders","399",0,"0.000000                      ",0,"0.000000                      ",0,"0.000000                      ",0,"0.000000                      ",0,"0.000000                      ",0,"0.000000                      ",0,"0.000000                      ",0,"0.000000                      ",0,"0.000000                      ",0,"0.000000                      ",87,"21.804500                     ",90,"22.556300                     ",140,"35.087700                     ",82,"20.551300                     "
"2005","77243","01","3619","0237","04","Elem      ","N","Milwaukee","Kilbourn Elementary","Grades PreK-12","All Races","Both Genders","321",71,"22.118300                     ",44,"13.707100                     ",39,"12.149500                     ",42,"13.084100                     ",44,"13.707100                     ",39,"12.149500                     ",42,"13.084100                     ",0,"0.000000                      ",0,"0.000000                      ",0,"0.000000                      ",0,"0.000000                      ",0,"0.000000                      ",0,"0.000000                      ",0,"0.000000                      "
"2005","77384","01","3619","0238","04","Elem      ","N","Milwaukee","LaFollette Elementary","Grades PreK-12","All Races","Both Genders","403",25,"6.203400                      ",29,"7.196000                      ",48,"11.910600                     ",41,"10.173600                     ",47,"11.662500                     ",53,"13.151300                     ",62,"15.384600                     ",47,"11.662500                     ",31,"7.692300                      ",20,"4.962700                      ",0,"0.000000                      ",0,"0.000000                      ",0,"0.000000                      ",0,"0.000000                      "
"2005","75244","01","3619","0240","04","High      ","N","Milwaukee","Project STAY","Grades PreK-12","All Races","Both Genders","94",0,"0.000000                      ",0,"0.000000                      ",0,"0.000000                      ",0,"0.000000                      ",0,"0.000000                      ",0,"0.000000                      ",0,"0.000000                      ",0,"0.000000                      ",0,"0.000000                      ",0,"0.000000                      ",17,"18.085100                     ",35,"37.234000                     ",35,"37.234000                     ",7,"7.446800                      "
"2005","79471","01","3619","0241","04","Elem      ","N","Milwaukee","Lancaster Elementary","Grades PreK-12","All Races","Both Genders","473",46,"9.725100                      ",54,"11.416400                     ",62,"13.107800                     ",51,"10.782200                     ",52,"10.993600                     ",70,"14.799100                     ",69,"14.587700                     ",69,"14.587700                     ",0,"0.000000                      ",0,"0.000000                      ",0,"0.000000                      ",0,"0.000000                      ",0,"0.000000                      ",0,"0.000000                      "
"2005","77385","01","3619","0244","04","Elem      ","N","Milwaukee","Lee Elementary","Grades PreK-12","All Races","Both Genders","395",37,"9.367000                      ",37,"9.367000                      ",57,"14.430300                     ",40,"10.126500                     ",30,"7.594900                      ",50,"12.658200                     ",47,"11.898700                     ",31,"7.848100                      ",37,"9.367000                      ",29,"7.341700                      ",0,"0.000000                      ",0,"0.000000                      ",0,"0.000000                      ",0,"0.000000                      "
"2005","79482","01","3619","0250","04","Elem      ","N","Milwaukee","Lincoln Avenue Elementary","Grades PreK-12","All Races","Both Genders","660",87,"13.181800                     ",111,"16.818100                     ",100,"15.151500                     ",86,"13.030300                     ",109,"16.515100                     ",111,"16.818100                     ",56,"8.484800                      ",0,"0.000000                      ",0,"0.000000                      ",0,"0.000000                      ",0,"0.000000                      ",0,"0.000000                      ",0,"0.000000                      ",0,"0.000000                      "
"2005","77391","01","3619","0253","04","Elem      ","N","Milwaukee","Lloyd Street Elementary","Grades PreK-12","All Races","Both Genders","585",58,"9.914500                      ",72,"12.307600                     ",86,"14.700800                     ",89,"15.213600                     ",92,"15.726400                     ",91,"15.555500                     ",97,"16.581100                     ",0,"0.000000                      ",0,"0.000000                      ",0,"0.000000                      ",0,"0.000000                      ",0,"0.000000                      ",0,"0.000000                      ",0,"0.000000                      "
"2005","79514","01","3619","0256","04","Elem      ","N","Milwaukee","Longfellow Elementary","Grades PreK-12","All Races","Both Genders","558",32,"5.734700                      ",71,"12.724000                     ",83,"14.874500                     ",59,"10.573400                     ",83,"14.874500                     ",87,"15.591300                     ",83,"14.874500                     ",60,"10.752600                     ",0,"0.000000                      ",0,"0.000000                      ",0,"0.000000                      ",0,"0.000000                      ",0,"0.000000                      ",0,"0.000000                      "
"2005","79465","01","3619","0257","04","Elem      ","N","Milwaukee","Lowell Elementary","Grades PreK-12","All Races","Both Genders","269",62,"23.048300                     ",46,"17.100300                     ",50,"18.587300                     ",33,"12.267600                     ",27,"10.037100                     ",25,"9.293600                      ",26,"9.665400                      ",0,"0.000000                      ",0,"0.000000                      ",0,"0.000000                      ",0,"0.000000                      ",0,"0.000000                      ",0,"0.000000                      ",0,"0.000000                      "
"2005","77159","01","3619","0261","04","Elem      ","N","Milwaukee","MacDowell Montessori Elementary","Grades PreK-12","All Races","Both Genders","524",176,"33.587700                     ",60,"11.450300                     ",50,"9.541900                      ",45,"8.587700                      ",46,"8.778600                      ",32,"6.106800                      ",37,"7.061000                      ",23,"4.389300                      ",31,"5.916000                      ",24,"4.580100                      ",0,"0.000000                      ",0,"0.000000                      ",0,"0.000000                      ",0,"0.000000                      "
"2005","77285","01","3619","0265","04","Elem      ","N","Milwaukee","Manitoba Elementary","Grades PreK-12","All Races","Both Genders","484",30,"6.198300                      ",48,"9.917300                      ",59,"12.190000                     ",60,"12.396600                     ",55,"11.363600                     ",56,"11.570200                     ",58,"11.983400                     ",47,"9.710700                      ",39,"8.057800                      ",32,"6.611500                      ",0,"0.000000                      ",0,"0.000000                      ",0,"0.000000                      ",0,"0.000000                      "
"2005","77190","01","3619","0267","04","Elem      ","N","Milwaukee","Maple Tree Elementary","Grades PreK-12","All Races","Both Genders","372",54,"14.516100                     ",54,"14.516100                     ",59,"15.860200                     ",43,"11.559100                     ",62,"16.666600                     ",44,"11.827900                     ",56,"15.053700                     ",0,"0.000000                      ",0,"0.000000                      ",0,"0.000000                      ",0,"0.000000                      ",0,"0.000000                      ",0,"0.000000                      ",0,"0.000000                      "
"2005","79494","01","3619","0268","04","Elem      ","N","Milwaukee","Maryland Avenue Elementary","Grades PreK-12","All Races","Both Genders","316",100,"31.645500                     ",40,"12.658200                     ",25,"7.911300                      ",20,"6.329100                      ",20,"6.329100                      ",16,"5.063200                      ",20,"6.329100                      ",18,"5.696200                      ",29,"9.177200                      ",28,"8.860700                      ",0,"0.000000                      ",0,"0.000000                      ",0,"0.000000                      ",0,"0.000000                      "
"2005","77397","01","3619","0274","04","Elem      ","N","Milwaukee","Mitchell Elementary","Grades PreK-12","All Races","Both Genders","758",78,"10.290200                     ",87,"11.477500                     ",94,"12.401000                     ",88,"11.609400                     ",79,"10.422100                     ",76,"10.026300                     ",79,"10.422100                     ",70,"9.234800                      ",59,"7.783600                      ",48,"6.332400                      ",0,"0.000000                      ",0,"0.000000                      ",0,"0.000000                      ",0,"0.000000                      "
"2005","77222","01","3619","0277","04","Elem      ","N","Milwaukee","Morgandale Elementary","Grades PreK-12","All Races","Both Genders","430",53,"12.325500                     ",59,"13.720900                     ",67,"15.581300                     ",60,"13.953400                     ",70,"16.279000                     ",63,"14.651100                     ",58,"13.488300                     ",0,"0.000000                      ",0,"0.000000                      ",0,"0.000000                      ",0,"0.000000                      ",0,"0.000000                      ",0,"0.000000                      ",0,"0.000000                      "
"2005","79132","01","3619","0282","04","High      ","N","Milwaukee","Career Youth Development School of Excel","Grades PreK-12","All Races","Both Genders","41",0,"0.000000                      ",0,"0.000000                      ",0,"0.000000                      ",0,"0.000000                      ",0,"0.000000                      ",0,"0.000000                      ",0,"0.000000                      ",0,"0.000000                      ",0,"0.000000                      ",0,"0.000000                      ",10,"24.390200                     ",10,"24.390200                     ",7,"17.073100                     ",14,"34.146300                     "
"2005","77372","01","3619","0283","04","Elem      ","N","Milwaukee","Neeskara Elementary","Grades PreK-12","All Races","Both Genders","419",59,"14.081100                     ",65,"15.513100                     ",57,"13.603800                     ",66,"15.751700                     ",48,"11.455800                     ",61,"14.558400                     ",63,"15.035700                     ",0,"0.000000                      ",0,"0.000000                      ",0,"0.000000                      ",0,"0.000000                      ",0,"0.000000                      ",0,"0.000000                      ",0,"0.000000                      "
"2005","77214","01","3619","0289","04","Elem      ","N","Milwaukee","Ninety-Fifth Street Elementary","Grades PreK-12","All Races","Both Genders","302",46,"15.231700                     ",48,"15.894000                     ",45,"14.900600                     ",43,"14.238400                     ",38,"12.582700                     ",44,"14.569500                     ",38,"12.582700                     ",0,"0.000000                      ",0,"0.000000                      ",0,"0.000000                      ",0,"0.000000                      ",0,"0.000000                      ",0,"0.000000                      ",0,"0.000000                      "
"2005","77286","01","3619","0295","04","Elem      ","N","Milwaukee","Zablocki Elementary","Grades PreK-12","All Races","Both Genders","593",100,"16.863400                     ",82,"13.827900                     ",81,"13.659300                     ",83,"13.996600                     ",84,"14.165200                     ",80,"13.490700                     ",83,"13.996600                     ",0,"0.000000                      ",0,"0.000000                      ",0,"0.000000                      ",0,"0.000000                      ",0,"0.000000                      ",0,"0.000000                      ",0,"0.000000                      "
"2005","74908","01","3619","0296","04","Mid/Jr Hi ","N","Milwaukee","Lad Lake Synergy South School","Grades PreK-12","All Races","Both Genders","10",0,"0.000000                      ",0,"0.000000                      ",0,"0.000000                      ",0,"0.000000                      ",0,"0.000000                      ",0,"0.000000                      ",0,"0.000000                      ",1,"10.000000                     ",3,"30.000000                     ",6,"60.000000                     ",0,"0.000000                      ",0,"0.000000                      ",0,"0.000000                      ",0,"0.000000                      "
"2005","74907","01","3619","0297","04","Mid/Jr Hi ","N","Milwaukee","HR Academy of Business Middle School","Grades PreK-12","All Races","Both Genders","1",0,"0.000000                      ",0,"0.000000                      ",0,"0.000000                      ",0,"0.000000                      ",0,"0.000000                      ",0,"0.000000                      ",0,"0.000000                      ",0,"0.000000                      ",0,"0.000000                      ",1,"100.000000                    ",0,"0.000000                      ",0,"0.000000                      ",0,"0.000000                      ",0,"0.000000                      "
"2005","79489","01","3619","0298","04","Elem      ","N","Milwaukee","Palmer Elementary","Grades PreK-12","All Races","Both Genders","188",22,"11.702100                     ",23,"12.234000                     ",21,"11.170200                     ",35,"18.617000                     ",14,"7.446800                      ",33,"17.553100                     ",40,"21.276500                     ",0,"0.000000                      ",0,"0.000000                      ",0,"0.000000                      ",0,"0.000000                      ",0,"0.000000                      ",0,"0.000000                      ",0,"0.000000                      "
"2005","79052","01","3619","0299","04","Mid/Jr Hi ","N","Milwaukee","NOVA Middle","Grades PreK-12","All Races","Both Genders","44",0,"0.000000                      ",0,"0.000000                      ",0,"0.000000                      ",0,"0.000000                      ",0,"0.000000                      ",0,"0.000000                      ",0,"0.000000                      ",0,"0.000000                      ",19,"43.181800                     ",25,"56.818100                     ",0,"0.000000                      ",0,"0.000000                      ",0,"0.000000                      ",0,"0.000000                      "
"2005","79455","01","3619","0301","04","Elem      ","N","Milwaukee","Parkview Elementary","Grades PreK-12","All Races","Both Genders","412",59,"14.320300                     ",66,"16.019400                     ",69,"16.747500                     ",60,"14.563100                     ",56,"13.592200                     ",45,"10.922300                     ",57,"13.834900                     ",0,"0.000000                      ",0,"0.000000                      ",0,"0.000000                      ",0,"0.000000                      ",0,"0.000000                      ",0,"0.000000                      ",0,"0.000000                      "
"2005","77343","01","3619","0304","04","Elem      ","N","Milwaukee","Philipp Elementary","Grades PreK-12","All Races","Both Genders","200",22,"11.000000                     ",24,"12.000000                     ",21,"10.500000                     ",28,"14.000000                     ",25,"12.500000                     ",42,"21.000000                     ",38,"19.000000                     ",0,"0.000000                      ",0,"0.000000                      ",0,"0.000000                      ",0,"0.000000                      ",0,"0.000000                      ",0,"0.000000                      ",0,"0.000000                      "
"2005","77314","01","3619","0307","04","Elem      ","N","Milwaukee","Pierce Elementary","Grades PreK-12","All Races","Both Genders","555",51,"9.189100                      ",78,"14.054000                     ",83,"14.954900                     ",72,"12.972900                     ",62,"11.171100                     ",100,"18.018000                     ",109,"19.639600                     ",0,"0.000000                      ",0,"0.000000                      ",0,"0.000000                      ",0,"0.000000                      ",0,"0.000000                      ",0,"0.000000                      ",0,"0.000000                      "
"2005","77392","01","3619","0311","04","Elem      ","N","Milwaukee","Urban Waldorf Elementary","Grades PreK-12","All Races","Both Genders","502",35,"6.972100                      ",49,"9.760900                      ",52,"10.358500                     ",58,"11.553700                     ",49,"9.760900                      ",43,"8.565700                      ",55,"10.956100                     ",59,"11.752900                     ",53,"10.557700                     ",49,"9.760900                      ",0,"0.000000                      ",0,"0.000000                      ",0,"0.000000                      ",0,"0.000000                      "
"2005","75311","01","3619","0312","04","Elem      ","N","Milwaukee","Starms Discovery Learning Center","Grades PreK-12","All Races","Both Genders","442",0,"0.000000                      ",0,"0.000000                      ",68,"15.384600                     ",58,"13.122100                     ",57,"12.895900                     ",63,"14.253300                     ",54,"12.217100                     ",44,"9.954700                      ",50,"11.312200                     ",48,"10.859700                     ",0,"0.000000                      ",0,"0.000000                      ",0,"0.000000                      ",0,"0.000000                      "
"2005","79506","01","3619","0313","04","Elem      ","N","Milwaukee","Riley Elementary","Grades PreK-12","All Races","Both Genders","650",92,"14.153800                     ",96,"14.769200                     ",97,"14.923000                     ",101,"15.538400                     ",94,"14.461500                     ",83,"12.769200                     ",87,"13.384600                     ",0,"0.000000                      ",0,"0.000000                      ",0,"0.000000                      ",0,"0.000000                      ",0,"0.000000                      ",0,"0.000000                      ",0,"0.000000                      "
"2005","75008","01","3619","0315","04","El/Sec    ","N","Milwaukee","Milwaukee County Youth Education Center","Grades PreK-12","All Races","Both Genders","67",0,"0.000000                      ",0,"0.000000                      ",0,"0.000000                      ",0,"0.000000                      ",0,"0.000000                      ",0,"0.000000                      ",0,"0.000000                      ",0,"0.000000                      ",0,"0.000000                      ",2,"2.985000                      ",32,"47.761100                     ",17,"25.373100                     ",9,"13.432800                     ",7,"10.447700                     "
"2005","77229","01","3619","0316","04","Elem      ","N","Milwaukee","Academy of Accelerated Learning","Grades PreK-12","All Races","Both Genders","540",70,"12.962900                     ",84,"15.555500                     ",77,"14.259200                     ",77,"14.259200                     ",71,"13.148100                     ",78,"14.444400                     ",83,"15.370300                     ",0,"0.000000                      ",0,"0.000000                      ",0,"0.000000                      ",0,"0.000000                      ",0,"0.000000                      ",0,"0.000000                      ",0,"0.000000                      "
"2005","77340","01","3619","0319","04","Elem      ","N","Milwaukee","Sherman Elementary","Grades PreK-12","All Races","Both Genders","708",59,"8.333300                      ",69,"9.745700                      ",74,"10.451900                     ",68,"9.604500                      ",87,"12.288100                     ",71,"10.028200                     ",106,"14.971700                     ",83,"11.723100                     ",91,"12.853100                     ",0,"0.000000                      ",0,"0.000000                      ",0,"0.000000                      ",0,"0.000000                      ",0,"0.000000                      "
"2005","79509","01","3619","0322","04","Elem      ","Y","Milwaukee","Siefert Elementary","Grades PreK-12","All Races","Both Genders","429",75,"17.482500                     ",65,"15.151500                     ",60,"13.986000                     ",50,"11.655000                     ",57,"13.286700                     ",56,"13.053600                     ",66,"15.384600                     ",0,"0.000000                      ",0,"0.000000                      ",0,"0.000000                      ",0,"0.000000                      ",0,"0.000000                      ",0,"0.000000                      ",0,"0.000000                      "
"2005","79496","01","3619","0325","04","Elem      ","N","Milwaukee","Silver Spring Elementary","Grades PreK-12","All Races","Both Genders","283",43,"15.194300                     ",40,"14.134200                     ",42,"14.840900                     ",39,"13.780900                     ",40,"14.134200                     ",37,"13.074200                     ",42,"14.840900                     ",0,"0.000000                      ",0,"0.000000                      ",0,"0.000000                      ",0,"0.000000                      ",0,"0.000000                      ",0,"0.000000                      ",0,"0.000000                      "
"2005","75245","01","3619","0328","04","Elem      ","N","Milwaukee","Sixty-Eight Street Early Childhood","Grades PreK-12","All Races","Both Genders","119",73,"61.344500                     ",46,"38.655400                     ",0,"0.000000                      ",0,"0.000000                      ",0,"0.000000                      ",0,"0.000000                      ",0,"0.000000                      ",0,"0.000000                      ",0,"0.000000                      ",0,"0.000000                      ",0,"0.000000                      ",0,"0.000000                      ",0,"0.000000                      ",0,"0.000000                      "
"2005","77264","01","3619","0331","04","Elem      ","N","Milwaukee","Sixty-Fifth Street Elementary","Grades PreK-12","All Races","Both Genders","371",30,"8.086200                      ",35,"9.433900                      ",44,"11.859800                     ",52,"14.016100                     ",51,"13.746600                     ",43,"11.590200                     ",50,"13.477000                     ",44,"11.859800                     ",22,"5.929900                      ",0,"0.000000                      ",0,"0.000000                      ",0,"0.000000                      ",0,"0.000000                      ",0,"0.000000                      "
"2005","77230","01","3619","0334","04","Elem      ","N","Milwaukee","Honey Creek Continuous Progress","Grades PreK-12","All Races","Both Genders","368",61,"16.576000                     ",65,"17.663000                     ",56,"15.217300                     ",56,"15.217300                     ",50,"13.586900                     ",39,"10.597800                     ",41,"11.141300                     ",0,"0.000000                      ",0,"0.000000                      ",0,"0.000000                      ",0,"0.000000                      ",0,"0.000000                      ",0,"0.000000                      ",0,"0.000000                      "
"2005","77244","01","3619","0337","04","Elem      ","N","Milwaukee","Kluge Elementary","Grades PreK-12","All Races","Both Genders","390",50,"12.820500                     ",57,"14.615300                     ",59,"15.128200                     ",45,"11.538400                     ",38,"9.743500                      ",66,"16.923000                     ",75,"19.230700                     ",0,"0.000000                      ",0,"0.000000                      ",0,"0.000000                      ",0,"0.000000                      ",0,"0.000000                      ",0,"0.000000                      ",0,"0.000000                      "
"2005","79855","01","3619","0341","04","Mid/Jr Hi ","Y","Milwaukee","Preparatory School for Global Leadership","Grades PreK-12","All Races","Both Genders","38",0,"0.000000                      ",0,"0.000000                      ",0,"0.000000                      ",0,"0.000000                      ",0,"0.000000                      ",0,"0.000000                      ",0,"0.000000                      ",38,"100.000000                    ",0,"0.000000                      ",0,"0.000000                      ",0,"0.000000                      ",0,"0.000000                      ",0,"0.000000                      ",0,"0.000000                      "
"2005","79504","01","3619","0343","04","Elem      ","N","Milwaukee","Story Elementary","Grades PreK-12","All Races","Both Genders","484",22,"4.545400                      ",38,"7.851200                      ",46,"9.504100                      ",43,"8.884200                      ",54,"11.157000                     ",48,"9.917300                      ",57,"11.776800                     ",58,"11.983400                     ",61,"12.603300                     ",57,"11.776800                     ",0,"0.000000                      ",0,"0.000000                      ",0,"0.000000                      ",0,"0.000000                      "
"2005","79458","01","3619","0344","04","Elem      ","N","Milwaukee","Stuart Elementary","Grades PreK-12","All Races","Both Genders","331",18,"5.438000                      ",47,"14.199300                     ",50,"15.105700                     ",52,"15.709900                     ",58,"17.522600                     ",47,"14.199300                     ",59,"17.824700                     ",0,"0.000000                      ",0,"0.000000                      ",0,"0.000000                      ",0,"0.000000                      ",0,"0.000000                      ",0,"0.000000                      ",0,"0.000000                      "
"2005","77341","01","3619","0347","04","Elem      ","N","Milwaukee","Thirty-Eighth Street Elementary","Grades PreK-12","All Races","Both Genders","301",25,"8.305600                      ",36,"11.960100                     ",45,"14.950100                     ",43,"14.285700                     ",40,"13.289000                     ",56,"18.604600                     ",56,"18.604600                     ",0,"0.000000                      ",0,"0.000000                      ",0,"0.000000                      ",0,"0.000000                      ",0,"0.000000                      ",0,"0.000000                      ",0,"0.000000                      "
"2005","77344","01","3619","0350","04","Elem      ","N","Milwaukee","Thirty-Fifth Street Elementary","Grades PreK-12","All Races","Both Genders","229",28,"12.227000                     ",32,"13.973700                     ",25,"10.917000                     ",42,"18.340600                     ",23,"10.043600                     ",30,"13.100400                     ",28,"12.227000                     ",21,"9.170300                      ",0,"0.000000                      ",0,"0.000000                      ",0,"0.000000                      ",0,"0.000000                      ",0,"0.000000                      ",0,"0.000000                      "
"2005","77373","01","3619","0353","04","Elem      ","Y","Milwaukee","Westside I Elementary","Grades PreK-12","All Races","Both Genders","338",67,"19.822400                     ",64,"18.934900                     ",80,"23.668600                     ",60,"17.751400                     ",66,"19.526600                     ",1,"0.295800                      ",0,"0.000000                      ",0,"0.000000                      ",0,"0.000000                      ",0,"0.000000                      ",0,"0.000000                      ",0,"0.000000                      ",0,"0.000000                      ",0,"0.000000                      "
"2005","79500","01","3619","0356","04","Elem      ","N","Milwaukee","Bethune Academy","Grades PreK-12","All Races","Both Genders","228",32,"14.035000                     ",28,"12.280700                     ",44,"19.298200                     ",29,"12.719200                     ",34,"14.912200                     ",22,"9.649100                      ",39,"17.105200                     ",0,"0.000000                      ",0,"0.000000                      ",0,"0.000000                      ",0,"0.000000                      ",0,"0.000000                      ",0,"0.000000                      ",0,"0.000000                      "
"2005","77200","01","3619","0360","04","Elem      ","N","Milwaukee","Thoreau Elementary","Grades PreK-12","All Races","Both Genders","569",58,"10.193300                     ",70,"12.302200                     ",68,"11.950700                     ",68,"11.950700                     ",74,"13.005200                     ",85,"14.938400                     ",82,"14.411200                     ",64,"11.247800                     ",0,"0.000000                      ",0,"0.000000                      ",0,"0.000000                      ",0,"0.000000                      ",0,"0.000000                      ",0,"0.000000                      "
"2005","77381","01","3619","0362","04","Elem      ","N","Milwaukee","Tippecanoe Elementary","Grades PreK-12","All Races","Both Genders","287",25,"8.710800                      ",30,"10.452900                     ",31,"10.801300                     ",32,"11.149800                     ",33,"11.498200                     ",26,"9.059200                      ",28,"9.756000                      ",29,"10.104500                     ",29,"10.104500                     ",24,"8.362300                      ",0,"0.000000                      ",0,"0.000000                      ",0,"0.000000                      ",0,"0.000000                      "
"2005","79477","01","3619","0365","04","Elem      ","N","Milwaukee","Townsend Street Elementary","Grades PreK-12","All Races","Both Genders","475",40,"8.421000                      ",52,"10.947300                     ",52,"10.947300                     ",57,"12.000000                     ",62,"13.052600                     ",60,"12.631500                     ",65,"13.684200                     ",31,"6.526300                      ",28,"5.894700                      ",28,"5.894700                      ",0,"0.000000                      ",0,"0.000000                      ",0,"0.000000                      ",0,"0.000000                      "
"2005","77366","01","3619","0368","04","Elem      ","N","Milwaukee","Trowbridge Street Elementary","Grades PreK-12","All Races","Both Genders","256",36,"14.062500                     ",34,"13.281200                     ",31,"12.109300                     ",23,"8.984300                      ",32,"12.500000                     ",21,"8.203100                      ",26,"10.156200                     ",26,"10.156200                     ",27,"10.546800                     ",0,"0.000000                      ",0,"0.000000                      ",0,"0.000000                      ",0,"0.000000                      ",0,"0.000000                      "
"2005","77386","01","3619","0374","04","Elem      ","N","Milwaukee","Wheatley Elementary","Grades PreK-12","All Races","Both Genders","333",55,"16.516500                     ",40,"12.012000                     ",49,"14.714700                     ",53,"15.915900                     ",33,"9.909900                      ",52,"15.615600                     ",51,"15.315300                     ",0,"0.000000                      ",0,"0.000000                      ",0,"0.000000                      ",0,"0.000000                      ",0,"0.000000                      ",0,"0.000000                      ",0,"0.000000                      "
"2005","77387","01","3619","0377","04","Elem      ","N","Milwaukee","Twenty-First Street Elementary","Grades PreK-12","All Races","Both Genders","371",38,"10.242500                     ",47,"12.668400                     ",43,"11.590200                     ",55,"14.824700                     ",59,"15.902900                     ",61,"16.442000                     ",68,"18.328800                     ",0,"0.000000                      ",0,"0.000000                      ",0,"0.000000                      ",0,"0.000000                      ",0,"0.000000                      ",0,"0.000000                      ",0,"0.000000                      "
"2005","77345","01","3619","0380","04","Elem      ","N","Milwaukee","McNair Elementary","Grades PreK-12","All Races","Both Genders","313",22,"7.028700                      ",36,"11.501500                     ",35,"11.182100                     ",29,"9.265100                      ",24,"7.667700                      ",33,"10.543100                     ",33,"10.543100                     ",40,"12.779500                     ",34,"10.862600                     ",27,"8.626100                      ",0,"0.000000                      ",0,"0.000000                      ",0,"0.000000                      ",0,"0.000000                      "
"2005","78985","01","3619","0387","04","Elem      ","N","Milwaukee","Victory Elementary","Grades PreK-12","All Races","Both Genders","478",49,"10.251000                     ",36,"7.531300                      ",49,"10.251000                     ",46,"9.623400                      ",39,"8.158900                      ",44,"9.205000                      ",51,"10.669400                     ",49,"10.251000                     ",59,"12.343000                     ",56,"11.715400                     ",0,"0.000000                      ",0,"0.000000                      ",0,"0.000000                      ",0,"0.000000                      "
"2005","77398","01","3619","0390","04","Elem      ","N","Milwaukee","Vieau Elementary","Grades PreK-12","All Races","Both Genders","668",55,"8.233500                      ",79,"11.826300                     ",75,"11.227500                     ",75,"11.227500                     ",63,"9.431100                      ",75,"11.227500                     ",65,"9.730500                      ",61,"9.131700                      ",66,"9.880200                      ",54,"8.083800                      ",0,"0.000000                      ",0,"0.000000                      ",0,"0.000000                      ",0,"0.000000                      "
"2005","77231","01","3619","0397","04","Elem      ","N","Milwaukee","Whitman Elementary","Grades PreK-12","All Races","Both Genders","377",68,"18.037100                     ",48,"12.732000                     ",49,"12.997300                     ",48,"12.732000                     ",42,"11.140500                     ",47,"12.466800                     ",49,"12.997300                     ",26,"6.896500                      ",0,"0.000000                      ",0,"0.000000                      ",0,"0.000000                      ",0,"0.000000                      ",0,"0.000000                      ",0,"0.000000                      "
"2005","77367","01","3619","0398","04","Elem      ","Y","Milwaukee","Whittier Elementary","Grades PreK-12","All Races","Both Genders","211",40,"18.957300                     ",35,"16.587600                     ",30,"14.218000                     ",30,"14.218000                     ",32,"15.165800                     ",21,"9.952600                      ",23,"10.900400                     ",0,"0.000000                      ",0,"0.000000                      ",0,"0.000000                      ",0,"0.000000                      ",0,"0.000000                      ",0,"0.000000                      ",0,"0.000000                      "
"2005","75310","01","3619","0399","04","El/Sec    ","N","Milwaukee","WI Conservatory of Lifelong Learning","Grades PreK-12","All Races","Both Genders","694",25,"3.602300                      ",35,"5.043200                      ",36,"5.187300                      ",49,"7.060500                      ",51,"7.348700                      ",41,"5.907700                      ",64,"9.221900                      ",58,"8.357300                      ",63,"9.077800                      ",63,"9.077800                      ",69,"9.942300                      ",52,"7.492700                      ",47,"6.772300                      ",41,"5.907700                      "
"2005","77358","01","3619","0401","04","Elem      ","N","Milwaukee","Wisconsin Avenue Elementary","Grades PreK-12","All Races","Both Genders","531",44,"8.286200                      ",50,"9.416100                      ",73,"13.747600                     ",75,"14.124200                     ",83,"15.630800                     ",105,"19.774000                     ",101,"19.020700                     ",0,"0.000000                      ",0,"0.000000                      ",0,"0.000000                      ",0,"0.000000                      ",0,"0.000000                      ",0,"0.000000                      ",0,"0.000000                      "
"2005","75224","01","3619","0404","04","High      ","N","Milwaukee","Project School to Work","Grades PreK-12","All Races","Both Genders","23",0,"0.000000                      ",0,"0.000000                      ",0,"0.000000                      ",0,"0.000000                      ",0,"0.000000                      ",0,"0.000000                      ",0,"0.000000                      ",0,"0.000000                      ",0,"0.000000                      ",0,"0.000000                      ",0,"0.000000                      ",5,"21.739100                     ",6,"26.086900                     ",12,"52.173900                     "
"2005","74949","01","3619","0405","04","High      ","N","Milwaukee","Learning Enterprise of Wisconsin","Grades PreK-12","All Races","Both Genders","158",0,"0.000000                      ",0,"0.000000                      ",0,"0.000000                      ",0,"0.000000                      ",0,"0.000000                      ",0,"0.000000                      ",0,"0.000000                      ",0,"0.000000                      ",0,"0.000000                      ",0,"0.000000                      ",75,"47.468300                     ",46,"29.113900                     ",28,"17.721500                     ",9,"5.696200                      "
"2005","79062","01","3619","0410","04","High      ","N","Milwaukee","Grandview Alternative High Part","Grades PreK-12","All Races","Both Genders","228",0,"0.000000                      ",0,"0.000000                      ",0,"0.000000                      ",0,"0.000000                      ",0,"0.000000                      ",0,"0.000000                      ",0,"0.000000                      ",0,"0.000000                      ",0,"0.000000                      ",0,"0.000000                      ",62,"27.192900                     ",59,"25.877100                     ",80,"35.087700                     ",27,"11.842100                     "
"2005","79849","01","3619","0412","04","High      ","Y","Milwaukee","Advanced Language and Academic Studies","Grades PreK-12","All Races","Both Genders","269",0,"0.000000                      ",0,"0.000000                      ",0,"0.000000                      ",0,"0.000000                      ",0,"0.000000                      ",0,"0.000000                      ",0,"0.000000                      ",0,"0.000000                      ",0,"0.000000                      ",0,"0.000000                      ",104,"38.661700                     ",61,"22.676500                     ",56,"20.817800                     ",48,"17.843800                     "
"2005","75007","01","3619","0414","04","El/Sec    ","N","Milwaukee","Lady Pitts","Grades PreK-12","All Races","Both Genders","149",0,"0.000000                      ",0,"0.000000                      ",0,"0.000000                      ",0,"0.000000                      ",0,"0.000000                      ",0,"0.000000                      ",0,"0.000000                      ",0,"0.000000                      ",5,"3.355700                      ",7,"4.697900                      ",28,"18.791900                     ",34,"22.818700                     ",36,"24.161000                     ",39,"26.174400                     "
"2005","79847","01","3619","0416","04","High      ","Y","Milwaukee","Community High School","Grades PreK-12","All Races","Both Genders","84",0,"0.000000                      ",0,"0.000000                      ",0,"0.000000                      ",0,"0.000000                      ",0,"0.000000                      ",0,"0.000000                      ",0,"0.000000                      ",0,"0.000000                      ",0,"0.000000                      ",0,"0.000000                      ",84,"100.000000                    ",0,"0.000000                      ",0,"0.000000                      ",0,"0.000000                      "
"2005","79845","01","3619","0418","04","High      ","Y","Milwaukee","School of Humanities","Grades PreK-12","All Races","Both Genders","143",0,"0.000000                      ",0,"0.000000                      ",0,"0.000000                      ",0,"0.000000                      ",0,"0.000000                      ",0,"0.000000                      ",0,"0.000000                      ",0,"0.000000                      ",0,"0.000000                      ",0,"0.000000                      ",97,"67.832100                     ",46,"32.167800                     ",0,"0.000000                      ",0,"0.000000                      "
"2005","74990","01","3619","0420","04","High      ","Y","Milwaukee","Phoenix High Sch","Grades PreK-12","All Races","Both Genders","134",0,"0.000000                      ",0,"0.000000                      ",0,"0.000000                      ",0,"0.000000                      ",0,"0.000000                      ",0,"0.000000                      ",0,"0.000000                      ",0,"0.000000                      ",0,"0.000000                      ",0,"0.000000                      ",52,"38.805900                     ",46,"34.328300                     ",27,"20.149200                     ",9,"6.716400                      "
"2005","79856","01","3619","0422","04","High      ","Y","Milwaukee","Community Trade and Business Center-CTBC","Grades PreK-12","All Races","Both Genders","39",0,"0.000000                      ",0,"0.000000                      ",0,"0.000000                      ",0,"0.000000                      ",0,"0.000000                      ",0,"0.000000                      ",0,"0.000000                      ",0,"0.000000                      ",0,"0.000000                      ",0,"0.000000                      ",39,"100.000000                    ",0,"0.000000                      ",0,"0.000000                      ",0,"0.000000                      "
"2005","74981","01","3619","0425","04","High      ","Y","Milwaukee","Learning Enterprise Voc & Trng Inst","Grades PreK-12","All Races","Both Genders","78",0,"0.000000                      ",0,"0.000000                      ",0,"0.000000                      ",0,"0.000000                      ",0,"0.000000                      ",0,"0.000000                      ",0,"0.000000                      ",0,"0.000000                      ",0,"0.000000                      ",0,"0.000000                      ",0,"0.000000                      ",0,"0.000000                      ",35,"44.871700                     ",43,"55.128200                     "
"2005","74982","01","3619","0430","04","High      ","Y","Milwaukee","Veritas High","Grades PreK-12","All Races","Both Genders","170",0,"0.000000                      ",0,"0.000000                      ",0,"0.000000                      ",0,"0.000000                      ",0,"0.000000                      ",0,"0.000000                      ",0,"0.000000                      ",0,"0.000000                      ",0,"0.000000                      ",0,"0.000000                      ",55,"32.352900                     ",44,"25.882300                     ",38,"22.352900                     ",33,"19.411700                     "
"2005","79035","01","3619","0435","04","High      ","N","Milwaukee","Ronald Wilson Reagan College Prep High","Grades PreK-12","All Races","Both Genders","275",0,"0.000000                      ",0,"0.000000                      ",0,"0.000000                      ",0,"0.000000                      ",0,"0.000000                      ",0,"0.000000                      ",0,"0.000000                      ",0,"0.000000                      ",0,"0.000000                      ",0,"0.000000                      ",203,"73.818100                     ",72,"26.181800                     ",0,"0.000000                      ",0,"0.000000                      "
"2005","79844","01","3619","0438","04","High      ","Y","Milwaukee","Truth Institute for Leadership and Serv","Grades PreK-12","All Races","Both Genders","120",0,"0.000000                      ",0,"0.000000                      ",0,"0.000000                      ",0,"0.000000                      ",0,"0.000000                      ",0,"0.000000                      ",0,"0.000000                      ",0,"0.000000                      ",0,"0.000000                      ",0,"0.000000                      ",82,"68.333300                     ",38,"31.666600                     ",0,"0.000000                      ",0,"0.000000                      "
"2005","74934","01","3619","0440","04","High      ","Y","Milwaukee","Afro Urban Institute","Grades PreK-12","All Races","Both Genders","144",0,"0.000000                      ",0,"0.000000                      ",0,"0.000000                      ",0,"0.000000                      ",0,"0.000000                      ",0,"0.000000                      ",0,"0.000000                      ",0,"0.000000                      ",0,"0.000000                      ",0,"0.000000                      ",56,"38.888800                     ",31,"21.527700                     ",42,"29.166600                     ",15,"10.416600                     "
"2005","79657","01","3619","0445","04","High      ","Y","Milwaukee","New Hope Inst of Science & Technology","Grades PreK-12","All Races","Both Genders","150",0,"0.000000                      ",0,"0.000000                      ",0,"0.000000                      ",0,"0.000000                      ",0,"0.000000                      ",0,"0.000000                      ",0,"0.000000                      ",0,"0.000000                      ",0,"0.000000                      ",0,"0.000000                      ",74,"49.333300                     ",51,"34.000000                     ",25,"16.666600                     ",0,"0.000000                      "
"2005","79040","01","3619","0450","04","High      ","Y","Milwaukee","Professional Learning Institute","Grades PreK-12","All Races","Both Genders","131",0,"0.000000                      ",0,"0.000000                      ",0,"0.000000                      ",0,"0.000000                      ",0,"0.000000                      ",0,"0.000000                      ",0,"0.000000                      ",0,"0.000000                      ",0,"0.000000                      ",0,"0.000000                      ",65,"49.618300                     ",52,"39.694600                     ",14,"10.687000                     ",0,"0.000000                      "
"2005","79846","01","3619","0452","04","High      ","Y","Milwaukee","Genesis Sch Bus/Tech/Trade/Health/HServ","Grades PreK-12","All Races","Both Genders","184",0,"0.000000                      ",0,"0.000000                      ",0,"0.000000                      ",0,"0.000000                      ",0,"0.000000                      ",0,"0.000000                      ",0,"0.000000                      ",0,"0.000000                      ",0,"0.000000                      ",0,"0.000000                      ",118,"64.130400                     ",66,"35.869500                     ",0,"0.000000                      ",0,"0.000000                      "
"2005","79075","01","3619","0458","04","High      ","N","Milwaukee","Project Stay Senior Institute","Grades PreK-12","All Races","Both Genders","168",0,"0.000000                      ",0,"0.000000                      ",0,"0.000000                      ",0,"0.000000                      ",0,"0.000000                      ",0,"0.000000                      ",0,"0.000000                      ",0,"0.000000                      ",0,"0.000000                      ",0,"0.000000                      ",0,"0.000000                      ",0,"0.000000                      ",56,"33.333300                     ",112,"66.666600                     "
"2005","79876","01","3619","0462","04","High      ","Y","Milwaukee","CITIES Project High School","Grades PreK-12","All Races","Both Genders","67",0,"0.000000                      ",0,"0.000000                      ",0,"0.000000                      ",0,"0.000000                      ",0,"0.000000                      ",0,"0.000000                      ",0,"0.000000                      ",0,"0.000000                      ",0,"0.000000                      ",0,"0.000000                      ",44,"65.671600                     ",15,"22.388000                     ",8,"11.940200                     ",0,"0.000000                      "
"2005","75225","01","3619","0484","04","Elem      ","N","Milwaukee","Headstart - Central Services Building","Grades PreK-12","All Races","Both Genders","151",151,"100.000000                    ",0,"0.000000                      ",0,"0.000000                      ",0,"0.000000                      ",0,"0.000000                      ",0,"0.000000                      ",0,"0.000000                      ",0,"0.000000                      ",0,"0.000000                      ",0,"0.000000                      ",0,"0.000000                      ",0,"0.000000                      ",0,"0.000000                      ",0,"0.000000                      "
"2005","75271","01","3619","0500","04","High      ","N","Milwaukee","Metropolitan High","Grades PreK-12","All Races","Both Genders","239",0,"0.000000                      ",0,"0.000000                      ",0,"0.000000                      ",0,"0.000000                      ",0,"0.000000                      ",0,"0.000000                      ",0,"0.000000                      ",0,"0.000000                      ",0,"0.000000                      ",0,"0.000000                      ",69,"28.870200                     ",67,"28.033400                     ",58,"24.267700                     ",45,"18.828400                     "
"2005","75272","01","3619","0501","04","Elem      ","N","Milwaukee","Craig Montessori School","Grades PreK-12","All Races","Both Genders","443",119,"26.862300                     ",55,"12.415300                     ",49,"11.060900                     ",51,"11.512400                     ",47,"10.609400                     ",38,"8.577800                      ",40,"9.029300                      ",44,"9.932200                      ",0,"0.000000                      ",0,"0.000000                      ",0,"0.000000                      ",0,"0.000000                      ",0,"0.000000                      ",0,"0.000000                      "
"2005","75053","01","3619","0525","04","Elem      ","N","Milwaukee","Metcalfe Elementary","Grades PreK-12","All Races","Both Genders","384",12,"3.125000                      ",27,"7.031200                      ",42,"10.937500                     ",41,"10.677000                     ",44,"11.458300                     ",41,"10.677000                     ",51,"13.281200                     ",42,"10.937500                     ",52,"13.541600                     ",32,"8.333300                      ",0,"0.000000                      ",0,"0.000000                      ",0,"0.000000                      ",0,"0.000000                      "
"2005","74964","01","3619","0805","04","El/Sec    ","N","Milwaukee","St Charles Intensive Day Treatment","Grades PreK-12","All Races","Both Genders","20",0,"0.000000                      ",0,"0.000000                      ",0,"0.000000                      ",0,"0.000000                      ",0,"0.000000                      ",0,"0.000000                      ",0,"0.000000                      ",0,"0.000000                      ",3,"15.000000                     ",7,"35.000000                     ",4,"20.000000                     ",2,"10.000000                     ",4,"20.000000                     ",0,"0.000000                      "
"2005","75047","01","3619","0810","04","El/Sec    ","Y","Milwaukee","Wisconsin Career Academy","Grades PreK-12","All Races","Both Genders","328",0,"0.000000                      ",0,"0.000000                      ",0,"0.000000                      ",0,"0.000000                      ",0,"0.000000                      ",0,"0.000000                      ",0,"0.000000                      ",51,"15.548700                     ",60,"18.292600                     ",52,"15.853600                     ",59,"17.987800                     ",57,"17.378000                     ",36,"10.975600                     ",13,"3.963400                      "
"2005","74933","01","3619","0825","04","El/Sec    ","N","Milwaukee","St Charles Behav Reassign Success Acad","Grades PreK-12","All Races","Both Genders","10",0,"0.000000                      ",0,"0.000000                      ",0,"0.000000                      ",0,"0.000000                      ",0,"0.000000                      ",0,"0.000000                      ",0,"0.000000                      ",0,"0.000000                      ",1,"10.000000                     ",2,"20.000000                     ",4,"40.000000                     ",1,"10.000000                     ",1,"10.000000                     ",1,"10.000000                     "
"2005","74935","01","3619","0830","04","El/Sec    ","Y","Milwaukee","Wings Academy","Grades PreK-12","All Races","Both Genders","64",0,"0.000000                      ",0,"0.000000                      ",0,"0.000000                      ",0,"0.000000                      ",0,"0.000000                      ",4,"6.250000                      ",5,"7.812500                      ",5,"7.812500                      ",12,"18.750000                     ",12,"18.750000                     ",19,"29.687500                     ",4,"6.250000                      ",3,"4.687500                      ",0,"0.000000                      "
"2005","77160","01","3619","0852","04","Elem      ","Y","Milwaukee","Highland Community Sch","Grades PreK-12","All Races","Both Genders","108",50,"46.296200                     ",26,"24.074000                     ",9,"8.333300                      ",9,"8.333300                      ",14,"12.962900                     ",0,"0.000000                      ",0,"0.000000                      ",0,"0.000000                      ",0,"0.000000                      ",0,"0.000000                      ",0,"0.000000                      ",0,"0.000000                      ",0,"0.000000                      ",0,"0.000000                      "
"2005","79078","01","3619","0860","04","El/Sec    ","Y","Milwaukee","Milwaukee Leadership Training Center","Grades PreK-12","All Races","Both Genders","103",0,"0.000000                      ",0,"0.000000                      ",0,"0.000000                      ",0,"0.000000                      ",0,"0.000000                      ",0,"0.000000                      ",8,"7.766900                      ",11,"10.679600                     ",28,"27.184400                     ",33,"32.038800                     ",16,"15.533900                     ",4,"3.883400                      ",3,"2.912600                      ",0,"0.000000                      "
"2005","75257","01","3619","1049","04","High      ","N","Milwaukee","HR Academy/Global Awareness High Sch","Grades PreK-12","All Races","Both Genders","103",0,"0.000000                      ",0,"0.000000                      ",0,"0.000000                      ",0,"0.000000                      ",0,"0.000000                      ",0,"0.000000                      ",0,"0.000000                      ",0,"0.000000                      ",0,"0.000000                      ",0,"0.000000                      ",38,"36.893200                     ",31,"30.097000                     ",13,"12.621300                     ",21,"20.388300                     "
"2005","75258","01","3619","1052","04","Elem      ","Y","Milwaukee","Bruce Guadalupe Community School","Grades PreK-12","All Races","Both Genders","749",85,"11.348400                     ",86,"11.481900                     ",83,"11.081400                     ",74,"9.879800                      ",69,"9.212200                      ",80,"10.680900                     ",74,"9.879800                      ",67,"8.945200                      ",68,"9.078700                      ",63,"8.411200                      ",0,"0.000000                      ",0,"0.000000                      ",0,"0.000000                      ",0,"0.000000                      "
"2005","75259","01","3619","1053","04","Elem      ","N","Milwaukee","Guadalupe Head Start North","Grades PreK-12","All Races","Both Genders","15",14,"93.333300                     ",1,"6.666600                      ",0,"0.000000                      ",0,"0.000000                      ",0,"0.000000                      ",0,"0.000000                      ",0,"0.000000                      ",0,"0.000000                      ",0,"0.000000                      ",0,"0.000000                      ",0,"0.000000                      ",0,"0.000000                      ",0,"0.000000                      ",0,"0.000000                      "
"2005","75263","01","3619","1063","04","High      ","N","Milwaukee","ASSATA","Grades PreK-12","All Races","Both Genders","101",0,"0.000000                      ",0,"0.000000                      ",0,"0.000000                      ",0,"0.000000                      ",0,"0.000000                      ",0,"0.000000                      ",0,"0.000000                      ",0,"0.000000                      ",0,"0.000000                      ",0,"0.000000                      ",45,"44.554400                     ",26,"25.742500                     ",21,"20.792000                     ",9,"8.910800                      "
"2005","75264","01","3619","1064","04","High      ","N","Milwaukee","Aurora Weier Early College Bilingual","Grades PreK-12","All Races","Both Genders","69",0,"0.000000                      ",0,"0.000000                      ",0,"0.000000                      ",0,"0.000000                      ",0,"0.000000                      ",0,"0.000000                      ",0,"0.000000                      ",0,"0.000000                      ",0,"0.000000                      ",0,"0.000000                      ",27,"39.130400                     ",17,"24.637600                     ",19,"27.536200                     ",6,"8.695600                      "
"2005","75249","01","3619","1065","04","Mid/Jr Hi ","N","Milwaukee","Fritsche (LEAP)","Grades PreK-12","All Races","Both Genders","59",0,"0.000000                      ",0,"0.000000                      ",0,"0.000000                      ",0,"0.000000                      ",0,"0.000000                      ",0,"0.000000                      ",0,"0.000000                      ",24,"40.677900                     ",20,"33.898300                     ",15,"25.423700                     ",0,"0.000000                      ",0,"0.000000                      ",0,"0.000000                      ",0,"0.000000                      "
"2005","75250","01","3619","1066","04","High      ","N","Milwaukee","Loyola Academy","Grades PreK-12","All Races","Both Genders","91",0,"0.000000                      ",0,"0.000000                      ",0,"0.000000                      ",0,"0.000000                      ",0,"0.000000                      ",0,"0.000000                      ",0,"0.000000                      ",0,"0.000000                      ",0,"0.000000                      ",0,"0.000000                      ",30,"32.967000                     ",21,"23.076900                     ",28,"30.769200                     ",12,"13.186800                     "
"2005","79119","01","3619","1067","04","High      ","N","Milwaukee","MATC-Project Hold","Grades PreK-12","All Races","Both Genders","71",0,"0.000000                      ",0,"0.000000                      ",0,"0.000000                      ",0,"0.000000                      ",0,"0.000000                      ",0,"0.000000                      ",0,"0.000000                      ",0,"0.000000                      ",0,"0.000000                      ",0,"0.000000                      ",18,"25.352100                     ",21,"29.577400                     ",25,"35.211200                     ",7,"9.859100                      "
"2005","75251","01","3619","1068","04","High      ","N","Milwaukee","Spotted Eagle High (MAAIC)","Grades PreK-12","All Races","Both Genders","96",0,"0.000000                      ",0,"0.000000                      ",0,"0.000000                      ",0,"0.000000                      ",0,"0.000000                      ",0,"0.000000                      ",0,"0.000000                      ",0,"0.000000                      ",0,"0.000000                      ",0,"0.000000                      ",34,"35.416600                     ",25,"26.041600                     ",17,"17.708300                     ",20,"20.833300                     "
"2005","75252","01","3619","1069","04","High      ","N","Milwaukee","Milwaukee Spectrum School","Grades PreK-12","All Races","Both Genders","101",0,"0.000000                      ",0,"0.000000                      ",0,"0.000000                      ",0,"0.000000                      ",0,"0.000000                      ",0,"0.000000                      ",0,"0.000000                      ",0,"0.000000                      ",0,"0.000000                      ",0,"0.000000                      ",30,"29.702900                     ",25,"24.752400                     ",36,"35.643500                     ",10,"9.900900                      "
"2005","75253","01","3619","1071","04","High      ","N","Milwaukee","Cornerstone Achievement Academy Inc","Grades PreK-12","All Races","Both Genders","90",0,"0.000000                      ",0,"0.000000                      ",0,"0.000000                      ",0,"0.000000                      ",0,"0.000000                      ",0,"0.000000                      ",0,"0.000000                      ",0,"0.000000                      ",0,"0.000000                      ",0,"0.000000                      ",27,"30.000000                     ",22,"24.444400                     ",25,"27.777700                     ",16,"17.777700                     "
"2005","75254","01","3619","1072","04","High      ","N","Milwaukee","NOVA High","Grades PreK-12","All Races","Both Genders","49",0,"0.000000                      ",0,"0.000000                      ",0,"0.000000                      ",0,"0.000000                      ",0,"0.000000                      ",0,"0.000000                      ",0,"0.000000                      ",0,"0.000000                      ",0,"0.000000                      ",0,"0.000000                      ",18,"36.734600                     ",22,"44.897900                     ",5,"10.204000                     ",4,"8.163200                      "
"2005","79120","01","3619","1073","04","El/Sec    ","N","Milwaukee","Project Excel","Grades PreK-12","All Races","Both Genders","16",0,"0.000000                      ",0,"0.000000                      ",0,"0.000000                      ",0,"0.000000                      ",0,"0.000000                      ",0,"0.000000                      ",0,"0.000000                      ",0,"0.000000                      ",0,"0.000000                      ",3,"18.750000                     ",11,"68.750000                     ",1,"6.250000                      ",1,"6.250000                      ",0,"0.000000                      "
"2005","75255","01","3619","1074","04","High      ","N","Milwaukee","Shalom High","Grades PreK-12","All Races","Both Genders","102",0,"0.000000                      ",0,"0.000000                      ",0,"0.000000                      ",0,"0.000000                      ",0,"0.000000                      ",0,"0.000000                      ",0,"0.000000                      ",0,"0.000000                      ",0,"0.000000                      ",0,"0.000000                      ",12,"11.764700                     ",46,"45.098000                     ",31,"30.392100                     ",13,"12.745000                     "
"2005","75240","01","3619","1075","04","Mid/Jr Hi ","N","Milwaukee","Silver Spring Neighborhood","Grades PreK-12","All Races","Both Genders","80",0,"0.000000                      ",0,"0.000000                      ",0,"0.000000                      ",0,"0.000000                      ",0,"0.000000                      ",0,"0.000000                      ",0,"0.000000                      ",17,"21.250000                     ",40,"50.000000                     ",23,"28.750000                     ",0,"0.000000                      ",0,"0.000000                      ",0,"0.000000                      ",0,"0.000000                      "
"2005","75241","01","3619","1077","04","Mid/Jr Hi ","N","Milwaukee","Walker (SWELL)","Grades PreK-12","All Races","Both Genders","47",0,"0.000000                      ",0,"0.000000                      ",0,"0.000000                      ",0,"0.000000                      ",0,"0.000000                      ",0,"0.000000                      ",0,"0.000000                      ",9,"19.148900                     ",19,"40.425500                     ",19,"40.425500                     ",0,"0.000000                      ",0,"0.000000                      ",0,"0.000000                      ",0,"0.000000                      "
"2005","75242","01","3619","1078","04","El/Sec    ","N","Milwaukee","Lad Lake Ultra","Grades PreK-12","All Races","Both Genders","11",0,"0.000000                      ",0,"0.000000                      ",0,"0.000000                      ",0,"0.000000                      ",0,"0.000000                      ",0,"0.000000                      ",0,"0.000000                      ",0,"0.000000                      ",0,"0.000000                      ",1,"9.090900                      ",9,"81.818100                     ",1,"9.090900                      ",0,"0.000000                      ",0,"0.000000                      "
"2005","75243","01","3619","1079","04","Mid/Jr Hi ","N","Milwaukee","Sixth Street Academy (formerly UCC)","Grades PreK-12","All Races","Both Genders","86",0,"0.000000                      ",0,"0.000000                      ",0,"0.000000                      ",0,"0.000000                      ",0,"0.000000                      ",0,"0.000000                      ",0,"0.000000                      ",6,"6.976700                      ",28,"32.558100                     ",52,"60.465100                     ",0,"0.000000                      ",0,"0.000000                      ",0,"0.000000                      ",0,"0.000000                      "
"2005","78986","01","3619","1085","04","El/Sec    ","N","Milwaukee","St Charles Youth & Family Ex Ed","Grades PreK-12","All Races","Both Genders","38",0,"0.000000                      ",0,"0.000000                      ",0,"0.000000                      ",0,"0.000000                      ",0,"0.000000                      ",8,"21.052600                     ",8,"21.052600                     ",1,"2.631500                      ",8,"21.052600                     ",3,"7.894700                      ",3,"7.894700                      ",4,"10.526300                     ",3,"7.894700                      ",0,"0.000000                      "
"2005","75233","01","3619","1086","04","Mid/Jr Hi ","N","Milwaukee","Southeastern Education Center","Grades PreK-12","All Races","Both Genders","9",0,"0.000000                      ",0,"0.000000                      ",0,"0.000000                      ",0,"0.000000                      ",0,"0.000000                      ",0,"0.000000                      ",0,"0.000000                      ",3,"33.333300                     ",4,"44.444400                     ",2,"22.222200                     ",0,"0.000000                      ",0,"0.000000                      ",0,"0.000000                      ",0,"0.000000                      "
"2005","75227","01","3619","1091","04","Elem      ","N","Milwaukee","V E Carter Child Development","Grades PreK-12","All Races","Both Genders","67",65,"97.014900                     ",2,"2.985000                      ",0,"0.000000                      ",0,"0.000000                      ",0,"0.000000                      ",0,"0.000000                      ",0,"0.000000                      ",0,"0.000000                      ",0,"0.000000                      ",0,"0.000000                      ",0,"0.000000                      ",0,"0.000000                      ",0,"0.000000                      ",0,"0.000000                      "
"2005","75203","01","3619","1117","04","Mid/Jr Hi ","N","Milwaukee","HR Educational Possentem","Grades PreK-12","All Races","Both Genders","57",0,"0.000000                      ",0,"0.000000                      ",0,"0.000000                      ",0,"0.000000                      ",0,"0.000000                      ",0,"0.000000                      ",0,"0.000000                      ",3,"5.263100                      ",14,"24.561400                     ",40,"70.175400                     ",0,"0.000000                      ",0,"0.000000                      ",0,"0.000000                      ",0,"0.000000                      "
"2005","75204","01","3619","1118","04","High      ","N","Milwaukee","El Puente High","Grades PreK-12","All Races","Both Genders","103",0,"0.000000                      ",0,"0.000000                      ",0,"0.000000                      ",0,"0.000000                      ",0,"0.000000                      ",0,"0.000000                      ",0,"0.000000                      ",0,"0.000000                      ",0,"0.000000                      ",0,"0.000000                      ",38,"36.893200                     ",26,"25.242700                     ",17,"16.504800                     ",22,"21.359200                     "
"2005","75205","01","3619","1121","04","Elem      ","Y","Milwaukee","La Causa Charter School","Grades PreK-12","All Races","Both Genders","410",0,"0.000000                      ",77,"18.780400                     ",86,"20.975600                     ",43,"10.487800                     ",55,"13.414600                     ",42,"10.243900                     ",50,"12.195100                     ",39,"9.512100                      ",18,"4.390200                      ",0,"0.000000                      ",0,"0.000000                      ",0,"0.000000                      ",0,"0.000000                      ",0,"0.000000                      "
"2005","79107","01","3619","1141","04","Elem      ","N","Milwaukee","Next Door Charter","Grades PreK-12","All Races","Both Genders","94",79,"84.042500                     ",15,"15.957400                     ",0,"0.000000                      ",0,"0.000000                      ",0,"0.000000                      ",0,"0.000000                      ",0,"0.000000                      ",0,"0.000000                      ",0,"0.000000                      ",0,"0.000000                      ",0,"0.000000                      ",0,"0.000000                      ",0,"0.000000                      ",0,"0.000000                      "
"2005","75121","01","3619","1202","04","High      ","N","Milwaukee","Transition Success Center","Grades PreK-12","All Races","Both Genders","6",0,"0.000000                      ",0,"0.000000                      ",0,"0.000000                      ",0,"0.000000                      ",0,"0.000000                      ",0,"0.000000                      ",0,"0.000000                      ",0,"0.000000                      ",0,"0.000000                      ",0,"0.000000                      ",5,"83.333300                     ",1,"16.666600                     ",0,"0.000000                      ",0,"0.000000                      "
"2005","75037","01","3619","1257","04","Elem      ","N","Milwaukee","MPS Expansion Childhood Center","Grades PreK-12","All Races","Both Genders","16",16,"100.000000                    ",0,"0.000000                      ",0,"0.000000                      ",0,"0.000000                      ",0,"0.000000                      ",0,"0.000000                      ",0,"0.000000                      ",0,"0.000000                      ",0,"0.000000                      ",0,"0.000000                      ",0,"0.000000                      ",0,"0.000000                      ",0,"0.000000                      ",0,"0.000000                      "
"2005","75248","01","3619","1641","04","High      ","N","Milwaukee","Lad Lake Synergy North","Grades PreK-12","All Races","Both Genders","27",0,"0.000000                      ",0,"0.000000                      ",0,"0.000000                      ",0,"0.000000                      ",0,"0.000000                      ",0,"0.000000                      ",0,"0.000000                      ",0,"0.000000                      ",0,"0.000000                      ",0,"0.000000                      ",19,"70.370300                     ",6,"22.222200                     ",2,"7.407400                      ",0,"0.000000                      "
"2005","79536","01","3822","","03","Summary   ","N","Mukwonago","","Grades PreK-12","All Races","Both Genders","5106",65,"1.273000                      ",331,"6.482500                      ",334,"6.541300                      ",330,"6.462900                      ",348,"6.815500                      ",369,"7.226700                      ",370,"7.246300                      ",388,"7.598900                      ",411,"8.049300                      ",392,"7.677200                      ",458,"8.969800                      ",403,"7.892600                      ",470,"9.204800                      ",437,"8.558500                      "
"2005","79572","01","3822","0020","04","Elem      ","N","Mukwonago","Big Bend Elementary","Grades PreK-12","All Races","Both Genders","462",21,"4.545400                      ",58,"12.554100                     ",52,"11.255400                     ",60,"12.987000                     ",62,"13.419900                     ",68,"14.718600                     ",60,"12.987000                     ",81,"17.532400                     ",0,"0.000000                      ",0,"0.000000                      ",0,"0.000000                      ",0,"0.000000                      ",0,"0.000000                      ",0,"0.000000                      "
"2005","77532","01","3822","0030","04","Elem      ","N","Mukwonago","Clarendon Avenue Elementary","Grades PreK-12","All Races","Both Genders","561",8,"1.426000                      ",69,"12.299400                     ",78,"13.903700                     ",68,"12.121200                     ",70,"12.477700                     ",93,"16.577500                     ",77,"13.725400                     ",98,"17.468800                     ",0,"0.000000                      ",0,"0.000000                      ",0,"0.000000                      ",0,"0.000000                      ",0,"0.000000                      ",0,"0.000000                      "
"2005","77533","01","3822","0060","04","High      ","N","Mukwonago","Mukwonago High","Grades PreK-12","All Races","Both Genders","1768",0,"0.000000                      ",0,"0.000000                      ",0,"0.000000                      ",0,"0.000000                      ",0,"0.000000                      ",0,"0.000000                      ",0,"0.000000                      ",0,"0.000000                      ",0,"0.000000                      ",0,"0.000000                      ",458,"25.904900                     ",403,"22.794100                     ",470,"26.583700                     ",437,"24.717100                     "
"2005","77534","01","3822","0065","04","Mid/Jr Hi ","N","Mukwonago","Park View Middle","Grades PreK-12","All Races","Both Genders","803",0,"0.000000                      ",0,"0.000000                      ",0,"0.000000                      ",0,"0.000000                      ",0,"0.000000                      ",0,"0.000000                      ",0,"0.000000                      ",0,"0.000000                      ",411,"51.183000                     ",392,"48.816900                     ",0,"0.000000                      ",0,"0.000000                      ",0,"0.000000                      ",0,"0.000000                      "
"2005","77535","01","3822","0070","04","Elem      ","N","Mukwonago","Prairie View Elementary","Grades PreK-12","All Races","Both Genders","457",11,"2.407000                      ",60,"13.129100                     ",55,"12.035000                     ",59,"12.910200                     ",66,"14.442000                     ",61,"13.347900                     ",73,"15.973700                     ",72,"15.754900                     ",0,"0.000000                      ",0,"0.000000                      ",0,"0.000000                      ",0,"0.000000                      ",0,"0.000000                      ",0,"0.000000                      "
"2005","77536","01","3822","0080","04","Elem      ","N","Mukwonago","Section Elementary","Grades PreK-12","All Races","Both Genders","392",11,"2.806100                      ",63,"16.071400                     ",47,"11.989700                     ",51,"13.010200                     ",57,"14.540800                     ",51,"13.010200                     ",55,"14.030600                     ",57,"14.540800                     ",0,"0.000000                      ",0,"0.000000                      ",0,"0.000000                      ",0,"0.000000                      ",0,"0.000000                      ",0,"0.000000                      "
"2005","75081","01","3822","0100","04","Elem      ","N","Mukwonago","Rolling Hills Elementary","Grades PreK-12","All Races","Both Genders","567",14,"2.469100                      ",81,"14.285700                     ",86,"15.167500                     ",71,"12.522000                     ",72,"12.698400                     ",75,"13.227500                     ",88,"15.520200                     ",80,"14.109300                     ",0,"0.000000                      ",0,"0.000000                      ",0,"0.000000                      ",0,"0.000000                      ",0,"0.000000                      ",0,"0.000000                      "
"2005","79713","01","3822","0110","04","Elem      ","Y","Mukwonago","Eagleville Charter School","Grades PreK-12","All Races","Both Genders","96",0,"0.000000                      ",0,"0.000000                      ",16,"16.666600                     ",21,"21.875000                     ",21,"21.875000                     ",21,"21.875000                     ",17,"17.708300                     ",0,"0.000000                      ",0,"0.000000                      ",0,"0.000000                      ",0,"0.000000                      ",0,"0.000000                      ",0,"0.000000                      ",0,"0.000000                      "
"2005","77515","01","3857","","03","Summary   ","N","Muskego-Norway","","Grades PreK-12","All Races","Both Genders","4766",27,"0.566500                      ",333,"6.986900                      ",332,"6.966000                      ",298,"6.252600                      ",304,"6.378500                      ",333,"6.986900                      ",361,"7.574400                      ",333,"6.986900                      ",385,"8.078000                      ",355,"7.448500                      ",454,"9.525800                      ",408,"8.560600                      ",424,"8.896300                      ",419,"8.791400                      "
"2005","77524","01","3857","0010","04","Mid/Jr Hi ","N","Muskego-Norway","Bay Lane Middle","Grades PreK-12","All Races","Both Genders","658",0,"0.000000                      ",0,"0.000000                      ",0,"0.000000                      ",0,"0.000000                      ",0,"0.000000                      ",0,"0.000000                      ",151,"22.948300                     ",164,"24.924000                     ",179,"27.203600                     ",164,"24.924000                     ",0,"0.000000                      ",0,"0.000000                      ",0,"0.000000                      ",0,"0.000000                      "
"2005","77525","01","3857","0020","04","Elem      ","N","Muskego-Norway","Country Meadows Elementary","Grades PreK-12","All Races","Both Genders","289",16,"5.536300                      ",56,"19.377100                     ",59,"20.415200                     ",47,"16.262900                     ",53,"18.339100                     ",58,"20.069200                     ",0,"0.000000                      ",0,"0.000000                      ",0,"0.000000                      ",0,"0.000000                      ",0,"0.000000                      ",0,"0.000000                      ",0,"0.000000                      ",0,"0.000000                      "
"2005","77451","01","3857","0080","04","Elem      ","N","Muskego-Norway","Lakeview Elementary","Grades PreK-12","All Races","Both Genders","384",0,"0.000000                      ",79,"20.572900                     ",82,"21.354100                     ",80,"20.833300                     ",67,"17.447900                     ",76,"19.791600                     ",0,"0.000000                      ",0,"0.000000                      ",0,"0.000000                      ",0,"0.000000                      ",0,"0.000000                      ",0,"0.000000                      ",0,"0.000000                      ",0,"0.000000                      "
"2005","77526","01","3857","0100","04","Elem      ","N","Muskego-Norway","Mill Valley Elementary","Grades PreK-12","All Races","Both Genders","361",0,"0.000000                      ",69,"19.113500                     ",74,"20.498600                     ",66,"18.282500                     ",78,"21.606600                     ",74,"20.498600                     ",0,"0.000000                      ",0,"0.000000                      ",0,"0.000000                      ",0,"0.000000                      ",0,"0.000000                      ",0,"0.000000                      ",0,"0.000000                      ",0,"0.000000                      "
"2005","79537","01","3857","0140","04","Elem      ","N","Muskego-Norway","Muskego Elementary","Grades PreK-12","All Races","Both Genders","239",11,"4.602500                      ",55,"23.012500                     ",42,"17.573200                     ",36,"15.062700                     ",50,"20.920500                     ",45,"18.828400                     ",0,"0.000000                      ",0,"0.000000                      ",0,"0.000000                      ",0,"0.000000                      ",0,"0.000000                      ",0,"0.000000                      ",0,"0.000000                      ",0,"0.000000                      "
"2005","77527","01","3857","0180","04","High      ","N","Muskego-Norway","Muskego High","Grades PreK-12","All Races","Both Genders","1706",0,"0.000000                      ",0,"0.000000                      ",0,"0.000000                      ",0,"0.000000                      ",0,"0.000000                      ",0,"0.000000                      ",0,"0.000000                      ",0,"0.000000                      ",1,"0.058600                      ",0,"0.000000                      ",454,"26.611900                     ",408,"23.915500                     ",424,"24.853400                     ",419,"24.560300                     "
"2005","75126","01","3857","0200","04","Mid/Jr Hi ","N","Muskego-Norway","Lake Denoon Middle","Grades PreK-12","All Races","Both Genders","775",0,"0.000000                      ",0,"0.000000                      ",0,"0.000000                      ",0,"0.000000                      ",0,"0.000000                      ",0,"0.000000                      ",210,"27.096700                     ",169,"21.806400                     ",205,"26.451600                     ",191,"24.645100                     ",0,"0.000000                      ",0,"0.000000                      ",0,"0.000000                      ",0,"0.000000                      "
"2005","79533","01","3857","0220","04","Elem      ","N","Muskego-Norway","Tess Corners Elementary","Grades PreK-12","All Races","Both Genders","354",0,"0.000000                      ",74,"20.903900                     ",75,"21.186400                     ",69,"19.491500                     ",56,"15.819200                     ",80,"22.598800                     ",0,"0.000000                      ",0,"0.000000                      ",0,"0.000000                      ",0,"0.000000                      ",0,"0.000000                      ",0,"0.000000                      ",0,"0.000000                      ",0,"0.000000                      "
"2005","78958","01","3862","","03","Summary   ","N","Lake Country","","Grades PreK-12","All Races","Both Genders","514",2,"0.389100                      ",47,"9.143900                      ",58,"11.284000                     ",47,"9.143900                      ",53,"10.311200                     ",62,"12.062200                     ",58,"11.284000                     ",64,"12.451300                     ",62,"12.062200                     ",61,"11.867700                     ",0,"0.000000                      ",0,"0.000000                      ",0,"0.000000                      ",0,"0.000000                      "
"2005","77906","01","3862","0030","04","Elem      ","N","Lake Country","Lake Country Sch","Grades PreK-12","All Races","Both Genders","514",2,"0.389100                      ",47,"9.143900                      ",58,"11.284000                     ",47,"9.143900                      ",53,"10.311200                     ",62,"12.062200                     ",58,"11.284000                     ",64,"12.451300                     ",62,"12.062200                     ",61,"11.867700                     ",0,"0.000000                      ",0,"0.000000                      ",0,"0.000000                      ",0,"0.000000                      "
"2005","79532","01","3925","","03","Summary   ","N","New Berlin","","Grades PreK-12","All Races","Both Genders","4635",48,"1.035500                      ",347,"7.486500                      ",304,"6.558700                      ",334,"7.206000                      ",325,"7.011800                      ",295,"6.364600                      ",348,"7.508000                      ",308,"6.645000                      ",341,"7.357000                      ",367,"7.918000                      ",416,"8.975100                      ",401,"8.651500                      ",382,"8.241600                      ",419,"9.039900                      "
"2005","79541","01","3925","0040","04","Elem      ","N","New Berlin","Poplar Creek Elementary","Grades PreK-12","All Races","Both Genders","464",3,"0.646500                      ",52,"11.206800                     ",70,"15.086200                     ",61,"13.146500                     ",73,"15.732700                     ",59,"12.715500                     ",72,"15.517200                     ",74,"15.948200                     ",0,"0.000000                      ",0,"0.000000                      ",0,"0.000000                      ",0,"0.000000                      ",0,"0.000000                      ",0,"0.000000                      "
"2005","79534","01","3925","0050","04","High      ","N","New Berlin","Eisenhower High","Grades PreK-12","All Races","Both Genders","839",0,"0.000000                      ",0,"0.000000                      ",0,"0.000000                      ",0,"0.000000                      ",0,"0.000000                      ",0,"0.000000                      ",0,"0.000000                      ",0,"0.000000                      ",0,"0.000000                      ",0,"0.000000                      ",219,"26.102500                     ",207,"24.672200                     ",189,"22.526800                     ",224,"26.698400                     "
"2005","77516","01","3925","0055","04","Mid/Jr Hi ","N","New Berlin","Eisenhower Middle","Grades PreK-12","All Races","Both Genders","379",0,"0.000000                      ",0,"0.000000                      ",0,"0.000000                      ",0,"0.000000                      ",0,"0.000000                      ",0,"0.000000                      ",0,"0.000000                      ",0,"0.000000                      ",180,"47.493400                     ",199,"52.506500                     ",0,"0.000000                      ",0,"0.000000                      ",0,"0.000000                      ",0,"0.000000                      "
"2005","77517","01","3925","0060","04","Elem      ","N","New Berlin","Elmwood Elementary","Grades PreK-12","All Races","Both Genders","504",7,"1.388800                      ",83,"16.468200                     ",66,"13.095200                     ",76,"15.079300                     ",66,"13.095200                     ",63,"12.500000                     ",88,"17.460300                     ",55,"10.912600                     ",0,"0.000000                      ",0,"0.000000                      ",0,"0.000000                      ",0,"0.000000                      ",0,"0.000000                      ",0,"0.000000                      "
"2005","77518","01","3925","0080","04","Elem      ","N","New Berlin","Glen Park Elementary","Grades PreK-12","All Races","Both Genders","334",20,"5.988000                      ",44,"13.173600                     ",40,"11.976000                     ",47,"14.071800                     ",40,"11.976000                     ",45,"13.473000                     ",50,"14.970000                     ",48,"14.371200                     ",0,"0.000000                      ",0,"0.000000                      ",0,"0.000000                      ",0,"0.000000                      ",0,"0.000000                      ",0,"0.000000                      "
"2005","79535","01","3925","0120","04","Elem      ","N","New Berlin","New Berlin Center Elementary","Grades PreK-12","All Races","Both Genders","334",1,"0.299400                      ",50,"14.970000                     ",41,"12.275400                     ",50,"14.970000                     ",47,"14.071800                     ",49,"14.670600                     ",54,"16.167600                     ",42,"12.574800                     ",0,"0.000000                      ",0,"0.000000                      ",0,"0.000000                      ",0,"0.000000                      ",0,"0.000000                      ",0,"0.000000                      "
"2005","77548","01","3925","0140","04","High      ","N","New Berlin","New Berlin High","Grades PreK-12","All Races","Both Genders","779",0,"0.000000                      ",0,"0.000000                      ",0,"0.000000                      ",0,"0.000000                      ",0,"0.000000                      ",0,"0.000000                      ",0,"0.000000                      ",0,"0.000000                      ",0,"0.000000                      ",0,"0.000000                      ",197,"25.288800                     ",194,"24.903700                     ",193,"24.775300                     ",195,"25.032000                     "
"2005","77549","01","3925","0150","04","Mid/Jr Hi ","N","New Berlin","New Berlin Middle","Grades PreK-12","All Races","Both Genders","329",0,"0.000000                      ",0,"0.000000                      ",0,"0.000000                      ",0,"0.000000                      ",0,"0.000000                      ",0,"0.000000                      ",0,"0.000000                      ",0,"0.000000                      ",161,"48.936100                     ",168,"51.063800                     ",0,"0.000000                      ",0,"0.000000                      ",0,"0.000000                      ",0,"0.000000                      "
"2005","77519","01","3925","0160","04","Elem      ","N","New Berlin","Orchard Lane Elementary","Grades PreK-12","All Races","Both Genders","382",3,"0.785300                      ",75,"19.633500                     ",49,"12.827200                     ",61,"15.968500                     ",55,"14.397900                     ",43,"11.256500                     ",47,"12.303600                     ",49,"12.827200                     ",0,"0.000000                      ",0,"0.000000                      ",0,"0.000000                      ",0,"0.000000                      ",0,"0.000000                      ",0,"0.000000                      "
"2005","77550","01","3925","0180","04","Elem      ","N","New Berlin","Prospect Hill Elementary","Grades PreK-12","All Races","Both Genders","291",14,"4.810900                      ",43,"14.776600                     ",38,"13.058400                     ",39,"13.402000                     ",44,"15.120200                     ",36,"12.371100                     ",37,"12.714700                     ",40,"13.745700                     ",0,"0.000000                      ",0,"0.000000                      ",0,"0.000000                      ",0,"0.000000                      ",0,"0.000000                      ",0,"0.000000                      "
"2005","77523","01","3976","","03","Summary   ","N","Norris","","Grades PreK-12","All Races","Both Genders","61",0,"0.000000                      ",0,"0.000000                      ",0,"0.000000                      ",0,"0.000000                      ",0,"0.000000                      ",0,"0.000000                      ",0,"0.000000                      ",0,"0.000000                      ",3,"4.918000                      ",6,"9.836000                      ",28,"45.901600                     ",14,"22.950800                     ",5,"8.196700                      ",5,"8.196700                      "
"2005","77520","01","3976","0020","04","High      ","N","Norris","Norris High","Grades PreK-12","All Races","Both Genders","61",0,"0.000000                      ",0,"0.000000                      ",0,"0.000000                      ",0,"0.000000                      ",0,"0.000000                      ",0,"0.000000                      ",0,"0.000000                      ",0,"0.000000                      ",3,"4.918000                      ",6,"9.836000                      ",28,"45.901600                     ",14,"22.950800                     ",5,"8.196700                      ",5,"8.196700                      "
"2005","77502","01","4018","","03","Summary   ","N","Oak Creek-Franklin","","Grades PreK-12","All Races","Both Genders","5254",39,"0.742200                      ",354,"6.737700                      ",365,"6.947000                      ",362,"6.889900                      ",340,"6.471200                      ",356,"6.775700                      ",377,"7.175400                      ",378,"7.194500                      ",410,"7.803500                      ",437,"8.317400                      ",485,"9.231000                      ",466,"8.869400                      ",462,"8.793300                      ",423,"8.051000                      "
"2005","77508","01","4018","0010","04","Elem      ","N","Oak Creek-Franklin","Carollton Elementary","Grades PreK-12","All Races","Both Genders","427",0,"0.000000                      ",67,"15.690800                     ",65,"15.222400                     ",71,"16.627600                     ",61,"14.285700                     ",80,"18.735300                     ",83,"19.437900                     ",0,"0.000000                      ",0,"0.000000                      ",0,"0.000000                      ",0,"0.000000                      ",0,"0.000000                      ",0,"0.000000                      ",0,"0.000000                      "
"2005","77509","01","4018","0020","04","Elem      ","N","Oak Creek-Franklin","Cedar Hills Elementary","Grades PreK-12","All Races","Both Genders","310",0,"0.000000                      ",37,"11.935400                     ",48,"15.483800                     ",58,"18.709600                     ",55,"17.741900                     ",49,"15.806400                     ",63,"20.322500                     ",0,"0.000000                      ",0,"0.000000                      ",0,"0.000000                      ",0,"0.000000                      ",0,"0.000000                      ",0,"0.000000                      ",0,"0.000000                      "
"2005","77510","01","4018","0040","04","Elem      ","N","Oak Creek-Franklin","Edgewood Elementary","Grades PreK-12","All Races","Both Genders","377",39,"10.344800                     ",59,"15.649800                     ",65,"17.241300                     ",51,"13.527800                     ",51,"13.527800                     ",57,"15.119300                     ",55,"14.588800                     ",0,"0.000000                      ",0,"0.000000                      ",0,"0.000000                      ",0,"0.000000                      ",0,"0.000000                      ",0,"0.000000                      ",0,"0.000000                      "
"2005","77511","01","4018","0080","04","Elem      ","N","Oak Creek-Franklin","Meadowview Elementary","Grades PreK-12","All Races","Both Genders","517",0,"0.000000                      ",83,"16.054100                     ",85,"16.441000                     ",96,"18.568600                     ",85,"16.441000                     ",85,"16.441000                     ",83,"16.054100                     ",0,"0.000000                      ",0,"0.000000                      ",0,"0.000000                      ",0,"0.000000                      ",0,"0.000000                      ",0,"0.000000                      ",0,"0.000000                      "
"2005","77512","01","4018","0120","04","Mid/Jr Hi ","N","Oak Creek-Franklin","Oak Creek East Middle","Grades PreK-12","All Races","Both Genders","625",0,"0.000000                      ",0,"0.000000                      ",0,"0.000000                      ",0,"0.000000                      ",0,"0.000000                      ",0,"0.000000                      ",0,"0.000000                      ",189,"30.240000                     ",218,"34.880000                     ",218,"34.880000                     ",0,"0.000000                      ",0,"0.000000                      ",0,"0.000000                      ",0,"0.000000                      "
"2005","79530","01","4018","0130","04","Mid/Jr Hi ","N","Oak Creek-Franklin","Oak Creek West Middle","Grades PreK-12","All Races","Both Genders","600",0,"0.000000                      ",0,"0.000000                      ",0,"0.000000                      ",0,"0.000000                      ",0,"0.000000                      ",0,"0.000000                      ",0,"0.000000                      ",189,"31.500000                     ",192,"32.000000                     ",219,"36.500000                     ",0,"0.000000                      ",0,"0.000000                      ",0,"0.000000                      ",0,"0.000000                      "
"2005","77497","01","4018","0140","04","High      ","N","Oak Creek-Franklin","Oak Creek High","Grades PreK-12","All Races","Both Genders","1836",0,"0.000000                      ",0,"0.000000                      ",0,"0.000000                      ",0,"0.000000                      ",0,"0.000000                      ",0,"0.000000                      ",0,"0.000000                      ",0,"0.000000                      ",0,"0.000000                      ",0,"0.000000                      ",485,"26.416100                     ",466,"25.381200                     ",462,"25.163300                     ",423,"23.039200                     "
"2005","77498","01","4018","0200","04","Elem      ","N","Oak Creek-Franklin","Shepard Hills Elementary","Grades PreK-12","All Races","Both Genders","562",0,"0.000000                      ",108,"19.217000                     ",102,"18.149400                     ",86,"15.302400                     ",88,"15.658300                     ",85,"15.124500                     ",93,"16.548000                     ",0,"0.000000                      ",0,"0.000000                      ",0,"0.000000                      ",0,"0.000000                      ",0,"0.000000                      ",0,"0.000000                      ",0,"0.000000                      "
"2005","79012","01","4018","9801","4C","High      ","Y","Oak Creek-Franklin","Connects Learning Center","Grades PreK-12","All Races","Both Genders","0",0,"--                            ",0,"--                            ",0,"--                            ",0,"--                            ",0,"--                            ",0,"--                            ",0,"--                            ",0,"--                            ",0,"--                            ",0,"--                            ",0,"--                            ",0,"--                            ",0,"--                            ",0,"--                            "
"2005","79600","01","4060","","03","Summary   ","N","Oconomowoc Area","","Grades PreK-12","All Races","Both Genders","4234",215,"5.077900                      ",301,"7.109100                      ",252,"5.951800                      ",297,"7.014600                      ",246,"5.810100                      ",263,"6.211600                      ",290,"6.849300                      ",281,"6.636700                      ",292,"6.896500                      ",323,"7.628700                      ",389,"9.187500                      ",356,"8.408100                      ",351,"8.290000                      ",378,"8.927700                      "
"2005","77813","01","4060","0060","04","Elem      ","N","Oconomowoc Area","Greenland Elementary","Grades PreK-12","All Races","Both Genders","459",52,"11.328900                     ",58,"12.636100                     ",52,"11.328900                     ",64,"13.943300                     ",49,"10.675300                     ",62,"13.507600                     ",68,"14.814800                     ",54,"11.764700                     ",0,"0.000000                      ",0,"0.000000                      ",0,"0.000000                      ",0,"0.000000                      ",0,"0.000000                      ",0,"0.000000                      "
"2005","77879","01","4060","0080","04","Elem      ","N","Oconomowoc Area","Ixonia Elementary","Grades PreK-12","All Races","Both Genders","175",25,"14.285700                     ",21,"12.000000                     ",22,"12.571400                     ",28,"16.000000                     ",25,"14.285700                     ",11,"6.285700                      ",21,"12.000000                     ",22,"12.571400                     ",0,"0.000000                      ",0,"0.000000                      ",0,"0.000000                      ",0,"0.000000                      ",0,"0.000000                      ",0,"0.000000                      "
"2005","77798","01","4060","0090","04","Elem      ","N","Oconomowoc Area","Meadow View Elementary","Grades PreK-12","All Races","Both Genders","478",53,"11.087800                     ",70,"14.644300                     ",60,"12.552300                     ",70,"14.644300                     ",46,"9.623400                      ",62,"12.970700                     ",66,"13.807500                     ",51,"10.669400                     ",0,"0.000000                      ",0,"0.000000                      ",0,"0.000000                      ",0,"0.000000                      ",0,"0.000000                      ",0,"0.000000                      "
"2005","77799","01","4060","0130","04","High      ","N","Oconomowoc Area","Oconomowoc High","Grades PreK-12","All Races","Both Genders","1474",0,"0.000000                      ",0,"0.000000                      ",0,"0.000000                      ",0,"0.000000                      ",0,"0.000000                      ",0,"0.000000                      ",0,"0.000000                      ",0,"0.000000                      ",0,"0.000000                      ",0,"0.000000                      ",389,"26.390700                     ",356,"24.151900                     ",351,"23.812700                     ",378,"25.644500                     "
"2005","77800","01","4060","0135","04","Mid/Jr Hi ","N","Oconomowoc Area","Oconomowoc Middle","Grades PreK-12","All Races","Both Genders","669",0,"0.000000                      ",0,"0.000000                      ",0,"0.000000                      ",0,"0.000000                      ",0,"0.000000                      ",0,"0.000000                      ",0,"0.000000                      ",54,"8.071700                      ",292,"43.647200                     ",323,"48.281000                     ",0,"0.000000                      ",0,"0.000000                      ",0,"0.000000                      ",0,"0.000000                      "
"2005","79602","01","4060","0160","04","Elem      ","N","Oconomowoc Area","Park Lawn Elementary","Grades PreK-12","All Races","Both Genders","543",32,"5.893100                      ",95,"17.495300                     ",70,"12.891300                     ",80,"14.732900                     ",77,"14.180400                     ",75,"13.812100                     ",72,"13.259600                     ",42,"7.734800                      ",0,"0.000000                      ",0,"0.000000                      ",0,"0.000000                      ",0,"0.000000                      ",0,"0.000000                      ",0,"0.000000                      "
"2005","77801","01","4060","0180","04","Elem      ","N","Oconomowoc Area","Summit Elementary","Grades PreK-12","All Races","Both Genders","436",53,"12.155900                     ",57,"13.073300                     ",48,"11.009100                     ",55,"12.614600                     ",49,"11.238500                     ",53,"12.155900                     ",63,"14.449500                     ",58,"13.302700                     ",0,"0.000000                      ",0,"0.000000                      ",0,"0.000000                      ",0,"0.000000                      ",0,"0.000000                      ",0,"0.000000                      "
"2005","77787","01","4312","","03","Summary   ","N","Pewaukee","","Grades PreK-12","All Races","Both Genders","2215",27,"1.218900                      ",162,"7.313700                      ",151,"6.817100                      ",143,"6.455900                      ",168,"7.584600                      ",151,"6.817100                      ",182,"8.216700                      ",135,"6.094800                      ",182,"8.216700                      ",181,"8.171500                      ",214,"9.661300                      ",168,"7.584600                      ",198,"8.939000                      ",153,"6.907400                      "
"2005","77797","01","4312","0040","04","Elem      ","N","Pewaukee","Horizon School","Grades PreK-12","All Races","Both Genders","468",0,"0.000000                      ",0,"0.000000                      ",0,"0.000000                      ",0,"0.000000                      ",0,"0.000000                      ",151,"32.264900                     ",182,"38.888800                     ",135,"28.846100                     ",0,"0.000000                      ",0,"0.000000                      ",0,"0.000000                      ",0,"0.000000                      ",0,"0.000000                      ",0,"0.000000                      "
"2005","77782","01","4312","0060","04","Elem      ","N","Pewaukee","Pewaukee Lake Elementary","Grades PreK-12","All Races","Both Genders","651",27,"4.147400                      ",162,"24.884700                     ",151,"23.195000                     ",143,"21.966200                     ",168,"25.806400                     ",0,"0.000000                      ",0,"0.000000                      ",0,"0.000000                      ",0,"0.000000                      ",0,"0.000000                      ",0,"0.000000                      ",0,"0.000000                      ",0,"0.000000                      ",0,"0.000000                      "
"2005","77783","01","4312","0080","04","High      ","N","Pewaukee","Pewaukee High","Grades PreK-12","All Races","Both Genders","733",0,"0.000000                      ",0,"0.000000                      ",0,"0.000000                      ",0,"0.000000                      ",0,"0.000000                      ",0,"0.000000                      ",0,"0.000000                      ",0,"0.000000                      ",0,"0.000000                      ",0,"0.000000                      ",214,"29.195000                     ",168,"22.919500                     ",198,"27.012200                     ",153,"20.873100                     "
"2005","79598","01","4312","0100","04","Mid/Jr Hi ","N","Pewaukee","Asa Clark Middle","Grades PreK-12","All Races","Both Genders","363",0,"0.000000                      ",0,"0.000000                      ",0,"0.000000                      ",0,"0.000000                      ",0,"0.000000                      ",0,"0.000000                      ",0,"0.000000                      ",0,"0.000000                      ",182,"50.137700                     ",181,"49.862200                     ",0,"0.000000                      ",0,"0.000000                      ",0,"0.000000                      ",0,"0.000000                      "
"2005","79595","01","4515","","03","Summary   ","N","Port Washington-Saukville","","Grades PreK-12","All Races","Both Genders","2671",38,"1.422600                      ",209,"7.824700                      ",176,"6.589200                      ",182,"6.813900                      ",183,"6.851300                      ",178,"6.664100                      ",189,"7.076000                      ",173,"6.476900                      ",194,"7.263100                      ",200,"7.487800                      ",238,"8.910500                      ",245,"9.172500                      ",235,"8.798200                      ",231,"8.648400                      "
"2005","77779","01","4515","0040","04","Elem      ","N","Port Washington-Saukville","Dunwiddie Elementary","Grades PreK-12","All Races","Both Genders","258",14,"5.426300                      ",56,"21.705400                     ",40,"15.503800                     ",44,"17.054200                     ",50,"19.379800                     ",54,"20.930200                     ",0,"0.000000                      ",0,"0.000000                      ",0,"0.000000                      ",0,"0.000000                      ",0,"0.000000                      ",0,"0.000000                      ",0,"0.000000                      ",0,"0.000000                      "
"2005","77780","01","4515","0060","04","Elem      ","N","Port Washington-Saukville","Lincoln Elementary","Grades PreK-12","All Races","Both Genders","404",20,"4.950400                      ",80,"19.801900                     ",77,"19.059400                     ",79,"19.554400                     ",81,"20.049500                     ",67,"16.584100                     ",0,"0.000000                      ",0,"0.000000                      ",0,"0.000000                      ",0,"0.000000                      ",0,"0.000000                      ",0,"0.000000                      ",0,"0.000000                      ",0,"0.000000                      "
"2005","79597","01","4515","0100","04","High      ","N","Port Washington-Saukville","Port Washington High","Grades PreK-12","All Races","Both Genders","949",0,"0.000000                      ",0,"0.000000                      ",0,"0.000000                      ",0,"0.000000                      ",0,"0.000000                      ",0,"0.000000                      ",0,"0.000000                      ",0,"0.000000                      ",0,"0.000000                      ",0,"0.000000                      ",238,"25.079000                     ",245,"25.816600                     ",235,"24.762900                     ",231,"24.341400                     "
"2005","77762","01","4515","0120","04","Elem      ","N","Port Washington-Saukville","Saukville Elementary","Grades PreK-12","All Races","Both Genders","304",4,"1.315700                      ",73,"24.013100                     ",59,"19.407800                     ",59,"19.407800                     ",52,"17.105200                     ",57,"18.750000                     ",0,"0.000000                      ",0,"0.000000                      ",0,"0.000000                      ",0,"0.000000                      ",0,"0.000000                      ",0,"0.000000                      ",0,"0.000000                      ",0,"0.000000                      "
"2005","77781","01","4515","0140","04","Mid/Jr Hi ","N","Port Washington-Saukville","Thomas Jefferson Middle","Grades PreK-12","All Races","Both Genders","756",0,"0.000000                      ",0,"0.000000                      ",0,"0.000000                      ",0,"0.000000                      ",0,"0.000000                      ",0,"0.000000                      ",189,"25.000000                     ",173,"22.883500                     ",194,"25.661300                     ",200,"26.455000                     ",0,"0.000000                      ",0,"0.000000                      ",0,"0.000000                      ",0,"0.000000                      "
"2005","77126","01","4620","","03","Summary   ","N","Racine","","Grades PreK-12","All Races","Both Genders","21244",515,"2.424200                      ",1519,"7.150200                      ",1552,"7.305500                      ",1548,"7.286700                      ",1497,"7.046600                      ",1478,"6.957200                      ",1492,"7.023100                      ",1473,"6.933700                      ",1569,"7.385600                      ",1642,"7.729200                      ",1744,"8.209300                      ",1719,"8.091600                      ",1717,"8.082200                      ",1779,"8.374100                      "
"2005","77142","01","4620","0106","04","Elem      ","N","Racine","Fine Arts Elementary","Grades PreK-12","All Races","Both Genders","329",0,"0.000000                      ",52,"15.805400                     ",51,"15.501500                     ",52,"15.805400                     ",49,"14.893600                     ",76,"23.100300                     ",49,"14.893600                     ",0,"0.000000                      ",0,"0.000000                      ",0,"0.000000                      ",0,"0.000000                      ",0,"0.000000                      ",0,"0.000000                      ",0,"0.000000                      "
"2005","77143","01","4620","0111","04","Elem      ","N","Racine","Jones Elementary","Grades PreK-12","All Races","Both Genders","465",33,"7.096700                      ",76,"16.344000                     ",61,"13.118200                     ",73,"15.698900                     ",75,"16.129000                     ",74,"15.913900                     ",73,"15.698900                     ",0,"0.000000                      ",0,"0.000000                      ",0,"0.000000                      ",0,"0.000000                      ",0,"0.000000                      ",0,"0.000000                      ",0,"0.000000                      "
"2005","77149","01","4620","0112","04","Elem      ","N","Racine","O Brown Elementary","Grades PreK-12","All Races","Both Genders","443",48,"10.835200                     ",65,"14.672600                     ",73,"16.478500                     ",71,"16.027000                     ",56,"12.641000                     ",70,"15.801300                     ",60,"13.544000                     ",0,"0.000000                      ",0,"0.000000                      ",0,"0.000000                      ",0,"0.000000                      ",0,"0.000000                      ",0,"0.000000                      ",0,"0.000000                      "
"2005","77127","01","4620","0118","04","Elem      ","N","Racine","Fratt Elementary","Grades PreK-12","All Races","Both Genders","533",0,"0.000000                      ",81,"15.196900                     ",91,"17.073100                     ",90,"16.885500                     ",82,"15.384600                     ",91,"17.073100                     ",98,"18.386400                     ",0,"0.000000                      ",0,"0.000000                      ",0,"0.000000                      ",0,"0.000000                      ",0,"0.000000                      ",0,"0.000000                      ",0,"0.000000                      "
"2005","77121","01","4620","0119","04","Elem      ","N","Racine","Gifford Elementary","Grades PreK-12","All Races","Both Genders","837",16,"1.911500                      ",137,"16.367900                     ",142,"16.965300                     ",146,"17.443200                     ",145,"17.323700                     ",115,"13.739500                     ",136,"16.248500                     ",0,"0.000000                      ",0,"0.000000                      ",0,"0.000000                      ",0,"0.000000                      ",0,"0.000000                      ",0,"0.000000                      ",0,"0.000000                      "
"2005","77128","01","4620","0121","04","Elem      ","N","Racine","Giese Elementary","Grades PreK-12","All Races","Both Genders","341",0,"0.000000                      ",68,"19.941300                     ",61,"17.888500                     ",58,"17.008700                     ",46,"13.489700                     ",51,"14.956000                     ",57,"16.715500                     ",0,"0.000000                      ",0,"0.000000                      ",0,"0.000000                      ",0,"0.000000                      ",0,"0.000000                      ",0,"0.000000                      ",0,"0.000000                      "
"2005","77122","01","4620","0122","04","Elem      ","N","Racine","Goodland Elementary","Grades PreK-12","All Races","Both Genders","341",32,"9.384100                      ",49,"14.369500                     ",51,"14.956000                     ",47,"13.782900                     ",55,"16.129000                     ",59,"17.302000                     ",48,"14.076200                     ",0,"0.000000                      ",0,"0.000000                      ",0,"0.000000                      ",0,"0.000000                      ",0,"0.000000                      ",0,"0.000000                      ",0,"0.000000                      "
"2005","77144","01","4620","0130","04","Elem      ","N","Racine","Janes Elementary","Grades PreK-12","All Races","Both Genders","394",0,"0.000000                      ",75,"19.035500                     ",75,"19.035500                     ",69,"17.512600                     ",63,"15.989800                     ",61,"15.482200                     ",51,"12.944100                     ",0,"0.000000                      ",0,"0.000000                      ",0,"0.000000                      ",0,"0.000000                      ",0,"0.000000                      ",0,"0.000000                      ",0,"0.000000                      "
"2005","79445","01","4620","0132","04","Elem      ","N","Racine","Jefferson Lighthouse Elementary","Grades PreK-12","All Races","Both Genders","542",0,"0.000000                      ",58,"10.701100                     ",94,"17.343100                     ",102,"18.819100                     ",97,"17.896600                     ",97,"17.896600                     ",94,"17.343100                     ",0,"0.000000                      ",0,"0.000000                      ",0,"0.000000                      ",0,"0.000000                      ",0,"0.000000                      ",0,"0.000000                      ",0,"0.000000                      "
"2005","79447","01","4620","0134","04","Elem      ","N","Racine","Jerstad-Agerholm Elementary","Grades PreK-12","All Races","Both Genders","334",0,"0.000000                      ",55,"16.467000                     ",50,"14.970000                     ",51,"15.269400                     ",54,"16.167600                     ",51,"15.269400                     ",73,"21.856200                     ",0,"0.000000                      ",0,"0.000000                      ",0,"0.000000                      ",0,"0.000000                      ",0,"0.000000                      ",0,"0.000000                      ",0,"0.000000                      "
"2005","77129","01","4620","0136","04","Elem      ","N","Racine","Johnson Elementary","Grades PreK-12","All Races","Both Genders","407",0,"0.000000                      ",57,"14.004900                     ",89,"21.867300                     ",57,"14.004900                     ",74,"18.181800                     ",53,"13.022100                     ",77,"18.918900                     ",0,"0.000000                      ",0,"0.000000                      ",0,"0.000000                      ",0,"0.000000                      ",0,"0.000000                      ",0,"0.000000                      ",0,"0.000000                      "
"2005","79437","01","4620","0138","04","Elem      ","N","Racine","Knapp Elementary","Grades PreK-12","All Races","Both Genders","516",50,"9.689900                      ",86,"16.666600                     ",74,"14.341000                     ",74,"14.341000                     ",69,"13.372000                     ",91,"17.635600                     ",72,"13.953400                     ",0,"0.000000                      ",0,"0.000000                      ",0,"0.000000                      ",0,"0.000000                      ",0,"0.000000                      ",0,"0.000000                      ",0,"0.000000                      "
"2005","77145","01","4620","0148","04","Elem      ","N","Racine","Mitchell Elementary","Grades PreK-12","All Races","Both Genders","457",3,"0.656400                      ",94,"20.568900                     ",72,"15.754900                     ",78,"17.067800                     ",70,"15.317200                     ",74,"16.192500                     ",66,"14.442000                     ",0,"0.000000                      ",0,"0.000000                      ",0,"0.000000                      ",0,"0.000000                      ",0,"0.000000                      ",0,"0.000000                      ",0,"0.000000                      "
"2005","77150","01","4620","0150","04","Elem      ","N","Racine","North Park Elementary","Grades PreK-12","All Races","Both Genders","413",14,"3.389800                      ",61,"14.769900                     ",69,"16.707000                     ",74,"17.917600                     ",76,"18.401900                     ",67,"16.222700                     ",52,"12.590700                     ",0,"0.000000                      ",0,"0.000000                      ",0,"0.000000                      ",0,"0.000000                      ",0,"0.000000                      ",0,"0.000000                      ",0,"0.000000                      "
"2005","77151","01","4620","0154","04","Elem      ","N","Racine","Roosevelt Elementary","Grades PreK-12","All Races","Both Genders","435",0,"0.000000                      ",68,"15.632100                     ",73,"16.781600                     ",84,"19.310300                     ",79,"18.160900                     ",61,"14.022900                     ",70,"16.091900                     ",0,"0.000000                      ",0,"0.000000                      ",0,"0.000000                      ",0,"0.000000                      ",0,"0.000000                      ",0,"0.000000                      ",0,"0.000000                      "
"2005","77123","01","4620","0162","04","Elem      ","N","Racine","Wadewitz Elementary","Grades PreK-12","All Races","Both Genders","610",56,"9.180300                      ",97,"15.901600                     ",98,"16.065500                     ",89,"14.590100                     ",93,"15.245900                     ",85,"13.934400                     ",92,"15.081900                     ",0,"0.000000                      ",0,"0.000000                      ",0,"0.000000                      ",0,"0.000000                      ",0,"0.000000                      ",0,"0.000000                      ",0,"0.000000                      "
"2005","77105","01","4620","0164","04","Elem      ","N","Racine","West Ridge Elementary","Grades PreK-12","All Races","Both Genders","451",0,"0.000000                      ",72,"15.964500                     ",69,"15.299300                     ",85,"18.847000                     ",68,"15.077600                     ",79,"17.516600                     ",78,"17.294900                     ",0,"0.000000                      ",0,"0.000000                      ",0,"0.000000                      ",0,"0.000000                      ",0,"0.000000                      ",0,"0.000000                      ",0,"0.000000                      "
"2005","77475","01","4620","0166","04","Elem      ","N","Racine","Schulte Elementary","Grades PreK-12","All Races","Both Genders","393",0,"0.000000                      ",58,"14.758200                     ",61,"15.521600                     ",66,"16.793800                     ",62,"15.776000                     ",72,"18.320600                     ",74,"18.829500                     ",0,"0.000000                      ",0,"0.000000                      ",0,"0.000000                      ",0,"0.000000                      ",0,"0.000000                      ",0,"0.000000                      ",0,"0.000000                      "
"2005","77146","01","4620","0168","04","Elem      ","N","Racine","Wind Point Elementary","Grades PreK-12","All Races","Both Genders","236",0,"0.000000                      ",31,"13.135500                     ",48,"20.338900                     ",45,"19.067700                     ",42,"17.796600                     ",30,"12.711800                     ",40,"16.949100                     ",0,"0.000000                      ",0,"0.000000                      ",0,"0.000000                      ",0,"0.000000                      ",0,"0.000000                      ",0,"0.000000                      ",0,"0.000000                      "
"2005","79441","01","4620","0170","04","Elem      ","N","Racine","Winslow Elementary","Grades PreK-12","All Races","Both Genders","266",16,"6.015000                      ",61,"22.932300                     ",41,"15.413500                     ",34,"12.781900                     ",42,"15.789400                     ",31,"11.654100                     ",41,"15.413500                     ",0,"0.000000                      ",0,"0.000000                      ",0,"0.000000                      ",0,"0.000000                      ",0,"0.000000                      ",0,"0.000000                      ",0,"0.000000                      "
"2005","77124","01","4620","0172","04","Elem      ","N","Racine","P-COC","Grades PreK-12","All Races","Both Genders","45",45,"100.000000                    ",0,"0.000000                      ",0,"0.000000                      ",0,"0.000000                      ",0,"0.000000                      ",0,"0.000000                      ",0,"0.000000                      ",0,"0.000000                      ",0,"0.000000                      ",0,"0.000000                      ",0,"0.000000                      ",0,"0.000000                      ",0,"0.000000                      ",0,"0.000000                      "
"2005","77152","01","4620","0174","04","Elem      ","N","Racine","Red Apple Elementary","Grades PreK-12","All Races","Both Genders","456",156,"34.210500                     ",58,"12.719200                     ",50,"10.964900                     ",51,"11.184200                     ",49,"10.745600                     ",46,"10.087700                     ",46,"10.087700                     ",0,"0.000000                      ",0,"0.000000                      ",0,"0.000000                      ",0,"0.000000                      ",0,"0.000000                      ",0,"0.000000                      ",0,"0.000000                      "
"2005","79649","01","4620","0280","04","Mid/Jr Hi ","N","Racine","Gilmore Middle","Grades PreK-12","All Races","Both Genders","824",0,"0.000000                      ",0,"0.000000                      ",0,"0.000000                      ",0,"0.000000                      ",0,"0.000000                      ",0,"0.000000                      ",0,"0.000000                      ",257,"31.189300                     ",283,"34.344600                     ",284,"34.466000                     ",0,"0.000000                      ",0,"0.000000                      ",0,"0.000000                      ",0,"0.000000                      "
"2005","77153","01","4620","0282","04","Mid/Jr Hi ","N","Racine","Jerstad-Agerholm Middle","Grades PreK-12","All Races","Both Genders","810",0,"0.000000                      ",0,"0.000000                      ",0,"0.000000                      ",0,"0.000000                      ",0,"0.000000                      ",0,"0.000000                      ",0,"0.000000                      ",270,"33.333300                     ",276,"34.074000                     ",264,"32.592500                     ",0,"0.000000                      ",0,"0.000000                      ",0,"0.000000                      ",0,"0.000000                      "
"2005","77114","01","4620","0284","04","Mid/Jr Hi ","Y","Racine","McKinley Middle","Grades PreK-12","All Races","Both Genders","911",0,"0.000000                      ",0,"0.000000                      ",0,"0.000000                      ",0,"0.000000                      ",0,"0.000000                      ",0,"0.000000                      ",0,"0.000000                      ",284,"31.174500                     ",307,"33.699200                     ",320,"35.126200                     ",0,"0.000000                      ",0,"0.000000                      ",0,"0.000000                      ",0,"0.000000                      "
"2005","77130","01","4620","0285","04","Elem      ","N","Racine","Walden III Middle","Grades PreK-12","All Races","Both Genders","223",0,"0.000000                      ",0,"0.000000                      ",0,"0.000000                      ",0,"0.000000                      ",0,"0.000000                      ",0,"0.000000                      ",0,"0.000000                      ",75,"33.632200                     ",74,"33.183800                     ",74,"33.183800                     ",0,"0.000000                      ",0,"0.000000                      ",0,"0.000000                      ",0,"0.000000                      "
"2005","77131","01","4620","0286","04","Mid/Jr Hi ","N","Racine","Mitchell Middle","Grades PreK-12","All Races","Both Genders","935",0,"0.000000                      ",0,"0.000000                      ",0,"0.000000                      ",0,"0.000000                      ",0,"0.000000                      ",0,"0.000000                      ",0,"0.000000                      ",283,"30.267300                     ",318,"34.010600                     ",334,"35.721900                     ",0,"0.000000                      ",0,"0.000000                      ",0,"0.000000                      ",0,"0.000000                      "
"2005","77115","01","4620","0288","04","Mid/Jr Hi ","N","Racine","Starbuck Middle","Grades PreK-12","All Races","Both Genders","839",0,"0.000000                      ",0,"0.000000                      ",0,"0.000000                      ",0,"0.000000                      ",0,"0.000000                      ",0,"0.000000                      ",0,"0.000000                      ",281,"33.492200                     ",284,"33.849800                     ",274,"32.657900                     ",0,"0.000000                      ",0,"0.000000                      ",0,"0.000000                      ",0,"0.000000                      "
"2005","80216","01","4620","0490","04","High      ","N","Racine","Keith R Mack Achievement Center","Grades PreK-12","All Races","Both Genders","131",0,"0.000000                      ",0,"0.000000                      ",0,"0.000000                      ",0,"0.000000                      ",0,"0.000000                      ",0,"0.000000                      ",0,"0.000000                      ",0,"0.000000                      ",7,"5.343500                      ",6,"4.580100                      ",2,"1.526700                      ",14,"10.687000                     ",35,"26.717500                     ",67,"51.145000                     "
"2005","77106","01","4620","0491","04","High      ","N","Racine","Case High","Grades PreK-12","All Races","Both Genders","2053",0,"0.000000                      ",0,"0.000000                      ",0,"0.000000                      ",0,"0.000000                      ",0,"0.000000                      ",0,"0.000000                      ",0,"0.000000                      ",0,"0.000000                      ",0,"0.000000                      ",1,"0.048700                      ",501,"24.403300                     ",540,"26.302900                     ",515,"25.085200                     ",496,"24.159700                     "
"2005","77125","01","4620","0492","04","High      ","N","Racine","Horlick High","Grades PreK-12","All Races","Both Genders","2154",0,"0.000000                      ",0,"0.000000                      ",0,"0.000000                      ",0,"0.000000                      ",0,"0.000000                      ",0,"0.000000                      ",0,"0.000000                      ",0,"0.000000                      ",0,"0.000000                      ",20,"0.928500                      ",541,"25.116000                     ",515,"23.909000                     ",514,"23.862500                     ",564,"26.183800                     "
"2005","79442","01","4620","0494","04","High      ","N","Racine","Park High","Grades PreK-12","All Races","Both Genders","2287",0,"0.000000                      ",0,"0.000000                      ",0,"0.000000                      ",0,"0.000000                      ",0,"0.000000                      ",0,"0.000000                      ",0,"0.000000                      ",0,"0.000000                      ",0,"0.000000                      ",0,"0.000000                      ",601,"26.278900                     ",556,"24.311300                     ",554,"24.223800                     ",576,"25.185800                     "
"2005","77133","01","4620","0499","04","High      ","N","Racine","Walden III High","Grades PreK-12","All Races","Both Genders","281",0,"0.000000                      ",0,"0.000000                      ",0,"0.000000                      ",0,"0.000000                      ",0,"0.000000                      ",0,"0.000000                      ",0,"0.000000                      ",0,"0.000000                      ",0,"0.000000                      ",0,"0.000000                      ",75,"26.690300                     ",71,"25.266900                     ",75,"26.690300                     ",60,"21.352300                     "
"2005","79027","01","4620","0720","04","Elem      ","N","Racine","Julian Thomas Elementary","Grades PreK-12","All Races","Both Genders","357",46,"12.885100                     ",60,"16.806700                     ",59,"16.526600                     ",52,"14.565800                     ",51,"14.285700                     ",44,"12.324900                     ",45,"12.605000                     ",0,"0.000000                      ",0,"0.000000                      ",0,"0.000000                      ",0,"0.000000                      ",0,"0.000000                      ",0,"0.000000                      ",0,"0.000000                      "
"2005","79083","01","4620","0800","04","El/Sec    ","Y","Racine","The REAL School","Grades PreK-12","All Races","Both Genders","195",0,"0.000000                      ",0,"0.000000                      ",0,"0.000000                      ",0,"0.000000                      ",0,"0.000000                      ",0,"0.000000                      ",0,"0.000000                      ",23,"11.794800                     ",20,"10.256400                     ",65,"33.333300                     ",24,"12.307600                     ",23,"11.794800                     ",24,"12.307600                     ",16,"8.205100                      "
"2005","77148","01","5026","","03","Summary   ","N","Saint Francis","","Grades PreK-12","All Races","Both Genders","1426",55,"3.856900                      ",86,"6.030800                      ",78,"5.469800                      ",77,"5.399700                      ",86,"6.030800                      ",92,"6.451600                      ",84,"5.890600                      ",92,"6.451600                      ",107,"7.503500                      ",103,"7.223000                      ",181,"12.692800                     ",143,"10.028000                     ",117,"8.204700                      ",125,"8.765700                      "
"2005","77161","01","5026","0020","04","Elem      ","N","Saint Francis","Deer Creek Intermediate Sch","Grades PreK-12","All Races","Both Genders","440",32,"7.272700                      ",48,"10.909000                     ",38,"8.636300                      ",37,"8.409000                      ",40,"9.090900                      ",44,"10.000000                     ",46,"10.454500                     ",45,"10.227200                     ",53,"12.045400                     ",57,"12.954500                     ",0,"0.000000                      ",0,"0.000000                      ",0,"0.000000                      ",0,"0.000000                      "
"2005","77162","01","5026","0040","04","High      ","N","Saint Francis","Saint Francis High","Grades PreK-12","All Races","Both Genders","566",0,"0.000000                      ",0,"0.000000                      ",0,"0.000000                      ",0,"0.000000                      ",0,"0.000000                      ",0,"0.000000                      ",0,"0.000000                      ",0,"0.000000                      ",0,"0.000000                      ",0,"0.000000                      ",181,"31.978700                     ",143,"25.265000                     ",117,"20.671300                     ",125,"22.084800                     "
"2005","79446","01","5026","0080","04","Elem      ","N","Saint Francis","Willow Glen Primary Sch","Grades PreK-12","All Races","Both Genders","420",23,"5.476100                      ",38,"9.047600                      ",40,"9.523800                      ",40,"9.523800                      ",46,"10.952300                     ",48,"11.428500                     ",38,"9.047600                      ",47,"11.190400                     ",54,"12.857100                     ",46,"10.952300                     ",0,"0.000000                      ",0,"0.000000                      ",0,"0.000000                      ",0,"0.000000                      "
"2005","77322","01","5355","","03","Summary   ","N","Shorewood","","Grades PreK-12","All Races","Both Genders","2104",84,"3.992300                      ",129,"6.131100                      ",121,"5.750900                      ",145,"6.891600                      ",140,"6.653900                      ",172,"8.174900                      ",124,"5.893500                      ",167,"7.937200                      ",170,"8.079800                      ",179,"8.507600                      ",162,"7.699600                      ",196,"9.315500                      ",159,"7.557000                      ",156,"7.414400                      "
"2005","77331","01","5355","0020","04","Elem      ","N","Shorewood","Atwater Elementary","Grades PreK-12","All Races","Both Genders","549",40,"7.285900                      ",61,"11.111100                     ",64,"11.657500                     ",77,"14.025500                     ",74,"13.479000                     ",85,"15.482600                     ",64,"11.657500                     ",84,"15.300500                     ",0,"0.000000                      ",0,"0.000000                      ",0,"0.000000                      ",0,"0.000000                      ",0,"0.000000                      ",0,"0.000000                      "
"2005","77332","01","5355","0040","04","Elem      ","N","Shorewood","Lake Bluff Elementary","Grades PreK-12","All Races","Both Genders","533",44,"8.255100                      ",68,"12.757900                     ",57,"10.694100                     ",68,"12.757900                     ",66,"12.382700                     ",87,"16.322700                     ",60,"11.257000                     ",83,"15.572200                     ",0,"0.000000                      ",0,"0.000000                      ",0,"0.000000                      ",0,"0.000000                      ",0,"0.000000                      ",0,"0.000000                      "
"2005","77333","01","5355","0060","04","Mid/Jr Hi ","N","Shorewood","Shorewood Intermediate","Grades PreK-12","All Races","Both Genders","349",0,"0.000000                      ",0,"0.000000                      ",0,"0.000000                      ",0,"0.000000                      ",0,"0.000000                      ",0,"0.000000                      ",0,"0.000000                      ",0,"0.000000                      ",170,"48.710600                     ",179,"51.289300                     ",0,"0.000000                      ",0,"0.000000                      ",0,"0.000000                      ",0,"0.000000                      "
"2005","77318","01","5355","0080","04","High      ","N","Shorewood","Shorewood High","Grades PreK-12","All Races","Both Genders","673",0,"0.000000                      ",0,"0.000000                      ",0,"0.000000                      ",0,"0.000000                      ",0,"0.000000                      ",0,"0.000000                      ",0,"0.000000                      ",0,"0.000000                      ",0,"0.000000                      ",0,"0.000000                      ",162,"24.071300                     ",196,"29.123300                     ",159,"23.625500                     ",156,"23.179700                     "
"2005","78929","01","5355","9200","4C","Mid/Jr Hi ","Y","Shorewood","Passage Middle School","Grades PreK-12","All Races","Both Genders","0",0,"--                            ",0,"--                            ",0,"--                            ",0,"--                            ",0,"--                            ",0,"--                            ",0,"--                            ",0,"--                            ",0,"--                            ",0,"--                            ",0,"--                            ",0,"--                            ",0,"--                            ",0,"--                            "
"2005","77474","01","5439","","03","Summary   ","N","South Milwaukee","","Grades PreK-12","All Races","Both Genders","3502",186,"5.311200                      ",230,"6.567600                      ",213,"6.082200                      ",205,"5.853700                      ",241,"6.881700                      ",213,"6.082200                      ",239,"6.824600                      ",242,"6.910300                      ",235,"6.710400                      ",264,"7.538500                      ",344,"9.822900                      ",318,"9.080500                      ",284,"8.109600                      ",288,"8.223800                      "
"2005","77482","01","5439","0010","04","Elem      ","N","South Milwaukee","Blakewood Elementary","Grades PreK-12","All Races","Both Genders","438",65,"14.840100                     ",62,"14.155200                     ",58,"13.242000                     ",55,"12.557000                     ",63,"14.383500                     ",63,"14.383500                     ",72,"16.438300                     ",0,"0.000000                      ",0,"0.000000                      ",0,"0.000000                      ",0,"0.000000                      ",0,"0.000000                      ",0,"0.000000                      ",0,"0.000000                      "
"2005","77483","01","5439","0020","04","Elem      ","N","South Milwaukee","Luther Elementary","Grades PreK-12","All Races","Both Genders","242",30,"12.396600                     ",39,"16.115700                     ",37,"15.289200                     ",30,"12.396600                     ",42,"17.355300                     ",28,"11.570200                     ",36,"14.876000                     ",0,"0.000000                      ",0,"0.000000                      ",0,"0.000000                      ",0,"0.000000                      ",0,"0.000000                      ",0,"0.000000                      ",0,"0.000000                      "
"2005","77484","01","5439","0040","04","Elem      ","N","South Milwaukee","Lakeview Elementary","Grades PreK-12","All Races","Both Genders","348",37,"10.632100                     ",51,"14.655100                     ",51,"14.655100                     ",52,"14.942500                     ",59,"16.954000                     ",44,"12.643600                     ",54,"15.517200                     ",0,"0.000000                      ",0,"0.000000                      ",0,"0.000000                      ",0,"0.000000                      ",0,"0.000000                      ",0,"0.000000                      ",0,"0.000000                      "
"2005","79528","01","5439","0080","04","Elem      ","N","South Milwaukee","Rawson Elementary","Grades PreK-12","All Races","Both Genders","499",54,"10.821600                     ",78,"15.631200                     ",67,"13.426800                     ",68,"13.627200                     ",77,"15.430800                     ",78,"15.631200                     ",77,"15.430800                     ",0,"0.000000                      ",0,"0.000000                      ",0,"0.000000                      ",0,"0.000000                      ",0,"0.000000                      ",0,"0.000000                      ",0,"0.000000                      "
"2005","77485","01","5439","0100","04","Mid/Jr Hi ","N","South Milwaukee","South Milwaukee Middle","Grades PreK-12","All Races","Both Genders","741",0,"0.000000                      ",0,"0.000000                      ",0,"0.000000                      ",0,"0.000000                      ",0,"0.000000                      ",0,"0.000000                      ",0,"0.000000                      ",242,"32.658500                     ",235,"31.713900                     ",264,"35.627500                     ",0,"0.000000                      ",0,"0.000000                      ",0,"0.000000                      ",0,"0.000000                      "
"2005","79529","01","5439","0120","04","High      ","N","South Milwaukee","South Milwaukee High","Grades PreK-12","All Races","Both Genders","1234",0,"0.000000                      ",0,"0.000000                      ",0,"0.000000                      ",0,"0.000000                      ",0,"0.000000                      ",0,"0.000000                      ",0,"0.000000                      ",0,"0.000000                      ",0,"0.000000                      ",0,"0.000000                      ",344,"27.876800                     ",318,"25.769800                     ",284,"23.014500                     ",288,"23.338700                     "
"2005","75034","01","5439","9801","04","High      ","Y","South Milwaukee","Connects Learning Center","Grades PreK-12","All Races","Both Genders","0",0,"--                            ",0,"--                            ",0,"--                            ",0,"--                            ",0,"--                            ",0,"--                            ",0,"--                            ",0,"--                            ",0,"--                            ",0,"--                            ",0,"--                            ",0,"--                            ",0,"--                            ",0,"--                            "
"2005","77442","01","6174","","03","Summary   ","N","Waukesha","","Grades PreK-12","All Races","Both Genders","13318",245,"1.839600                      ",1013,"7.606200                      ",938,"7.043000                      ",888,"6.667600                      ",893,"6.705200                      ",911,"6.840300                      ",961,"7.215700                      ",928,"6.968000                      ",985,"7.396000                      ",931,"6.990500                      ",1217,"9.138000                      ",1074,"8.064200                      ",1156,"8.679900                      ",1178,"8.845100                      "
"2005","77443","01","6174","0020","04","Elem      ","N","Waukesha","Banting Elementary","Grades PreK-12","All Races","Both Genders","492",62,"12.601600                     ",70,"14.227600                     ",66,"13.414600                     ",70,"14.227600                     ",69,"14.024300                     ",51,"10.365800                     ",55,"11.178800                     ",49,"9.959300                      ",0,"0.000000                      ",0,"0.000000                      ",0,"0.000000                      ",0,"0.000000                      ",0,"0.000000                      ",0,"0.000000                      "
"2005","77429","01","6174","0060","04","Elem      ","N","Waukesha","Bethesda Elementary","Grades PreK-12","All Races","Both Genders","557",5,"0.897600                      ",88,"15.798900                     ",75,"13.464900                     ",66,"11.849100                     ",74,"13.285400                     ",83,"14.901200                     ",88,"15.798900                     ",78,"14.003500                     ",0,"0.000000                      ",0,"0.000000                      ",0,"0.000000                      ",0,"0.000000                      ",0,"0.000000                      ",0,"0.000000                      "
"2005","79516","01","6174","0080","04","Elem      ","N","Waukesha","Blair Elementary","Grades PreK-12","All Races","Both Genders","315",30,"9.523800                      ",63,"20.000000                     ",40,"12.698400                     ",40,"12.698400                     ",32,"10.158700                     ",31,"9.841200                      ",44,"13.968200                     ",35,"11.111100                     ",0,"0.000000                      ",0,"0.000000                      ",0,"0.000000                      ",0,"0.000000                      ",0,"0.000000                      ",0,"0.000000                      "
"2005","77430","01","6174","0100","04","Mid/Jr Hi ","N","Waukesha","Butler Middle","Grades PreK-12","All Races","Both Genders","654",0,"0.000000                      ",0,"0.000000                      ",0,"0.000000                      ",0,"0.000000                      ",0,"0.000000                      ",0,"0.000000                      ",1,"0.152900                      ",0,"0.000000                      ",342,"52.293500                     ",311,"47.553500                     ",0,"0.000000                      ",0,"0.000000                      ",0,"0.000000                      ",0,"0.000000                      "
"2005","79005","01","6174","0120","04","Mid/Jr Hi ","N","Waukesha","Central Middle","Grades PreK-12","All Races","Both Genders","645",0,"0.000000                      ",0,"0.000000                      ",0,"0.000000                      ",0,"0.000000                      ",0,"0.000000                      ",0,"0.000000                      ",0,"0.000000                      ",0,"0.000000                      ",336,"52.093000                     ",309,"47.906900                     ",0,"0.000000                      ",0,"0.000000                      ",0,"0.000000                      ",0,"0.000000                      "
"2005","77444","01","6174","0160","04","Elem      ","N","Waukesha","Hadfield Elementary","Grades PreK-12","All Races","Both Genders","336",31,"9.226100                      ",47,"13.988000                     ",41,"12.202300                     ",50,"14.880900                     ",44,"13.095200                     ",39,"11.607100                     ",45,"13.392800                     ",39,"11.607100                     ",0,"0.000000                      ",0,"0.000000                      ",0,"0.000000                      ",0,"0.000000                      ",0,"0.000000                      ",0,"0.000000                      "
"2005","77431","01","6174","0180","04","Elem      ","N","Waukesha","Hawthorne Elementary","Grades PreK-12","All Races","Both Genders","314",0,"0.000000                      ",52,"16.560500                     ",48,"15.286600                     ",33,"10.509500                     ",44,"14.012700                     ",39,"12.420300                     ",50,"15.923500                     ",48,"15.286600                     ",0,"0.000000                      ",0,"0.000000                      ",0,"0.000000                      ",0,"0.000000                      ",0,"0.000000                      ",0,"0.000000                      "
"2005","77445","01","6174","0190","04","Elem      ","N","Waukesha","Heyer Elementary","Grades PreK-12","All Races","Both Genders","449",3,"0.668100                      ",74,"16.481000                     ",56,"12.472100                     ",60,"13.363000                     ",55,"12.249400                     ",77,"17.149200                     ",60,"13.363000                     ",64,"14.253800                     ",0,"0.000000                      ",0,"0.000000                      ",0,"0.000000                      ",0,"0.000000                      ",0,"0.000000                      ",0,"0.000000                      "
"2005","79521","01","6174","0200","04","Elem      ","N","Waukesha","Hillcrest Elementary","Grades PreK-12","All Races","Both Genders","370",3,"0.810800                      ",59,"15.945900                     ",59,"15.945900                     ",46,"12.432400                     ",48,"12.972900                     ",50,"13.513500                     ",49,"13.243200                     ",56,"15.135100                     ",0,"0.000000                      ",0,"0.000000                      ",0,"0.000000                      ",0,"0.000000                      ",0,"0.000000                      ",0,"0.000000                      "
"2005","77446","01","6174","0210","04","Mid/Jr Hi ","N","Waukesha","Horning Middle","Grades PreK-12","All Races","Both Genders","618",0,"0.000000                      ",0,"0.000000                      ",0,"0.000000                      ",0,"0.000000                      ",0,"0.000000                      ",0,"0.000000                      ",0,"0.000000                      ",0,"0.000000                      ",307,"49.676300                     ",311,"50.323600                     ",0,"0.000000                      ",0,"0.000000                      ",0,"0.000000                      ",0,"0.000000                      "
"2005","77432","01","6174","0260","04","Elem      ","N","Waukesha","Lowell Elementary","Grades PreK-12","All Races","Both Genders","458",12,"2.620000                      ",62,"13.537100                     ",67,"14.628800                     ",49,"10.698600                     ",54,"11.790300                     ",68,"14.847100                     ",69,"15.065500                     ",77,"16.812200                     ",0,"0.000000                      ",0,"0.000000                      ",0,"0.000000                      ",0,"0.000000                      ",0,"0.000000                      ",0,"0.000000                      "
"2005","79517","01","6174","0280","04","Elem      ","N","Waukesha","Meadowbrook Elementary","Grades PreK-12","All Races","Both Genders","353",8,"2.266200                      ",52,"14.730800                     ",49,"13.881000                     ",42,"11.898000                     ",44,"12.464500                     ",58,"16.430500                     ",48,"13.597700                     ",52,"14.730800                     ",0,"0.000000                      ",0,"0.000000                      ",0,"0.000000                      ",0,"0.000000                      ",0,"0.000000                      ",0,"0.000000                      "
"2005","77447","01","6174","0290","04","High      ","N","Waukesha","North High","Grades PreK-12","All Races","Both Genders","1311",0,"0.000000                      ",0,"0.000000                      ",0,"0.000000                      ",0,"0.000000                      ",0,"0.000000                      ",0,"0.000000                      ",0,"0.000000                      ",0,"0.000000                      ",0,"0.000000                      ",0,"0.000000                      ",351,"26.773400                     ",308,"23.493500                     ",304,"23.188400                     ",348,"26.544600                     "
"2005","77448","01","6174","0340","04","Elem      ","N","Waukesha","Pleasant Hill Elementary","Grades PreK-12","All Races","Both Genders","198",6,"3.030300                      ",24,"12.121200                     ",24,"12.121200                     ",33,"16.666600                     ",26,"13.131300                     ",26,"13.131300                     ",27,"13.636300                     ",32,"16.161600                     ",0,"0.000000                      ",0,"0.000000                      ",0,"0.000000                      ",0,"0.000000                      ",0,"0.000000                      ",0,"0.000000                      "
"2005","79522","01","6174","0360","04","Elem      ","N","Waukesha","Prairie Elementary","Grades PreK-12","All Races","Both Genders","422",21,"4.976300                      ",65,"15.402800                     ",52,"12.322200                     ",54,"12.796200                     ",59,"13.981000                     ",45,"10.663500                     ",69,"16.350700                     ",57,"13.507100                     ",0,"0.000000                      ",0,"0.000000                      ",0,"0.000000                      ",0,"0.000000                      ",0,"0.000000                      ",0,"0.000000                      "
"2005","77449","01","6174","0400","04","Elem      ","N","Waukesha","Randall Elementary","Grades PreK-12","All Races","Both Genders","349",2,"0.573000                      ",48,"13.753500                     ",43,"12.320900                     ",67,"19.197700                     ",40,"11.461300                     ",52,"14.899700                     ",47,"13.467000                     ",50,"14.326600                     ",0,"0.000000                      ",0,"0.000000                      ",0,"0.000000                      ",0,"0.000000                      ",0,"0.000000                      ",0,"0.000000                      "
"2005","77433","01","6174","0410","04","Elem      ","N","Waukesha","Rose Glen Elementary","Grades PreK-12","All Races","Both Genders","638",5,"0.783600                      ",77,"12.068900                     ",80,"12.539100                     ",77,"12.068900                     ",88,"13.793100                     ",85,"13.322800                     ",120,"18.808700                     ",106,"16.614400                     ",0,"0.000000                      ",0,"0.000000                      ",0,"0.000000                      ",0,"0.000000                      ",0,"0.000000                      ",0,"0.000000                      "
"2005","77436","01","6174","0420","04","Elem      ","N","Waukesha","Saratoga Elementary","Grades PreK-12","All Races","Both Genders","245",29,"11.836700                     ",37,"15.102000                     ",37,"15.102000                     ",33,"13.469300                     ",31,"12.653000                     ",29,"11.836700                     ",28,"11.428500                     ",21,"8.571400                      ",0,"0.000000                      ",0,"0.000000                      ",0,"0.000000                      ",0,"0.000000                      ",0,"0.000000                      ",0,"0.000000                      "
"2005","79921","01","6174","0450","04","High      ","Y","Waukesha","Waukesha Academy of Health Professions","Grades PreK-12","All Races","Both Genders","0",0,"--                            ",0,"--                            ",0,"--                            ",0,"--                            ",0,"--                            ",0,"--                            ",0,"--                            ",0,"--                            ",0,"--                            ",0,"--                            ",0,"--                            ",0,"--                            ",0,"--                            ",0,"--                            "
"2005","79518","01","6174","0460","04","High      ","N","Waukesha","South High","Grades PreK-12","All Races","Both Genders","1483",0,"0.000000                      ",0,"0.000000                      ",0,"0.000000                      ",0,"0.000000                      ",0,"0.000000                      ",0,"0.000000                      ",0,"0.000000                      ",0,"0.000000                      ",0,"0.000000                      ",0,"0.000000                      ",363,"24.477400                     ",334,"22.521900                     ",405,"27.309500                     ",381,"25.691100                     "
"2005","79920","01","6174","0470","04","High      ","Y","Waukesha","iQ Academies of Wisconsin","Grades PreK-12","All Races","Both Genders","211",0,"0.000000                      ",0,"0.000000                      ",0,"0.000000                      ",0,"0.000000                      ",0,"0.000000                      ",0,"0.000000                      ",0,"0.000000                      ",0,"0.000000                      ",0,"0.000000                      ",0,"0.000000                      ",58,"27.488100                     ",56,"26.540200                     ",61,"28.909900                     ",36,"17.061600                     "
"2005","77437","01","6174","0480","04","Elem      ","N","Waukesha","Summit View Elementary","Grades PreK-12","All Races","Both Genders","573",3,"0.523500                      ",97,"16.928400                     ",99,"17.277400                     ",85,"14.834200                     ",88,"15.357700                     ",75,"13.089000                     ",63,"10.994700                     ",63,"10.994700                     ",0,"0.000000                      ",0,"0.000000                      ",0,"0.000000                      ",0,"0.000000                      ",0,"0.000000                      ",0,"0.000000                      "
"2005","74980","01","6174","0490","04","High      ","Y","Waukesha","Harvey Philip Alternative Charter School","Grades PreK-12","All Races","Both Genders","97",0,"0.000000                      ",0,"0.000000                      ",0,"0.000000                      ",0,"0.000000                      ",0,"0.000000                      ",0,"0.000000                      ",0,"0.000000                      ",0,"0.000000                      ",0,"0.000000                      ",0,"0.000000                      ",3,"3.092700                      ",20,"20.618500                     ",2,"2.061800                      ",72,"74.226800                     "
"2005","79054","01","6174","0495","04","High      ","Y","Waukesha","Project Change-A Recovery School","Grades PreK-12","All Races","Both Genders","7",0,"0.000000                      ",0,"0.000000                      ",0,"0.000000                      ",0,"0.000000                      ",0,"0.000000                      ",0,"0.000000                      ",0,"0.000000                      ",0,"0.000000                      ",0,"0.000000                      ",0,"0.000000                      ",0,"0.000000                      ",0,"0.000000                      ",2,"28.571400                     ",5,"71.428500                     "
"2005","77438","01","6174","0520","04","Elem      ","N","Waukesha","White Rock Elementary","Grades PreK-12","All Races","Both Genders","354",0,"0.000000                      ",39,"11.016900                     ",44,"12.429300                     ",47,"13.276800                     ",54,"15.254200                     ",63,"17.796600                     ",51,"14.406700                     ",56,"15.819200                     ",0,"0.000000                      ",0,"0.000000                      ",0,"0.000000                      ",0,"0.000000                      ",0,"0.000000                      ",0,"0.000000                      "
"2005","79519","01","6174","0540","04","Elem      ","N","Waukesha","Whittier Elementary","Grades PreK-12","All Races","Both Genders","353",25,"7.082100                      ",59,"16.713800                     ",58,"16.430500                     ",36,"10.198300                     ",43,"12.181300                     ",40,"11.331400                     ",47,"13.314400                     ",45,"12.747800                     ",0,"0.000000                      ",0,"0.000000                      ",0,"0.000000                      ",0,"0.000000                      ",0,"0.000000                      ",0,"0.000000                      "
"2005","77434","01","6174","0560","04","High      ","N","Waukesha","West High","Grades PreK-12","All Races","Both Genders","1516",0,"0.000000                      ",0,"0.000000                      ",0,"0.000000                      ",0,"0.000000                      ",0,"0.000000                      ",0,"0.000000                      ",0,"0.000000                      ",0,"0.000000                      ",0,"0.000000                      ",0,"0.000000                      ",442,"29.155600                     ",356,"23.482800                     ",382,"25.197800                     ",336,"22.163500                     "
"2005","77171","01","6244","","03","Summary   ","N","Wauwatosa","","Grades PreK-12","All Races","Both Genders","6465",408,"6.310900                      ",413,"6.388200                      ",462,"7.146100                      ",444,"6.867700                      ",453,"7.006900                      ",460,"7.115200                      ",513,"7.935000                      ",458,"7.084300                      ",456,"7.053300                      ",503,"7.780300                      ",300,"4.640300                      ",557,"8.615600                      ",527,"8.151500                      ",511,"7.904000                      "
"2005","75040","01","6244","0015","04","El/Sec    ","N","Wauwatosa","River Hills School (CATC)","Grades PreK-12","All Races","Both Genders","1",0,"0.000000                      ",0,"0.000000                      ",0,"0.000000                      ",0,"0.000000                      ",0,"0.000000                      ",0,"0.000000                      ",0,"0.000000                      ",0,"0.000000                      ",0,"0.000000                      ",0,"0.000000                      ",0,"0.000000                      ",0,"0.000000                      ",0,"0.000000                      ",1,"100.000000                    "
"2005","77303","01","6244","0020","04","High      ","N","Wauwatosa","East High","Grades PreK-12","All Races","Both Genders","1168",0,"0.000000                      ",0,"0.000000                      ",0,"0.000000                      ",0,"0.000000                      ",0,"0.000000                      ",0,"0.000000                      ",0,"0.000000                      ",0,"0.000000                      ",0,"0.000000                      ",0,"0.000000                      ",294,"25.171200                     ",310,"26.541000                     ",290,"24.828700                     ",274,"23.458900                     "
"2005","77215","01","6244","0040","04","Elem      ","N","Wauwatosa","Eisenhower Elementary","Grades PreK-12","All Races","Both Genders","383",56,"14.621400                     ",47,"12.271500                     ",47,"12.271500                     ",60,"15.665700                     ",62,"16.187900                     ",49,"12.793700                     ",62,"16.187900                     ",0,"0.000000                      ",0,"0.000000                      ",0,"0.000000                      ",0,"0.000000                      ",0,"0.000000                      ",0,"0.000000                      ",0,"0.000000                      "
"2005","79486","01","6244","0100","04","Elem      ","N","Wauwatosa","Jefferson Elementary","Grades PreK-12","All Races","Both Genders","298",39,"13.087200                     ",38,"12.751600                     ",39,"13.087200                     ",42,"14.093900                     ",46,"15.436200                     ",42,"14.093900                     ",52,"17.449600                     ",0,"0.000000                      ",0,"0.000000                      ",0,"0.000000                      ",0,"0.000000                      ",0,"0.000000                      ",0,"0.000000                      ",0,"0.000000                      "
"2005","77304","01","6244","0120","04","Elem      ","N","Wauwatosa","Lincoln Elementary","Grades PreK-12","All Races","Both Genders","317",44,"13.880100                     ",40,"12.618200                     ",49,"15.457400                     ",44,"13.880100                     ",45,"14.195500                     ",52,"16.403700                     ",43,"13.564600                     ",0,"0.000000                      ",0,"0.000000                      ",0,"0.000000                      ",0,"0.000000                      ",0,"0.000000                      ",0,"0.000000                      ",0,"0.000000                      "
"2005","77305","01","6244","0140","04","Mid/Jr Hi ","N","Wauwatosa","Longfellow Middle","Grades PreK-12","All Races","Both Genders","835",0,"0.000000                      ",0,"0.000000                      ",0,"0.000000                      ",0,"0.000000                      ",0,"0.000000                      ",0,"0.000000                      ",0,"0.000000                      ",271,"32.455000                     ",268,"32.095800                     ",296,"35.449100                     ",0,"0.000000                      ",0,"0.000000                      ",0,"0.000000                      ",0,"0.000000                      "
"2005","77181","01","6244","0160","04","Elem      ","N","Wauwatosa","Madison Elementary","Grades PreK-12","All Races","Both Genders","340",42,"12.352900                     ",42,"12.352900                     ",54,"15.882300                     ",39,"11.470500                     ",46,"13.529400                     ",58,"17.058800                     ",59,"17.352900                     ",0,"0.000000                      ",0,"0.000000                      ",0,"0.000000                      ",0,"0.000000                      ",0,"0.000000                      ",0,"0.000000                      ",0,"0.000000                      "
"2005","79456","01","6244","0180","04","Elem      ","N","Wauwatosa","McKinley Elementary","Grades PreK-12","All Races","Both Genders","425",49,"11.529400                     ",51,"12.000000                     ",63,"14.823500                     ",71,"16.705800                     ",54,"12.705800                     ",59,"13.882300                     ",78,"18.352900                     ",0,"0.000000                      ",0,"0.000000                      ",0,"0.000000                      ",0,"0.000000                      ",0,"0.000000                      ",0,"0.000000                      ",0,"0.000000                      "
"2005","75039","01","6244","0190","04","El/Sec    ","N","Wauwatosa","Plank Road Complex","Grades PreK-12","All Races","Both Genders","0",0,"--                            ",0,"--                            ",0,"--                            ",0,"--                            ",0,"--                            ",0,"--                            ",0,"--                            ",0,"--                            ",0,"--                            ",0,"--                            ",0,"--                            ",0,"--                            ",0,"--                            ",0,"--                            "
"2005","77306","01","6244","0200","04","Elem      ","N","Wauwatosa","Roosevelt Elementary","Grades PreK-12","All Races","Both Genders","457",64,"14.004300                     ",70,"15.317200                     ",75,"16.411300                     ",56,"12.253800                     ",64,"14.004300                     ",61,"13.347900                     ",67,"14.660800                     ",0,"0.000000                      ",0,"0.000000                      ",0,"0.000000                      ",0,"0.000000                      ",0,"0.000000                      ",0,"0.000000                      ",0,"0.000000                      "
"2005","77184","01","6244","0220","04","Elem      ","N","Wauwatosa","Underwood Elementary","Grades PreK-12","All Races","Both Genders","308",47,"15.259700                     ",42,"13.636300                     ",41,"13.311600                     ",39,"12.662300                     ",48,"15.584400                     ",44,"14.285700                     ",47,"15.259700                     ",0,"0.000000                      ",0,"0.000000                      ",0,"0.000000                      ",0,"0.000000                      ",0,"0.000000                      ",0,"0.000000                      ",0,"0.000000                      "
"2005","79487","01","6244","0240","04","Elem      ","N","Wauwatosa","Washington Elementary","Grades PreK-12","All Races","Both Genders","379",44,"11.609400                     ",53,"13.984100                     ",61,"16.094900                     ",57,"15.039500                     ",45,"11.873300                     ",51,"13.456400                     ",68,"17.941900                     ",0,"0.000000                      ",0,"0.000000                      ",0,"0.000000                      ",0,"0.000000                      ",0,"0.000000                      ",0,"0.000000                      ",0,"0.000000                      "
"2005","77216","01","6244","0280","04","High      ","N","Wauwatosa","West High","Grades PreK-12","All Races","Both Genders","710",0,"0.000000                      ",0,"0.000000                      ",0,"0.000000                      ",0,"0.000000                      ",0,"0.000000                      ",0,"0.000000                      ",0,"0.000000                      ",0,"0.000000                      ",0,"0.000000                      ",0,"0.000000                      ",2,"0.281600                      ",243,"34.225300                     ",228,"32.112600                     ",237,"33.380200                     "
"2005","77217","01","6244","0290","04","Mid/Jr Hi ","N","Wauwatosa","Whitman Middle","Grades PreK-12","All Races","Both Genders","578",0,"0.000000                      ",0,"0.000000                      ",0,"0.000000                      ",0,"0.000000                      ",0,"0.000000                      ",0,"0.000000                      ",0,"0.000000                      ",187,"32.352900                     ",188,"32.525900                     ",203,"35.121100                     ",0,"0.000000                      ",0,"0.000000                      ",0,"0.000000                      ",0,"0.000000                      "
"2005","77307","01","6244","0300","04","Elem      ","N","Wauwatosa","Wilson Elementary","Grades PreK-12","All Races","Both Genders","246",23,"9.349500                      ",30,"12.195100                     ",33,"13.414600                     ",36,"14.634100                     ",43,"17.479600                     ",44,"17.886100                     ",37,"15.040600                     ",0,"0.000000                      ",0,"0.000000                      ",0,"0.000000                      ",0,"0.000000                      ",0,"0.000000                      ",0,"0.000000                      ",0,"0.000000                      "
"2005","75038","01","6244","0320","04","El/Sec    ","N","Wauwatosa","Detention Center","Grades PreK-12","All Races","Both Genders","21",0,"0.000000                      ",0,"0.000000                      ",0,"0.000000                      ",0,"0.000000                      ",0,"0.000000                      ",0,"0.000000                      ",0,"0.000000                      ",0,"0.000000                      ",0,"0.000000                      ",4,"19.047600                     ",4,"19.047600                     ",4,"19.047600                     ",9,"42.857100                     ",0,"0.000000                      "
"2005","79070","01","6244","0800","04","El/Sec    ","N","Wauwatosa","Childrens Hospital of WI Sch Prog","Grades PreK-12","All Races","Both Genders","0",0,"--                            ",0,"--                            ",0,"--                            ",0,"--                            ",0,"--                            ",0,"--                            ",0,"--                            ",0,"--                            ",0,"--                            ",0,"--                            ",0,"--                            ",0,"--                            ",0,"--                            ",0,"--                            "
"2005","78942","01","6244","9200","4C","Mid/Jr Hi ","Y","Wauwatosa","Passage Middle School","Grades PreK-12","All Races","Both Genders","0",0,"--                            ",0,"--                            ",0,"--                            ",0,"--                            ",0,"--                            ",0,"--                            ",0,"--                            ",0,"--                            ",0,"--                            ",0,"--                            ",0,"--                            ",0,"--                            ",0,"--                            ",0,"--                            "
"2005","77164","01","6300","","03","Summary   ","N","West Allis","","Grades PreK-12","All Races","Both Genders","8823",442,"5.009600                      ",600,"6.800400                      ",543,"6.154300                      ",511,"5.791600                      ",509,"5.769000                      ",577,"6.539700                      ",608,"6.891000                      ",564,"6.392300                      ",621,"7.038400                      ",696,"7.888400                      ",860,"9.747200                      ",792,"8.976500                      ",733,"8.307800                      ",767,"8.693100                      "
"2005","77172","01","6300","0020","04","High      ","N","West Allis","Central High","Grades PreK-12","All Races","Both Genders","1677",0,"0.000000                      ",0,"0.000000                      ",0,"0.000000                      ",0,"0.000000                      ",0,"0.000000                      ",0,"0.000000                      ",0,"0.000000                      ",0,"0.000000                      ",0,"0.000000                      ",0,"0.000000                      ",474,"28.264700                     ",430,"25.641000                     ",390,"23.255800                     ",383,"22.838400                     "
"2005","77173","01","6300","0040","04","Mid/Jr Hi ","N","West Allis","Frank Lloyd Wright Middle","Grades PreK-12","All Races","Both Genders","789",0,"0.000000                      ",0,"0.000000                      ",0,"0.000000                      ",0,"0.000000                      ",0,"0.000000                      ",0,"0.000000                      ",0,"0.000000                      ",0,"0.000000                      ",374,"47.401700                     ",415,"52.598200                     ",0,"0.000000                      ",0,"0.000000                      ",0,"0.000000                      ",0,"0.000000                      "
"2005","79453","01","6300","0060","04","Elem      ","N","West Allis","Franklin Elementary","Grades PreK-12","All Races","Both Genders","347",0,"0.000000                      ",56,"16.138300                     ",39,"11.239100                     ",40,"11.527300                     ",57,"16.426500                     ",47,"13.544600                     ",65,"18.731900                     ",43,"12.391900                     ",0,"0.000000                      ",0,"0.000000                      ",0,"0.000000                      ",0,"0.000000                      ",0,"0.000000                      ",0,"0.000000                      "
"2005","77174","01","6300","0080","04","Elem      ","N","West Allis","Mitchell Elementary","Grades PreK-12","All Races","Both Genders","404",52,"12.871200                     ",50,"12.376200                     ",46,"11.386100                     ",47,"11.633600                     ",46,"11.386100                     ",55,"13.613800                     ",48,"11.881100                     ",60,"14.851400                     ",0,"0.000000                      ",0,"0.000000                      ",0,"0.000000                      ",0,"0.000000                      ",0,"0.000000                      ",0,"0.000000                      "
"2005","77505","01","6300","0100","04","Elem      ","N","West Allis","Hoover Elementary","Grades PreK-12","All Races","Both Genders","444",39,"8.783700                      ",56,"12.612600                     ",57,"12.837800                     ",62,"13.963900                     ",52,"11.711700                     ",50,"11.261200                     ",69,"15.540500                     ",59,"13.288200                     ",0,"0.000000                      ",0,"0.000000                      ",0,"0.000000                      ",0,"0.000000                      ",0,"0.000000                      ",0,"0.000000                      "
"2005","77301","01","6300","0120","04","Mid/Jr Hi ","N","West Allis","West Milwaukee Middle","Grades PreK-12","All Races","Both Genders","531",0,"0.000000                      ",0,"0.000000                      ",0,"0.000000                      ",0,"0.000000                      ",0,"0.000000                      ",0,"0.000000                      ",0,"0.000000                      ",0,"0.000000                      ",247,"46.516000                     ",281,"52.919000                     ",3,"0.564900                      ",0,"0.000000                      ",0,"0.000000                      ",0,"0.000000                      "
"2005","77175","01","6300","0140","04","Elem      ","N","West Allis","Irving Elementary","Grades PreK-12","All Races","Both Genders","374",68,"18.181800                     ",55,"14.705800                     ",42,"11.229900                     ",27,"7.219200                      ",44,"11.764700                     ",42,"11.229900                     ",34,"9.090900                      ",49,"13.101600                     ",0,"0.000000                      ",0,"0.000000                      ",0,"0.000000                      ",0,"0.000000                      ",0,"0.000000                      ",13,"3.475900                      "
"2005","77233","01","6300","0160","04","Elem      ","N","West Allis","Jefferson Elementary","Grades PreK-12","All Races","Both Genders","515",48,"9.320300                      ",66,"12.815500                     ",75,"14.563100                     ",51,"9.902900                      ",57,"11.067900                     ",78,"15.145600                     ",68,"13.203800                     ",72,"13.980500                     ",0,"0.000000                      ",0,"0.000000                      ",0,"0.000000                      ",0,"0.000000                      ",0,"0.000000                      ",0,"0.000000                      "
"2005","77302","01","6300","0260","04","Elem      ","N","West Allis","Lincoln Elementary","Grades PreK-12","All Races","Both Genders","382",46,"12.041800                     ",43,"11.256500                     ",41,"10.732900                     ",48,"12.565400                     ",44,"11.518300                     ",59,"15.445000                     ",56,"14.659600                     ",45,"11.780100                     ",0,"0.000000                      ",0,"0.000000                      ",0,"0.000000                      ",0,"0.000000                      ",0,"0.000000                      ",0,"0.000000                      "
"2005","77234","01","6300","0280","04","Elem      ","N","West Allis","Longfellow Elementary","Grades PreK-12","All Races","Both Genders","255",22,"8.627400                      ",36,"14.117600                     ",26,"10.196000                     ",33,"12.941100                     ",23,"9.019600                      ",39,"15.294100                     ",35,"13.725400                     ",41,"16.078400                     ",0,"0.000000                      ",0,"0.000000                      ",0,"0.000000                      ",0,"0.000000                      ",0,"0.000000                      ",0,"0.000000                      "
"2005","77287","01","6300","0300","04","Elem      ","N","West Allis","Madison Elementary","Grades PreK-12","All Races","Both Genders","191",1,"0.523500                      ",31,"16.230300                     ",23,"12.041800                     ",28,"14.659600                     ",21,"10.994700                     ",24,"12.565400                     ",39,"20.418800                     ",24,"12.565400                     ",0,"0.000000                      ",0,"0.000000                      ",0,"0.000000                      ",0,"0.000000                      ",0,"0.000000                      ",0,"0.000000                      "
"2005","77176","01","6300","0340","04","High      ","N","West Allis","Nathan Hale High","Grades PreK-12","All Races","Both Genders","1352",0,"0.000000                      ",0,"0.000000                      ",0,"0.000000                      ",0,"0.000000                      ",0,"0.000000                      ",0,"0.000000                      ",0,"0.000000                      ",0,"0.000000                      ",0,"0.000000                      ",0,"0.000000                      ",379,"28.032500                     ",342,"25.295800                     ",314,"23.224800                     ",317,"23.446700                     "
"2005","79483","01","6300","0380","04","Elem      ","N","West Allis","Pershing Elementary","Grades PreK-12","All Races","Both Genders","375",44,"11.733300                     ",53,"14.133300                     ",53,"14.133300                     ",42,"11.200000                     ",47,"12.533300                     ",41,"10.933300                     ",51,"13.600000                     ",44,"11.733300                     ",0,"0.000000                      ",0,"0.000000                      ",0,"0.000000                      ",0,"0.000000                      ",0,"0.000000                      ",0,"0.000000                      "
"2005","77288","01","6300","0420","04","Elem      ","N","West Allis","Walker Elementary","Grades PreK-12","All Races","Both Genders","292",38,"13.013600                     ",40,"13.698600                     ",33,"11.301300                     ",33,"11.301300                     ",34,"11.643800                     ",42,"14.383500                     ",33,"11.301300                     ",39,"13.356100                     ",0,"0.000000                      ",0,"0.000000                      ",0,"0.000000                      ",0,"0.000000                      ",0,"0.000000                      ",0,"0.000000                      "
"2005","77289","01","6300","0440","04","Elem      ","N","West Allis","Horace Mann Elementary","Grades PreK-12","All Races","Both Genders","407",42,"10.319400                     ",56,"13.759200                     ",56,"13.759200                     ",55,"13.513500                     ",52,"12.776400                     ",47,"11.547900                     ",52,"12.776400                     ",47,"11.547900                     ",0,"0.000000                      ",0,"0.000000                      ",0,"0.000000                      ",0,"0.000000                      ",0,"0.000000                      ",0,"0.000000                      "
"2005","74979","01","6300","0470","04","High      ","Y","West Allis","Academy of Learning Competency Based Sch","Grades PreK-12","All Races","Both Genders","27",0,"0.000000                      ",0,"0.000000                      ",0,"0.000000                      ",0,"0.000000                      ",0,"0.000000                      ",0,"0.000000                      ",0,"0.000000                      ",0,"0.000000                      ",0,"0.000000                      ",0,"0.000000                      ",0,"0.000000                      ",0,"0.000000                      ",5,"18.518500                     ",22,"81.481400                     "
"2005","77290","01","6300","0480","04","Elem      ","N","West Allis","Wilson Elementary","Grades PreK-12","All Races","Both Genders","381",42,"11.023600                     ",58,"15.223000                     ",52,"13.648200                     ",45,"11.811000                     ",32,"8.398900                      ",53,"13.910700                     ",58,"15.223000                     ",41,"10.761100                     ",0,"0.000000                      ",0,"0.000000                      ",0,"0.000000                      ",0,"0.000000                      ",0,"0.000000                      ",0,"0.000000                      "
"2005","79074","01","6300","0490","04","High      ","N","West Allis","James E Dottke Alternative","Grades PreK-12","All Races","Both Genders","80",0,"0.000000                      ",0,"0.000000                      ",0,"0.000000                      ",0,"0.000000                      ",0,"0.000000                      ",0,"0.000000                      ",0,"0.000000                      ",0,"0.000000                      ",0,"0.000000                      ",0,"0.000000                      ",4,"5.000000                      ",20,"25.000000                     ",24,"30.000000                     ",32,"40.000000                     "
"2005","77252","01","6419","","03","Summary   ","N","Whitefish Bay","","Grades PreK-12","All Races","Both Genders","2244",5,"0.222800                      ",144,"6.417100                      ",189,"8.422400                      ",186,"8.288700                      ",187,"8.333300                      ",184,"8.199600                      ",182,"8.110500                      ",30,"1.336800                      ",236,"10.516900                     ",223,"9.937600                      ",2,"0.089100                      ",226,"10.071300                     ",231,"10.294100                     ",219,"9.759300                      "
"2005","77319","01","6419","0020","04","Elem      ","N","Whitefish Bay","Cumberland Elementary","Grades PreK-12","All Races","Both Genders","533",2,"0.375200                      ",66,"12.382700                     ",89,"16.697900                     ",92,"17.260700                     ",93,"17.448400                     ",100,"18.761700                     ",91,"17.073100                     ",0,"0.000000                      ",0,"0.000000                      ",0,"0.000000                      ",0,"0.000000                      ",0,"0.000000                      ",0,"0.000000                      ",0,"0.000000                      "
"2005","77257","01","6419","0029","04","Mid/Jr Hi ","N","Whitefish Bay","Whitefish Bay Middle","Grades PreK-12","All Races","Both Genders","489",0,"0.000000                      ",0,"0.000000                      ",0,"0.000000                      ",0,"0.000000                      ",0,"0.000000                      ",0,"0.000000                      ",0,"0.000000                      ",30,"6.134900                      ",236,"48.261700                     ",223,"45.603200                     ",0,"0.000000                      ",0,"0.000000                      ",0,"0.000000                      ",0,"0.000000                      "
"2005","79475","01","6419","0080","04","Elem      ","N","Whitefish Bay","Richards Elementary","Grades PreK-12","All Races","Both Genders","544",3,"0.551400                      ",78,"14.338200                     ",100,"18.382300                     ",94,"17.279400                     ",94,"17.279400                     ",84,"15.441100                     ",91,"16.727900                     ",0,"0.000000                      ",0,"0.000000                      ",0,"0.000000                      ",0,"0.000000                      ",0,"0.000000                      ",0,"0.000000                      ",0,"0.000000                      "
"2005","79010","01","6419","0100","04","High      ","N","Whitefish Bay","Whitefish Bay High","Grades PreK-12","All Races","Both Genders","678",0,"0.000000                      ",0,"0.000000                      ",0,"0.000000                      ",0,"0.000000                      ",0,"0.000000                      ",0,"0.000000                      ",0,"0.000000                      ",0,"0.000000                      ",0,"0.000000                      ",0,"0.000000                      ",2,"0.294900                      ",226,"33.333300                     ",231,"34.070700                     ",219,"32.300800                     "
"2005","77156","01","6470","","03","Summary   ","N","Whitnall","","Grades PreK-12","All Races","Both Genders","2469",22,"0.891000                      ",118,"4.779200                      ",143,"5.791800                      ",142,"5.751300                      ",160,"6.480300                      ",167,"6.763800                      ",185,"7.492900                      ",187,"7.573900                      ",211,"8.545900                      ",214,"8.667400                      ",234,"9.477500                      ",223,"9.031900                      ",234,"9.477500                      ",229,"9.275000                      "
"2005","77604","01","6470","0040","04","Elem      ","N","Whitnall","Hales Corners Elementary","Grades PreK-12","All Races","Both Genders","548",11,"2.007200                      ",67,"12.226200                     ",85,"15.510900                     ",84,"15.328400                     ",96,"17.518200                     ",100,"18.248100                     ",105,"19.160500                     ",0,"0.000000                      ",0,"0.000000                      ",0,"0.000000                      ",0,"0.000000                      ",0,"0.000000                      ",0,"0.000000                      ",0,"0.000000                      "
"2005","77605","01","6470","0080","04","Elem      ","N","Whitnall","Edgerton Elementary","Grades PreK-12","All Races","Both Genders","389",11,"2.827700                      ",51,"13.110500                     ",58,"14.910000                     ",58,"14.910000                     ",64,"16.452400                     ",67,"17.223600                     ",80,"20.565500                     ",0,"0.000000                      ",0,"0.000000                      ",0,"0.000000                      ",0,"0.000000                      ",0,"0.000000                      ",0,"0.000000                      ",0,"0.000000                      "
"2005","79652","01","6470","0100","04","High      ","N","Whitnall","Whitnall High","Grades PreK-12","All Races","Both Genders","920",0,"0.000000                      ",0,"0.000000                      ",0,"0.000000                      ",0,"0.000000                      ",0,"0.000000                      ",0,"0.000000                      ",0,"0.000000                      ",0,"0.000000                      ",0,"0.000000                      ",0,"0.000000                      ",234,"25.434700                     ",223,"24.239100                     ",234,"25.434700                     ",229,"24.891300                     "
"2005","79451","01","6470","0120","04","Mid/Jr Hi ","N","Whitnall","Whitnall Middle","Grades PreK-12","All Races","Both Genders","612",0,"0.000000                      ",0,"0.000000                      ",0,"0.000000                      ",0,"0.000000                      ",0,"0.000000                      ",0,"0.000000                      ",0,"0.000000                      ",187,"30.555500                     ",211,"34.477100                     ",214,"34.967300                     ",0,"0.000000                      ",0,"0.000000                      ",0,"0.000000                      ",0,"0.000000                      "
"2005","C5101","01","8101","    ","03","Summary   ","Y","Non-district Charter Schools: Downtown Montes","","Grades PreK-12","All Races","Both Genders","0",0,"--                            ",0,"--                            ",0,"--                            ",0,"--                            ",0,"--                            ",0,"--                            ",0,"--                            ",0,"--                            ",0,"--                            ",0,"--                            ",0,"--                            ",0,"--                            ",0,"--                            ",0,"--                            "
"2005","79121","01","8101","1056","49","Elem      ","Y","Non-district Charter Schools: Downtown Montes","Downtown Montessori","Grades PreK-12","All Races","Both Genders","3",0,"0.000000                      ",1,"33.333300                     ",2,"66.666600                     ",0,"0.000000                      ",0,"0.000000                      ",0,"0.000000                      ",0,"0.000000                      ",0,"0.000000                      ",0,"0.000000                      ",0,"0.000000                      ",0,"0.000000                      ",0,"0.000000                      ",0,"0.000000                      ",0,"0.000000                      "
"2005","C5103","01","8103","    ","03","Summary   ","Y","Non-district Charter Schools: Milwaukee Colle","","Grades PreK-12","All Races","Both Genders","442",37,"8.371000                      ",45,"10.180900                     ",48,"10.859700                     ",46,"10.407200                     ",47,"10.633400                     ",47,"10.633400                     ",48,"10.859700                     ",48,"10.859700                     ",48,"10.859700                     ",28,"6.334800                      ",0,"0.000000                      ",0,"0.000000                      ",0,"0.000000                      ",0,"0.000000                      "
"2005","74957","01","8103","0100","49","Elem      ","Y","Non-district Charter Schools: Milwaukee Colle","Milwaukee College Preparatory School","Grades PreK-12","All Races","Both Genders","442",37,"8.371000                      ",45,"10.180900                     ",48,"10.859700                     ",46,"10.407200                     ",47,"10.633400                     ",47,"10.633400                     ",48,"10.859700                     ",48,"10.859700                     ",48,"10.859700                     ",28,"6.334800                      ",0,"0.000000                      ",0,"0.000000                      ",0,"0.000000                      ",0,"0.000000                      "
"2005","C5105","01","8105","    ","03","Summary   ","Y","Non-district Charter Schools: Central City Cy","","Grades PreK-12","All Races","Both Genders","348",30,"8.620600                      ",24,"6.896500                      ",38,"10.919500                     ",37,"10.632100                     ",39,"11.206800                     ",28,"8.045900                      ",36,"10.344800                     ",29,"8.333300                      ",51,"14.655100                     ",36,"10.344800                     ",0,"0.000000                      ",0,"0.000000                      ",0,"0.000000                      ",0,"0.000000                      "
"2005","75106","01","8105","1211","49","Elem      ","Y","Non-district Charter Schools: Central City Cy","Central City Cyberschool","Grades PreK-12","All Races","Both Genders","348",30,"8.620600                      ",24,"6.896500                      ",38,"10.919500                     ",37,"10.632100                     ",39,"11.206800                     ",28,"8.045900                      ",36,"10.344800                     ",29,"8.333300                      ",51,"14.655100                     ",36,"10.344800                     ",0,"0.000000                      ",0,"0.000000                      ",0,"0.000000                      ",0,"0.000000                      "
"2005","C5106","01","8106","    ","03","Summary   ","Y","Non-district Charter Schools: Milwaukee Acade","","Grades PreK-12","All Races","Both Genders","885",72,"8.135500                      ",85,"9.604500                      ",95,"10.734400                     ",81,"9.152500                      ",101,"11.412400                     ",95,"10.734400                     ",69,"7.796600                      ",92,"10.395400                     ",93,"10.508400                     ",69,"7.796600                      ",33,"3.728800                      ",0,"0.000000                      ",0,"0.000000                      ",0,"0.000000                      "
"2005","79082","01","8106","1251","49","El/Sec    ","Y","Non-district Charter Schools: Milwaukee Acade","Milwaukee Academy of Science","Grades PreK-12","All Races","Both Genders","885",72,"8.135500                      ",85,"9.604500                      ",95,"10.734400                     ",81,"9.152500                      ",101,"11.412400                     ",95,"10.734400                     ",69,"7.796600                      ",92,"10.395400                     ",93,"10.508400                     ",69,"7.796600                      ",33,"3.728800                      ",0,"0.000000                      ",0,"0.000000                      ",0,"0.000000                      "
"2005","C5107","01","8107","    ","03","Summary   ","Y","Non-district Charter Schools: Sch for Early D","","Grades PreK-12","All Races","Both Genders","34",24,"70.588200                     ",6,"17.647000                     ",4,"11.764700                     ",0,"0.000000                      ",0,"0.000000                      ",0,"0.000000                      ",0,"0.000000                      ",0,"0.000000                      ",0,"0.000000                      ",0,"0.000000                      ",0,"0.000000                      ",0,"0.000000                      ",0,"0.000000                      ",0,"0.000000                      "
"2005","74983","01","8107","1279","49","Elem      ","Y","Non-district Charter Schools: Sch for Early D","Sch for Early Development & Achievement","Grades PreK-12","All Races","Both Genders","34",24,"70.588200                     ",6,"17.647000                     ",4,"11.764700                     ",0,"0.000000                      ",0,"0.000000                      ",0,"0.000000                      ",0,"0.000000                      ",0,"0.000000                      ",0,"0.000000                      ",0,"0.000000                      ",0,"0.000000                      ",0,"0.000000                      ",0,"0.000000                      ",0,"0.000000                      "
"2005","C5108","01","8108","    ","03","Summary   ","Y","Non-district Charter Schools: Urban League Ac","","Grades PreK-12","All Races","Both Genders","864",55,"6.365700                      ",89,"10.300900                     ",91,"10.532400                     ",88,"10.185100                     ",99,"11.458300                     ",88,"10.185100                     ",84,"9.722200                      ",93,"10.763800                     ",85,"9.837900                      ",92,"10.648100                     ",0,"0.000000                      ",0,"0.000000                      ",0,"0.000000                      ",0,"0.000000                      "
"2005","79067","01","8108","1278","49","Elem      ","Y","Non-district Charter Schools: Urban League Ac","Urban League Academy","Grades PreK-12","All Races","Both Genders","864",55,"6.365700                      ",89,"10.300900                     ",91,"10.532400                     ",88,"10.185100                     ",99,"11.458300                     ",88,"10.185100                     ",84,"9.722200                      ",93,"10.763800                     ",85,"9.837900                      ",92,"10.648100                     ",0,"0.000000                      ",0,"0.000000                      ",0,"0.000000                      ",0,"0.000000                      "
"2005","C5109","01","8109","    ","03","Summary   ","Y","Non-district Charter Schools: DLH Academy","","Grades PreK-12","All Races","Both Genders","238",0,"0.000000                      ",26,"10.924300                     ",26,"10.924300                     ",23,"9.663800                      ",26,"10.924300                     ",33,"13.865500                     ",40,"16.806700                     ",27,"11.344500                     ",37,"15.546200                     ",0,"0.000000                      ",0,"0.000000                      ",0,"0.000000                      ",0,"0.000000                      ",0,"0.000000                      "
"2005","74972","01","8109","0100","49","Elem      ","Y","Non-district Charter Schools: DLH Academy","DLH Academy","Grades PreK-12","All Races","Both Genders","238",0,"0.000000                      ",26,"10.924300                     ",26,"10.924300                     ",23,"9.663800                      ",26,"10.924300                     ",33,"13.865500                     ",40,"16.806700                     ",27,"11.344500                     ",37,"15.546200                     ",0,"0.000000                      ",0,"0.000000                      ",0,"0.000000                      ",0,"0.000000                      ",0,"0.000000                      "
"2005","C5110","01","8110","    ","03","Summary   ","Y","Non-district Charter Schools: 21st Century Pr","","Grades PreK-12","All Races","Both Genders","353",0,"0.000000                      ",49,"13.881000                     ",51,"14.447500                     ",51,"14.447500                     ",52,"14.730800                     ",51,"14.447500                     ",49,"13.881000                     ",50,"14.164300                     ",0,"0.000000                      ",0,"0.000000                      ",0,"0.000000                      ",0,"0.000000                      ",0,"0.000000                      ",0,"0.000000                      "
"2005","74962","01","8110","0100","49","Elem      ","Y","Non-district Charter Schools: 21st Century Pr","21st Century Preparatory Sch","Grades PreK-12","All Races","Both Genders","353",0,"0.000000                      ",49,"13.881000                     ",51,"14.447500                     ",51,"14.447500                     ",52,"14.730800                     ",51,"14.447500                     ",49,"13.881000                     ",50,"14.164300                     ",0,"0.000000                      ",0,"0.000000                      ",0,"0.000000                      ",0,"0.000000                      ",0,"0.000000                      ",0,"0.000000                      "
"2005","C5111","01","8111","    ","03","Summary   ","Y","Non-district Charter Schools: YMCA Youth Lead","","Grades PreK-12","All Races","Both Genders","484",30,"6.198300                      ",41,"8.471000                      ",50,"10.330500                     ",45,"9.297500                      ",54,"11.157000                     ",56,"11.570200                     ",54,"11.157000                     ",50,"10.330500                     ",53,"10.950400                     ",51,"10.537100                     ",0,"0.000000                      ",0,"0.000000                      ",0,"0.000000                      ",0,"0.000000                      "
"2005","74963","01","8111","0100","49","Elem      ","Y","Non-district Charter Schools: YMCA Youth Lead","YMCA Youth Leadership Academy","Grades PreK-12","All Races","Both Genders","484",30,"6.198300                      ",41,"8.471000                      ",50,"10.330500                     ",45,"9.297500                      ",54,"11.157000                     ",56,"11.570200                     ",54,"11.157000                     ",50,"10.330500                     ",53,"10.950400                     ",51,"10.537100                     ",0,"0.000000                      ",0,"0.000000                      ",0,"0.000000                      ",0,"0.000000                      "
"2005","C5112","01","8112","    ","03","Summary   ","Y","Non-district Charter Schools: Academy of Lear","","Grades PreK-12","All Races","Both Genders","196",0,"0.000000                      ",43,"21.938700                     ",14,"7.142800                      ",15,"7.653000                      ",13,"6.632600                      ",20,"10.204000                     ",30,"15.306100                     ",18,"9.183600                      ",19,"9.693800                      ",24,"12.244800                     ",0,"0.000000                      ",0,"0.000000                      ",0,"0.000000                      ",0,"0.000000                      "
"2005","79654","01","8112","0100","49","Elem      ","Y","Non-district Charter Schools: Academy of Lear","Academy of Learning & Leadership","Grades PreK-12","All Races","Both Genders","196",0,"0.000000                      ",43,"21.938700                     ",14,"7.142800                      ",15,"7.653000                      ",13,"6.632600                      ",20,"10.204000                     ",30,"15.306100                     ",18,"9.183600                      ",19,"9.693800                      ",24,"12.244800                     ",0,"0.000000                      ",0,"0.000000                      ",0,"0.000000                      ",0,"0.000000                      "
"2005","C5113","01","8113","    ","03","Summary   ","Y","Non-district Charter Schools: Woodlands Schoo","","Grades PreK-12","All Races","Both Genders","224",40,"17.857100                     ",22,"9.821400                      ",30,"13.392800                     ",28,"12.500000                     ",27,"12.053500                     ",16,"7.142800                      ",18,"8.035700                      ",13,"5.803500                      ",16,"7.142800                      ",14,"6.250000                      ",0,"0.000000                      ",0,"0.000000                      ",0,"0.000000                      ",0,"0.000000                      "
"2005","79712","01","8113","8728","49","Elem      ","Y","Non-district Charter Schools: Woodlands Schoo","Woodlands School","Grades PreK-12","All Races","Both Genders","224",40,"17.857100                     ",22,"9.821400                      ",30,"13.392800                     ",28,"12.500000                     ",27,"12.053500                     ",16,"7.142800                      ",18,"8.035700                      ",13,"5.803500                      ",16,"7.142800                      ",14,"6.250000                      ",0,"0.000000                      ",0,"0.000000                      ",0,"0.000000                      ",0,"0.000000                      "
"2005","C5114","01","8114","    ","03","Summary   ","Y","Non-district Charter Schools: Capitol West Ac","","Grades PreK-12","All Races","Both Genders","30",0,"0.000000                      ",9,"30.000000                     ",7,"23.333300                     ",9,"30.000000                     ",5,"16.666600                     ",0,"0.000000                      ",0,"0.000000                      ",0,"0.000000                      ",0,"0.000000                      ",0,"0.000000                      ",0,"0.000000                      ",0,"0.000000                      ",0,"0.000000                      ",0,"0.000000                      "
"2005","79714","01","8114","0100","49","Elem      ","Y","Non-district Charter Schools: Capitol West Ac","Capitol West Academy","Grades PreK-12","All Races","Both Genders","30",0,"0.000000                      ",9,"30.000000                     ",7,"23.333300                     ",9,"30.000000                     ",5,"16.666600                     ",0,"0.000000                      ",0,"0.000000                      ",0,"0.000000                      ",0,"0.000000                      ",0,"0.000000                      ",0,"0.000000                      ",0,"0.000000                      ",0,"0.000000                      ",0,"0.000000                      "
