"year","agency_key","CESA","district_number","school_number","agency_type","school_type","charter","district_name","school_name","grade_label","total_enrollment_prek-12","number_female","percent_female","number_male","percent_male","number_am_ind","percent_am_ind","number_asian","percent_asian","number_black","percent_black","number_hispanic","percent_hispanic","number_white","percent_white"
"2000","32871","01","0714","","03","Elem      ","N","Elmbrook","","Elementary School Type/ Prek-12","3065",1478,"48.221800                     ",1587,"51.778100                     ",3,"0.097800                      ",157,"5.122300                      ",133,"4.339300                      ",50,"1.631300                      ",2722,"88.809100                     "
"2000","32871","01","0714","","03","Mid/Jr Hi ","N","Elmbrook","","Middle/Junior High School Type/ Prek-12","1727",852,"49.334100                     ",875,"50.665800                     ",2,"0.115800                      ",115,"6.658900                      ",91,"5.269200                      ",23,"1.331700                      ",1496,"86.624200                     "
"2000","32871","01","0714","","03","High      ","N","Elmbrook","","High School Type/ PreK-12","2657",1309,"49.266000                     ",1348,"50.733900                     ",3,"0.112900                      ",137,"5.156100                      ",139,"5.231400                      ",39,"1.467800                      ",2339,"88.031600                     "
"2000","32871","01","0714","","03","El/Sec    ","N","Elmbrook","","Combined Elementary/Secondary School Type/ Prek-12","0",0,"--                            ",0,"--                            ",0,"--                            ",0,"--                            ",0,"--                            ",0,"--                            ",0,"--                            "
"2000","32871","01","0714","","03","Summary   ","N","Elmbrook","","Grades PreK-12","7449",3639,"48.852100                     ",3810,"51.147800                     ",8,"0.107300                      ",409,"5.490600                      ",363,"4.873100                      ",112,"1.503500                      ",6557,"88.025200                     "
"2000","30951","01","0714","0020","04","High      ","N","Elmbrook","Central Hi","Grades PreK-12","1308",647,"49.464800                     ",661,"50.535100                     ",1,"0.076400                      ",73,"5.581000                      ",54,"4.128400                      ",24,"1.834800                      ",1156,"88.379200                     "
"2000","30918","01","0714","0040","04","Elem      ","N","Elmbrook","Brookfield El","Grades PreK-12","429",212,"49.417200                     ",217,"50.582700                     ",1,"0.233100                      ",30,"6.993000                      ",24,"5.594400                      ",7,"1.631700                      ",367,"85.547700                     "
"2000","30952","01","0714","0060","04","High      ","N","Elmbrook","East Hi","Grades PreK-12","1266",627,"49.526000                     ",639,"50.473900                     ",2,"0.157900                      ",61,"4.818300                      ",76,"6.003100                      ",11,"0.868800                      ",1116,"88.151600                     "
"2000","30953","01","0714","0080","04","Elem      ","N","Elmbrook","Burleigh El","Grades PreK-12","774",330,"42.635600                     ",444,"57.364300                     ",2,"0.258300                      ",53,"6.847500                      ",26,"3.359100                      ",13,"1.679500                      ",680,"87.855200                     "
"2000","30954","01","0714","0100","04","Elem      ","N","Elmbrook","Dixon El","Grades PreK-12","424",215,"50.707500                     ",209,"49.292400                     ",0,"0.000000                      ",10,"2.358400                      ",20,"4.716900                      ",3,"0.707500                      ",391,"92.216900                     "
"2000","30829","01","0714","0150","04","Mid/Jr Hi ","N","Elmbrook","Pilgrim Park Mid","Grades PreK-12","818",393,"48.044000                     ",425,"51.955900                     ",1,"0.122200                      ",40,"4.889900                      ",41,"5.012200                      ",7,"0.855700                      ",729,"89.119800                     "
"2000","30919","01","0714","0160","04","High      ","N","Elmbrook","Fairview South","Grades PreK-12","83",35,"42.168600                     ",48,"57.831300                     ",0,"0.000000                      ",3,"3.614400                      ",9,"10.843300                     ",4,"4.819200                      ",67,"80.722800                     "
"2000","30920","01","0714","0170","04","Elem      ","N","Elmbrook","Hillside El","Grades PreK-12","387",191,"49.354000                     ",196,"50.645900                     ",0,"0.000000                      ",11,"2.842300                      ",19,"4.909500                      ",1,"0.258300                      ",356,"91.989600                     "
"2000","32787","01","0714","0190","04","Elem      ","N","Elmbrook","Swanson El","Grades PreK-12","647",323,"49.922700                     ",324,"50.077200                     ",0,"0.000000                      ",39,"6.027800                      ",26,"4.018500                      ",20,"3.091100                      ",562,"86.862400                     "
"2000","30830","01","0714","0250","04","Elem      ","N","Elmbrook","Tonawanda El","Grades PreK-12","404",207,"51.237600                     ",197,"48.762300                     ",0,"0.000000                      ",14,"3.465300                      ",18,"4.455400                      ",6,"1.485100                      ",366,"90.594000                     "
"2000","30921","01","0714","0270","04","Mid/Jr Hi ","N","Elmbrook","Wisconsin Hills Mid","Grades PreK-12","909",459,"50.495000                     ",450,"49.504900                     ",1,"0.110000                      ",75,"8.250800                      ",50,"5.500500                      ",16,"1.760100                      ",767,"84.378400                     "
"2000","33067","01","0721","","03","Elem      ","N","Brown Deer","","Elementary School Type/ Prek-12","591",271,"45.854400                     ",320,"54.145500                     ",2,"0.338400                      ",29,"4.906900                      ",145,"24.534600                     ",16,"2.707200                      ",399,"67.512600                     "
"2000","33067","01","0721","","03","Mid/Jr Hi ","N","Brown Deer","","Middle/Junior High School Type/ Prek-12","572",255,"44.580400                     ",317,"55.419500                     ",1,"0.174800                      ",17,"2.972000                      ",160,"27.972000                     ",16,"2.797200                      ",378,"66.083900                     "
"2000","33067","01","0721","","03","High      ","N","Brown Deer","","High School Type/ PreK-12","580",272,"46.896500                     ",308,"53.103400                     ",5,"0.862000                      ",13,"2.241300                      ",110,"18.965500                     ",12,"2.068900                      ",440,"75.862000                     "
"2000","33067","01","0721","","03","El/Sec    ","N","Brown Deer","","Combined Elementary/Secondary School Type/ Prek-12","0",0,"--                            ",0,"--                            ",0,"--                            ",0,"--                            ",0,"--                            ",0,"--                            ",0,"--                            "
"2000","33067","01","0721","","03","Summary   ","N","Brown Deer","","Grades PreK-12","1743",798,"45.783100                     ",945,"54.216800                     ",8,"0.458900                      ",59,"3.384900                      ",415,"23.809500                     ",44,"2.524300                      ",1217,"69.822100                     "
"2000","31920","01","0721","0040","04","High      ","N","Brown Deer","Brown Deer Hi","Grades PreK-12","580",272,"46.896500                     ",308,"53.103400                     ",5,"0.862000                      ",13,"2.241300                      ",110,"18.965500                     ",12,"2.068900                      ",440,"75.862000                     "
"2000","31921","01","0721","0060","04","Mid/Jr Hi ","N","Brown Deer","Brown Deer Mid","Grades PreK-12","572",255,"44.580400                     ",317,"55.419500                     ",1,"0.174800                      ",17,"2.972000                      ",160,"27.972000                     ",16,"2.797200                      ",378,"66.083900                     "
"2000","31922","01","0721","0080","04","Elem      ","N","Brown Deer","Dean El","Grades PreK-12","337",151,"44.807100                     ",186,"55.192800                     ",1,"0.296700                      ",11,"3.264000                      ",83,"24.629000                     ",11,"3.264000                      ",231,"68.545900                     "
"2000","31923","01","0721","0090","04","Elem      ","N","Brown Deer","Algonquin El","Grades PreK-12","254",120,"47.244000                     ",134,"52.755900                     ",1,"0.393700                      ",18,"7.086600                      ",62,"24.409400                     ",5,"1.968500                      ",168,"66.141700                     "
"2000","32873","01","1015","","03","Elem      ","N","Cedarburg","","Elementary School Type/ Prek-12","1207",593,"49.130000                     ",614,"50.869900                     ",1,"0.082800                      ",6,"0.497100                      ",9,"0.745600                      ",9,"0.745600                      ",1182,"97.928700                     "
"2000","32873","01","1015","","03","Mid/Jr Hi ","N","Cedarburg","","Middle/Junior High School Type/ Prek-12","654",295,"45.107000                     ",359,"54.892900                     ",0,"0.000000                      ",6,"0.917400                      ",3,"0.458700                      ",4,"0.611600                      ",641,"98.012200                     "
"2000","32873","01","1015","","03","High      ","N","Cedarburg","","High School Type/ PreK-12","1012",494,"48.814200                     ",518,"51.185700                     ",1,"0.098800                      ",14,"1.383300                      ",3,"0.296400                      ",10,"0.988100                      ",984,"97.233200                     "
"2000","32873","01","1015","","03","El/Sec    ","N","Cedarburg","","Combined Elementary/Secondary School Type/ Prek-12","0",0,"--                            ",0,"--                            ",0,"--                            ",0,"--                            ",0,"--                            ",0,"--                            ",0,"--                            "
"2000","32873","01","1015","","03","Summary   ","N","Cedarburg","","Grades PreK-12","2873",1382,"48.103000                     ",1491,"51.896900                     ",2,"0.069600                      ",26,"0.904900                      ",15,"0.522100                      ",23,"0.800500                      ",2807,"97.702700                     "
"2000","30960","01","1015","0020","04","High      ","N","Cedarburg","Cedarburg Hi","Grades PreK-12","1012",494,"48.814200                     ",518,"51.185700                     ",1,"0.098800                      ",14,"1.383300                      ",3,"0.296400                      ",10,"0.988100                      ",984,"97.233200                     "
"2000","30961","01","1015","0070","04","Elem      ","N","Cedarburg","Parkview El","Grades PreK-12","443",205,"46.275300                     ",238,"53.724600                     ",0,"0.000000                      ",3,"0.677200                      ",0,"0.000000                      ",0,"0.000000                      ",440,"99.322700                     "
"2000","30962","01","1015","0075","04","Elem      ","N","Cedarburg","Westlawn El","Grades PreK-12","298",150,"50.335500                     ",148,"49.664400                     ",1,"0.335500                      ",2,"0.671100                      ",6,"2.013400                      ",4,"1.342200                      ",285,"95.637500                     "
"2000","30963","01","1015","0090","04","Elem      ","N","Cedarburg","Thorson El","Grades PreK-12","466",238,"51.072900                     ",228,"48.927000                     ",0,"0.000000                      ",1,"0.214500                      ",3,"0.643700                      ",5,"1.072900                      ",457,"98.068600                     "
"2000","30964","01","1015","0100","04","Mid/Jr Hi ","N","Cedarburg","Webster Mid","Grades PreK-12","654",295,"45.107000                     ",359,"54.892900                     ",0,"0.000000                      ",6,"0.917400                      ",3,"0.458700                      ",4,"0.611600                      ",641,"98.012200                     "
"2000","32842","01","1253","","03","Elem      ","N","Cudahy","","Elementary School Type/ Prek-12","1626",767,"47.170900                     ",859,"52.829000                     ",38,"2.337000                      ",58,"3.567000                      ",45,"2.767500                      ",116,"7.134000                      ",1369,"84.194300                     "
"2000","32842","01","1253","","03","Mid/Jr Hi ","N","Cudahy","","Middle/Junior High School Type/ Prek-12","417",214,"51.318900                     ",203,"48.681000                     ",4,"0.959200                      ",28,"6.714600                      ",25,"5.995200                      ",29,"6.954400                      ",331,"79.376400                     "
"2000","32842","01","1253","","03","High      ","N","Cudahy","","High School Type/ PreK-12","902",442,"49.002200                     ",460,"50.997700                     ",10,"1.108600                      ",43,"4.767100                      ",40,"4.434500                      ",58,"6.430100                      ",751,"83.259400                     "
"2000","32842","01","1253","","03","El/Sec    ","N","Cudahy","","Combined Elementary/Secondary School Type/ Prek-12","0",0,"--                            ",0,"--                            ",0,"--                            ",0,"--                            ",0,"--                            ",0,"--                            ",0,"--                            "
"2000","32842","01","1253","","03","Summary   ","N","Cudahy","","Grades PreK-12","2945",1423,"48.319100                     ",1522,"51.680800                     ",52,"1.765700                      ",129,"4.380300                      ",110,"3.735100                      ",203,"6.893000                      ",2451,"83.225800                     "
"2000","30806","01","1253","0022","04","Mid/Jr Hi ","N","Cudahy","Cudahy Mid","Grades PreK-12","417",214,"51.318900                     ",203,"48.681000                     ",4,"0.959200                      ",28,"6.714600                      ",25,"5.995200                      ",29,"6.954400                      ",331,"79.376400                     "
"2000","30807","01","1253","0040","04","High      ","N","Cudahy","Cudahy Hi","Grades PreK-12","902",442,"49.002200                     ",460,"50.997700                     ",10,"1.108600                      ",43,"4.767100                      ",40,"4.434500                      ",58,"6.430100                      ",751,"83.259400                     "
"2000","30808","01","1253","0050","04","Elem      ","N","Cudahy","Mitchell El","Grades PreK-12","363",166,"45.730000                     ",197,"54.269900                     ",5,"1.377400                      ",14,"3.856700                      ",6,"1.652800                      ",18,"4.958600                      ",320,"88.154200                     "
"2000","30809","01","1253","0060","04","Elem      ","N","Cudahy","Jones El","Grades PreK-12","192",85,"44.270800                     ",107,"55.729100                     ",2,"1.041600                      ",8,"4.166600                      ",1,"0.520800                      ",11,"5.729100                      ",170,"88.541600                     "
"2000","30810","01","1253","0080","04","Elem      ","N","Cudahy","Lincoln El","Grades PreK-12","414",206,"49.758400                     ",208,"50.241500                     ",10,"2.415400                      ",12,"2.898500                      ",17,"4.106200                      ",22,"5.314000                      ",353,"85.265700                     "
"2000","30811","01","1253","0120","04","Elem      ","N","Cudahy","Parkview El","Grades PreK-12","360",181,"50.277700                     ",179,"49.722200                     ",8,"2.222200                      ",5,"1.388800                      ",14,"3.888800                      ",39,"10.833300                     ",294,"81.666600                     "
"2000","31694","01","1253","0140","04","Elem      ","N","Cudahy","Kosciuszko El","Grades PreK-12","297",129,"43.434300                     ",168,"56.565600                     ",13,"4.377100                      ",19,"6.397300                      ",7,"2.356900                      ",26,"8.754200                      ",232,"78.114400                     "
"2000","33061","01","1376","","03","Elem      ","N","Kettle Moraine","","Elementary School Type/ Prek-12","1802",863,"47.891200                     ",939,"52.108700                     ",6,"0.332900                      ",17,"0.943300                      ",9,"0.499400                      ",16,"0.887900                      ",1754,"97.336200                     "
"2000","33061","01","1376","","03","Mid/Jr Hi ","N","Kettle Moraine","","Middle/Junior High School Type/ Prek-12","1050",488,"46.476100                     ",562,"53.523800                     ",0,"0.000000                      ",9,"0.857100                      ",2,"0.190400                      ",14,"1.333300                      ",1025,"97.619000                     "
"2000","33061","01","1376","","03","High      ","N","Kettle Moraine","","High School Type/ PreK-12","1478",693,"46.887600                     ",785,"53.112300                     ",3,"0.202900                      ",11,"0.744200                      ",0,"0.000000                      ",25,"1.691400                      ",1439,"97.361200                     "
"2000","33061","01","1376","","03","El/Sec    ","N","Kettle Moraine","","Combined Elementary/Secondary School Type/ Prek-12","0",0,"--                            ",0,"--                            ",0,"--                            ",0,"--                            ",0,"--                            ",0,"--                            ",0,"--                            "
"2000","33061","01","1376","","03","Summary   ","N","Kettle Moraine","","Grades PreK-12","4330",2044,"47.205500                     ",2286,"52.794400                     ",9,"0.207800                      ",37,"0.854500                      ",11,"0.254000                      ",55,"1.270200                      ",4218,"97.413300                     "
"2000","30897","01","1376","0040","04","Elem      ","N","Kettle Moraine","Cushing El","Grades PreK-12","542",253,"46.678900                     ",289,"53.321000                     ",1,"0.184500                      ",3,"0.553500                      ",3,"0.553500                      ",0,"0.000000                      ",535,"98.708400                     "
"2000","30817","01","1376","0060","04","Elem      ","N","Kettle Moraine","Dousman El","Grades PreK-12","500",247,"49.400000                     ",253,"50.600000                     ",2,"0.400000                      ",5,"1.000000                      ",0,"0.000000                      ",11,"2.200000                      ",482,"96.400000                     "
"2000","31801","01","1376","0120","04","High      ","N","Kettle Moraine","Kettle Moraine Hi","Grades PreK-12","1478",693,"46.887600                     ",785,"53.112300                     ",3,"0.202900                      ",11,"0.744200                      ",0,"0.000000                      ",25,"1.691400                      ",1439,"97.361200                     "
"2000","30818","01","1376","0140","04","Mid/Jr Hi ","N","Kettle Moraine","Kettle Moraine Mid","Grades PreK-12","1050",488,"46.476100                     ",562,"53.523800                     ",0,"0.000000                      ",9,"0.857100                      ",2,"0.190400                      ",14,"1.333300                      ",1025,"97.619000                     "
"2000","30835","01","1376","0160","04","Elem      ","N","Kettle Moraine","Magee El","Grades PreK-12","320",158,"49.375000                     ",162,"50.625000                     ",0,"0.000000                      ",3,"0.937500                      ",1,"0.312500                      ",1,"0.312500                      ",315,"98.437500                     "
"2000","31800","01","1376","0240","04","Elem      ","N","Kettle Moraine","Wales El","Grades PreK-12","440",205,"46.590900                     ",235,"53.409000                     ",3,"0.681800                      ",6,"1.363600                      ",5,"1.136300                      ",4,"0.909000                      ",422,"95.909000                     "
"2000","32890","01","1890","","03","Elem      ","N","Fox Point J2","","Elementary School Type/ Prek-12","511",249,"48.727900                     ",262,"51.272000                     ",2,"0.391300                      ",21,"4.109500                      ",64,"12.524400                     ",7,"1.369800                      ",417,"81.604600                     "
"2000","32890","01","1890","","03","Mid/Jr Hi ","N","Fox Point J2","","Middle/Junior High School Type/ Prek-12","393",206,"52.417300                     ",187,"47.582600                     ",2,"0.508900                      ",11,"2.798900                      ",48,"12.213700                     ",6,"1.526700                      ",326,"82.951600                     "
"2000","32890","01","1890","","03","High      ","N","Fox Point J2","","High School Type/ PreK-12","0",0,"--                            ",0,"--                            ",0,"--                            ",0,"--                            ",0,"--                            ",0,"--                            ",0,"--                            "
"2000","32890","01","1890","","03","El/Sec    ","N","Fox Point J2","","Combined Elementary/Secondary School Type/ Prek-12","0",0,"--                            ",0,"--                            ",0,"--                            ",0,"--                            ",0,"--                            ",0,"--                            ",0,"--                            "
"2000","32890","01","1890","","03","Summary   ","N","Fox Point J2","","Grades PreK-12","904",455,"50.331800                     ",449,"49.668100                     ",4,"0.442400                      ",32,"3.539800                      ",112,"12.389300                     ",13,"1.438000                      ",743,"82.190200                     "
"2000","31062","01","1890","0020","04","Mid/Jr Hi ","N","Fox Point J2","Bayside Mid","Grades PreK-12","393",206,"52.417300                     ",187,"47.582600                     ",2,"0.508900                      ",11,"2.798900                      ",48,"12.213700                     ",6,"1.526700                      ",326,"82.951600                     "
"2000","31063","01","1890","0040","04","Elem      ","N","Fox Point J2","Stormonth El","Grades PreK-12","511",249,"48.727900                     ",262,"51.272000                     ",2,"0.391300                      ",21,"4.109500                      ",64,"12.524400                     ",7,"1.369800                      ",417,"81.604600                     "
"2000","32887","01","1897","","03","Elem      ","N","Maple Dale-Indian Hill","","Elementary School Type/ Prek-12","294",137,"46.598600                     ",157,"53.401300                     ",2,"0.680200                      ",24,"8.163200                      ",46,"15.646200                     ",5,"1.700600                      ",217,"73.809500                     "
"2000","32887","01","1897","","03","Mid/Jr Hi ","N","Maple Dale-Indian Hill","","Middle/Junior High School Type/ Prek-12","355",164,"46.197100                     ",191,"53.802800                     ",0,"0.000000                      ",21,"5.915400                      ",54,"15.211200                     ",8,"2.253500                      ",272,"76.619700                     "
"2000","32887","01","1897","","03","High      ","N","Maple Dale-Indian Hill","","High School Type/ PreK-12","0",0,"--                            ",0,"--                            ",0,"--                            ",0,"--                            ",0,"--                            ",0,"--                            ",0,"--                            "
"2000","32887","01","1897","","03","El/Sec    ","N","Maple Dale-Indian Hill","","Combined Elementary/Secondary School Type/ Prek-12","0",0,"--                            ",0,"--                            ",0,"--                            ",0,"--                            ",0,"--                            ",0,"--                            ",0,"--                            "
"2000","32887","01","1897","","03","Summary   ","N","Maple Dale-Indian Hill","","Grades PreK-12","649",301,"46.379000                     ",348,"53.620900                     ",2,"0.308100                      ",45,"6.933700                      ",100,"15.408300                     ",13,"2.003000                      ",489,"75.346600                     "
"2000","31064","01","1897","0020","04","Elem      ","N","Maple Dale-Indian Hill","Indian Hill El","Grades PreK-12","294",137,"46.598600                     ",157,"53.401300                     ",2,"0.680200                      ",24,"8.163200                      ",46,"15.646200                     ",5,"1.700600                      ",217,"73.809500                     "
"2000","31065","01","1897","0040","04","Mid/Jr Hi ","N","Maple Dale-Indian Hill","Maple Dale El","Grades PreK-12","355",164,"46.197100                     ",191,"53.802800                     ",0,"0.000000                      ",21,"5.915400                      ",54,"15.211200                     ",8,"2.253500                      ",272,"76.619700                     "
"2000","32852","01","1900","","03","Elem      ","N","Franklin Public","","Elementary School Type/ Prek-12","1886",903,"47.879100                     ",983,"52.120800                     ",9,"0.477200                      ",112,"5.938400                      ",131,"6.945900                      ",52,"2.757100                      ",1582,"83.881200                     "
"2000","32852","01","1900","","03","Mid/Jr Hi ","N","Franklin Public","","Middle/Junior High School Type/ Prek-12","645",327,"50.697600                     ",318,"49.302300                     ",2,"0.310000                      ",38,"5.891400                      ",51,"7.906900                      ",24,"3.720900                      ",530,"82.170500                     "
"2000","32852","01","1900","","03","High      ","N","Franklin Public","","High School Type/ PreK-12","1322",678,"51.285900                     ",644,"48.714000                     ",6,"0.453800                      ",75,"5.673200                      ",57,"4.311600                      ",50,"3.782100                      ",1134,"85.779100                     "
"2000","32852","01","1900","","03","El/Sec    ","N","Franklin Public","","Combined Elementary/Secondary School Type/ Prek-12","0",0,"--                            ",0,"--                            ",0,"--                            ",0,"--                            ",0,"--                            ",0,"--                            ",0,"--                            "
"2000","32852","01","1900","","03","Summary   ","N","Franklin Public","","Grades PreK-12","3853",1908,"49.519800                     ",1945,"50.480100                     ",17,"0.441200                      ",225,"5.839600                      ",239,"6.202900                      ",126,"3.270100                      ",3246,"84.246000                     "
"2000","30844","01","1900","0020","04","Elem      ","N","Franklin Public","Ben Franklin El","Grades PreK-12","393",189,"48.091600                     ",204,"51.908300                     ",0,"0.000000                      ",6,"1.526700                      ",36,"9.160300                      ",5,"1.272200                      ",346,"88.040700                     "
"2000","30845","01","1900","0040","04","Elem      ","N","Franklin Public","Country Dale El","Grades PreK-12","352",171,"48.579500                     ",181,"51.420400                     ",4,"1.136300                      ",32,"9.090900                      ",25,"7.102200                      ",9,"2.556800                      ",282,"80.113600                     "
"2000","30846","01","1900","0060","04","High      ","N","Franklin Public","Franklin Hi","Grades PreK-12","1322",678,"51.285900                     ",644,"48.714000                     ",6,"0.453800                      ",75,"5.673200                      ",57,"4.311600                      ",50,"3.782100                      ",1134,"85.779100                     "
"2000","30847","01","1900","0070","04","Mid/Jr Hi ","N","Franklin Public","Forest Park Mid","Grades PreK-12","645",327,"50.697600                     ",318,"49.302300                     ",2,"0.310000                      ",38,"5.891400                      ",51,"7.906900                      ",24,"3.720900                      ",530,"82.170500                     "
"2000","30848","01","1900","0080","04","Elem      ","N","Franklin Public","Pleasant View El","Grades PreK-12","434",211,"48.617500                     ",223,"51.382400                     ",2,"0.460800                      ",32,"7.373200                      ",29,"6.682000                      ",11,"2.534500                      ",360,"82.949300                     "
"2000","30849","01","1900","0100","04","Elem      ","N","Franklin Public","Robinwood El","Grades PreK-12","329",153,"46.504500                     ",176,"53.495400                     ",2,"0.607900                      ",27,"8.206600                      ",20,"6.079000                      ",17,"5.167100                      ",263,"79.939200                     "
"2000","30850","01","1900","0120","04","Elem      ","N","Franklin Public","Southwood Glen El","Grades PreK-12","378",179,"47.354400                     ",199,"52.645500                     ",1,"0.264500                      ",15,"3.968200                      ",21,"5.555500                      ",10,"2.645500                      ",331,"87.566100                     "
"2000","32861","01","1945","","03","Elem      ","N","Northern Ozaukee","","Elementary School Type/ Prek-12","349",153,"43.839500                     ",196,"56.160400                     ",2,"0.573000                      ",3,"0.859500                      ",0,"0.000000                      ",1,"0.286500                      ",343,"98.280800                     "
"2000","32861","01","1945","","03","Mid/Jr Hi ","N","Northern Ozaukee","","Middle/Junior High School Type/ Prek-12","222",102,"45.945900                     ",120,"54.054000                     ",1,"0.450400                      ",0,"0.000000                      ",3,"1.351300                      ",0,"0.000000                      ",218,"98.198100                     "
"2000","32861","01","1945","","03","High      ","N","Northern Ozaukee","","High School Type/ PreK-12","332",152,"45.783100                     ",180,"54.216800                     ",0,"0.000000                      ",1,"0.301200                      ",1,"0.301200                      ",1,"0.301200                      ",329,"99.096300                     "
"2000","32861","01","1945","","03","El/Sec    ","N","Northern Ozaukee","","Combined Elementary/Secondary School Type/ Prek-12","0",0,"--                            ",0,"--                            ",0,"--                            ",0,"--                            ",0,"--                            ",0,"--                            ",0,"--                            "
"2000","32861","01","1945","","03","Summary   ","N","Northern Ozaukee","","Grades PreK-12","903",407,"45.071900                     ",496,"54.928000                     ",3,"0.332200                      ",4,"0.442900                      ",4,"0.442900                      ",2,"0.221400                      ",890,"98.560300                     "
"2000","30901","01","1945","0040","04","Elem      ","N","Northern Ozaukee","Ozaukee El","Grades PreK-12","349",153,"43.839500                     ",196,"56.160400                     ",2,"0.573000                      ",3,"0.859500                      ",0,"0.000000                      ",1,"0.286500                      ",343,"98.280800                     "
"2000","30902","01","1945","0060","04","High      ","N","Northern Ozaukee","Ozaukee Hi","Grades PreK-12","332",152,"45.783100                     ",180,"54.216800                     ",0,"0.000000                      ",1,"0.301200                      ",1,"0.301200                      ",1,"0.301200                      ",329,"99.096300                     "
"2000","30903","01","1945","0080","04","Mid/Jr Hi ","N","Northern Ozaukee","Ozaukee Mid","Grades PreK-12","222",102,"45.945900                     ",120,"54.054000                     ",1,"0.450400                      ",0,"0.000000                      ",3,"1.351300                      ",0,"0.000000                      ",218,"98.198100                     "
"2000","32862","01","2058","","03","Elem      ","N","Germantown","","Elementary School Type/ Prek-12","1600",748,"46.750000                     ",852,"53.250000                     ",10,"0.625000                      ",28,"1.750000                      ",31,"1.937500                      ",15,"0.937500                      ",1516,"94.750000                     "
"2000","32862","01","2058","","03","Mid/Jr Hi ","N","Germantown","","Middle/Junior High School Type/ Prek-12","814",372,"45.700200                     ",442,"54.299700                     ",2,"0.245700                      ",12,"1.474200                      ",13,"1.597000                      ",10,"1.228500                      ",777,"95.454500                     "
"2000","32862","01","2058","","03","High      ","N","Germantown","","High School Type/ PreK-12","1195",604,"50.543900                     ",591,"49.456000                     ",6,"0.502000                      ",17,"1.422500                      ",26,"2.175700                      ",19,"1.589900                      ",1127,"94.309600                     "
"2000","32862","01","2058","","03","El/Sec    ","N","Germantown","","Combined Elementary/Secondary School Type/ Prek-12","0",0,"--                            ",0,"--                            ",0,"--                            ",0,"--                            ",0,"--                            ",0,"--                            ",0,"--                            "
"2000","32862","01","2058","","03","Summary   ","N","Germantown","","Grades PreK-12","3609",1724,"47.769400                     ",1885,"52.230500                     ",18,"0.498700                      ",57,"1.579300                      ",70,"1.939500                      ",44,"1.219100                      ",3420,"94.763000                     "
"2000","30896","01","2058","0020","04","Elem      ","N","Germantown","Amy Belle El","Grades PreK-12","349",159,"45.558700                     ",190,"54.441200                     ",0,"0.000000                      ",0,"0.000000                      ",3,"0.859500                      ",2,"0.573000                      ",344,"98.567300                     "
"2000","30908","01","2058","0040","04","Elem      ","N","Germantown","County Line El","Grades PreK-12","537",249,"46.368700                     ",288,"53.631200                     ",8,"1.489700                      ",9,"1.675900                      ",10,"1.862100                      ",12,"2.234600                      ",498,"92.737400                     "
"2000","30905","01","2058","0110","04","Mid/Jr Hi ","N","Germantown","Kennedy Mid","Grades PreK-12","814",372,"45.700200                     ",442,"54.299700                     ",2,"0.245700                      ",12,"1.474200                      ",13,"1.597000                      ",10,"1.228500                      ",777,"95.454500                     "
"2000","30907","01","2058","0120","04","Elem      ","N","Germantown","MacArthur El","Grades PreK-12","409",196,"47.921700                     ",213,"52.078200                     ",2,"0.488900                      ",13,"3.178400                      ",13,"3.178400                      ",0,"0.000000                      ",381,"93.154000                     "
"2000","30904","01","2058","0140","04","Elem      ","N","Germantown","Rockfield El","Grades PreK-12","305",144,"47.213100                     ",161,"52.786800                     ",0,"0.000000                      ",6,"1.967200                      ",5,"1.639300                      ",1,"0.327800                      ",293,"96.065500                     "
"2000","30906","01","2058","0180","04","High      ","N","Germantown","Germantown Hi","Grades PreK-12","1195",604,"50.543900                     ",591,"49.456000                     ",6,"0.502000                      ",17,"1.422500                      ",26,"2.175700                      ",19,"1.589900                      ",1127,"94.309600                     "
"2000","32891","01","2177","","03","Elem      ","N","Nicolet UHS","","Elementary School Type/ Prek-12","0",0,"--                            ",0,"--                            ",0,"--                            ",0,"--                            ",0,"--                            ",0,"--                            ",0,"--                            "
"2000","32891","01","2177","","03","Mid/Jr Hi ","N","Nicolet UHS","","Middle/Junior High School Type/ Prek-12","0",0,"--                            ",0,"--                            ",0,"--                            ",0,"--                            ",0,"--                            ",0,"--                            ",0,"--                            "
"2000","32891","01","2177","","03","High      ","N","Nicolet UHS","","High School Type/ PreK-12","1318",631,"47.875500                     ",687,"52.124400                     ",3,"0.227600                      ",66,"5.007500                      ",205,"15.553800                     ",28,"2.124400                      ",1016,"77.086400                     "
"2000","32891","01","2177","","03","El/Sec    ","N","Nicolet UHS","","Combined Elementary/Secondary School Type/ Prek-12","0",0,"--                            ",0,"--                            ",0,"--                            ",0,"--                            ",0,"--                            ",0,"--                            ",0,"--                            "
"2000","32891","01","2177","","03","Summary   ","N","Nicolet UHS","","Grades PreK-12","1318",631,"47.875500                     ",687,"52.124400                     ",3,"0.227600                      ",66,"5.007500                      ",205,"15.553800                     ",28,"2.124400                      ",1016,"77.086400                     "
"2000","31066","01","2177","0020","04","High      ","N","Nicolet UHS","Nicolet Hi","Grades PreK-12","1318",631,"47.875500                     ",687,"52.124400                     ",3,"0.227600                      ",66,"5.007500                      ",205,"15.553800                     ",28,"2.124400                      ",1016,"77.086400                     "
"2000","32888","01","2184","","03","Elem      ","N","Glendale-River Hills","","Elementary School Type/ Prek-12","609",292,"47.947400                     ",317,"52.052500                     ",4,"0.656800                      ",36,"5.911300                      ",128,"21.018000                     ",15,"2.463000                      ",426,"69.950700                     "
"2000","32888","01","2184","","03","Mid/Jr Hi ","N","Glendale-River Hills","","Middle/Junior High School Type/ Prek-12","508",252,"49.606200                     ",256,"50.393700                     ",0,"0.000000                      ",20,"3.937000                      ",102,"20.078700                     ",14,"2.755900                      ",372,"73.228300                     "
"2000","32888","01","2184","","03","High      ","N","Glendale-River Hills","","High School Type/ PreK-12","0",0,"--                            ",0,"--                            ",0,"--                            ",0,"--                            ",0,"--                            ",0,"--                            ",0,"--                            "
"2000","32888","01","2184","","03","El/Sec    ","N","Glendale-River Hills","","Combined Elementary/Secondary School Type/ Prek-12","0",0,"--                            ",0,"--                            ",0,"--                            ",0,"--                            ",0,"--                            ",0,"--                            ",0,"--                            "
"2000","32888","01","2184","","03","Summary   ","N","Glendale-River Hills","","Grades PreK-12","1117",544,"48.701800                     ",573,"51.298100                     ",4,"0.358100                      ",56,"5.013400                      ",230,"20.590800                     ",29,"2.596200                      ",798,"71.441300                     "
"2000","31850","01","2184","0010","04","Mid/Jr Hi ","N","Glendale-River Hills","Glen Hills Mid","Grades PreK-12","508",252,"49.606200                     ",256,"50.393700                     ",0,"0.000000                      ",20,"3.937000                      ",102,"20.078700                     ",14,"2.755900                      ",372,"73.228300                     "
"2000","31851","01","2184","0020","04","Elem      ","N","Glendale-River Hills","Good Hope El","Grades PreK-12","184",85,"46.195600                     ",99,"53.804300                     ",1,"0.543400                      ",14,"7.608600                      ",28,"15.217300                     ",4,"2.173900                      ",137,"74.456500                     "
"2000","31852","01","2184","0060","04","Elem      ","N","Glendale-River Hills","Parkway El","Grades PreK-12","425",207,"48.705800                     ",218,"51.294100                     ",3,"0.705800                      ",22,"5.176400                      ",100,"23.529400                     ",11,"2.588200                      ",289,"68.000000                     "
"2000","33022","01","2217","","03","Elem      ","N","Grafton","","Elementary School Type/ Prek-12","799",371,"46.433000                     ",428,"53.566900                     ",3,"0.375400                      ",10,"1.251500                      ",7,"0.876000                      ",12,"1.501800                      ",767,"95.994900                     "
"2000","33022","01","2217","","03","Mid/Jr Hi ","N","Grafton","","Middle/Junior High School Type/ Prek-12","456",224,"49.122800                     ",232,"50.877100                     ",0,"0.000000                      ",1,"0.219200                      ",3,"0.657800                      ",1,"0.219200                      ",451,"98.903500                     "
"2000","33022","01","2217","","03","High      ","N","Grafton","","High School Type/ PreK-12","795",381,"47.924500                     ",414,"52.075400                     ",0,"0.000000                      ",4,"0.503100                      ",2,"0.251500                      ",11,"1.383600                      ",778,"97.861600                     "
"2000","33022","01","2217","","03","El/Sec    ","N","Grafton","","Combined Elementary/Secondary School Type/ Prek-12","0",0,"--                            ",0,"--                            ",0,"--                            ",0,"--                            ",0,"--                            ",0,"--                            ",0,"--                            "
"2000","33022","01","2217","","03","Summary   ","N","Grafton","","Grades PreK-12","2050",976,"47.609700                     ",1074,"52.390200                     ",3,"0.146300                      ",15,"0.731700                      ",12,"0.585300                      ",24,"1.170700                      ",1996,"97.365800                     "
"2000","30909","01","2217","0020","04","Elem      ","N","Grafton","Grafton El","Grades PreK-12","282",114,"40.425500                     ",168,"59.574400                     ",2,"0.709200                      ",5,"1.773000                      ",7,"2.482200                      ",3,"1.063800                      ",265,"93.971600                     "
"2000","30910","01","2217","0030","04","Elem      ","N","Grafton","Kennedy El","Grades PreK-12","252",132,"52.380900                     ",120,"47.619000                     ",0,"0.000000                      ",2,"0.793600                      ",0,"0.000000                      ",6,"2.380900                      ",244,"96.825300                     "
"2000","30911","01","2217","0040","04","High      ","N","Grafton","Grafton Hi","Grades PreK-12","795",381,"47.924500                     ",414,"52.075400                     ",0,"0.000000                      ",4,"0.503100                      ",2,"0.251500                      ",11,"1.383600                      ",778,"97.861600                     "
"2000","30912","01","2217","0060","04","Mid/Jr Hi ","N","Grafton","John Long Mid","Grades PreK-12","456",224,"49.122800                     ",232,"50.877100                     ",0,"0.000000                      ",1,"0.219200                      ",3,"0.657800                      ",1,"0.219200                      ",451,"98.903500                     "
"2000","31699","01","2217","0100","04","Elem      ","N","Grafton","Woodview El","Grades PreK-12","265",125,"47.169800                     ",140,"52.830100                     ",1,"0.377300                      ",3,"1.132000                      ",0,"0.000000                      ",3,"1.132000                      ",258,"97.358400                     "
"2000","32851","01","2296","","03","Elem      ","N","Greendale","","Elementary School Type/ Prek-12","839",405,"48.271700                     ",434,"51.728200                     ",3,"0.357500                      ",25,"2.979700                      ",26,"3.098900                      ",37,"4.410000                      ",748,"89.153700                     "
"2000","32851","01","2296","","03","Mid/Jr Hi ","N","Greendale","","Middle/Junior High School Type/ Prek-12","559",264,"47.227100                     ",295,"52.772800                     ",6,"1.073300                      ",26,"4.651100                      ",22,"3.935500                      ",16,"2.862200                      ",489,"87.477600                     "
"2000","32851","01","2296","","03","High      ","N","Greendale","","High School Type/ PreK-12","815",407,"49.938600                     ",408,"50.061300                     ",3,"0.368000                      ",37,"4.539800                      ",47,"5.766800                      ",27,"3.312800                      ",701,"86.012200                     "
"2000","32851","01","2296","","03","El/Sec    ","N","Greendale","","Combined Elementary/Secondary School Type/ Prek-12","0",0,"--                            ",0,"--                            ",0,"--                            ",0,"--                            ",0,"--                            ",0,"--                            ",0,"--                            "
"2000","32851","01","2296","","03","Summary   ","N","Greendale","","Grades PreK-12","2213",1076,"48.621700                     ",1137,"51.378200                     ",12,"0.542200                      ",88,"3.976500                      ",95,"4.292800                      ",80,"3.615000                      ",1938,"87.573400                     "
"2000","30837","01","2296","0040","04","Elem      ","N","Greendale","Canterbury El","Grades PreK-12","293",137,"46.757600                     ",156,"53.242300                     ",0,"0.000000                      ",2,"0.682500                      ",9,"3.071600                      ",12,"4.095500                      ",270,"92.150100                     "
"2000","30838","01","2296","0050","04","Elem      ","N","Greendale","College Park El","Grades PreK-12","258",123,"47.674400                     ",135,"52.325500                     ",2,"0.775100                      ",10,"3.875900                      ",9,"3.488300                      ",16,"6.201500                      ",221,"85.658900                     "
"2000","30839","01","2296","0060","04","High      ","N","Greendale","Greendale Hi","Grades PreK-12","815",407,"49.938600                     ",408,"50.061300                     ",3,"0.368000                      ",37,"4.539800                      ",47,"5.766800                      ",27,"3.312800                      ",701,"86.012200                     "
"2000","30840","01","2296","0080","04","Mid/Jr Hi ","N","Greendale","Greendale Mid","Grades PreK-12","559",264,"47.227100                     ",295,"52.772800                     ",6,"1.073300                      ",26,"4.651100                      ",22,"3.935500                      ",16,"2.862200                      ",489,"87.477600                     "
"2000","30841","01","2296","0100","04","Elem      ","N","Greendale","Highland View El","Grades PreK-12","288",145,"50.347200                     ",143,"49.652700                     ",1,"0.347200                      ",13,"4.513800                      ",8,"2.777700                      ",9,"3.125000                      ",257,"89.236100                     "
"2000","33070","01","2303","","03","Elem      ","N","Greenfield","","Elementary School Type/ Prek-12","1316",621,"47.188400                     ",695,"52.811500                     ",19,"1.443700                      ",65,"4.939200                      ",80,"6.079000                      ",87,"6.610900                      ",1065,"80.927000                     "
"2000","33070","01","2303","","03","Mid/Jr Hi ","N","Greenfield","","Middle/Junior High School Type/ Prek-12","753",366,"48.605500                     ",387,"51.394400                     ",9,"1.195200                      ",48,"6.374500                      ",55,"7.304100                      ",44,"5.843200                      ",597,"79.282800                     "
"2000","33070","01","2303","","03","High      ","N","Greenfield","","High School Type/ PreK-12","1116",548,"49.103900                     ",568,"50.896000                     ",4,"0.358400                      ",44,"3.942600                      ",46,"4.121800                      ",77,"6.899600                      ",945,"84.677400                     "
"2000","33070","01","2303","","03","El/Sec    ","N","Greenfield","","Combined Elementary/Secondary School Type/ Prek-12","0",0,"--                            ",0,"--                            ",0,"--                            ",0,"--                            ",0,"--                            ",0,"--                            ",0,"--                            "
"2000","33070","01","2303","","03","Summary   ","N","Greenfield","","Grades PreK-12","3185",1535,"48.194600                     ",1650,"51.805300                     ",32,"1.004700                      ",157,"4.929300                      ",181,"5.682800                      ",208,"6.530600                      ",2607,"81.852400                     "
"2000","31913","01","2303","0060","04","Elem      ","N","Greenfield","Edgewood El","Grades PreK-12","260",118,"45.384600                     ",142,"54.615300                     ",1,"0.384600                      ",9,"3.461500                      ",18,"6.923000                      ",20,"7.692300                      ",212,"81.538400                     "
"2000","31914","01","2303","0080","04","Elem      ","N","Greenfield","Elm Dale El","Grades PreK-12","386",179,"46.373000                     ",207,"53.626900                     ",6,"1.554400                      ",31,"8.031000                      ",18,"4.663200                      ",23,"5.958500                      ",308,"79.792700                     "
"2000","31915","01","2303","0100","04","Elem      ","N","Greenfield","Glenwood El","Grades PreK-12","264",133,"50.378700                     ",131,"49.621200                     ",2,"0.757500                      ",20,"7.575700                      ",18,"6.818100                      ",21,"7.954500                      ",203,"76.893900                     "
"2000","31916","01","2303","0120","04","High      ","N","Greenfield","Greenfield Hi","Grades PreK-12","1116",548,"49.103900                     ",568,"50.896000                     ",4,"0.358400                      ",44,"3.942600                      ",46,"4.121800                      ",77,"6.899600                      ",945,"84.677400                     "
"2000","31073","01","2303","0130","04","Mid/Jr Hi ","N","Greenfield","Greenfield Mid","Grades PreK-12","753",366,"48.605500                     ",387,"51.394400                     ",9,"1.195200                      ",48,"6.374500                      ",55,"7.304100                      ",44,"5.843200                      ",597,"79.282800                     "
"2000","31917","01","2303","0160","04","Elem      ","N","Greenfield","Maple Grove El","Grades PreK-12","406",191,"47.044300                     ",215,"52.955600                     ",10,"2.463000                      ",5,"1.231500                      ",26,"6.403900                      ",23,"5.665000                      ",342,"84.236400                     "
"2000","32833","01","2420","","03","Elem      ","N","Hamilton","","Elementary School Type/ Prek-12","1797",865,"48.135700                     ",932,"51.864200                     ",8,"0.445100                      ",33,"1.836300                      ",38,"2.114600                      ",27,"1.502500                      ",1691,"94.101200                     "
"2000","32833","01","2420","","03","Mid/Jr Hi ","N","Hamilton","","Middle/Junior High School Type/ Prek-12","810",409,"50.493800                     ",401,"49.506100                     ",3,"0.370300                      ",18,"2.222200                      ",28,"3.456700                      ",10,"1.234500                      ",751,"92.716000                     "
"2000","32833","01","2420","","03","High      ","N","Hamilton","","High School Type/ PreK-12","1129",575,"50.930000                     ",554,"49.069900                     ",11,"0.974300                      ",29,"2.568600                      ",28,"2.480000                      ",14,"1.240000                      ",1047,"92.736900                     "
"2000","32833","01","2420","","03","El/Sec    ","N","Hamilton","","Combined Elementary/Secondary School Type/ Prek-12","0",0,"--                            ",0,"--                            ",0,"--                            ",0,"--                            ",0,"--                            ",0,"--                            ",0,"--                            "
"2000","32833","01","2420","","03","Summary   ","N","Hamilton","","Grades PreK-12","3736",1849,"49.491400                     ",1887,"50.508500                     ",22,"0.588800                      ",80,"2.141300                      ",94,"2.516000                      ",51,"1.365000                      ",3489,"93.388600                     "
"2000","30768","01","2420","0040","04","High      ","N","Hamilton","Hamilton Hi","Grades PreK-12","1129",575,"50.930000                     ",554,"49.069900                     ",11,"0.974300                      ",29,"2.568600                      ",28,"2.480000                      ",14,"1.240000                      ",1047,"92.736900                     "
"2000","30922","01","2420","0060","04","Elem      ","N","Hamilton","Lannon El","Grades PreK-12","245",118,"48.163200                     ",127,"51.836700                     ",1,"0.408100                      ",4,"1.632600                      ",6,"2.448900                      ",2,"0.816300                      ",232,"94.693800                     "
"2000","30769","01","2420","0100","04","Elem      ","N","Hamilton","Maple Avenue El","Grades PreK-12","468",233,"49.786300                     ",235,"50.213600                     ",2,"0.427300                      ",8,"1.709400                      ",4,"0.854700                      ",6,"1.282000                      ",448,"95.726400                     "
"2000","31726","01","2420","0120","04","Elem      ","N","Hamilton","Marcy El","Grades PreK-12","409",187,"45.721200                     ",222,"54.278700                     ",0,"0.000000                      ",12,"2.933900                      ",13,"3.178400                      ",7,"1.711400                      ",377,"92.176000                     "
"2000","30770","01","2420","0130","04","Mid/Jr Hi ","N","Hamilton","Templeton Mid","Grades PreK-12","810",409,"50.493800                     ",401,"49.506100                     ",3,"0.370300                      ",18,"2.222200                      ",28,"3.456700                      ",10,"1.234500                      ",751,"92.716000                     "
"2000","31727","01","2420","0140","04","Elem      ","N","Hamilton","Willow Springs Learning Center","Grades PreK-12","199",91,"45.728600                     ",108,"54.271300                     ",2,"1.005000                      ",1,"0.502500                      ",2,"1.005000                      ",3,"1.507500                      ",191,"95.979800                     "
"2000","33858","01","2420","0150","04","Elem      ","N","Hamilton","Woodside El","Grades PreK-12","476",236,"49.579800                     ",240,"50.420100                     ",3,"0.630200                      ",8,"1.680600                      ",13,"2.731000                      ",9,"1.890700                      ",443,"93.067200                     "
"2000","33026","01","2450","","03","Elem      ","N","Arrowhead UHS","","Elementary School Type/ Prek-12","0",0,"--                            ",0,"--                            ",0,"--                            ",0,"--                            ",0,"--                            ",0,"--                            ",0,"--                            "
"2000","33026","01","2450","","03","Mid/Jr Hi ","N","Arrowhead UHS","","Middle/Junior High School Type/ Prek-12","0",0,"--                            ",0,"--                            ",0,"--                            ",0,"--                            ",0,"--                            ",0,"--                            ",0,"--                            "
"2000","33026","01","2450","","03","High      ","N","Arrowhead UHS","","High School Type/ PreK-12","1917",913,"47.626400                     ",1004,"52.373500                     ",2,"0.104300                      ",15,"0.782400                      ",2,"0.104300                      ",14,"0.730300                      ",1884,"98.278500                     "
"2000","33026","01","2450","","03","El/Sec    ","N","Arrowhead UHS","","Combined Elementary/Secondary School Type/ Prek-12","0",0,"--                            ",0,"--                            ",0,"--                            ",0,"--                            ",0,"--                            ",0,"--                            ",0,"--                            "
"2000","33026","01","2450","","03","Summary   ","N","Arrowhead UHS","","Grades PreK-12","1917",913,"47.626400                     ",1004,"52.373500                     ",2,"0.104300                      ",15,"0.782400                      ",2,"0.104300                      ",14,"0.730300                      ",1884,"98.278500                     "
"2000","31705","01","2450","0020","04","High      ","N","Arrowhead UHS","Arrowhead Hi","Grades PreK-12","1917",913,"47.626400                     ",1004,"52.373500                     ",2,"0.104300                      ",15,"0.782400                      ",2,"0.104300                      ",14,"0.730300                      ",1884,"98.278500                     "
"2000","33027","01","2460","","03","Elem      ","N","Hartland-Lakeside J3","","Elementary School Type/ Prek-12","827",414,"50.060400                     ",413,"49.939500                     ",5,"0.604500                      ",3,"0.362700                      ",6,"0.725500                      ",4,"0.483600                      ",809,"97.823400                     "
"2000","33027","01","2460","","03","Mid/Jr Hi ","N","Hartland-Lakeside J3","","Middle/Junior High School Type/ Prek-12","510",257,"50.392100                     ",253,"49.607800                     ",1,"0.196000                      ",2,"0.392100                      ",3,"0.588200                      ",6,"1.176400                      ",498,"97.647000                     "
"2000","33027","01","2460","","03","High      ","N","Hartland-Lakeside J3","","High School Type/ PreK-12","0",0,"--                            ",0,"--                            ",0,"--                            ",0,"--                            ",0,"--                            ",0,"--                            ",0,"--                            "
"2000","33027","01","2460","","03","El/Sec    ","N","Hartland-Lakeside J3","","Combined Elementary/Secondary School Type/ Prek-12","0",0,"--                            ",0,"--                            ",0,"--                            ",0,"--                            ",0,"--                            ",0,"--                            ",0,"--                            "
"2000","33027","01","2460","","03","Summary   ","N","Hartland-Lakeside J3","","Grades PreK-12","1337",671,"50.186900                     ",666,"49.813000                     ",6,"0.448700                      ",5,"0.373900                      ",9,"0.673100                      ",10,"0.747900                      ",1307,"97.756100                     "
"2000","31706","01","2460","0020","04","Elem      ","N","Hartland-Lakeside J3","North El","Grades PreK-12","257",124,"48.249000                     ",133,"51.750900                     ",1,"0.389100                      ",2,"0.778200                      ",1,"0.389100                      ",2,"0.778200                      ",251,"97.665300                     "
"2000","31707","01","2460","0040","04","Elem      ","N","Hartland-Lakeside J3","South El","Grades PreK-12","412",204,"49.514500                     ",208,"50.485400                     ",3,"0.728100                      ",1,"0.242700                      ",3,"0.728100                      ",2,"0.485400                      ",403,"97.815500                     "
"2000","31736","01","2460","0060","04","Elem      ","N","Hartland-Lakeside J3","Lakeside El","Grades PreK-12","158",86,"54.430300                     ",72,"45.569600                     ",1,"0.632900                      ",0,"0.000000                      ",2,"1.265800                      ",0,"0.000000                      ",155,"98.101200                     "
"2000","32786","01","2460","0100","04","Mid/Jr Hi ","N","Hartland-Lakeside J3","North Shore Mid","Grades PreK-12","510",257,"50.392100                     ",253,"49.607800                     ",1,"0.196000                      ",2,"0.392100                      ",3,"0.588200                      ",6,"1.176400                      ",498,"97.647000                     "
"2000","32856","01","2793","","03","Elem      ","N","Kenosha","","Elementary School Type/ Prek-12","9819",4682,"47.683000                     ",5137,"52.316900                     ",40,"0.407300                      ",128,"1.303500                      ",1430,"14.563600                     ",1194,"12.160000                     ",7027,"71.565300                     "
"2000","32856","01","2793","","03","Mid/Jr Hi ","N","Kenosha","","Middle/Junior High School Type/ Prek-12","4296",2053,"47.788600                     ",2243,"52.211300                     ",19,"0.442200                      ",47,"1.094000                      ",502,"11.685200                     ",407,"9.473900                      ",3321,"77.304400                     "
"2000","32856","01","2793","","03","High      ","N","Kenosha","","High School Type/ PreK-12","5536",2770,"50.036100                     ",2766,"49.963800                     ",23,"0.415400                      ",77,"1.390800                      ",578,"10.440700                     ",533,"9.627800                      ",4325,"78.125000                     "
"2000","32856","01","2793","","03","El/Sec    ","N","Kenosha","","Combined Elementary/Secondary School Type/ Prek-12","0",0,"--                            ",0,"--                            ",0,"--                            ",0,"--                            ",0,"--                            ",0,"--                            ",0,"--                            "
"2000","32856","01","2793","","03","Summary   ","N","Kenosha","","Grades PreK-12","19651",9505,"48.369000                     ",10146,"51.630900                     ",82,"0.417200                      ",252,"1.282300                      ",2510,"12.772800                     ",2134,"10.859400                     ",14673,"74.667900                     "
"2000","30853","01","2793","0020","04","Elem      ","N","Kenosha","Bain El","Grades PreK-12","346",143,"41.329400                     ",203,"58.670500                     ",2,"0.578000                      ",2,"0.578000                      ",136,"39.306300                     ",73,"21.098200                     ",133,"38.439300                     "
"2000","30854","01","2793","0050","04","Elem      ","N","Kenosha","Bose El","Grades PreK-12","376",179,"47.606300                     ",197,"52.393600                     ",4,"1.063800                      ",4,"1.063800                      ",36,"9.574400                      ",33,"8.776500                      ",299,"79.521200                     "
"2000","30883","01","2793","0060","04","High      ","N","Kenosha","Bradford Hi","Grades PreK-12","1949",1002,"51.410900                     ",947,"48.589000                     ",10,"0.513000                      ",34,"1.744400                      ",232,"11.903500                     ",255,"13.083600                     ",1418,"72.755200                     "
"2000","32795","01","2793","0065","04","Elem      ","Y","Kenosha","Brompton School","Grades PreK-12","104",63,"60.576900                     ",41,"39.423000                     ",0,"0.000000                      ",5,"4.807600                      ",6,"5.769200                      ",3,"2.884600                      ",90,"86.538400                     "
"2000","30855","01","2793","0070","04","Mid/Jr Hi ","N","Kenosha","Bullen Mid","Grades PreK-12","860",403,"46.860400                     ",457,"53.139500                     ",2,"0.232500                      ",22,"2.558100                      ",126,"14.651100                     ",64,"7.441800                      ",646,"75.116200                     "
"2000","30856","01","2793","0100","04","Elem      ","N","Kenosha","Columbus El","Grades PreK-12","176",80,"45.454500                     ",96,"54.545400                     ",0,"0.000000                      ",0,"0.000000                      ",38,"21.590900                     ",25,"14.204500                     ",113,"64.204500                     "
"2000","33854","01","2793","0110","04","Elem      ","N","Kenosha","Kenosha School of Language","Grades PreK-12","291",149,"51.202700                     ",142,"48.797200                     ",0,"0.000000                      ",1,"0.343600                      ",2,"0.687200                      ",216,"74.226800                     ",72,"24.742200                     "
"2000","30857","01","2793","0120","04","Elem      ","N","Kenosha","Durkee El","Grades PreK-12","176",91,"51.704500                     ",85,"48.295400                     ",2,"1.136300                      ",1,"0.568100                      ",59,"33.522700                     ",32,"18.181800                     ",82,"46.590900                     "
"2000","30858","01","2793","0140","04","Elem      ","N","Kenosha","Forest Park El","Grades PreK-12","471",234,"49.681500                     ",237,"50.318400                     ",5,"1.061500                      ",1,"0.212300                      ",11,"2.335400                      ",17,"3.609300                      ",437,"92.781300                     "
"2000","30859","01","2793","0160","04","Elem      ","N","Kenosha","Frank El","Grades PreK-12","519",250,"48.169500                     ",269,"51.830400                     ",0,"0.000000                      ",2,"0.385300                      ",270,"52.023100                     ",145,"27.938300                     ",102,"19.653100                     "
"2000","30860","01","2793","0180","04","Elem      ","N","Kenosha","Grant El","Grades PreK-12","290",141,"48.620600                     ",149,"51.379300                     ",3,"1.034400                      ",1,"0.344800                      ",42,"14.482700                     ",11,"3.793100                      ",233,"80.344800                     "
"2000","30861","01","2793","0220","04","Elem      ","N","Kenosha","Grewenow El","Grades PreK-12","450",219,"48.666600                     ",231,"51.333300                     ",4,"0.888800                      ",6,"1.333300                      ",17,"3.777700                      ",25,"5.555500                      ",398,"88.444400                     "
"2000","30862","01","2793","0240","04","Elem      ","N","Kenosha","Harvey El","Grades PreK-12","411",191,"46.472000                     ",220,"53.527900                     ",1,"0.243300                      ",7,"1.703100                      ",34,"8.272500                      ",32,"7.785800                      ",337,"81.995100                     "
"2000","30863","01","2793","0250","04","Elem      ","N","Kenosha","Head Start P-K","Grades PreK-12","362",183,"50.552400                     ",179,"49.447500                     ",0,"0.000000                      ",1,"0.276200                      ",148,"40.883900                     ",104,"28.729200                     ",109,"30.110400                     "
"2000","30884","01","2793","0280","04","High      ","N","Kenosha","Hillcrest Hi","Grades PreK-12","75",20,"26.666600                     ",55,"73.333300                     ",0,"0.000000                      ",0,"0.000000                      ",30,"40.000000                     ",8,"10.666600                     ",37,"49.333300                     "
"2000","30864","01","2793","0300","04","Elem      ","N","Kenosha","Jefferson El","Grades PreK-12","351",163,"46.438700                     ",188,"53.561200                     ",1,"0.284900                      ",4,"1.139600                      ",63,"17.948700                     ",65,"18.518500                     ",218,"62.108200                     "
"2000","30865","01","2793","0310","04","Elem      ","N","Kenosha","Jeffery El","Grades PreK-12","421",196,"46.555800                     ",225,"53.444100                     ",0,"0.000000                      ",4,"0.950100                      ",20,"4.750500                      ",13,"3.087800                      ",384,"91.211400                     "
"2000","30866","01","2793","0320","04","Mid/Jr Hi ","N","Kenosha","Lance Mid","Grades PreK-12","952",450,"47.268900                     ",502,"52.731000                     ",3,"0.315100                      ",12,"1.260500                      ",10,"1.050400                      ",22,"2.310900                      ",905,"95.063000                     "
"2000","32796","01","2793","0330","04","Mid/Jr Hi ","Y","Kenosha","Paideia Academy","Grades PreK-12","68",38,"55.882300                     ",30,"44.117600                     ",0,"0.000000                      ",0,"0.000000                      ",8,"11.764700                     ",6,"8.823500                      ",54,"79.411700                     "
"2000","30867","01","2793","0340","04","Elem      ","N","Kenosha","Lincoln El","Grades PreK-12","271",116,"42.804400                     ",155,"57.195500                     ",2,"0.738000                      ",1,"0.369000                      ",125,"46.125400                     ",50,"18.450100                     ",93,"34.317300                     "
"2000","30868","01","2793","0360","04","Mid/Jr Hi ","N","Kenosha","Lincoln Mid","Grades PreK-12","868",400,"46.082900                     ",468,"53.917000                     ",4,"0.460800                      ",11,"1.267200                      ",123,"14.170500                     ",85,"9.792600                      ",645,"74.308700                     "
"2000","30869","01","2793","0380","04","Elem      ","N","Kenosha","McKinley El","Grades PreK-12","307",161,"52.442900                     ",146,"47.557000                     ",1,"0.325700                      ",1,"0.325700                      ",39,"12.703500                     ",46,"14.983700                     ",220,"71.661200                     "
"2000","30870","01","2793","0400","04","Mid/Jr Hi ","N","Kenosha","McKinley Mid","Grades PreK-12","837",410,"48.984400                     ",427,"51.015500                     ",6,"0.716800                      ",0,"0.000000                      ",97,"11.589000                     ",69,"8.243700                      ",665,"79.450400                     "
"2000","33826","01","2793","0405","04","High      ","N","Kenosha","Kenosha House of Corrections","Grades PreK-12","20",0,"0.000000                      ",20,"100.000000                    ",0,"0.000000                      ",0,"0.000000                      ",11,"55.000000                     ",1,"5.000000                      ",8,"40.000000                     "
"2000","32819","01","2793","0410","04","High      ","N","Kenosha","Indian Trail Academy","Grades PreK-12","746",378,"50.670200                     ",368,"49.329700                     ",7,"0.938300                      ",8,"1.072300                      ",71,"9.517400                      ",59,"7.908800                      ",601,"80.563000                     "
"2000","30871","01","2793","0420","04","Elem      ","N","Kenosha","Pleasant Prairie El","Grades PreK-12","338",168,"49.704100                     ",170,"50.295800                     ",0,"0.000000                      ",5,"1.479200                      ",24,"7.100500                      ",7,"2.071000                      ",302,"89.349100                     "
"2000","30872","01","2793","0440","04","Elem      ","N","Kenosha","Prairie Lane El","Grades PreK-12","427",195,"45.667400                     ",232,"54.332500                     ",1,"0.234100                      ",4,"0.936700                      ",13,"3.044400                      ",23,"5.386400                      ",386,"90.398100                     "
"2000","30873","01","2793","0450","04","High      ","N","Kenosha","Reuther Central Hi","Grades PreK-12","472",257,"54.449100                     ",215,"45.550800                     ",1,"0.211800                      ",6,"1.271100                      ",99,"20.974500                     ",43,"9.110100                      ",323,"68.432200                     "
"2000","30874","01","2793","0460","04","Elem      ","N","Kenosha","Roosevelt El","Grades PreK-12","411",193,"46.958600                     ",218,"53.041300                     ",6,"1.459800                      ",9,"2.189700                      ",16,"3.892900                      ",33,"8.029100                      ",347,"84.428200                     "
"2000","32825","01","2793","0480","04","High      ","N","Kenosha","Lakeview Technology Acad","Grades PreK-12","209",44,"21.052600                     ",165,"78.947300                     ",2,"0.956900                      ",3,"1.435400                      ",6,"2.870800                      ",18,"8.612400                      ",180,"86.124400                     "
"2000","30967","01","2793","0500","04","Elem      ","N","Kenosha","Somers El","Grades PreK-12","642",289,"45.015500                     ",353,"54.984400                     ",2,"0.311500                      ",17,"2.647900                      ",18,"2.803700                      ",41,"6.386200                      ",564,"87.850400                     "
"2000","30875","01","2793","0520","04","Elem      ","N","Kenosha","Southport El","Grades PreK-12","327",160,"48.929600                     ",167,"51.070300                     ",0,"0.000000                      ",6,"1.834800                      ",10,"3.058100                      ",24,"7.339400                      ",287,"87.767500                     "
"2000","30885","01","2793","0530","04","Elem      ","N","Kenosha","Stocker El","Grades PreK-12","584",273,"46.746500                     ",311,"53.253400                     ",1,"0.171200                      ",29,"4.965700                      ",34,"5.821900                      ",32,"5.479400                      ",488,"83.561600                     "
"2000","30876","01","2793","0540","04","Elem      ","N","Kenosha","Strange El","Grades PreK-12","453",208,"45.916100                     ",245,"54.083800                     ",2,"0.441500                      ",3,"0.662200                      ",86,"18.984500                     ",38,"8.388500                      ",324,"71.523100                     "
"2000","30877","01","2793","0580","04","High      ","N","Kenosha","Tremper Hi","Grades PreK-12","2065",1069,"51.767500                     ",996,"48.232400                     ",3,"0.145200                      ",26,"1.259000                      ",129,"6.246900                      ",149,"7.215400                      ",1758,"85.133100                     "
"2000","30878","01","2793","0600","04","Elem      ","N","Kenosha","Vernon El","Grades PreK-12","554",243,"43.862800                     ",311,"56.137100                     ",1,"0.180500                      ",14,"2.527000                      ",33,"5.956600                      ",66,"11.913300                     ",440,"79.422300                     "
"2000","30879","01","2793","0640","04","Mid/Jr Hi ","N","Kenosha","Washington Mid","Grades PreK-12","711",352,"49.507700                     ",359,"50.492200                     ",4,"0.562500                      ",2,"0.281200                      ",138,"19.409200                     ",161,"22.644100                     ",406,"57.102600                     "
"2000","30880","01","2793","0680","04","Elem      ","N","Kenosha","Whittier El","Grades PreK-12","571",299,"52.364200                     ",272,"47.635700                     ",2,"0.350200                      ",0,"0.000000                      ",10,"1.751300                      ",16,"2.802100                      ",543,"95.096300                     "
"2000","30881","01","2793","0700","04","Elem      ","N","Kenosha","Wilson/Marva Collins El","Grades PreK-12","190",95,"50.000000                     ",95,"50.000000                     ",0,"0.000000                      ",0,"0.000000                      ",140,"73.684200                     ",24,"12.631500                     ",26,"13.684200                     "
"2000","32834","01","3122","","03","Elem      ","N","Richmond","","Elementary School Type/ Prek-12","382",169,"44.240800                     ",213,"55.759100                     ",1,"0.261700                      ",3,"0.785300                      ",1,"0.261700                      ",3,"0.785300                      ",374,"97.905700                     "
"2000","32834","01","3122","","03","Mid/Jr Hi ","N","Richmond","","Middle/Junior High School Type/ Prek-12","0",0,"--                            ",0,"--                            ",0,"--                            ",0,"--                            ",0,"--                            ",0,"--                            ",0,"--                            "
"2000","32834","01","3122","","03","High      ","N","Richmond","","High School Type/ PreK-12","0",0,"--                            ",0,"--                            ",0,"--                            ",0,"--                            ",0,"--                            ",0,"--                            ",0,"--                            "
"2000","32834","01","3122","","03","El/Sec    ","N","Richmond","","Combined Elementary/Secondary School Type/ Prek-12","0",0,"--                            ",0,"--                            ",0,"--                            ",0,"--                            ",0,"--                            ",0,"--                            ",0,"--                            "
"2000","32834","01","3122","","03","Summary   ","N","Richmond","","Grades PreK-12","382",169,"44.240800                     ",213,"55.759100                     ",1,"0.261700                      ",3,"0.785300                      ",1,"0.261700                      ",3,"0.785300                      ",374,"97.905700                     "
"2000","30771","01","3122","0020","04","Elem      ","N","Richmond","Richmond El","Grades PreK-12","382",169,"44.240800                     ",213,"55.759100                     ",1,"0.261700                      ",3,"0.785300                      ",1,"0.261700                      ",3,"0.785300                      ",374,"97.905700                     "
"2000","33038","01","3437","","03","Elem      ","N","Menomonee Falls","","Elementary School Type/ Prek-12","1865",872,"46.756000                     ",993,"53.243900                     ",13,"0.697000                      ",46,"2.466400                      ",160,"8.579000                      ",50,"2.680900                      ",1596,"85.576400                     "
"2000","33038","01","3437","","03","Mid/Jr Hi ","N","Menomonee Falls","","Middle/Junior High School Type/ Prek-12","1311",654,"49.885500                     ",657,"50.114400                     ",11,"0.839000                      ",29,"2.212000                      ",105,"8.009100                      ",18,"1.372900                      ",1148,"87.566700                     "
"2000","33038","01","3437","","03","High      ","N","Menomonee Falls","","High School Type/ PreK-12","1052",553,"52.566500                     ",499,"47.433400                     ",4,"0.380200                      ",22,"2.091200                      ",80,"7.604500                      ",20,"1.901100                      ",926,"88.022800                     "
"2000","33038","01","3437","","03","El/Sec    ","N","Menomonee Falls","","Combined Elementary/Secondary School Type/ Prek-12","0",0,"--                            ",0,"--                            ",0,"--                            ",0,"--                            ",0,"--                            ",0,"--                            ",0,"--                            "
"2000","33038","01","3437","","03","Summary   ","N","Menomonee Falls","","Grades PreK-12","4228",2079,"49.172100                     ",2149,"50.827800                     ",28,"0.662200                      ",97,"2.294200                      ",345,"8.159800                      ",88,"2.081300                      ",3670,"86.802200                     "
"2000","31728","01","3437","0040","04","Elem      ","N","Menomonee Falls","Benjamin Franklin El","Grades PreK-12","780",341,"43.717900                     ",439,"56.282000                     ",7,"0.897400                      ",20,"2.564100                      ",45,"5.769200                      ",17,"2.179400                      ",691,"88.589700                     "
"2000","31662","01","3437","0065","04","Elem      ","N","Menomonee Falls","Riverside El","Grades PreK-12","348",186,"53.448200                     ",162,"46.551700                     ",1,"0.287300                      ",10,"2.873500                      ",47,"13.505700                     ",10,"2.873500                      ",280,"80.459700                     "
"2000","31663","01","3437","0085","04","Elem      ","N","Menomonee Falls","Valley View El","Grades PreK-12","373",174,"46.648700                     ",199,"53.351200                     ",0,"0.000000                      ",10,"2.680900                      ",33,"8.847100                      ",13,"3.485200                      ",317,"84.986500                     "
"2000","31729","01","3437","0110","04","High      ","N","Menomonee Falls","Menomonee Falls Hi","Grades PreK-12","1052",553,"52.566500                     ",499,"47.433400                     ",4,"0.380200                      ",22,"2.091200                      ",80,"7.604500                      ",20,"1.901100                      ",926,"88.022800                     "
"2000","31730","01","3437","0120","04","Mid/Jr Hi ","N","Menomonee Falls","North Jr High School Campus","Grades PreK-12","689",354,"51.378800                     ",335,"48.621100                     ",6,"0.870800                      ",12,"1.741600                      ",51,"7.402000                      ",7,"1.015900                      ",613,"88.969500                     "
"2000","31731","01","3437","0200","04","Elem      ","N","Menomonee Falls","Shady Lane El","Grades PreK-12","364",171,"46.978000                     ",193,"53.021900                     ",5,"1.373600                      ",6,"1.648300                      ",35,"9.615300                      ",10,"2.747200                      ",308,"84.615300                     "
"2000","31732","01","3437","0220","04","Mid/Jr Hi ","N","Menomonee Falls","Thomas Jefferson Mid","Grades PreK-12","622",300,"48.231500                     ",322,"51.768400                     ",5,"0.803800                      ",17,"2.733100                      ",54,"8.681600                      ",11,"1.768400                      ",535,"86.012800                     "
"2000","32835","01","3479","","03","Elem      ","N","Mequon-Thiensville","","Elementary School Type/ Prek-12","1673",799,"47.758500                     ",874,"52.241400                     ",5,"0.298800                      ",57,"3.407000                      ",122,"7.292200                      ",31,"1.852900                      ",1458,"87.148800                     "
"2000","32835","01","3479","","03","Mid/Jr Hi ","N","Mequon-Thiensville","","Middle/Junior High School Type/ Prek-12","1022",492,"48.140900                     ",530,"51.859000                     ",5,"0.489200                      ",41,"4.011700                      ",59,"5.772900                      ",13,"1.272000                      ",904,"88.454000                     "
"2000","32835","01","3479","","03","High      ","N","Mequon-Thiensville","","High School Type/ PreK-12","1519",742,"48.847900                     ",777,"51.152000                     ",7,"0.460800                      ",57,"3.752400                      ",69,"4.542400                      ",26,"1.711600                      ",1360,"89.532500                     "
"2000","32835","01","3479","","03","El/Sec    ","N","Mequon-Thiensville","","Combined Elementary/Secondary School Type/ Prek-12","0",0,"--                            ",0,"--                            ",0,"--                            ",0,"--                            ",0,"--                            ",0,"--                            ",0,"--                            "
"2000","32835","01","3479","","03","Summary   ","N","Mequon-Thiensville","","Grades PreK-12","4214",2033,"48.243900                     ",2181,"51.756000                     ",17,"0.403400                      ",155,"3.678200                      ",250,"5.932600                      ",70,"1.661100                      ",3722,"88.324600                     "
"2000","30773","01","3479","0020","04","Elem      ","N","Mequon-Thiensville","Donges Bay El","Grades PreK-12","446",200,"44.843000                     ",246,"55.156900                     ",0,"0.000000                      ",23,"5.156900                      ",31,"6.950600                      ",6,"1.345200                      ",386,"86.547000                     "
"2000","30774","01","3479","0060","04","High      ","N","Mequon-Thiensville","Homestead Hi","Grades PreK-12","1519",742,"48.847900                     ",777,"51.152000                     ",7,"0.460800                      ",57,"3.752400                      ",69,"4.542400                      ",26,"1.711600                      ",1360,"89.532500                     "
"2000","30775","01","3479","0080","04","Mid/Jr Hi ","N","Mequon-Thiensville","Lake Shore Mid","Grades PreK-12","483",239,"49.482400                     ",244,"50.517500                     ",4,"0.828100                      ",20,"4.140700                      ",34,"7.039300                      ",4,"0.828100                      ",421,"87.163500                     "
"2000","30794","01","3479","0100","04","Elem      ","N","Mequon-Thiensville","Oriole Lane El","Grades PreK-12","331",155,"46.827700                     ",176,"53.172200                     ",0,"0.000000                      ",5,"1.510500                      ",25,"7.552800                      ",8,"2.416900                      ",293,"88.519600                     "
"2000","30776","01","3479","0120","04","Elem      ","N","Mequon-Thiensville","Range Line El","Grades PreK-12","373",188,"50.402100                     ",185,"49.597800                     ",1,"0.268000                      ",12,"3.217100                      ",35,"9.383300                      ",7,"1.876600                      ",318,"85.254600                     "
"2000","30777","01","3479","0140","04","Mid/Jr Hi ","N","Mequon-Thiensville","Steffen Mid","Grades PreK-12","539",253,"46.938700                     ",286,"53.061200                     ",1,"0.185500                      ",21,"3.896100                      ",25,"4.638200                      ",9,"1.669700                      ",483,"89.610300                     "
"2000","30778","01","3479","0160","04","Elem      ","N","Mequon-Thiensville","Wilson El","Grades PreK-12","523",256,"48.948300                     ",267,"51.051600                     ",4,"0.764800                      ",17,"3.250400                      ",31,"5.927300                      ",10,"1.912000                      ",461,"88.145300                     "
"2000","33028","01","3510","","03","Elem      ","N","Swallow","","Elementary School Type/ Prek-12","325",149,"45.846100                     ",176,"54.153800                     ",0,"0.000000                      ",6,"1.846100                      ",0,"0.000000                      ",0,"0.000000                      ",319,"98.153800                     "
"2000","33028","01","3510","","03","Mid/Jr Hi ","N","Swallow","","Middle/Junior High School Type/ Prek-12","0",0,"--                            ",0,"--                            ",0,"--                            ",0,"--                            ",0,"--                            ",0,"--                            ",0,"--                            "
"2000","33028","01","3510","","03","High      ","N","Swallow","","High School Type/ PreK-12","0",0,"--                            ",0,"--                            ",0,"--                            ",0,"--                            ",0,"--                            ",0,"--                            ",0,"--                            "
"2000","33028","01","3510","","03","El/Sec    ","N","Swallow","","Combined Elementary/Secondary School Type/ Prek-12","0",0,"--                            ",0,"--                            ",0,"--                            ",0,"--                            ",0,"--                            ",0,"--                            ",0,"--                            "
"2000","33028","01","3510","","03","Summary   ","N","Swallow","","Grades PreK-12","325",149,"45.846100                     ",176,"54.153800                     ",0,"0.000000                      ",6,"1.846100                      ",0,"0.000000                      ",0,"0.000000                      ",319,"98.153800                     "
"2000","31708","01","3510","0020","04","Elem      ","N","Swallow","Swallow El","Grades PreK-12","325",149,"45.846100                     ",176,"54.153800                     ",0,"0.000000                      ",6,"1.846100                      ",0,"0.000000                      ",0,"0.000000                      ",319,"98.153800                     "
"2000","32867","01","3514","","03","Elem      ","N","North Lake","","Elementary School Type/ Prek-12","383",173,"45.169700                     ",210,"54.830200                     ",0,"0.000000                      ",4,"1.044300                      ",1,"0.261000                      ",1,"0.261000                      ",377,"98.433400                     "
"2000","32867","01","3514","","03","Mid/Jr Hi ","N","North Lake","","Middle/Junior High School Type/ Prek-12","0",0,"--                            ",0,"--                            ",0,"--                            ",0,"--                            ",0,"--                            ",0,"--                            ",0,"--                            "
"2000","32867","01","3514","","03","High      ","N","North Lake","","High School Type/ PreK-12","0",0,"--                            ",0,"--                            ",0,"--                            ",0,"--                            ",0,"--                            ",0,"--                            ",0,"--                            "
"2000","32867","01","3514","","03","El/Sec    ","N","North Lake","","Combined Elementary/Secondary School Type/ Prek-12","0",0,"--                            ",0,"--                            ",0,"--                            ",0,"--                            ",0,"--                            ",0,"--                            ",0,"--                            "
"2000","32867","01","3514","","03","Summary   ","N","North Lake","","Grades PreK-12","383",173,"45.169700                     ",210,"54.830200                     ",0,"0.000000                      ",4,"1.044300                      ",1,"0.261000                      ",1,"0.261000                      ",377,"98.433400                     "
"2000","30933","01","3514","0020","04","Elem      ","N","North Lake","North Lake El","Grades PreK-12","383",173,"45.169700                     ",210,"54.830200                     ",0,"0.000000                      ",4,"1.044300                      ",1,"0.261000                      ",1,"0.261000                      ",377,"98.433400                     "
"2000","33039","01","3528","","03","Elem      ","N","Merton Community","","Elementary School Type/ Prek-12","823",424,"51.518800                     ",399,"48.481100                     ",0,"0.000000                      ",4,"0.486000                      ",4,"0.486000                      ",0,"0.000000                      ",815,"99.027900                     "
"2000","33039","01","3528","","03","Mid/Jr Hi ","N","Merton Community","","Middle/Junior High School Type/ Prek-12","0",0,"--                            ",0,"--                            ",0,"--                            ",0,"--                            ",0,"--                            ",0,"--                            ",0,"--                            "
"2000","33039","01","3528","","03","High      ","N","Merton Community","","High School Type/ PreK-12","0",0,"--                            ",0,"--                            ",0,"--                            ",0,"--                            ",0,"--                            ",0,"--                            ",0,"--                            "
"2000","33039","01","3528","","03","El/Sec    ","N","Merton Community","","Combined Elementary/Secondary School Type/ Prek-12","0",0,"--                            ",0,"--                            ",0,"--                            ",0,"--                            ",0,"--                            ",0,"--                            ",0,"--                            "
"2000","33039","01","3528","","03","Summary   ","N","Merton Community","","Grades PreK-12","823",424,"51.518800                     ",399,"48.481100                     ",0,"0.000000                      ",4,"0.486000                      ",4,"0.486000                      ",0,"0.000000                      ",815,"99.027900                     "
"2000","31733","01","3528","0020","04","Elem      ","N","Merton Community","Merton Intermediate","Grades PreK-12","495",254,"51.313100                     ",241,"48.686800                     ",0,"0.000000                      ",3,"0.606000                      ",2,"0.404000                      ",0,"0.000000                      ",490,"98.989800                     "
"2000","32779","01","3528","0040","04","Elem      ","N","Merton Community","Merton Primary","Grades PreK-12","328",170,"51.829200                     ",158,"48.170700                     ",0,"0.000000                      ",1,"0.304800                      ",2,"0.609700                      ",0,"0.000000                      ",325,"99.085300                     "
"2000","32869","01","3542","","03","Elem      ","N","Stone Bank","","Elementary School Type/ Prek-12","320",156,"48.750000                     ",164,"51.250000                     ",0,"0.000000                      ",1,"0.312500                      ",2,"0.625000                      ",4,"1.250000                      ",313,"97.812500                     "
"2000","32869","01","3542","","03","Mid/Jr Hi ","N","Stone Bank","","Middle/Junior High School Type/ Prek-12","0",0,"--                            ",0,"--                            ",0,"--                            ",0,"--                            ",0,"--                            ",0,"--                            ",0,"--                            "
"2000","32869","01","3542","","03","High      ","N","Stone Bank","","High School Type/ PreK-12","0",0,"--                            ",0,"--                            ",0,"--                            ",0,"--                            ",0,"--                            ",0,"--                            ",0,"--                            "
"2000","32869","01","3542","","03","El/Sec    ","N","Stone Bank","","Combined Elementary/Secondary School Type/ Prek-12","0",0,"--                            ",0,"--                            ",0,"--                            ",0,"--                            ",0,"--                            ",0,"--                            ",0,"--                            "
"2000","32869","01","3542","","03","Summary   ","N","Stone Bank","","Grades PreK-12","320",156,"48.750000                     ",164,"51.250000                     ",0,"0.000000                      ",1,"0.312500                      ",2,"0.625000                      ",4,"1.250000                      ",313,"97.812500                     "
"2000","30937","01","3542","0020","04","Elem      ","N","Stone Bank","Stone Bank El","Grades PreK-12","320",156,"48.750000                     ",164,"51.250000                     ",0,"0.000000                      ",1,"0.312500                      ",2,"0.625000                      ",4,"1.250000                      ",313,"97.812500                     "
"2000","32886","01","3619","","03","Elem      ","N","Milwaukee","","Elementary School Type/ Prek-12","57688",28011,"48.556000                     ",29677,"51.443900                     ",554,"0.960300                      ",2514,"4.357900                      ",35287,"61.168700                     ",8728,"15.129600                     ",10605,"18.383300                     "
"2000","32886","01","3619","","03","Mid/Jr Hi ","N","Milwaukee","","Middle/Junior High School Type/ Prek-12","15836",7795,"49.223200                     ",8041,"50.776700                     ",190,"1.199700                      ",609,"3.845600                      ",10127,"63.949200                     ",2041,"12.888300                     ",2869,"18.116900                     "
"2000","32886","01","3619","","03","High      ","N","Milwaukee","","High School Type/ PreK-12","23320",11687,"50.115700                     ",11633,"49.884200                     ",271,"1.162000                      ",950,"4.073700                      ",13641,"58.494800                     ",3046,"13.061700                     ",5412,"23.207500                     "
"2000","32886","01","3619","","03","El/Sec    ","N","Milwaukee","","Combined Elementary/Secondary School Type/ Prek-12","2885",1412,"48.942800                     ",1473,"51.057100                     ",14,"0.485200                      ",83,"2.876900                      ",1933,"67.001700                     ",316,"10.953200                     ",539,"18.682800                     "
"2000","32886","01","3619","","03","Summary   ","N","Milwaukee","","Grades PreK-12","99729",48905,"49.037800                     ",50824,"50.962100                     ",1029,"1.031700                      ",4156,"4.167200                      ",60988,"61.153700                     ",14131,"14.169300                     ",19425,"19.477700                     "
"2000","31873","01","3619","0003","04","High      ","N","Milwaukee","Juneau Hi","Grades PreK-12","882",439,"49.773200                     ",443,"50.226700                     ",7,"0.793600                      ",51,"5.782300                      ",528,"59.863900                     ",39,"4.421700                      ",257,"29.138300                     "
"2000","31019","01","3619","0006","04","Mid/Jr Hi ","N","Milwaukee","Lincoln Mid Sch of the Arts","Grades PreK-12","757",385,"50.858600                     ",372,"49.141300                     ",5,"0.660500                      ",57,"7.529700                      ",304,"40.158500                     ",232,"30.647200                     ",159,"21.003900                     "
"2000","31055","01","3619","0008","04","High      ","N","Milwaukee","Marshall Hi","Grades PreK-12","1343",631,"46.984300                     ",712,"53.015600                     ",2,"0.148900                      ",36,"2.680500                      ",1195,"88.979800                     ",17,"1.265800                      ",93,"6.924700                      "
"2000","31025","01","3619","0012","04","High      ","N","Milwaukee","Bay View Hi","Grades PreK-12","1734",783,"45.155700                     ",951,"54.844200                     ",26,"1.499400                      ",53,"3.056500                      ",705,"40.657400                     ",226,"13.033400                     ",724,"41.753100                     "
"2000","31825","01","3619","0014","04","High      ","N","Milwaukee","Milwaukee Trade & Tech Hi Sch","Grades PreK-12","1576",446,"28.299400                     ",1130,"71.700500                     ",14,"0.888300                      ",26,"1.649700                      ",1020,"64.720800                     ",162,"10.279100                     ",354,"22.461900                     "
"2000","31853","01","3619","0016","04","High      ","N","Milwaukee","Custer Hi","Grades PreK-12","1187",543,"45.745500                     ",644,"54.254400                     ",1,"0.084200                      ",9,"0.758200                      ",1113,"93.765700                     ",13,"1.095100                      ",51,"4.296500                      "
"2000","31918","01","3619","0018","04","High      ","N","Milwaukee","Hamilton Hi","Grades PreK-12","1966",1001,"50.915500                     ",965,"49.084400                     ",35,"1.780200                      ",56,"2.848400                      ",478,"24.313300                     ",328,"16.683600                     ",1069,"54.374300                     "
"2000","31854","01","3619","0020","04","High      ","N","Milwaukee","King Hi","Grades PreK-12","1351",828,"61.287900                     ",523,"38.712000                     ",7,"0.518100                      ",79,"5.847500                      ",745,"55.144300                     ",68,"5.033300                      ",452,"33.456600                     "
"2000","31900","01","3619","0022","04","High      ","N","Milwaukee","Madison Hi","Grades PreK-12","1454",750,"51.581800                     ",704,"48.418100                     ",6,"0.412600                      ",71,"4.883000                      ",1213,"83.425000                     ",29,"1.994400                      ",135,"9.284700                      "
"2000","32758","01","3619","0023","04","High      ","N","Milwaukee","Milwaukee School of Entrepreneurship","Grades PreK-12","153",104,"67.973800                     ",49,"32.026100                     ",0,"0.000000                      ",1,"0.653500                      ",112,"73.202600                     ",2,"1.307100                      ",38,"24.836600                     "
"2000","31841","01","3619","0024","04","High      ","N","Milwaukee","North Division Hi","Grades PreK-12","870",440,"50.574700                     ",430,"49.425200                     ",0,"0.000000                      ",6,"0.689600                      ",854,"98.160900                     ",7,"0.804500                      ",3,"0.344800                      "
"2000","31890","01","3619","0026","04","High      ","N","Milwaukee","Pulaski Hi","Grades PreK-12","1628",778,"47.788600                     ",850,"52.211300                     ",40,"2.457000                      ",141,"8.660900                      ",318,"19.533100                     ",544,"33.415200                     ",585,"35.933600                     "
"2000","32759","01","3619","0027","04","High      ","N","Milwaukee","New School for Community Services","Grades PreK-12","114",84,"73.684200                     ",30,"26.315700                     ",1,"0.877100                      ",1,"0.877100                      ",87,"76.315700                     ",6,"5.263100                      ",19,"16.666600                     "
"2000","31046","01","3619","0029","04","High      ","N","Milwaukee","Riverside Hi","Grades PreK-12","1488",826,"55.510700                     ",662,"44.489200                     ",13,"0.873600                      ",108,"7.258000                      ",757,"50.873600                     ",225,"15.120900                     ",385,"25.873600                     "
"2000","31826","01","3619","0032","04","High      ","N","Milwaukee","South Division Hi","Grades PreK-12","1474",764,"51.831700                     ",710,"48.168200                     ",21,"1.424600                      ",92,"6.241500                      ",305,"20.691900                     ",926,"62.822200                     ",130,"8.819500                      "
"2000","31930","01","3619","0033","04","High      ","N","Milwaukee","Vincent Hi","Grades PreK-12","1583",780,"49.273500                     ",803,"50.726400                     ",13,"0.821200                      ",51,"3.221700                      ",1198,"75.679000                     ",28,"1.768700                      ",293,"18.509100                     "
"2000","31041","01","3619","0035","04","High      ","N","Milwaukee","Washington Hi","Grades PreK-12","1628",823,"50.552800                     ",805,"49.447100                     ",2,"0.122800                      ",112,"6.879600                      ",1441,"88.513500                     ",23,"1.412700                      ",50,"3.071200                      "
"2000","31957","01","3619","0038","04","High      ","N","Milwaukee","Milwaukee High Sch of the Arts","Grades PreK-12","870",524,"60.229800                     ",346,"39.770100                     ",8,"0.919500                      ",21,"2.413700                      ",425,"48.850500                     ",63,"7.241300                      ",353,"40.574700                     "
"2000","31891","01","3619","0041","04","Mid/Jr Hi ","N","Milwaukee","Audubon Mid","Grades PreK-12","924",425,"45.995600                     ",499,"54.004300                     ",18,"1.948000                      ",34,"3.679600                      ",306,"33.116800                     ",179,"19.372200                     ",387,"41.883100                     "
"2000","31919","01","3619","0044","04","Mid/Jr Hi ","N","Milwaukee","Bell Mid","Grades PreK-12","913",455,"49.835700                     ",458,"50.164200                     ",15,"1.642900                      ",31,"3.395300                      ",439,"48.083200                     ",72,"7.886000                      ",356,"38.992300                     "
"2000","31924","01","3619","0045","04","Mid/Jr Hi ","N","Milwaukee","Burroughs Mid","Grades PreK-12","938",466,"49.680100                     ",472,"50.319800                     ",4,"0.426400                      ",41,"4.371000                      ",805,"85.820800                     ",14,"1.492500                      ",74,"7.889100                      "
"2000","31855","01","3619","0047","04","Mid/Jr Hi ","N","Milwaukee","Edison Mid","Grades PreK-12","774",349,"45.090400                     ",425,"54.909500                     ",2,"0.258300                      ",81,"10.465100                     ",610,"78.811300                     ",44,"5.684700                      ",37,"4.780300                      "
"2000","31054","01","3619","0048","04","Mid/Jr Hi ","N","Milwaukee","Malcolm X Academy","Grades PreK-12","561",247,"44.028500                     ",314,"55.971400                     ",0,"0.000000                      ",0,"0.000000                      ",555,"98.930400                     ",6,"1.069500                      ",0,"0.000000                      "
"2000","31026","01","3619","0049","04","Mid/Jr Hi ","N","Milwaukee","Fritsche Mid","Grades PreK-12","1041",501,"48.126800                     ",540,"51.873100                     ",26,"2.497500                      ",28,"2.689700                      ",447,"42.939400                     ",144,"13.832800                     ",396,"38.040300                     "
"2000","31827","01","3619","0050","04","Mid/Jr Hi ","N","Milwaukee","Kosciuszko Mid","Grades PreK-12","717",344,"47.977600                     ",373,"52.022300                     ",7,"0.976200                      ",16,"2.231500                      ",154,"21.478300                     ",468,"65.271900                     ",72,"10.041800                     "
"2000","31958","01","3619","0051","04","El/Sec    ","N","Milwaukee","Grand Ave Mid","Grades PreK-12","912",446,"48.903500                     ",466,"51.096400                     ",9,"0.986800                      ",55,"6.030700                      ",550,"60.307000                     ",177,"19.407800                     ",121,"13.267500                     "
"2000","31936","01","3619","0052","04","Mid/Jr Hi ","N","Milwaukee","Morse Mid","Grades PreK-12","1137",664,"58.399200                     ",473,"41.600700                     ",7,"0.615600                      ",49,"4.309500                      ",707,"62.181100                     ",97,"8.531200                      ",277,"24.362300                     "
"2000","31901","01","3619","0053","04","Mid/Jr Hi ","N","Milwaukee","Muir Mid","Grades PreK-12","946",425,"44.926000                     ",521,"55.073900                     ",4,"0.422800                      ",31,"3.276900                      ",843,"89.112000                     ",11,"1.162700                      ",57,"6.025300                      "
"2000","32760","01","3619","0054","04","Mid/Jr Hi ","N","Milwaukee","Milwaukee Village Sch","Grades PreK-12","174",80,"45.977000                     ",94,"54.022900                     ",0,"0.000000                      ",0,"0.000000                      ",170,"97.701100                     ",1,"0.574700                      ",3,"1.724100                      "
"2000","31842","01","3619","0055","04","El/Sec    ","N","Milwaukee","Douglas Community Academy","Grades PreK-12","563",256,"45.470600                     ",307,"54.529300                     ",1,"0.177600                      ",3,"0.532800                      ",539,"95.737100                     ",7,"1.243300                      ",13,"2.309000                      "
"2000","31056","01","3619","0056","04","Mid/Jr Hi ","N","Milwaukee","Robinson Mid","Grades PreK-12","538",259,"48.141200                     ",279,"51.858700                     ",3,"0.557600                      ",13,"2.416300                      ",493,"91.635600                     ",4,"0.743400                      ",25,"4.646800                      "
"2000","31834","01","3619","0059","04","Mid/Jr Hi ","N","Milwaukee","Roosevelt Mid","Grades PreK-12","672",374,"55.654700                     ",298,"44.345200                     ",8,"1.190400                      ",16,"2.380900                      ",366,"54.464200                     ",48,"7.142800                      ",234,"34.821400                     "
"2000","31074","01","3619","0060","04","Mid/Jr Hi ","N","Milwaukee","Sholes Mid","Grades PreK-12","939",485,"51.650600                     ",454,"48.349300                     ",37,"3.940300                      ",49,"5.218300                      ",424,"45.154400                     ",152,"16.187400                     ",277,"29.499400                     "
"2000","31959","01","3619","0061","04","Mid/Jr Hi ","N","Milwaukee","Sarah Scott Mid","Grades PreK-12","741",406,"54.790800                     ",335,"45.209100                     ",3,"0.404800                      ",16,"2.159200                      ",677,"91.363000                     ",27,"3.643700                      ",18,"2.429100                      "
"2000","31042","01","3619","0062","04","Mid/Jr Hi ","N","Milwaukee","Steuben Mid","Grades PreK-12","920",422,"45.869500                     ",498,"54.130400                     ",3,"0.326000                      ",54,"5.869500                      ",746,"81.086900                     ",18,"1.956500                      ",99,"10.760800                     "
"2000","31892","01","3619","0065","04","Mid/Jr Hi ","Y","Milwaukee","Walker International Mid","Grades PreK-12","753",347,"46.082300                     ",406,"53.917600                     ",27,"3.585600                      ",43,"5.710400                      ",237,"31.474100                     ",267,"35.458100                     ",179,"23.771500                     "
"2000","31925","01","3619","0066","04","Mid/Jr Hi ","N","Milwaukee","Webster Mid","Grades PreK-12","929",448,"48.223800                     ",481,"51.776100                     ",5,"0.538200                      ",22,"2.368100                      ",830,"89.343300                     ",10,"1.076400                      ",62,"6.673800                      "
"2000","31864","01","3619","0067","04","Mid/Jr Hi ","N","Milwaukee","Milwaukee Education Center","Grades PreK-12","884",456,"51.583700                     ",428,"48.416200                     ",7,"0.791800                      ",25,"2.828000                      ",587,"66.402700                     ",175,"19.796300                     ",90,"10.180900                     "
"2000","31080","01","3619","0071","04","El/Sec    ","N","Milwaukee","Milwaukee School of Languages","Grades PreK-12","939",483,"51.437600                     ",456,"48.562300                     ",3,"0.319400                      ",21,"2.236400                      ",452,"48.136300                     ",108,"11.501500                     ",355,"37.806100                     "
"2000","31828","01","3619","0073","04","Elem      ","N","Milwaukee","Allen-Field El","Grades PreK-12","929",457,"49.192600                     ",472,"50.807300                     ",6,"0.645800                      ",13,"1.399300                      ",93,"10.010700                     ",773,"83.207700                     ",44,"4.736200                      "
"2000","31953","01","3619","0075","04","Elem      ","N","Milwaukee","Alcott El","Grades PreK-12","329",159,"48.328200                     ",170,"51.671700                     ",4,"1.215800                      ",19,"5.775000                      ",137,"41.641300                     ",27,"8.206600                      ",142,"43.161000                     "
"2000","31843","01","3619","0077","04","Elem      ","N","Milwaukee","Auer Avenue El","Grades PreK-12","547",268,"48.994500                     ",279,"51.005400                     ",2,"0.365600                      ",0,"0.000000                      ",539,"98.537400                     ",0,"0.000000                      ",6,"1.096800                      "
"2000","31926","01","3619","0081","04","Elem      ","N","Milwaukee","Barton El","Grades PreK-12","536",240,"44.776100                     ",296,"55.223800                     ",5,"0.932800                      ",9,"1.679100                      ",397,"74.067100                     ",5,"0.932800                      ",120,"22.388000                     "
"2000","31865","01","3619","0083","04","Elem      ","N","Milwaukee","Dr Martin Luther King Jr El","Grades PreK-12","494",223,"45.141700                     ",271,"54.858200                     ",2,"0.404800                      ",0,"0.000000                      ",483,"97.773200                     ",1,"0.202400                      ",8,"1.619400                      "
"2000","31835","01","3619","0089","04","Elem      ","N","Milwaukee","Brown Street El","Grades PreK-12","577",278,"48.180200                     ",299,"51.819700                     ",4,"0.693200                      ",33,"5.719200                      ",468,"81.109100                     ",12,"2.079700                      ",60,"10.398600                     "
"2000","31902","01","3619","0092","04","Elem      ","N","Milwaukee","Browning El","Grades PreK-12","449",228,"50.779500                     ",221,"49.220400                     ",0,"0.000000                      ",5,"1.113500                      ",408,"90.868500                     ",5,"1.113500                      ",31,"6.904200                      "
"2000","31931","01","3619","0093","04","Elem      ","N","Milwaukee","Bruce El","Grades PreK-12","460",227,"49.347800                     ",233,"50.652100                     ",8,"1.739100                      ",24,"5.217300                      ",350,"76.086900                     ",7,"1.521700                      ",71,"15.434700                     "
"2000","31937","01","3619","0094","04","Elem      ","N","Milwaukee","Bryant El","Grades PreK-12","556",249,"44.784100                     ",307,"55.215800                     ",8,"1.438800                      ",36,"6.474800                      ",430,"77.338100                     ",19,"3.417200                      ",63,"11.330900                     "
"2000","31882","01","3619","0095","04","Elem      ","N","Milwaukee","Burbank El","Grades PreK-12","483",243,"50.310500                     ",240,"49.689400                     ",3,"0.621100                      ",117,"24.223600                     ",113,"23.395400                     ",35,"7.246300                      ",215,"44.513400                     "
"2000","31027","01","3619","0098","04","Elem      ","N","Milwaukee","Burdick El","Grades PreK-12","521",224,"42.994200                     ",297,"57.005700                     ",12,"2.303200                      ",11,"2.111300                      ",125,"23.992300                     ",49,"9.404900                      ",324,"62.188000                     "
"2000","32799","01","3619","0100","04","Elem      ","N","Milwaukee","Starms Monumental","Grades PreK-12","44",20,"45.454500                     ",24,"54.545400                     ",0,"0.000000                      ",0,"0.000000                      ",41,"93.181800                     ",0,"0.000000                      ",3,"6.818100                      "
"2000","31856","01","3619","0101","04","Elem      ","N","Milwaukee","Carleton El","Grades PreK-12","468",223,"47.649500                     ",245,"52.350400                     ",0,"0.000000                      ",5,"1.068300                      ",424,"90.598200                     ",4,"0.854700                      ",35,"7.478600                      "
"2000","31020","01","3619","0104","04","Elem      ","N","Milwaukee","Cass Street El","Grades PreK-12","550",265,"48.181800                     ",285,"51.818100                     ",6,"1.090900                      ",10,"1.818100                      ",453,"82.363600                     ",31,"5.636300                      ",50,"9.090900                      "
"2000","33855","01","3619","0108","04","Elem      ","N","Milwaukee","Benjamin Carson Academy of Science","Grades PreK-12","373",203,"54.423500                     ",170,"45.576400                     ",1,"0.268000                      ",4,"1.072300                      ",347,"93.029400                     ",2,"0.536100                      ",19,"5.093800                      "
"2000","31043","01","3619","0110","04","Elem      ","N","Milwaukee","Clarke Street El","Grades PreK-12","522",244,"46.743200                     ",278,"53.256700                     ",2,"0.383100                      ",1,"0.191500                      ",511,"97.892700                     ",1,"0.191500                      ",7,"1.340900                      "
"2000","31028","01","3619","0113","04","Elem      ","N","Milwaukee","Clement Avenue El","Grades PreK-12","431",210,"48.723800                     ",221,"51.276100                     ",13,"3.016200                      ",11,"2.552200                      ",130,"30.162400                     ",32,"7.424500                      ",245,"56.844500                     "
"2000","31057","01","3619","0114","04","Elem      ","N","Milwaukee","Clemens El","Grades PreK-12","424",213,"50.235800                     ",211,"49.764100                     ",0,"0.000000                      ",6,"1.415000                      ",409,"96.462200                     ",0,"0.000000                      ",9,"2.122600                      "
"2000","31903","01","3619","0116","04","Elem      ","N","Milwaukee","Congress El","Grades PreK-12","650",293,"45.076900                     ",357,"54.923000                     ",4,"0.615300                      ",25,"3.846100                      ",567,"87.230700                     ",6,"0.923000                      ",48,"7.384600                      "
"2000","31075","01","3619","0117","04","Elem      ","N","Milwaukee","Cooper El","Grades PreK-12","341",149,"43.695000                     ",192,"56.304900                     ",6,"1.759500                      ",17,"4.985300                      ",119,"34.897300                     ",28,"8.211100                      ",171,"50.146600                     "
"2000","31893","01","3619","0122","04","Elem      ","N","Milwaukee","Curtin El","Grades PreK-12","290",136,"46.896500                     ",154,"53.103400                     ",5,"1.724100                      ",16,"5.517200                      ",93,"32.068900                     ",55,"18.965500                     ",121,"41.724100                     "
"2000","31894","01","3619","0125","04","Elem      ","N","Milwaukee","Doerfler El","Grades PreK-12","564",280,"49.645300                     ",284,"50.354600                     ",22,"3.900700                      ",41,"7.269500                      ",108,"19.148900                     ",229,"40.602800                     ",164,"29.078000                     "
"2000","31058","01","3619","0127","04","Elem      ","N","Milwaukee","Douglass El","Grades PreK-12","266",126,"47.368400                     ",140,"52.631500                     ",0,"0.000000                      ",1,"0.375900                      ",260,"97.744300                     ",0,"0.000000                      ",5,"1.879600                      "
"2000","32821","01","3619","0130","04","Elem      ","N","Milwaukee","Westside II El","Grades PreK-12","402",214,"53.233800                     ",188,"46.766100                     ",2,"0.497500                      ",28,"6.965100                      ",363,"90.298500                     ",4,"0.995000                      ",5,"1.243700                      "
"2000","31029","01","3619","0131","04","Elem      ","N","Milwaukee","Dover Street El","Grades PreK-12","494",222,"44.939200                     ",272,"55.060700                     ",20,"4.048500                      ",14,"2.834000                      ",213,"43.117400                     ",72,"14.574800                     ",175,"35.425100                     "
"2000","31954","01","3619","0140","04","Elem      ","N","Milwaukee","Milwaukee French Immersion","Grades PreK-12","413",232,"56.174300                     ",181,"43.825600                     ",2,"0.484200                      ",5,"1.210600                      ",143,"34.624600                     ",9,"2.179100                      ",254,"61.501200                     "
"2000","31081","01","3619","0143","04","Elem      ","N","Milwaukee","Eighty-First Street El","Grades PreK-12","440",208,"47.272700                     ",232,"52.727200                     ",3,"0.681800                      ",17,"3.863600                      ",320,"72.727200                     ",23,"5.227200                      ",77,"17.500000                     "
"2000","31082","01","3619","0146","04","Elem      ","N","Milwaukee","Milwaukee German Immersion","Grades PreK-12","590",292,"49.491500                     ",298,"50.508400                     ",4,"0.677900                      ",1,"0.169400                      ",190,"32.203300                     ",7,"1.186400                      ",388,"65.762700                     "
"2000","31836","01","3619","0148","04","Elem      ","N","Milwaukee","Elm Creative Arts El","Grades PreK-12","575",292,"50.782600                     ",283,"49.217300                     ",10,"1.739100                      ",6,"1.043400                      ",323,"56.173900                     ",21,"3.652100                      ",215,"37.391300                     "
"2000","31837","01","3619","0149","04","Elem      ","N","Milwaukee","Starms Early Childhood","Grades PreK-12","359",172,"47.910800                     ",187,"52.089100                     ",3,"0.835600                      ",39,"10.863500                     ",259,"72.144800                     ",4,"1.114200                      ",54,"15.041700                     "
"2000","31938","01","3619","0150","04","Elem      ","N","Milwaukee","Emerson El","Grades PreK-12","276",131,"47.463700                     ",145,"52.536200                     ",2,"0.724600                      ",27,"9.782600                      ",177,"64.130400                     ",14,"5.072400                      ",56,"20.289800                     "
"2000","31939","01","3619","0152","04","Elem      ","N","Milwaukee","Engleburg El","Grades PreK-12","464",215,"46.336200                     ",249,"53.663700                     ",0,"0.000000                      ",12,"2.586200                      ",371,"79.956800                     ",8,"1.724100                      ",73,"15.732700                     "
"2000","31857","01","3619","0154","04","Elem      ","N","Milwaukee","Thurston Woods El","Grades PreK-12","373",181,"48.525400                     ",192,"51.474500                     ",2,"0.536100                      ",1,"0.268000                      ",348,"93.297500                     ",3,"0.804200                      ",19,"5.093800                      "
"2000","31909","01","3619","0155","04","Elem      ","N","Milwaukee","Fairview El","Grades PreK-12","594",284,"47.811400                     ",310,"52.188500                     ",8,"1.346800                      ",27,"4.545400                      ",149,"25.084100                     ",67,"11.279400                     ",343,"57.744100                     "
"2000","31030","01","3619","0158","04","Elem      ","N","Milwaukee","Fernwood El","Grades PreK-12","401",190,"47.381500                     ",211,"52.618400                     ",10,"2.493700                      ",16,"3.990000                      ",152,"37.905200                     ",45,"11.221900                     ",178,"44.389000                     "
"2000","31910","01","3619","0167","04","Elem      ","N","Milwaukee","Milwaukee Spanish Immersion","Grades PreK-12","601",331,"55.074800                     ",270,"44.925100                     ",9,"1.497500                      ",12,"1.996600                      ",219,"36.439200                     ",170,"28.286100                     ",191,"31.780300                     "
"2000","31059","01","3619","0170","04","Elem      ","N","Milwaukee","Fifty-Third Street El","Grades PreK-12","359",180,"50.139200                     ",179,"49.860700                     ",2,"0.557100                      ",3,"0.835600                      ",327,"91.086300                     ",10,"2.785500                      ",17,"4.735300                      "
"2000","31829","01","3619","0173","04","Elem      ","N","Milwaukee","Forest Home Avenue El","Grades PreK-12","913",446,"48.849900                     ",467,"51.150000                     ",10,"1.095200                      ",13,"1.423800                      ",104,"11.391000                     ",696,"76.232200                     ",90,"9.857600                      "
"2000","31866","01","3619","0176","04","Elem      ","N","Milwaukee","Meir El","Grades PreK-12","255",141,"55.294100                     ",114,"44.705800                     ",2,"0.784300                      ",9,"3.529400                      ",136,"53.333300                     ",12,"4.705800                      ",96,"37.647000                     "
"2000","31844","01","3619","0179","04","Elem      ","N","Milwaukee","Franklin El","Grades PreK-12","582",280,"48.109900                     ",302,"51.890000                     ",0,"0.000000                      ",1,"0.171800                      ",574,"98.625400                     ",1,"0.171800                      ",6,"1.030900                      "
"2000","31867","01","3619","0182","04","Elem      ","N","Milwaukee","Fratney El","Grades PreK-12","378",198,"52.380900                     ",180,"47.619000                     ",0,"0.000000                      ",0,"0.000000                      ",77,"20.370300                     ",247,"65.343900                     ",54,"14.285700                     "
"2000","31868","01","3619","0185","04","Elem      ","N","Milwaukee","Gaenslen El","Grades PreK-12","743",325,"43.741500                     ",418,"56.258400                     ",1,"0.134500                      ",7,"0.942100                      ",479,"64.468300                     ",129,"17.362000                     ",127,"17.092800                     "
"2000","31858","01","3619","0188","04","Elem      ","N","Milwaukee","Garden Homes El","Grades PreK-12","441",226,"51.247100                     ",215,"48.752800                     ",1,"0.226700                      ",0,"0.000000                      ",434,"98.412600                     ",0,"0.000000                      ",6,"1.360500                      "
"2000","31869","01","3619","0190","04","Elem      ","N","Milwaukee","Garfield Avenue El","Grades PreK-12","468",215,"45.940100                     ",253,"54.059800                     ",0,"0.000000                      ",48,"10.256400                     ",388,"82.905900                     ",8,"1.709400                      ",24,"5.128200                      "
"2000","31076","01","3619","0191","04","Elem      ","N","Milwaukee","Garland El","Grades PreK-12","347",179,"51.585000                     ",168,"48.414900                     ",2,"0.576300                      ",13,"3.746300                      ",125,"36.023000                     ",38,"10.951000                     ",169,"48.703100                     "
"2000","31932","01","3619","0192","04","Elem      ","N","Milwaukee","Goodrich El","Grades PreK-12","388",183,"47.164900                     ",205,"52.835000                     ",3,"0.773100                      ",14,"3.608200                      ",223,"57.474200                     ",10,"2.577300                      ",138,"35.567000                     "
"2000","31895","01","3619","0193","04","Elem      ","N","Milwaukee","Grant El","Grades PreK-12","577",292,"50.606500                     ",285,"49.393400                     ",25,"4.332700                      ",17,"2.946200                      ",117,"20.277200                     ",169,"29.289400                     ",249,"43.154200                     "
"2000","31940","01","3619","0194","04","Elem      ","N","Milwaukee","River Trail El","Grades PreK-12","376",184,"48.936100                     ",192,"51.063800                     ",7,"1.861700                      ",9,"2.393600                      ",263,"69.946800                     ",15,"3.989300                      ",82,"21.808500                     "
"2000","31904","01","3619","0196","04","Elem      ","N","Milwaukee","Grantosa Drive El","Grades PreK-12","598",267,"44.648800                     ",331,"55.351100                     ",4,"0.668800                      ",24,"4.013300                      ",433,"72.408000                     ",5,"0.836100                      ",132,"22.073500                     "
"2000","31933","01","3619","0197","04","Elem      ","N","Milwaukee","Granville El","Grades PreK-12","393",185,"47.073700                     ",208,"52.926200                     ",0,"0.000000                      ",15,"3.816700                      ",368,"93.638600                     ",4,"1.017800                      ",6,"1.526700                      "
"2000","31845","01","3619","0199","04","Elem      ","N","Milwaukee","Green Bay Avenue El","Grades PreK-12","536",285,"53.171600                     ",251,"46.828300                     ",0,"0.000000                      ",10,"1.865600                      ",517,"96.455200                     ",1,"0.186500                      ",8,"1.492500                      "
"2000","31896","01","3619","0202","04","Elem      ","N","Milwaukee","Greenfield Montessori El","Grades PreK-12","405",207,"51.111100                     ",198,"48.888800                     ",6,"1.481400                      ",16,"3.950600                      ",224,"55.308600                     ",51,"12.592500                     ",108,"26.666600                     "
"2000","31905","01","3619","0205","04","Elem      ","N","Milwaukee","Hampton El","Grades PreK-12","512",265,"51.757800                     ",247,"48.242100                     ",3,"0.585900                      ",14,"2.734300                      ",430,"83.984300                     ",21,"4.101500                      ",44,"8.593700                      "
"2000","31927","01","3619","0206","04","Elem      ","N","Milwaukee","Happy Hill El","Grades PreK-12","479",224,"46.764000                     ",255,"53.235900                     ",4,"0.835000                      ",45,"9.394500                      ",386,"80.584500                     ",7,"1.461300                      ",37,"7.724400                      "
"2000","31047","01","3619","0208","04","Elem      ","N","Milwaukee","Hartford Avenue El","Grades PreK-12","604",284,"47.019800                     ",320,"52.980100                     ",6,"0.993300                      ",15,"2.483400                      ",445,"73.675400                     ",31,"5.132400                      ",107,"17.715200                     "
"2000","31874","01","3619","0211","04","Elem      ","N","Milwaukee","Hawley Road El","Grades PreK-12","318",140,"44.025100                     ",178,"55.974800                     ",0,"0.000000                      ",18,"5.660300                      ",187,"58.805000                     ",33,"10.377300                     ",80,"25.157200                     "
"2000","31859","01","3619","0212","04","Elem      ","N","Milwaukee","Hawthorne El","Grades PreK-12","402",188,"46.766100                     ",214,"53.233800                     ",0,"0.000000                      ",2,"0.497500                      ",368,"91.542200                     ",5,"1.243700                      ",27,"6.716400                      "
"2000","32761","01","3619","0214","04","Elem      ","N","Milwaukee","Hayes City-Wide Bilingual Sch","Grades PreK-12","364",178,"48.901000                     ",186,"51.098900                     ",0,"0.000000                      ",1,"0.274700                      ",36,"9.890100                      ",319,"87.637300                     ",8,"2.197800                      "
"2000","31036","01","3619","0217","04","Elem      ","N","Milwaukee","Hi-Mount Boulevard El","Grades PreK-12","482",224,"46.473000                     ",258,"53.526900                     ",2,"0.414900                      ",13,"2.697000                      ",412,"85.477100                     ",6,"1.244800                      ",49,"10.165900                     "
"2000","31870","01","3619","0218","04","Elem      ","N","Milwaukee","Holmes El","Grades PreK-12","653",333,"50.995400                     ",320,"49.004500                     ",3,"0.459400                      ",0,"0.000000                      ",472,"72.281700                     ",165,"25.267900                     ",13,"1.990800                      "
"2000","31846","01","3619","0220","04","Elem      ","N","Milwaukee","Hopkins Street El","Grades PreK-12","704",344,"48.863600                     ",360,"51.136300                     ",3,"0.426100                      ",0,"0.000000                      ",695,"98.721500                     ",2,"0.284000                      ",4,"0.568100                      "
"2000","31031","01","3619","0223","04","Elem      ","N","Milwaukee","Humboldt Park El","Grades PreK-12","553",259,"46.835400                     ",294,"53.164500                     ",2,"0.361600                      ",173,"31.283900                     ",126,"22.784800                     ",82,"14.828200                     ",170,"30.741400                     "
"2000","32820","01","3619","0225","04","Mid/Jr Hi ","N","Milwaukee","Global Learning Center","Grades PreK-12","131",71,"54.198400                     ",60,"45.801500                     ",0,"0.000000                      ",0,"0.000000                      ",106,"80.916000                     ",7,"5.343500                      ",18,"13.740400                     "
"2000","31928","01","3619","0226","04","Elem      ","N","Milwaukee","Milwaukee Sign Language El","Grades PreK-12","576",289,"50.173600                     ",287,"49.826300                     ",3,"0.520800                      ",22,"3.819400                      ",454,"78.819400                     ",21,"3.645800                      ",76,"13.194400                     "
"2000","31830","01","3619","0232","04","Elem      ","N","Milwaukee","Kagel El","Grades PreK-12","355",161,"45.352100                     ",194,"54.647800                     ",4,"1.126700                      ",14,"3.943600                      ",50,"14.084500                     ",271,"76.338000                     ",16,"4.507000                      "
"2000","31847","01","3619","0235","04","Elem      ","N","Milwaukee","Keefe Avenue El","Grades PreK-12","537",264,"49.162000                     ",273,"50.837900                     ",1,"0.186200                      ",0,"0.000000                      ",528,"98.324000                     ",3,"0.558600                      ",5,"0.931000                      "
"2000","32780","01","3619","0236","04","High      ","N","Milwaukee","Kilmer South Alternative Hi","Grades PreK-12","253",112,"44.268700                     ",141,"55.731200                     ",1,"0.395200                      ",9,"3.557300                      ",93,"36.758800                     ",41,"16.205500                     ",109,"43.083000                     "
"2000","31906","01","3619","0237","04","Elem      ","N","Milwaukee","Kilbourn El","Grades PreK-12","382",185,"48.429300                     ",197,"51.570600                     ",1,"0.261700                      ",17,"4.450200                      ",319,"83.507800                     ",4,"1.047100                      ",41,"10.732900                     "
"2000","31021","01","3619","0238","04","Elem      ","N","Milwaukee","LaFollette El","Grades PreK-12","509",239,"46.954800                     ",270,"53.045100                     ",1,"0.196400                      ",0,"0.000000                      ",501,"98.428200                     ",4,"0.785800                      ",3,"0.589300                      "
"2000","32782","01","3619","0240","04","High      ","N","Milwaukee","Project STAY","Grades PreK-12","101",57,"56.435600                     ",44,"43.564300                     ",0,"0.000000                      ",0,"0.000000                      ",75,"74.257400                     ",8,"7.920700                      ",18,"17.821700                     "
"2000","31907","01","3619","0241","04","Elem      ","N","Milwaukee","Lancaster El","Grades PreK-12","546",280,"51.282000                     ",266,"48.717900                     ",2,"0.366300                      ",11,"2.014600                      ",486,"89.010900                     ",3,"0.549400                      ",44,"8.058600                      "
"2000","31022","01","3619","0244","04","Elem      ","N","Milwaukee","Lee El","Grades PreK-12","568",291,"51.232300                     ",277,"48.767600                     ",0,"0.000000                      ",4,"0.704200                      ",559,"98.415400                     ",2,"0.352100                      ",3,"0.528100                      "
"2000","31897","01","3619","0250","04","Elem      ","N","Milwaukee","Lincoln Avenue El","Grades PreK-12","627",322,"51.355600                     ",305,"48.644300                     ",28,"4.465700                      ",22,"3.508700                      ",147,"23.444900                     ",252,"40.191300                     ",178,"28.389100                     "
"2000","31838","01","3619","0253","04","Elem      ","N","Milwaukee","Lloyd Street El","Grades PreK-12","608",294,"48.355200                     ",314,"51.644700                     ",0,"0.000000                      ",54,"8.881500                      ",512,"84.210500                     ",1,"0.164400                      ",41,"6.743400                      "
"2000","31831","01","3619","0256","04","Elem      ","N","Milwaukee","Longfellow El","Grades PreK-12","595",273,"45.882300                     ",322,"54.117600                     ",10,"1.680600                      ",25,"4.201600                      ",99,"16.638600                     ",402,"67.563000                     ",59,"9.915900                      "
"2000","31077","01","3619","0257","04","Elem      ","N","Milwaukee","Lowell El","Grades PreK-12","253",105,"41.501900                     ",148,"58.498000                     ",10,"3.952500                      ",9,"3.557300                      ",84,"33.201500                     ",34,"13.438700                     ",116,"45.849800                     "
"2000","31087","01","3619","0261","04","Elem      ","N","Milwaukee","MacDowell Montessori El","Grades PreK-12","602",307,"50.996600                     ",295,"49.003300                     ",9,"1.495000                      ",17,"2.823900                      ",383,"63.621200                     ",25,"4.152800                      ",168,"27.906900                     "
"2000","31898","01","3619","0265","04","Elem      ","N","Milwaukee","Manitoba El","Grades PreK-12","453",218,"48.123600                     ",235,"51.876300                     ",7,"1.545200                      ",24,"5.298000                      ",108,"23.841000                     ",72,"15.894000                     ",242,"53.421600                     "
"2000","31934","01","3619","0267","04","Elem      ","N","Milwaukee","Maple Tree El","Grades PreK-12","490",231,"47.142800                     ",259,"52.857100                     ",4,"0.816300                      ",12,"2.448900                      ",401,"81.836700                     ",11,"2.244800                      ",62,"12.653000                     "
"2000","31048","01","3619","0268","04","Elem      ","N","Milwaukee","Maryland Avenue El","Grades PreK-12","297",150,"50.505000                     ",147,"49.494900                     ",5,"1.683500                      ",9,"3.030300                      ",207,"69.696900                     ",23,"7.744100                      ",53,"17.845100                     "
"2000","31832","01","3619","0274","04","Elem      ","N","Milwaukee","Mitchell El","Grades PreK-12","698",319,"45.702000                     ",379,"54.297900                     ",22,"3.151800                      ",27,"3.868100                      ",106,"15.186200                     ",413,"59.169000                     ",130,"18.624600                     "
"2000","31078","01","3619","0277","04","Elem      ","N","Milwaukee","Morgandale El","Grades PreK-12","588",293,"49.829900                     ",295,"50.170000                     ",13,"2.210800                      ",4,"0.680200                      ",60,"10.204000                     ",334,"56.802700                     ",177,"30.102000                     "
"2000","30656","01","3619","0282","14","High      ","N","Milwaukee","Career Youth Dev Sch of Excel","Grades PreK-12","51",24,"47.058800                     ",27,"52.941100                     ",0,"0.000000                      ",0,"0.000000                      ",51,"100.000000                    ",0,"0.000000                      ",0,"0.000000                      "
"2000","31037","01","3619","0283","04","Elem      ","N","Milwaukee","Neeskara El","Grades PreK-12","434",209,"48.156600                     ",225,"51.843300                     ",8,"1.843300                      ",67,"15.437700                     ",218,"50.230400                     ",25,"5.760300                      ",116,"26.728100                     "
"2000","31083","01","3619","0289","04","Elem      ","N","Milwaukee","Ninety-Fifth Street El","Grades PreK-12","292",166,"56.849300                     ",126,"43.150600                     ",2,"0.684900                      ",18,"6.164300                      ",95,"32.534200                     ",17,"5.821900                      ",160,"54.794500                     "
"2000","31899","01","3619","0295","04","Elem      ","N","Milwaukee","Zablocki El","Grades PreK-12","600",264,"44.000000                     ",336,"56.000000                     ",16,"2.666600                      ",19,"3.166600                      ",74,"12.333300                     ",170,"28.333300                     ",321,"53.500000                     "
"2000","31871","01","3619","0298","04","Elem      ","N","Milwaukee","Palmer El","Grades PreK-12","512",228,"44.531200                     ",284,"55.468700                     ",1,"0.195300                      ",0,"0.000000                      ",492,"96.093700                     ",6,"1.171800                      ",13,"2.539000                      "
"2000","31941","01","3619","0301","04","Elem      ","N","Milwaukee","Parkview El","Grades PreK-12","356",171,"48.033700                     ",185,"51.966200                     ",3,"0.842600                      ",35,"9.831400                      ",180,"50.561700                     ",24,"6.741500                      ",114,"32.022400                     "
"2000","31860","01","3619","0304","04","Elem      ","N","Milwaukee","Philipp El","Grades PreK-12","338",157,"46.449700                     ",181,"53.550200                     ",1,"0.295800                      ",0,"0.000000                      ",325,"96.153800                     ",2,"0.591700                      ",10,"2.958500                      "
"2000","31872","01","3619","0307","04","Elem      ","N","Milwaukee","Pierce El","Grades PreK-12","573",287,"50.087200                     ",286,"49.912700                     ",2,"0.349000                      ",0,"0.000000                      ",286,"49.912700                     ",247,"43.106400                     ",38,"6.631700                      "
"2000","31839","01","3619","0311","04","Elem      ","N","Milwaukee","Waldorf El","Grades PreK-12","316",161,"50.949300                     ",155,"49.050600                     ",0,"0.000000                      ",3,"0.949300                      ",298,"94.303700                     ",2,"0.632900                      ",13,"4.113900                      "
"2000","32763","01","3619","0312","04","Elem      ","N","Milwaukee","Starms Discovery Learning Ctr","Grades PreK-12","328",145,"44.207300                     ",183,"55.792600                     ",0,"0.000000                      ",14,"4.268200                      ",279,"85.060900                     ",4,"1.219500                      ",31,"9.451200                      "
"2000","31032","01","3619","0313","04","Elem      ","N","Milwaukee","Riley El","Grades PreK-12","741",348,"46.963500                     ",393,"53.036400                     ",14,"1.889300                      ",18,"2.429100                      ",127,"17.139000                     ",416,"56.140300                     ",166,"22.402100                     "
"2000","31695","01","3619","0315","04","El/Sec    ","N","Milwaukee","Milw Co Youth Educ Center","Grades PreK-12","40",0,"0.000000                      ",40,"100.000000                    ",0,"0.000000                      ",2,"5.000000                      ",30,"75.000000                     ",4,"10.000000                     ",4,"10.000000                     "
"2000","31070","01","3619","0316","04","Elem      ","N","Milwaukee","Academy of Accelerated Learning","Grades PreK-12","530",241,"45.471600                     ",289,"54.528300                     ",3,"0.566000                      ",192,"36.226400                     ",76,"14.339600                     ",37,"6.981100                      ",222,"41.886700                     "
"2000","31044","01","3619","0319","04","Elem      ","N","Milwaukee","Sherman El","Grades PreK-12","552",265,"48.007200                     ",287,"51.992700                     ",3,"0.543400                      ",3,"0.543400                      ",507,"91.847800                     ",13,"2.355000                      ",26,"4.710100                      "
"2000","31840","01","3619","0322","04","Elem      ","N","Milwaukee","Siefert El","Grades PreK-12","589",283,"48.047500                     ",306,"51.952400                     ",3,"0.509300                      ",21,"3.565300                      ",546,"92.699400                     ",7,"1.188400                      ",12,"2.037300                      "
"2000","31861","01","3619","0325","04","Elem      ","N","Milwaukee","Silver Spring El","Grades PreK-12","347",158,"45.533100                     ",189,"54.466800                     ",0,"0.000000                      ",5,"1.440900                      ",312,"89.913500                     ",6,"1.729100                      ",24,"6.916400                      "
"2000","32783","01","3619","0328","04","Elem      ","N","Milwaukee","Sixty-Eight St Early Childhood","Grades PreK-12","236",125,"52.966100                     ",111,"47.033800                     ",1,"0.423700                      ",24,"10.169400                     ",169,"71.610100                     ",5,"2.118600                      ",37,"15.677900                     "
"2000","31060","01","3619","0331","04","Elem      ","N","Milwaukee","Sixty-Fifth Street El","Grades PreK-12","369",169,"45.799400                     ",200,"54.200500                     ",1,"0.271000                      ",19,"5.149000                      ",310,"84.010800                     ",9,"2.439000                      ",30,"8.130000                      "
"2000","31071","01","3619","0334","04","Elem      ","N","Milwaukee","Honey Creek El","Grades PreK-12","333",163,"48.948900                     ",170,"51.051000                     ",5,"1.501500                      ",9,"2.702700                      ",80,"24.024000                     ",30,"9.009000                      ",209,"62.762700                     "
"2000","31908","01","3619","0337","04","Elem      ","N","Milwaukee","Kluge El","Grades PreK-12","581",271,"46.643700                     ",310,"53.356200                     ",2,"0.344200                      ",56,"9.638500                      ",485,"83.476700                     ",1,"0.172100                      ",37,"6.368300                      "
"2000","31038","01","3619","0343","04","Elem      ","N","Milwaukee","Story El","Grades PreK-12","483",225,"46.583800                     ",258,"53.416100                     ",9,"1.863300                      ",138,"28.571400                     ",290,"60.041400                     ",17,"3.519600                      ",29,"6.004100                      "
"2000","31935","01","3619","0344","04","Elem      ","N","Milwaukee","Stuart El","Grades PreK-12","343",154,"44.897900                     ",189,"55.102000                     ",3,"0.874600                      ",23,"6.705500                      ",254,"74.052400                     ",9,"2.623900                      ",54,"15.743400                     "
"2000","31045","01","3619","0347","04","Elem      ","N","Milwaukee","Thirty-Eighth Street El","Grades PreK-12","533",275,"51.594700                     ",258,"48.405200                     ",1,"0.187600                      ",52,"9.756000                      ",467,"87.617200                     ",6,"1.125700                      ",7,"1.313300                      "
"2000","31862","01","3619","0350","04","Elem      ","N","Milwaukee","Thirty-Fifth Street El","Grades PreK-12","311",165,"53.054600                     ",146,"46.945300                     ",0,"0.000000                      ",2,"0.643000                      ",292,"93.890600                     ",6,"1.929200                      ",11,"3.536900                      "
"2000","31039","01","3619","0353","04","Elem      ","N","Milwaukee","Westside I El","Grades PreK-12","499",248,"49.699300                     ",251,"50.300600                     ",1,"0.200400                      ",21,"4.208400                      ",466,"93.386700                     ",5,"1.002000                      ",6,"1.202400                      "
"2000","31040","01","3619","0356","04","Elem      ","N","Milwaukee","Thirty-Seventh Street El","Grades PreK-12","435",207,"47.586200                     ",228,"52.413700                     ",0,"0.000000                      ",16,"3.678100                      ",410,"94.252800                     ",3,"0.689600                      ",6,"1.379300                      "
"2000","31929","01","3619","0360","04","Elem      ","N","Milwaukee","Thoreau El","Grades PreK-12","698",341,"48.853800                     ",357,"51.146100                     ",3,"0.429700                      ",15,"2.148900                      ",562,"80.515700                     ",16,"2.292200                      ",102,"14.613100                     "
"2000","31033","01","3619","0362","04","Elem      ","N","Milwaukee","Tippecanoe El","Grades PreK-12","229",127,"55.458500                     ",102,"44.541400                     ",8,"3.493400                      ",2,"0.873300                      ",82,"35.807800                     ",27,"11.790300                     ",110,"48.034900                     "
"2000","31061","01","3619","0365","04","Elem      ","N","Milwaukee","Townsend Street El","Grades PreK-12","547",264,"48.263200                     ",283,"51.736700                     ",1,"0.182800                      ",12,"2.193700                      ",491,"89.762300                     ",10,"1.828100                      ",33,"6.032900                      "
"2000","31034","01","3619","0368","04","Elem      ","N","Milwaukee","Trowbridge Street El","Grades PreK-12","298",144,"48.322100                     ",154,"51.677800                     ",13,"4.362400                      ",0,"0.000000                      ",125,"41.946300                     ",30,"10.067100                     ",130,"43.624100                     "
"2000","31023","01","3619","0374","04","Elem      ","N","Milwaukee","Wheatley El","Grades PreK-12","643",317,"49.300100                     ",326,"50.699800                     ",3,"0.466500                      ",0,"0.000000                      ",626,"97.356100                     ",3,"0.466500                      ",11,"1.710700                      "
"2000","31024","01","3619","0377","04","Elem      ","N","Milwaukee","Twenty-First Street El","Grades PreK-12","601",326,"54.242900                     ",275,"45.757000                     ",0,"0.000000                      ",124,"20.632200                     ",455,"75.707100                     ",10,"1.663800                      ",12,"1.996600                      "
"2000","31863","01","3619","0380","04","Elem      ","N","Milwaukee","McNair El","Grades PreK-12","313",162,"51.757100                     ",151,"48.242800                     ",1,"0.319400                      ",3,"0.958400                      ",297,"94.888100                     ",5,"1.597400                      ",7,"2.236400                      "
"2000","31848","01","3619","0383","04","Elem      ","N","Milwaukee","Twenty-Seventh Street El","Grades PreK-12","471",218,"46.284500                     ",253,"53.715400                     ",1,"0.212300                      ",17,"3.609300                      ",287,"60.934100                     ",154,"32.696300                     ",12,"2.547700                      "
"2000","31079","01","3619","0387","04","Elem      ","N","Milwaukee","Victory El","Grades PreK-12","497",230,"46.277600                     ",267,"53.722300                     ",5,"1.006000                      ",26,"5.231300                      ",157,"31.589500                     ",65,"13.078400                     ",244,"49.094500                     "
"2000","31833","01","3619","0390","04","Elem      ","N","Milwaukee","Vieau El","Grades PreK-12","633",330,"52.132700                     ",303,"47.867200                     ",2,"0.315900                      ",6,"0.947800                      ",32,"5.055200                      ",575,"90.837200                     ",18,"2.843600                      "
"2000","31072","01","3619","0397","04","Elem      ","N","Milwaukee","Whitman El","Grades PreK-12","448",198,"44.196400                     ",250,"55.803500                     ",9,"2.008900                      ",39,"8.705300                      ",102,"22.767800                     ",50,"11.160700                     ",248,"55.357100                     "
"2000","31035","01","3619","0398","04","Elem      ","N","Milwaukee","Whittier El","Grades PreK-12","198",89,"44.949400                     ",109,"55.050500                     ",4,"2.020200                      ",1,"0.505000                      ",22,"11.111100                     ",16,"8.080800                      ",155,"78.282800                     "
"2000","32762","01","3619","0399","04","Elem      ","N","Milwaukee","Wisconsin Conservatory of Lifelong Learn","Grades PreK-12","697",349,"50.071700                     ",348,"49.928200                     ",11,"1.578100                      ",16,"2.295500                      ",316,"45.337100                     ",61,"8.751700                      ",293,"42.037300                     "
"2000","31849","01","3619","0401","04","Elem      ","N","Milwaukee","Wisconsin Avenue El","Grades PreK-12","631",314,"49.762200                     ",317,"50.237700                     ",2,"0.316900                      ",103,"16.323200                     ",325,"51.505500                     ",183,"29.001500                     ",18,"2.852600                      "
"2000","31689","01","3619","0404","04","High      ","N","Milwaukee","Project School to Work","Grades PreK-12","26",9,"34.615300                     ",17,"65.384600                     ",0,"0.000000                      ",0,"0.000000                      ",23,"88.461500                     ",1,"3.846100                      ",2,"7.692300                      "
"2000","32781","01","3619","0414","04","El/Sec    ","N","Milwaukee","Lady Pitts School Age Parent","Grades PreK-12","139",139,"100.000000                    ",0,"0.000000                      ",0,"0.000000                      ",0,"0.000000                      ",130,"93.525100                     ",4,"2.877600                      ",5,"3.597100                      "
"2000","31680","01","3619","0458","04","High      ","N","Milwaukee","Project Stay Senior Institute","Grades PreK-12","210",122,"58.095200                     ",88,"41.904700                     ",2,"0.952300                      ",1,"0.476100                      ",164,"78.095200                     ",7,"3.333300                      ",36,"17.142800                     "
"2000","31690","01","3619","0484","04","Elem      ","N","Milwaukee","Headstart - Central Services Building","Grades PreK-12","200",99,"49.500000                     ",101,"50.500000                     ",2,"1.000000                      ",10,"5.000000                      ",163,"81.500000                     ",17,"8.500000                      ",8,"4.000000                      "
"2000","31678","01","3619","0488","04","El/Sec    ","N","Milwaukee","Home and Hospital Site","Grades PreK-12","5",3,"60.000000                     ",2,"40.000000                     ",0,"0.000000                      ",1,"20.000000                     ",0,"0.000000                      ",1,"20.000000                     ",3,"60.000000                     "
"2000","32777","01","3619","0500","04","High      ","N","Milwaukee","Metropolitan Hi","Grades PreK-12","235",126,"53.617000                     ",109,"46.382900                     ",1,"0.425500                      ",8,"3.404200                      ",181,"77.021200                     ",7,"2.978700                      ",38,"16.170200                     "
"2000","32778","01","3619","0501","04","Elem      ","N","Milwaukee","Craig Montessori School","Grades PreK-12","340",184,"54.117600                     ",156,"45.882300                     ",1,"0.294100                      ",17,"5.000000                      ",195,"57.352900                     ",11,"3.235200                      ",116,"34.117600                     "
"2000","33809","01","3619","0852","04","Elem      ","Y","Milwaukee","Highland Community Sch","Grades PreK-12","65",33,"50.769200                     ",32,"49.230700                     ",0,"0.000000                      ",0,"0.000000                      ",43,"66.153800                     ",3,"4.615300                      ",19,"29.230700                     "
"2000","30678","01","3619","1049","14","Mid/Jr Hi ","N","Milwaukee","HR Academy","Grades PreK-12","104",44,"42.307600                     ",60,"57.692300                     ",1,"0.961500                      ",0,"0.000000                      ",99,"95.192300                     ",1,"0.961500                      ",3,"2.884600                      "
"2000","30679","01","3619","1052","14","Elem      ","N","Milwaukee","Bruce Guadalupe Bilingual Program","Grades PreK-12","497",252,"50.704200                     ",245,"49.295700                     ",6,"1.207200                      ",0,"0.000000                      ",7,"1.408400                      ",469,"94.366100                     ",15,"3.018100                      "
"2000","30680","01","3619","1053","14","Elem      ","N","Milwaukee","Bruce Guadalupe Community Sch","Grades PreK-12","51",26,"50.980300                     ",25,"49.019600                     ",0,"0.000000                      ",0,"0.000000                      ",28,"54.901900                     ",17,"33.333300                     ",6,"11.764700                     "
"2000","30684","01","3619","1059","14","High      ","N","Milwaukee","Learning Enterprise of Wisconsin","Grades PreK-12","80",47,"58.750000                     ",33,"41.250000                     ",0,"0.000000                      ",0,"0.000000                      ",77,"96.250000                     ",0,"0.000000                      ",3,"3.750000                      "
"2000","30686","01","3619","1063","14","High      ","N","Milwaukee","ASSATA","Grades PreK-12","61",36,"59.016300                     ",25,"40.983600                     ",0,"0.000000                      ",0,"0.000000                      ",58,"95.081900                     ",0,"0.000000                      ",3,"4.918000                      "
"2000","30687","01","3619","1064","14","High      ","N","Milwaukee","Aurora Weier Educational Center","Grades PreK-12","60",33,"55.000000                     ",27,"45.000000                     ",0,"0.000000                      ",0,"0.000000                      ",19,"31.666600                     ",40,"66.666600                     ",1,"1.666600                      "
"2000","30689","01","3619","1065","14","Mid/Jr Hi ","N","Milwaukee","Fritsche (LEAP)","Grades PreK-12","68",33,"48.529400                     ",35,"51.470500                     ",2,"2.941100                      ",2,"2.941100                      ",35,"51.470500                     ",14,"20.588200                     ",15,"22.058800                     "
"2000","30690","01","3619","1066","14","High      ","N","Milwaukee","Loyola Academy","Grades PreK-12","92",45,"48.913000                     ",47,"51.086900                     ",1,"1.086900                      ",6,"6.521700                      ",0,"0.000000                      ",71,"77.173900                     ",14,"15.217300                     "
"2000","30691","01","3619","1067","14","High      ","N","Milwaukee","Milwaukee Area Tech College","Grades PreK-12","106",58,"54.716900                     ",48,"45.283000                     ",0,"0.000000                      ",2,"1.886700                      ",65,"61.320700                     ",12,"11.320700                     ",27,"25.471600                     "
"2000","30692","01","3619","1068","14","High      ","N","Milwaukee","Spotted Eagle Hi (MAAIC)","Grades PreK-12","106",56,"52.830100                     ",50,"47.169800                     ",56,"52.830100                     ",1,"0.943300                      ",9,"8.490500                      ",18,"16.981100                     ",22,"20.754700                     "
"2000","30693","01","3619","1069","14","High      ","N","Milwaukee","Milwaukee Spectrum Sch","Grades PreK-12","94",94,"100.000000                    ",0,"0.000000                      ",1,"1.063800                      ",0,"0.000000                      ",87,"92.553100                     ",0,"0.000000                      ",6,"6.382900                      "
"2000","30694","01","3619","1071","14","High      ","N","Milwaukee","Cornerstone Achievement Acad Inc","Grades PreK-12","90",48,"53.333300                     ",42,"46.666600                     ",0,"0.000000                      ",0,"0.000000                      ",88,"97.777700                     ",1,"1.111100                      ",1,"1.111100                      "
"2000","30695","01","3619","1072","14","El/Sec    ","N","Milwaukee","NOVA Middle School","Grades PreK-12","89",42,"47.191000                     ",47,"52.808900                     ",0,"0.000000                      ",0,"0.000000                      ",75,"84.269600                     ",0,"0.000000                      ",14,"15.730300                     "
"2000","30696","01","3619","1073","14","El/Sec    ","N","Milwaukee","Project Excel","Grades PreK-12","30",7,"23.333300                     ",23,"76.666600                     ",1,"3.333300                      ",1,"3.333300                      ",19,"63.333300                     ",7,"23.333300                     ",2,"6.666600                      "
"2000","30697","01","3619","1074","14","High      ","N","Milwaukee","Shalom High School","Grades PreK-12","99",57,"57.575700                     ",42,"42.424200                     ",0,"0.000000                      ",0,"0.000000                      ",97,"97.979700                     ",0,"0.000000                      ",2,"2.020200                      "
"2000","30698","01","3619","1075","14","Mid/Jr Hi ","N","Milwaukee","Silver Spring Neighborhood","Grades PreK-12","62",22,"35.483800                     ",40,"64.516100                     ",0,"0.000000                      ",0,"0.000000                      ",61,"98.387000                     ",0,"0.000000                      ",1,"1.612900                      "
"2000","30699","01","3619","1076","14","Mid/Jr Hi ","N","Milwaukee","St Francis Children's Center","Grades PreK-12","19",2,"10.526300                     ",17,"89.473600                     ",0,"0.000000                      ",0,"0.000000                      ",15,"78.947300                     ",1,"5.263100                      ",3,"15.789400                     "
"2000","30700","01","3619","1077","14","Mid/Jr Hi ","N","Milwaukee","Walker (SWELL)","Grades PreK-12","59",27,"45.762700                     ",32,"54.237200                     ",3,"5.084700                      ",1,"1.694900                      ",32,"54.237200                     ",13,"22.033800                     ",10,"16.949100                     "
"2000","30701","01","3619","1078","14","El/Sec    ","N","Milwaukee","Lad Lake Synergy South","Grades PreK-12","32",12,"37.500000                     ",20,"62.500000                     ",0,"0.000000                      ",0,"0.000000                      ",24,"75.000000                     ",3,"9.375000                      ",5,"15.625000                     "
"2000","30702","01","3619","1079","14","Mid/Jr Hi ","N","Milwaukee","United Community Ctr Mid Sch","Grades PreK-12","60",29,"48.333300                     ",31,"51.666600                     ",2,"3.333300                      ",0,"0.000000                      ",11,"18.333300                     ",35,"58.333300                     ",12,"20.000000                     "
"2000","30155","01","3619","1085","14","El/Sec    ","N","Milwaukee","St Charles Youth & Family Ex Ed","Grades PreK-12","74",12,"16.216200                     ",62,"83.783700                     ",0,"0.000000                      ",0,"0.000000                      ",62,"83.783700                     ",5,"6.756700                      ",7,"9.459400                      "
"2000","30156","01","3619","1086","14","Mid/Jr Hi ","N","Milwaukee","Southeastern Success Acad","Grades PreK-12","14",3,"21.428500                     ",11,"78.571400                     ",1,"7.142800                      ",0,"0.000000                      ",11,"78.571400                     ",1,"7.142800                      ",1,"7.142800                      "
"2000","30160","01","3619","1091","14","Elem      ","N","Milwaukee","Carter Child Development","Grades PreK-12","136",63,"46.323500                     ",73,"53.676400                     ",0,"0.000000                      ",0,"0.000000                      ",133,"97.794100                     ",2,"1.470500                      ",1,"0.735200                      "
"2000","30161","01","3619","1092","14","Elem      ","N","Milwaukee","Windlake Seeds of Health El","Grades PreK-12","260",133,"51.153800                     ",127,"48.846100                     ",4,"1.538400                      ",2,"0.769200                      ",13,"5.000000                      ",146,"56.153800                     ",95,"36.538400                     "
"2000","30165","01","3619","1117","14","Mid/Jr Hi ","N","Milwaukee","Educational Possentum","Grades PreK-12","61",26,"42.622900                     ",35,"57.377000                     ",0,"0.000000                      ",0,"0.000000                      ",57,"93.442600                     ",0,"0.000000                      ",4,"6.557300                      "
"2000","30166","01","3619","1118","14","High      ","N","Milwaukee","El Puente Hi","Grades PreK-12","100",54,"54.000000                     ",46,"46.000000                     ",0,"0.000000                      ",3,"3.000000                      ",14,"14.000000                     ",55,"55.000000                     ",28,"28.000000                     "
"2000","30167","01","3619","1121","14","Elem      ","N","Milwaukee","La Causa","Grades PreK-12","90",50,"55.555500                     ",40,"44.444400                     ",2,"2.222200                      ",0,"0.000000                      ",6,"6.666600                      ",80,"88.888800                     ",2,"2.222200                      "
"2000","30168","01","3619","1123","14","El/Sec    ","N","Milwaukee","Southwest Key Intensive Day","Grades PreK-12","21",6,"28.571400                     ",15,"71.428500                     ",0,"0.000000                      ",0,"0.000000                      ",19,"90.476100                     ",0,"0.000000                      ",2,"9.523800                      "
"2000","30718","01","3619","1141","14","Elem      ","N","Milwaukee","Next Door Foundation","Grades PreK-12","161",79,"49.068300                     ",82,"50.931600                     ",3,"1.863300                      ",6,"3.726700                      ",148,"91.925400                     ",0,"0.000000                      ",4,"2.484400                      "
"2000","30719","01","3619","1142","14","Elem      ","N","Milwaukee","MMABSE II","Grades PreK-12","53",23,"43.396200                     ",30,"56.603700                     ",0,"0.000000                      ",0,"0.000000                      ",52,"98.113200                     ",1,"1.886700                      ",0,"0.000000                      "
"2000","33856","01","3619","1202","14","High      ","N","Milwaukee","Transition Success Center","Grades PreK-12","4",1,"25.000000                     ",3,"75.000000                     ",4,"100.000000                    ",0,"0.000000                      ",0,"0.000000                      ",0,"0.000000                      ",0,"0.000000                      "
"2000","30688","01","3619","1641","14","El/Sec    ","N","Milwaukee","Lad Lake Synergy North","Grades PreK-12","19",0,"0.000000                      ",19,"100.000000                    ",0,"0.000000                      ",0,"0.000000                      ",19,"100.000000                    ",0,"0.000000                      ",0,"0.000000                      "
"2000","30653","01","3619","3550","14","El/Sec    ","N","Milwaukee","St Charles Youth & Family","Grades PreK-12","22",6,"27.272700                     ",16,"72.727200                     ",0,"0.000000                      ",0,"0.000000                      ",14,"63.636300                     ",0,"0.000000                      ",8,"36.363600                     "
"2000","30682","01","3619","8100","14","High      ","N","Milwaukee","Grandview Alternative High School","Grades PreK-12","251",164,"65.338600                     ",87,"34.661300                     ",9,"3.585600                      ",6,"2.390400                      ",46,"18.326600                     ",79,"31.474100                     ",111,"44.223100                     "
"2000","33051","01","3822","","03","Elem      ","N","Mukwonago","","Elementary School Type/ Prek-12","2430",1132,"46.584300                     ",1298,"53.415600                     ",17,"0.699500                      ",11,"0.452600                      ",21,"0.864100                      ",53,"2.181000                      ",2328,"95.802400                     "
"2000","33051","01","3822","","03","Mid/Jr Hi ","N","Mukwonago","","Middle/Junior High School Type/ Prek-12","828",403,"48.671400                     ",425,"51.328500                     ",3,"0.362300                      ",1,"0.120700                      ",2,"0.241500                      ",14,"1.690800                      ",808,"97.584500                     "
"2000","33051","01","3822","","03","High      ","N","Mukwonago","","High School Type/ PreK-12","1759",863,"49.061900                     ",896,"50.938000                     ",5,"0.284200                      ",9,"0.511600                      ",4,"0.227400                      ",23,"1.307500                      ",1718,"97.669100                     "
"2000","33051","01","3822","","03","El/Sec    ","N","Mukwonago","","Combined Elementary/Secondary School Type/ Prek-12","0",0,"--                            ",0,"--                            ",0,"--                            ",0,"--                            ",0,"--                            ",0,"--                            ",0,"--                            "
"2000","33051","01","3822","","03","Summary   ","N","Mukwonago","","Grades PreK-12","5017",2398,"47.797400                     ",2619,"52.202500                     ",25,"0.498300                      ",21,"0.418500                      ",27,"0.538100                      ",90,"1.793900                      ",4854,"96.751000                     "
"2000","30798","01","3822","0020","04","Elem      ","N","Mukwonago","Big Bend El","Grades PreK-12","543",246,"45.303800                     ",297,"54.696100                     ",2,"0.368300                      ",2,"0.368300                      ",9,"1.657400                      ",13,"2.394100                      ",517,"95.211700                     "
"2000","31772","01","3822","0030","04","Elem      ","N","Mukwonago","Clarendon Avenue El","Grades PreK-12","713",321,"45.021000                     ",392,"54.978900                     ",6,"0.841500                      ",4,"0.561000                      ",4,"0.561000                      ",29,"4.067300                      ",670,"93.969100                     "
"2000","31773","01","3822","0060","04","High      ","N","Mukwonago","Mukwonago Hi","Grades PreK-12","1759",863,"49.061900                     ",896,"50.938000                     ",5,"0.284200                      ",9,"0.511600                      ",4,"0.227400                      ",23,"1.307500                      ",1718,"97.669100                     "
"2000","31774","01","3822","0065","04","Mid/Jr Hi ","N","Mukwonago","Park View Mid","Grades PreK-12","828",403,"48.671400                     ",425,"51.328500                     ",3,"0.362300                      ",1,"0.120700                      ",2,"0.241500                      ",14,"1.690800                      ",808,"97.584500                     "
"2000","31775","01","3822","0070","04","Elem      ","N","Mukwonago","Prairie View El","Grades PreK-12","619",293,"47.334400                     ",326,"52.665500                     ",1,"0.161500                      ",3,"0.484600                      ",4,"0.646200                      ",4,"0.646200                      ",607,"98.061300                     "
"2000","31776","01","3822","0080","04","Elem      ","N","Mukwonago","Section El","Grades PreK-12","555",272,"49.009000                     ",283,"50.990900                     ",8,"1.441400                      ",2,"0.360300                      ",4,"0.720700                      ",7,"1.261200                      ",534,"96.216200                     "
"2000","33053","01","3857","","03","Elem      ","N","Muskego-Norway","","Elementary School Type/ Prek-12","1656",818,"49.396100                     ",838,"50.603800                     ",5,"0.301900                      ",13,"0.785000                      ",5,"0.301900                      ",24,"1.449200                      ",1609,"97.161800                     "
"2000","33053","01","3857","","03","Mid/Jr Hi ","N","Muskego-Norway","","Middle/Junior High School Type/ Prek-12","1384",676,"48.843900                     ",708,"51.156000                     ",2,"0.144500                      ",13,"0.939300                      ",5,"0.361200                      ",12,"0.867000                      ",1352,"97.687800                     "
"2000","33053","01","3857","","03","High      ","N","Muskego-Norway","","High School Type/ PreK-12","1425",711,"49.894700                     ",714,"50.105200                     ",5,"0.350800                      ",16,"1.122800                      ",3,"0.210500                      ",20,"1.403500                      ",1381,"96.912200                     "
"2000","33053","01","3857","","03","El/Sec    ","N","Muskego-Norway","","Combined Elementary/Secondary School Type/ Prek-12","0",0,"--                            ",0,"--                            ",0,"--                            ",0,"--                            ",0,"--                            ",0,"--                            ",0,"--                            "
"2000","33053","01","3857","","03","Summary   ","N","Muskego-Norway","","Grades PreK-12","4465",2205,"49.384000                     ",2260,"50.615900                     ",12,"0.268700                      ",42,"0.940600                      ",13,"0.291100                      ",56,"1.254100                      ",4342,"97.245200                     "
"2000","31778","01","3857","0010","04","Mid/Jr Hi ","N","Muskego-Norway","Bay Lane Mid","Grades PreK-12","673",326,"48.439800                     ",347,"51.560100                     ",2,"0.297100                      ",5,"0.742900                      ",3,"0.445700                      ",9,"1.337200                      ",654,"97.176800                     "
"2000","31779","01","3857","0020","04","Elem      ","N","Muskego-Norway","Country Meadows El","Grades PreK-12","231",117,"50.649300                     ",114,"49.350600                     ",0,"0.000000                      ",1,"0.432900                      ",0,"0.000000                      ",4,"1.731600                      ",226,"97.835400                     "
"2000","31804","01","3857","0080","04","Elem      ","N","Muskego-Norway","Lakeview El","Grades PreK-12","388",187,"48.195800                     ",201,"51.804100                     ",0,"0.000000                      ",3,"0.773100                      ",1,"0.257700                      ",0,"0.000000                      ",384,"98.969000                     "
"2000","31780","01","3857","0100","04","Elem      ","N","Muskego-Norway","Mill Valley El","Grades PreK-12","349",173,"49.570200                     ",176,"50.429700                     ",1,"0.286500                      ",4,"1.146100                      ",1,"0.286500                      ",4,"1.146100                      ",339,"97.134600                     "
"2000","31781","01","3857","0140","04","Elem      ","N","Muskego-Norway","Muskego El","Grades PreK-12","274",142,"51.824800                     ",132,"48.175100                     ",0,"0.000000                      ",1,"0.364900                      ",2,"0.729900                      ",4,"1.459800                      ",267,"97.445200                     "
"2000","31782","01","3857","0180","04","High      ","N","Muskego-Norway","Muskego Hi","Grades PreK-12","1425",711,"49.894700                     ",714,"50.105200                     ",5,"0.350800                      ",16,"1.122800                      ",3,"0.210500                      ",20,"1.403500                      ",1381,"96.912200                     "
"2000","33844","01","3857","0200","04","Mid/Jr Hi ","N","Muskego-Norway","Lake Denoon Middle","Grades PreK-12","711",350,"49.226400                     ",361,"50.773500                     ",0,"0.000000                      ",8,"1.125100                      ",2,"0.281200                      ",3,"0.421900                      ",698,"98.171500                     "
"2000","31783","01","3857","0220","04","Elem      ","N","Muskego-Norway","Tess Corners El","Grades PreK-12","414",199,"48.067600                     ",215,"51.932300                     ",4,"0.966100                      ",4,"0.966100                      ",1,"0.241500                      ",12,"2.898500                      ",393,"94.927500                     "
"2000","33029","01","3862","","03","Elem      ","N","Lake Country","","Elementary School Type/ Prek-12","509",232,"45.579500                     ",277,"54.420400                     ",0,"0.000000                      ",2,"0.392900                      ",2,"0.392900                      ",2,"0.392900                      ",503,"98.821200                     "
"2000","33029","01","3862","","03","Mid/Jr Hi ","N","Lake Country","","Middle/Junior High School Type/ Prek-12","0",0,"--                            ",0,"--                            ",0,"--                            ",0,"--                            ",0,"--                            ",0,"--                            ",0,"--                            "
"2000","33029","01","3862","","03","High      ","N","Lake Country","","High School Type/ PreK-12","0",0,"--                            ",0,"--                            ",0,"--                            ",0,"--                            ",0,"--                            ",0,"--                            ",0,"--                            "
"2000","33029","01","3862","","03","El/Sec    ","N","Lake Country","","Combined Elementary/Secondary School Type/ Prek-12","0",0,"--                            ",0,"--                            ",0,"--                            ",0,"--                            ",0,"--                            ",0,"--                            ",0,"--                            "
"2000","33029","01","3862","","03","Summary   ","N","Lake Country","","Grades PreK-12","509",232,"45.579500                     ",277,"54.420400                     ",0,"0.000000                      ",2,"0.392900                      ",2,"0.392900                      ",2,"0.392900                      ",503,"98.821200                     "
"2000","31709","01","3862","0030","04","Elem      ","N","Lake Country","Lake Country Sch","Grades PreK-12","509",232,"45.579500                     ",277,"54.420400                     ",0,"0.000000                      ",2,"0.392900                      ",2,"0.392900                      ",2,"0.392900                      ",503,"98.821200                     "
"2000","33054","01","3925","","03","Elem      ","N","New Berlin","","Elementary School Type/ Prek-12","2299",1128,"49.064800                     ",1171,"50.935100                     ",9,"0.391400                      ",112,"4.871600                      ",27,"1.174400                      ",45,"1.957300                      ",2106,"91.605000                     "
"2000","33054","01","3925","","03","Mid/Jr Hi ","N","New Berlin","","Middle/Junior High School Type/ Prek-12","747",338,"45.247600                     ",409,"54.752300                     ",1,"0.133800                      ",31,"4.149900                      ",6,"0.803200                      ",11,"1.472500                      ",698,"93.440400                     "
"2000","33054","01","3925","","03","High      ","N","New Berlin","","High School Type/ PreK-12","1655",780,"47.129900                     ",875,"52.870000                     ",1,"0.060400                      ",66,"3.987900                      ",12,"0.725000                      ",21,"1.268800                      ",1555,"93.957700                     "
"2000","33054","01","3925","","03","El/Sec    ","N","New Berlin","","Combined Elementary/Secondary School Type/ Prek-12","0",0,"--                            ",0,"--                            ",0,"--                            ",0,"--                            ",0,"--                            ",0,"--                            ",0,"--                            "
"2000","33054","01","3925","","03","Summary   ","N","New Berlin","","Grades PreK-12","4701",2246,"47.777000                     ",2455,"52.222900                     ",11,"0.233900                      ",209,"4.445800                      ",45,"0.957200                      ",77,"1.637900                      ",4359,"92.724900                     "
"2000","30968","01","3925","0020","04","Elem      ","N","New Berlin","Calhoun El","Grades PreK-12","287",139,"48.432000                     ",148,"51.567900                     ",0,"0.000000                      ",41,"14.285700                     ",9,"3.135800                      ",8,"2.787400                      ",229,"79.790900                     "
"2000","30969","01","3925","0040","04","Elem      ","N","New Berlin","Cleveland Heights El","Grades PreK-12","268",124,"46.268600                     ",144,"53.731300                     ",0,"0.000000                      ",14,"5.223800                      ",2,"0.746200                      ",9,"3.358200                      ",243,"90.671600                     "
"2000","31784","01","3925","0050","04","High      ","N","New Berlin","Eisenhower Hi","Grades PreK-12","817",373,"45.654800                     ",444,"54.345100                     ",0,"0.000000                      ",21,"2.570300                      ",3,"0.367100                      ",10,"1.223900                      ",783,"95.838400                     "
"2000","31785","01","3925","0055","04","Mid/Jr Hi ","N","New Berlin","Eisenhower Mid","Grades PreK-12","369",164,"44.444400                     ",205,"55.555500                     ",1,"0.271000                      ",8,"2.168000                      ",4,"1.084000                      ",5,"1.355000                      ",351,"95.121900                     "
"2000","31786","01","3925","0060","04","Elem      ","N","New Berlin","Elmwood El","Grades PreK-12","446",251,"56.278000                     ",195,"43.721900                     ",0,"0.000000                      ",13,"2.914700                      ",5,"1.121000                      ",9,"2.017900                      ",419,"93.946100                     "
"2000","31787","01","3925","0080","04","Elem      ","N","New Berlin","Glen Park El","Grades PreK-12","328",160,"48.780400                     ",168,"51.219500                     ",0,"0.000000                      ",18,"5.487800                      ",3,"0.914600                      ",5,"1.524300                      ",302,"92.073100                     "
"2000","31788","01","3925","0120","04","Elem      ","N","New Berlin","New Berlin Center El","Grades PreK-12","319",160,"50.156700                     ",159,"49.843200                     ",1,"0.313400                      ",8,"2.507800                      ",0,"0.000000                      ",6,"1.880800                      ",304,"95.297800                     "
"2000","30970","01","3925","0140","04","High      ","N","New Berlin","New Berlin Hi","Grades PreK-12","838",407,"48.568000                     ",431,"51.431900                     ",1,"0.119300                      ",45,"5.369900                      ",9,"1.073900                      ",11,"1.312600                      ",772,"92.124100                     "
"2000","30971","01","3925","0150","04","Mid/Jr Hi ","N","New Berlin","New Berlin Mid","Grades PreK-12","378",174,"46.031700                     ",204,"53.968200                     ",0,"0.000000                      ",23,"6.084600                      ",2,"0.529100                      ",6,"1.587300                      ",347,"91.798900                     "
"2000","31789","01","3925","0160","04","Elem      ","N","New Berlin","Orchard Lane El","Grades PreK-12","377",178,"47.214800                     ",199,"52.785100                     ",3,"0.795700                      ",16,"4.244000                      ",6,"1.591500                      ",4,"1.061000                      ",348,"92.307600                     "
"2000","30972","01","3925","0180","04","Elem      ","N","New Berlin","Prospect Hill El","Grades PreK-12","274",116,"42.335700                     ",158,"57.664200                     ",5,"1.824800                      ",2,"0.729900                      ",2,"0.729900                      ",4,"1.459800                      ",261,"95.255400                     "
"2000","33052","01","3976","","03","Elem      ","N","Norris","","Elementary School Type/ Prek-12","0",0,"--                            ",0,"--                            ",0,"--                            ",0,"--                            ",0,"--                            ",0,"--                            ",0,"--                            "
"2000","33052","01","3976","","03","Mid/Jr Hi ","N","Norris","","Middle/Junior High School Type/ Prek-12","0",0,"--                            ",0,"--                            ",0,"--                            ",0,"--                            ",0,"--                            ",0,"--                            ",0,"--                            "
"2000","33052","01","3976","","03","High      ","N","Norris","","High School Type/ PreK-12","92",0,"0.000000                      ",92,"100.000000                    ",0,"0.000000                      ",0,"0.000000                      ",19,"20.652100                     ",6,"6.521700                      ",67,"72.826000                     "
"2000","33052","01","3976","","03","El/Sec    ","N","Norris","","Combined Elementary/Secondary School Type/ Prek-12","0",0,"--                            ",0,"--                            ",0,"--                            ",0,"--                            ",0,"--                            ",0,"--                            ",0,"--                            "
"2000","33052","01","3976","","03","Summary   ","N","Norris","","Grades PreK-12","92",0,"0.000000                      ",92,"100.000000                    ",0,"0.000000                      ",0,"0.000000                      ",19,"20.652100                     ",6,"6.521700                      ",67,"72.826000                     "
"2000","31777","01","3976","0020","04","High      ","N","Norris","Norris Hi","Grades PreK-12","92",0,"0.000000                      ",92,"100.000000                    ",0,"0.000000                      ",0,"0.000000                      ",19,"20.652100                     ",6,"6.521700                      ",67,"72.826000                     "
"2000","32876","01","4018","","03","Elem      ","N","Oak Creek-Franklin","","Elementary School Type/ Prek-12","1938",926,"47.781200                     ",1012,"52.218700                     ",18,"0.928700                      ",81,"4.179500                      ",41,"2.115500                      ",92,"4.747100                      ",1706,"88.028800                     "
"2000","32876","01","4018","","03","Mid/Jr Hi ","N","Oak Creek-Franklin","","Middle/Junior High School Type/ Prek-12","1113",503,"45.193100                     ",610,"54.806800                     ",8,"0.718700                      ",41,"3.683700                      ",39,"3.504000                      ",66,"5.929900                      ",959,"86.163500                     "
"2000","32876","01","4018","","03","High      ","N","Oak Creek-Franklin","","High School Type/ PreK-12","1706",856,"50.175800                     ",850,"49.824100                     ",11,"0.644700                      ",71,"4.161700                      ",41,"2.403200                      ",85,"4.982400                      ",1498,"87.807700                     "
"2000","32876","01","4018","","03","El/Sec    ","N","Oak Creek-Franklin","","Combined Elementary/Secondary School Type/ Prek-12","0",0,"--                            ",0,"--                            ",0,"--                            ",0,"--                            ",0,"--                            ",0,"--                            ",0,"--                            "
"2000","32876","01","4018","","03","Summary   ","N","Oak Creek-Franklin","","Grades PreK-12","4757",2285,"48.034400                     ",2472,"51.965500                     ",37,"0.777800                      ",193,"4.057100                      ",121,"2.543600                      ",243,"5.108200                      ",4163,"87.513100                     "
"2000","30981","01","4018","0010","04","Elem      ","N","Oak Creek-Franklin","Carollton El","Grades PreK-12","402",216,"53.731300                     ",186,"46.268600                     ",5,"1.243700                      ",10,"2.487500                      ",5,"1.243700                      ",24,"5.970100                      ",358,"89.054700                     "
"2000","30982","01","4018","0020","04","Elem      ","N","Oak Creek-Franklin","Cedar Hills El","Grades PreK-12","299",142,"47.491600                     ",157,"52.508300                     ",7,"2.341100                      ",20,"6.688900                      ",4,"1.337700                      ",24,"8.026700                      ",244,"81.605300                     "
"2000","30983","01","4018","0040","04","Elem      ","N","Oak Creek-Franklin","Edgewood El","Grades PreK-12","323",157,"48.606800                     ",166,"51.393100                     ",1,"0.309500                      ",11,"3.405500                      ",9,"2.786300                      ",15,"4.643900                      ",287,"88.854400                     "
"2000","30984","01","4018","0080","04","Elem      ","N","Oak Creek-Franklin","Meadowview El","Grades PreK-12","439",198,"45.102500                     ",241,"54.897400                     ",2,"0.455500                      ",18,"4.100200                      ",8,"1.822300                      ",14,"3.189000                      ",397,"90.432800                     "
"2000","30985","01","4018","0120","04","Mid/Jr Hi ","N","Oak Creek-Franklin","Oak Creek East Mid","Grades PreK-12","558",245,"43.906800                     ",313,"56.093100                     ",4,"0.716800                      ",22,"3.942600                      ",14,"2.508900                      ",34,"6.093100                      ",484,"86.738300                     "
"2000","30986","01","4018","0130","04","Mid/Jr Hi ","N","Oak Creek-Franklin","Oak Creek West Mid","Grades PreK-12","555",258,"46.486400                     ",297,"53.513500                     ",4,"0.720700                      ",19,"3.423400                      ",25,"4.504500                      ",32,"5.765700                      ",475,"85.585500                     "
"2000","30987","01","4018","0140","04","High      ","N","Oak Creek-Franklin","Oak Creek Hi","Grades PreK-12","1706",856,"50.175800                     ",850,"49.824100                     ",11,"0.644700                      ",71,"4.161700                      ",41,"2.403200                      ",85,"4.982400                      ",1498,"87.807700                     "
"2000","30988","01","4018","0200","04","Elem      ","N","Oak Creek-Franklin","Shepard Hills El","Grades PreK-12","475",213,"44.842100                     ",262,"55.157800                     ",3,"0.631500                      ",22,"4.631500                      ",15,"3.157800                      ",15,"3.157800                      ",420,"88.421000                     "
"2000","32870","01","4060","","03","Elem      ","N","Oconomowoc Area","","Elementary School Type/ Prek-12","2079",991,"47.667100                     ",1088,"52.332800                     ",4,"0.192400                      ",11,"0.529100                      ",11,"0.529100                      ",19,"0.913900                      ",2034,"97.835400                     "
"2000","32870","01","4060","","03","Mid/Jr Hi ","N","Oconomowoc Area","","Middle/Junior High School Type/ Prek-12","644",327,"50.776300                     ",317,"49.223600                     ",3,"0.465800                      ",4,"0.621100                      ",0,"0.000000                      ",2,"0.310500                      ",635,"98.602400                     "
"2000","32870","01","4060","","03","High      ","N","Oconomowoc Area","","High School Type/ PreK-12","1492",732,"49.061600                     ",760,"50.938300                     ",1,"0.067000                      ",11,"0.737200                      ",4,"0.268000                      ",7,"0.469100                      ",1469,"98.458400                     "
"2000","32870","01","4060","","03","El/Sec    ","N","Oconomowoc Area","","Combined Elementary/Secondary School Type/ Prek-12","0",0,"--                            ",0,"--                            ",0,"--                            ",0,"--                            ",0,"--                            ",0,"--                            ",0,"--                            "
"2000","32870","01","4060","","03","Summary   ","N","Oconomowoc Area","","Grades PreK-12","4215",2050,"48.635800                     ",2165,"51.364100                     ",8,"0.189700                      ",26,"0.616800                      ",15,"0.355800                      ",28,"0.664200                      ",4138,"98.173100                     "
"2000","30938","01","4060","0020","04","Elem      ","N","Oconomowoc Area","Ashippun El","Grades PreK-12","146",66,"45.205400                     ",80,"54.794500                     ",0,"0.000000                      ",0,"0.000000                      ",0,"0.000000                      ",2,"1.369800                      ",144,"98.630100                     "
"2000","30939","01","4060","0060","04","Elem      ","N","Oconomowoc Area","Greenland El","Grades PreK-12","439",219,"49.886100                     ",220,"50.113800                     ",2,"0.455500                      ",2,"0.455500                      ",1,"0.227700                      ",0,"0.000000                      ",434,"98.861000                     "
"2000","31716","01","4060","0080","04","Elem      ","N","Oconomowoc Area","Ixonia El","Grades PreK-12","159",63,"39.622600                     ",96,"60.377300                     ",0,"0.000000                      ",0,"0.000000                      ",0,"0.000000                      ",0,"0.000000                      ",159,"100.000000                    "
"2000","30940","01","4060","0090","04","Elem      ","N","Oconomowoc Area","Meadow View El","Grades PreK-12","240",106,"44.166600                     ",134,"55.833300                     ",1,"0.416600                      ",1,"0.416600                      ",5,"2.083300                      ",2,"0.833300                      ",231,"96.250000                     "
"2000","30941","01","4060","0130","04","High      ","N","Oconomowoc Area","Oconomowoc Hi","Grades PreK-12","1492",732,"49.061600                     ",760,"50.938300                     ",1,"0.067000                      ",11,"0.737200                      ",4,"0.268000                      ",7,"0.469100                      ",1469,"98.458400                     "
"2000","30942","01","4060","0135","04","Mid/Jr Hi ","N","Oconomowoc Area","Oconomowoc Mid","Grades PreK-12","644",327,"50.776300                     ",317,"49.223600                     ",3,"0.465800                      ",4,"0.621100                      ",0,"0.000000                      ",2,"0.310500                      ",635,"98.602400                     "
"2000","30945","01","4060","0140","04","Elem      ","N","Oconomowoc Area","Okauchee El","Grades PreK-12","237",112,"47.257300                     ",125,"52.742600                     ",0,"0.000000                      ",2,"0.843800                      ",1,"0.421900                      ",2,"0.843800                      ",232,"97.890200                     "
"2000","30943","01","4060","0160","04","Elem      ","N","Oconomowoc Area","Park Lawn El","Grades PreK-12","444",219,"49.324300                     ",225,"50.675600                     ",1,"0.225200                      ",3,"0.675600                      ",0,"0.000000                      ",2,"0.450400                      ",438,"98.648600                     "
"2000","30944","01","4060","0180","04","Elem      ","N","Oconomowoc Area","Summit El","Grades PreK-12","414",206,"49.758400                     ",208,"50.241500                     ",0,"0.000000                      ",3,"0.724600                      ",4,"0.966100                      ",11,"2.657000                      ",396,"95.652100                     "
"2000","33042","01","4312","","03","Elem      ","N","Pewaukee","","Elementary School Type/ Prek-12","981",491,"50.050900                     ",490,"49.949000                     ",3,"0.305800                      ",25,"2.548400                      ",13,"1.325100                      ",17,"1.732900                      ",923,"94.087600                     "
"2000","33042","01","4312","","03","Mid/Jr Hi ","N","Pewaukee","","Middle/Junior High School Type/ Prek-12","497",261,"52.515000                     ",236,"47.484900                     ",11,"2.213200                      ",6,"1.207200                      ",5,"1.006000                      ",6,"1.207200                      ",469,"94.366100                     "
"2000","33042","01","4312","","03","High      ","N","Pewaukee","","High School Type/ PreK-12","603",282,"46.766100                     ",321,"53.233800                     ",5,"0.829100                      ",6,"0.995000                      ",2,"0.331600                      ",1,"0.165800                      ",589,"97.678200                     "
"2000","33042","01","4312","","03","El/Sec    ","N","Pewaukee","","Combined Elementary/Secondary School Type/ Prek-12","0",0,"--                            ",0,"--                            ",0,"--                            ",0,"--                            ",0,"--                            ",0,"--                            ",0,"--                            "
"2000","33042","01","4312","","03","Summary   ","N","Pewaukee","","Grades PreK-12","2081",1034,"49.687600                     ",1047,"50.312300                     ",19,"0.913000                      ",37,"1.777900                      ",20,"0.961000                      ",24,"1.153200                      ",1981,"95.194600                     "
"2000","31737","01","4312","0040","04","Elem      ","N","Pewaukee","Horizon School","Grades PreK-12","510",259,"50.784300                     ",251,"49.215600                     ",3,"0.588200                      ",5,"0.980300                      ",7,"1.372500                      ",11,"2.156800                      ",484,"94.901900                     "
"2000","31738","01","4312","0060","04","Elem      ","N","Pewaukee","Pewaukee Lake El","Grades PreK-12","471",232,"49.256900                     ",239,"50.743000                     ",0,"0.000000                      ",20,"4.246200                      ",6,"1.273800                      ",6,"1.273800                      ",439,"93.205900                     "
"2000","31739","01","4312","0080","04","High      ","N","Pewaukee","Pewaukee Hi","Grades PreK-12","603",282,"46.766100                     ",321,"53.233800                     ",5,"0.829100                      ",6,"0.995000                      ",2,"0.331600                      ",1,"0.165800                      ",589,"97.678200                     "
"2000","31740","01","4312","0100","04","Mid/Jr Hi ","N","Pewaukee","Asa Clark Mid","Grades PreK-12","497",261,"52.515000                     ",236,"47.484900                     ",11,"2.213200                      ",6,"1.207200                      ",5,"1.006000                      ",6,"1.207200                      ",469,"94.366100                     "
"2000","33044","01","4515","","03","Elem      ","N","Port Washington-Saukville","","Elementary School Type/ Prek-12","929",434,"46.716800                     ",495,"53.283100                     ",8,"0.861100                      ",7,"0.753400                      ",25,"2.691000                      ",25,"2.691000                      ",864,"93.003200                     "
"2000","33044","01","4515","","03","Mid/Jr Hi ","N","Port Washington-Saukville","","Middle/Junior High School Type/ Prek-12","855",422,"49.356700                     ",433,"50.643200                     ",7,"0.818700                      ",9,"1.052600                      ",8,"0.935600                      ",15,"1.754300                      ",816,"95.438500                     "
"2000","33044","01","4515","","03","High      ","N","Port Washington-Saukville","","High School Type/ PreK-12","931",426,"45.757200                     ",505,"54.242700                     ",7,"0.751800                      ",7,"0.751800                      ",7,"0.751800                      ",10,"1.074100                      ",900,"96.670200                     "
"2000","33044","01","4515","","03","El/Sec    ","N","Port Washington-Saukville","","Combined Elementary/Secondary School Type/ Prek-12","0",0,"--                            ",0,"--                            ",0,"--                            ",0,"--                            ",0,"--                            ",0,"--                            ",0,"--                            "
"2000","33044","01","4515","","03","Summary   ","N","Port Washington-Saukville","","Grades PreK-12","2715",1282,"47.219100                     ",1433,"52.780800                     ",22,"0.810300                      ",23,"0.847100                      ",40,"1.473200                      ",50,"1.841600                      ",2580,"95.027600                     "
"2000","31746","01","4515","0040","04","Elem      ","N","Port Washington-Saukville","Dunwiddie El","Grades PreK-12","308",143,"46.428500                     ",165,"53.571400                     ",2,"0.649300                      ",4,"1.298700                      ",8,"2.597400                      ",12,"3.896100                      ",282,"91.558400                     "
"2000","31747","01","4515","0060","04","Elem      ","N","Port Washington-Saukville","Lincoln El","Grades PreK-12","346",165,"47.687800                     ",181,"52.312100                     ",3,"0.867000                      ",2,"0.578000                      ",10,"2.890100                      ",6,"1.734100                      ",325,"93.930600                     "
"2000","31748","01","4515","0100","04","High      ","N","Port Washington-Saukville","Port Washington Hi","Grades PreK-12","931",426,"45.757200                     ",505,"54.242700                     ",7,"0.751800                      ",7,"0.751800                      ",7,"0.751800                      ",10,"1.074100                      ",900,"96.670200                     "
"2000","31755","01","4515","0120","04","Elem      ","N","Port Washington-Saukville","Saukville El","Grades PreK-12","275",126,"45.818100                     ",149,"54.181800                     ",3,"1.090900                      ",1,"0.363600                      ",7,"2.545400                      ",7,"2.545400                      ",257,"93.454500                     "
"2000","31749","01","4515","0140","04","Mid/Jr Hi ","N","Port Washington-Saukville","Thomas Jefferson Mid","Grades PreK-12","855",422,"49.356700                     ",433,"50.643200                     ",7,"0.818700                      ",9,"1.052600                      ",8,"0.935600                      ",15,"1.754300                      ",816,"95.438500                     "
"2000","33072","01","4620","","03","Elem      ","N","Racine","","Elementary School Type/ Prek-12","10182",4916,"48.281200                     ",5266,"51.718700                     ",26,"0.255300                      ",120,"1.178500                      ",2886,"28.344100                     ",1327,"13.032800                     ",5823,"57.189100                     "
"2000","33072","01","4620","","03","Mid/Jr Hi ","N","Racine","","Middle/Junior High School Type/ Prek-12","4745",2256,"47.544700                     ",2489,"52.455200                     ",21,"0.442500                      ",50,"1.053700                      ",1140,"24.025200                     ",565,"11.907200                     ",2969,"62.571100                     "
"2000","33072","01","4620","","03","High      ","N","Racine","","High School Type/ PreK-12","6323",3137,"49.612500                     ",3186,"50.387400                     ",18,"0.284600                      ",56,"0.885600                      ",1286,"20.338400                     ",664,"10.501300                     ",4299,"67.989800                     "
"2000","33072","01","4620","","03","El/Sec    ","N","Racine","","Combined Elementary/Secondary School Type/ Prek-12","0",0,"--                            ",0,"--                            ",0,"--                            ",0,"--                            ",0,"--                            ",0,"--                            ",0,"--                            "
"2000","33072","01","4620","","03","Summary   ","N","Racine","","Grades PreK-12","21250",10309,"48.512900                     ",10941,"51.487000                     ",65,"0.305800                      ",226,"1.063500                      ",5312,"24.997600                     ",2556,"12.028200                     ",13091,"61.604700                     "
"2000","32826","01","4620","0021","04","High      ","N","Racine","Mack Alternative Center","Grades PreK-12","18",3,"16.666600                     ",15,"83.333300                     ",0,"0.000000                      ",0,"0.000000                      ",10,"55.555500                     ",2,"11.111100                     ",6,"33.333300                     "
"2000","31098","01","4620","0106","04","Elem      ","N","Racine","Fine Arts El","Grades PreK-12","349",192,"55.014300                     ",157,"44.985600                     ",0,"0.000000                      ",5,"1.432600                      ",78,"22.349500                     ",35,"10.028600                     ",231,"66.189100                     "
"2000","31099","01","4620","0111","04","Elem      ","N","Racine","Jones El","Grades PreK-12","460",211,"45.869500                     ",249,"54.130400                     ",0,"0.000000                      ",5,"1.086900                      ",76,"16.521700                     ",121,"26.304300                     ",258,"56.086900                     "
"2000","31091","01","4620","0112","04","Elem      ","N","Racine","O Brown El","Grades PreK-12","566",254,"44.876300                     ",312,"55.123600                     ",1,"0.176600                      ",8,"1.413400                      ",128,"22.614800                     ",57,"10.070600                     ",372,"65.724300                     "
"2000","31966","01","4620","0118","04","Elem      ","N","Racine","Fratt El","Grades PreK-12","563",279,"49.555900                     ",284,"50.444000                     ",2,"0.355200                      ",4,"0.710400                      ",122,"21.669600                     ",118,"20.959100                     ",317,"56.305500                     "
"2000","31972","01","4620","0119","04","Elem      ","N","Racine","Gifford El","Grades PreK-12","792",395,"49.873700                     ",397,"50.126200                     ",4,"0.505000                      ",6,"0.757500                      ",199,"25.126200                     ",28,"3.535300                      ",555,"70.075700                     "
"2000","31967","01","4620","0121","04","Elem      ","N","Racine","Giese El","Grades PreK-12","388",171,"44.072100                     ",217,"55.927800                     ",0,"0.000000                      ",5,"1.288600                      ",171,"44.072100                     ",45,"11.597900                     ",167,"43.041200                     "
"2000","31973","01","4620","0122","04","Elem      ","N","Racine","Goodland El","Grades PreK-12","430",226,"52.558100                     ",204,"47.441800                     ",0,"0.000000                      ",3,"0.697600                      ",200,"46.511600                     ",38,"8.837200                      ",189,"43.953400                     "
"2000","31100","01","4620","0130","04","Elem      ","N","Racine","Janes El","Grades PreK-12","406",203,"50.000000                     ",203,"50.000000                     ",1,"0.246300                      ",0,"0.000000                      ",128,"31.527000                     ",176,"43.349700                     ",101,"24.876800                     "
"2000","31101","01","4620","0132","04","Elem      ","N","Racine","Jefferson Lighthouse El","Grades PreK-12","581",315,"54.216800                     ",266,"45.783100                     ",0,"0.000000                      ",26,"4.475000                      ",85,"14.629900                     ",32,"5.507700                      ",438,"75.387200                     "
"2000","31092","01","4620","0134","04","Elem      ","N","Racine","Jerstad-Agerholm El","Grades PreK-12","436",216,"49.541200                     ",220,"50.458700                     ",2,"0.458700                      ",5,"1.146700                      ",152,"34.862300                     ",40,"9.174300                      ",237,"54.357700                     "
"2000","31968","01","4620","0136","04","Elem      ","N","Racine","Johnson El","Grades PreK-12","578",260,"44.982600                     ",318,"55.017300                     ",0,"0.000000                      ",5,"0.865000                      ",219,"37.889200                     ",64,"11.072600                     ",290,"50.173000                     "
"2000","31969","01","4620","0138","04","Elem      ","N","Racine","Knapp El","Grades PreK-12","589",275,"46.689300                     ",314,"53.310600                     ",4,"0.679100                      ",3,"0.509300                      ",191,"32.427800                     ",87,"14.770700                     ",304,"51.612900                     "
"2000","31102","01","4620","0148","04","Elem      ","N","Racine","Mitchell El","Grades PreK-12","365",175,"47.945200                     ",190,"52.054700                     ",2,"0.547900                      ",7,"1.917800                      ",89,"24.383500                     ",50,"13.698600                     ",217,"59.452000                     "
"2000","31093","01","4620","0150","04","Elem      ","N","Racine","North Park El","Grades PreK-12","453",206,"45.474600                     ",247,"54.525300                     ",2,"0.441500                      ",4,"0.883000                      ",72,"15.894000                     ",43,"9.492200                      ",332,"73.289100                     "
"2000","31094","01","4620","0154","04","Elem      ","N","Racine","Roosevelt El","Grades PreK-12","433",216,"49.884500                     ",217,"50.115400                     ",2,"0.461800                      ",0,"0.000000                      ",140,"32.332500                     ",52,"12.009200                     ",239,"55.196300                     "
"2000","31961","01","4620","0162","04","Elem      ","N","Racine","Wadewitz El","Grades PreK-12","639",313,"48.982700                     ",326,"51.017200                     ",2,"0.312900                      ",4,"0.625900                      ",192,"30.046900                     ",129,"20.187700                     ",312,"48.826200                     "
"2000","31974","01","4620","0164","04","Elem      ","N","Racine","West Ridge El","Grades PreK-12","456",214,"46.929800                     ",242,"53.070100                     ",1,"0.219200                      ",9,"1.973600                      ",139,"30.482400                     ",25,"5.482400                      ",282,"61.842100                     "
"2000","31791","01","4620","0166","04","Elem      ","N","Racine","Schulte El","Grades PreK-12","429",191,"44.522100                     ",238,"55.477800                     ",1,"0.233100                      ",4,"0.932400                      ",99,"23.076900                     ",36,"8.391600                      ",289,"67.365900                     "
"2000","31103","01","4620","0168","04","Elem      ","N","Racine","Wind Point El","Grades PreK-12","326",152,"46.625700                     ",174,"53.374200                     ",0,"0.000000                      ",9,"2.760700                      ",76,"23.312800                     ",46,"14.110400                     ",195,"59.815900                     "
"2000","31104","01","4620","0170","04","Elem      ","N","Racine","Winslow El","Grades PreK-12","286",143,"50.000000                     ",143,"50.000000                     ",1,"0.349600                      ",1,"0.349600                      ",159,"55.594400                     ",33,"11.538400                     ",92,"32.167800                     "
"2000","31962","01","4620","0172","04","Elem      ","N","Racine","P-COC","Grades PreK-12","166",78,"46.987900                     ",88,"53.012000                     ",1,"0.602400                      ",1,"0.602400                      ",20,"12.048100                     ",30,"18.072200                     ",114,"68.674600                     "
"2000","31095","01","4620","0174","04","Elem      ","N","Racine","Red Apple El","Grades PreK-12","491",231,"47.046800                     ",260,"52.953100                     ",0,"0.000000                      ",6,"1.221900                      ",151,"30.753500                     ",42,"8.553900                      ",292,"59.470400                     "
"2000","31963","01","4620","0280","04","Mid/Jr Hi ","N","Racine","Gilmore Mid","Grades PreK-12","913",417,"45.673600                     ",496,"54.326300                     ",5,"0.547600                      ",2,"0.219000                      ",204,"22.343900                     ",170,"18.619900                     ",532,"58.269400                     "
"2000","31096","01","4620","0282","04","Mid/Jr Hi ","N","Racine","Jerstad-Agerholm Mid","Grades PreK-12","812",385,"47.413700                     ",427,"52.586200                     ",5,"0.615700                      ",8,"0.985200                      ",156,"19.211800                     ",70,"8.620600                      ",573,"70.566500                     "
"2000","31970","01","4620","0284","04","Mid/Jr Hi ","N","Racine","McKinley Mid","Grades PreK-12","998",481,"48.196300                     ",517,"51.803600                     ",2,"0.200400                      ",19,"1.903800                      ",207,"20.741400                     ",92,"9.218400                      ",678,"67.935800                     "
"2000","31105","01","4620","0285","04","Mid/Jr Hi ","N","Racine","Walden III Mid","Grades PreK-12","217",105,"48.387000                     ",112,"51.612900                     ",5,"2.304100                      ",6,"2.764900                      ",27,"12.442300                     ",19,"8.755700                      ",160,"73.732700                     "
"2000","31106","01","4620","0286","04","Mid/Jr Hi ","N","Racine","Mitchell Mid","Grades PreK-12","955",459,"48.062800                     ",496,"51.937100                     ",3,"0.314100                      ",9,"0.942400                      ",256,"26.806200                     ",115,"12.041800                     ",572,"59.895200                     "
"2000","31097","01","4620","0287","04","Mid/Jr Hi ","N","Racine","Middle School Academy","Grades PreK-12","28",7,"25.000000                     ",21,"75.000000                     ",0,"0.000000                      ",0,"0.000000                      ",20,"71.428500                     ",5,"17.857100                     ",3,"10.714200                     "
"2000","31971","01","4620","0288","04","Mid/Jr Hi ","N","Racine","Starbuck Mid","Grades PreK-12","822",402,"48.905100                     ",420,"51.094800                     ",1,"0.121600                      ",6,"0.729900                      ",270,"32.846700                     ",94,"11.435500                     ",451,"54.866100                     "
"2000","31107","01","4620","0490","04","High      ","N","Racine","Keith R Mack Achievement Ctr","Grades PreK-12","138",59,"42.753600                     ",79,"57.246300                     ",1,"0.724600                      ",1,"0.724600                      ",46,"33.333300                     ",23,"16.666600                     ",67,"48.550700                     "
"2000","31975","01","4620","0491","04","High      ","N","Racine","Case Hi","Grades PreK-12","1760",876,"49.772700                     ",884,"50.227200                     ",4,"0.227200                      ",19,"1.079500                      ",430,"24.431800                     ",142,"8.068100                      ",1165,"66.193100                     "
"2000","31964","01","4620","0492","04","High      ","N","Racine","Horlick Hi","Grades PreK-12","1925",962,"49.974000                     ",963,"50.025900                     ",2,"0.103800                      ",14,"0.727200                      ",329,"17.090900                     ",260,"13.506400                     ",1320,"68.571400                     "
"2000","31108","01","4620","0494","04","High      ","N","Racine","Park Hi","Grades PreK-12","2181",1074,"49.243400                     ",1107,"50.756500                     ",9,"0.412600                      ",17,"0.779400                      ",446,"20.449300                     ",221,"10.132900                     ",1488,"68.225500                     "
"2000","31960","01","4620","0499","04","High      ","N","Racine","Walden III Hi","Grades PreK-12","301",163,"54.152800                     ",138,"45.847100                     ",2,"0.664400                      ",5,"1.661100                      ",25,"8.305600                      ",16,"5.315600                      ",253,"84.053100                     "
"2000","32893","01","5026","","03","Elem      ","N","Saint Francis","","Elementary School Type/ Prek-12","958",457,"47.703500                     ",501,"52.296400                     ",14,"1.461300                      ",47,"4.906000                      ",52,"5.427900                      ",48,"5.010400                      ",797,"83.194100                     "
"2000","32893","01","5026","","03","Mid/Jr Hi ","N","Saint Francis","","Middle/Junior High School Type/ Prek-12","0",0,"--                            ",0,"--                            ",0,"--                            ",0,"--                            ",0,"--                            ",0,"--                            ",0,"--                            "
"2000","32893","01","5026","","03","High      ","N","Saint Francis","","High School Type/ PreK-12","496",225,"45.362900                     ",271,"54.637000                     ",10,"2.016100                      ",24,"4.838700                      ",57,"11.491900                     ",53,"10.685400                     ",352,"70.967700                     "
"2000","32893","01","5026","","03","El/Sec    ","N","Saint Francis","","Combined Elementary/Secondary School Type/ Prek-12","0",0,"--                            ",0,"--                            ",0,"--                            ",0,"--                            ",0,"--                            ",0,"--                            ",0,"--                            "
"2000","32893","01","5026","","03","Summary   ","N","Saint Francis","","Grades PreK-12","1454",682,"46.905000                     ",772,"53.094900                     ",24,"1.650600                      ",71,"4.883000                      ",109,"7.496500                      ",101,"6.946300                      ",1149,"79.023300                     "
"2000","31088","01","5026","0020","04","Elem      ","N","Saint Francis","Deer Creek El","Grades PreK-12","489",222,"45.398700                     ",267,"54.601200                     ",9,"1.840400                      ",22,"4.498900                      ",23,"4.703400                      ",29,"5.930400                      ",406,"83.026500                     "
"2000","31089","01","5026","0040","04","High      ","N","Saint Francis","Saint Francis Hi","Grades PreK-12","473",214,"45.243100                     ",259,"54.756800                     ",10,"2.114100                      ",24,"5.073900                      ",57,"12.050700                     ",51,"10.782200                     ",331,"69.978800                     "
"2000","31090","01","5026","0080","04","Elem      ","N","Saint Francis","Willow Glen El","Grades PreK-12","469",235,"50.106600                     ",234,"49.893300                     ",5,"1.066000                      ",25,"5.330400                      ",29,"6.183300                      ",19,"4.051100                      ",391,"83.368800                     "
"2000","32801","01","5026","0400","04","High      ","Y","Saint Francis","Horizon Academy","Grades PreK-12","23",11,"47.826000                     ",12,"52.173900                     ",0,"0.000000                      ",0,"0.000000                      ",0,"0.000000                      ",2,"8.695600                      ",21,"91.304300                     "
"2000","32889","01","5355","","03","Elem      ","N","Shorewood","","Elementary School Type/ Prek-12","1174",587,"50.000000                     ",587,"50.000000                     ",7,"0.596200                      ",75,"6.388400                      ",172,"14.650700                     ",47,"4.003400                      ",873,"74.361100                     "
"2000","32889","01","5355","","03","Mid/Jr Hi ","N","Shorewood","","Middle/Junior High School Type/ Prek-12","335",166,"49.552200                     ",169,"50.447700                     ",3,"0.895500                      ",9,"2.686500                      ",54,"16.119400                     ",19,"5.671600                      ",250,"74.626800                     "
"2000","32889","01","5355","","03","High      ","N","Shorewood","","High School Type/ PreK-12","728",375,"51.510900                     ",353,"48.489000                     ",0,"0.000000                      ",25,"3.434000                      ",126,"17.307600                     ",31,"4.258200                      ",546,"75.000000                     "
"2000","32889","01","5355","","03","El/Sec    ","N","Shorewood","","Combined Elementary/Secondary School Type/ Prek-12","0",0,"--                            ",0,"--                            ",0,"--                            ",0,"--                            ",0,"--                            ",0,"--                            ",0,"--                            "
"2000","32889","01","5355","","03","Summary   ","N","Shorewood","","Grades PreK-12","2237",1128,"50.424600                     ",1109,"49.575300                     ",10,"0.447000                      ",109,"4.872500                      ",352,"15.735300                     ",97,"4.336100                      ",1669,"74.608800                     "
"2000","31049","01","5355","0020","04","Elem      ","N","Shorewood","Atwater El","Grades PreK-12","619",297,"47.980600                     ",322,"52.019300                     ",5,"0.807700                      ",58,"9.369900                      ",86,"13.893300                     ",22,"3.554100                      ",448,"72.374700                     "
"2000","31050","01","5355","0040","04","Elem      ","N","Shorewood","Lake Bluff El","Grades PreK-12","555",290,"52.252200                     ",265,"47.747700                     ",2,"0.360300                      ",17,"3.063000                      ",86,"15.495400                     ",25,"4.504500                      ",425,"76.576500                     "
"2000","31051","01","5355","0060","04","Mid/Jr Hi ","N","Shorewood","Shorewood Intermediate","Grades PreK-12","335",166,"49.552200                     ",169,"50.447700                     ",3,"0.895500                      ",9,"2.686500                      ",54,"16.119400                     ",19,"5.671600                      ",250,"74.626800                     "
"2000","31052","01","5355","0080","04","High      ","N","Shorewood","Shorewood Hi","Grades PreK-12","728",375,"51.510900                     ",353,"48.489000                     ",0,"0.000000                      ",25,"3.434000                      ",126,"17.307600                     ",31,"4.258200                      ",546,"75.000000                     "
"2000","33055","01","5439","","03","Elem      ","N","South Milwaukee","","Elementary School Type/ Prek-12","1434",703,"49.023700                     ",731,"50.976200                     ",17,"1.185400                      ",50,"3.486700                      ",90,"6.276100                      ",88,"6.136600                      ",1189,"82.914900                     "
"2000","33055","01","5439","","03","Mid/Jr Hi ","N","South Milwaukee","","Middle/Junior High School Type/ Prek-12","791",397,"50.189600                     ",394,"49.810300                     ",5,"0.632100                      ",30,"3.792600                      ",42,"5.309700                      ",54,"6.826800                      ",660,"83.438600                     "
"2000","33055","01","5439","","03","High      ","N","South Milwaukee","","High School Type/ PreK-12","1199",571,"47.623000                     ",628,"52.376900                     ",13,"1.084200                      ",43,"3.586300                      ",67,"5.587900                      ",69,"5.754700                      ",1007,"83.986600                     "
"2000","33055","01","5439","","03","El/Sec    ","N","South Milwaukee","","Combined Elementary/Secondary School Type/ Prek-12","0",0,"--                            ",0,"--                            ",0,"--                            ",0,"--                            ",0,"--                            ",0,"--                            ",0,"--                            "
"2000","33055","01","5439","","03","Summary   ","N","South Milwaukee","","Grades PreK-12","3424",1671,"48.802500                     ",1753,"51.197400                     ",35,"1.022100                      ",123,"3.592200                      ",199,"5.811900                      ",211,"6.162300                      ",2856,"83.411200                     "
"2000","30995","01","5439","0010","04","Elem      ","N","South Milwaukee","Blakewood El","Grades PreK-12","425",211,"49.647000                     ",214,"50.352900                     ",2,"0.470500                      ",10,"2.352900                      ",22,"5.176400                      ",15,"3.529400                      ",376,"88.470500                     "
"2000","30996","01","5439","0020","04","Elem      ","N","South Milwaukee","Luther El","Grades PreK-12","239",116,"48.535500                     ",123,"51.464400                     ",2,"0.836800                      ",2,"0.836800                      ",8,"3.347200                      ",16,"6.694500                      ",211,"88.284500                     "
"2000","30997","01","5439","0040","04","Elem      ","N","South Milwaukee","Lakeview El","Grades PreK-12","320",157,"49.062500                     ",163,"50.937500                     ",5,"1.562500                      ",12,"3.750000                      ",39,"12.187500                     ",29,"9.062500                      ",235,"73.437500                     "
"2000","30998","01","5439","0080","04","Elem      ","N","South Milwaukee","Rawson El","Grades PreK-12","450",219,"48.666600                     ",231,"51.333300                     ",8,"1.777700                      ",26,"5.777700                      ",21,"4.666600                      ",28,"6.222200                      ",367,"81.555500                     "
"2000","30999","01","5439","0100","04","Mid/Jr Hi ","N","South Milwaukee","South Milwaukee Mid","Grades PreK-12","791",397,"50.189600                     ",394,"49.810300                     ",5,"0.632100                      ",30,"3.792600                      ",42,"5.309700                      ",54,"6.826800                      ",660,"83.438600                     "
"2000","31000","01","5439","0120","04","High      ","N","South Milwaukee","South Milwaukee Hi","Grades PreK-12","1199",571,"47.623000                     ",628,"52.376900                     ",13,"1.084200                      ",43,"3.586300                      ",67,"5.587900                      ",69,"5.754700                      ",1007,"83.986600                     "
"2000","32881","01","6174","","03","Elem      ","N","Waukesha","","Elementary School Type/ Prek-12","6619",3220,"48.647800                     ",3399,"51.352100                     ",57,"0.861100                      ",154,"2.326600                      ",145,"2.190600                      ",602,"9.095000                      ",5661,"85.526500                     "
"2000","32881","01","6174","","03","Mid/Jr Hi ","N","Waukesha","","Middle/Junior High School Type/ Prek-12","1966",966,"49.135300                     ",1000,"50.864600                     ",16,"0.813800                      ",35,"1.780200                      ",30,"1.525900                      ",155,"7.884000                      ",1730,"87.995900                     "
"2000","32881","01","6174","","03","High      ","N","Waukesha","","High School Type/ PreK-12","4250",2089,"49.152900                     ",2161,"50.847000                     ",31,"0.729400                      ",60,"1.411700                      ",59,"1.388200                      ",306,"7.200000                      ",3794,"89.270500                     "
"2000","32881","01","6174","","03","El/Sec    ","N","Waukesha","","Combined Elementary/Secondary School Type/ Prek-12","0",0,"--                            ",0,"--                            ",0,"--                            ",0,"--                            ",0,"--                            ",0,"--                            ",0,"--                            "
"2000","32881","01","6174","","03","Summary   ","N","Waukesha","","Grades PreK-12","12835",6275,"48.889700                     ",6560,"51.110200                     ",104,"0.810200                      ",249,"1.940000                      ",234,"1.823100                      ",1063,"8.282000                      ",11185,"87.144500                     "
"2000","31810","01","6174","0020","04","Elem      ","N","Waukesha","Banting El","Grades PreK-12","445",203,"45.617900                     ",242,"54.382000                     ",8,"1.797700                      ",11,"2.471900                      ",11,"2.471900                      ",30,"6.741500                      ",385,"86.516800                     "
"2000","31001","01","6174","0060","04","Elem      ","N","Waukesha","Bethesda El","Grades PreK-12","476",233,"48.949500                     ",243,"51.050400                     ",1,"0.210000                      ",17,"3.571400                      ",5,"1.050400                      ",12,"2.521000                      ",441,"92.647000                     "
"2000","31002","01","6174","0080","04","Elem      ","N","Waukesha","Blair El","Grades PreK-12","276",133,"48.188400                     ",143,"51.811500                     ",4,"1.449200                      ",15,"5.434700                      ",6,"2.173900                      ",27,"9.782600                      ",224,"81.159400                     "
"2000","31003","01","6174","0100","04","Mid/Jr Hi ","N","Waukesha","Butler Mid","Grades PreK-12","675",348,"51.555500                     ",327,"48.444400                     ",3,"0.444400                      ",10,"1.481400                      ",8,"1.185100                      ",40,"5.925900                      ",614,"90.962900                     "
"2000","31811","01","6174","0120","04","Mid/Jr Hi ","N","Waukesha","Central Mid","Grades PreK-12","638",309,"48.432600                     ",329,"51.567300                     ",6,"0.940400                      ",12,"1.880800                      ",15,"2.351000                      ",81,"12.695900                     ",524,"82.131600                     "
"2000","31812","01","6174","0160","04","Elem      ","N","Waukesha","Hadfield El","Grades PreK-12","333",160,"48.048000                     ",173,"51.951900                     ",5,"1.501500                      ",0,"0.000000                      ",2,"0.600600                      ",43,"12.912900                     ",283,"84.984900                     "
"2000","31004","01","6174","0180","04","Elem      ","N","Waukesha","Hawthorne El","Grades PreK-12","314",166,"52.866200                     ",148,"47.133700                     ",1,"0.318400                      ",8,"2.547700                      ",8,"2.547700                      ",19,"6.050900                      ",278,"88.535000                     "
"2000","31813","01","6174","0190","04","Elem      ","N","Waukesha","Heyer El","Grades PreK-12","477",227,"47.589000                     ",250,"52.410900                     ",4,"0.838500                      ",7,"1.467500                      ",10,"2.096400                      ",15,"3.144600                      ",441,"92.452800                     "
"2000","31814","01","6174","0200","04","Elem      ","N","Waukesha","Hillcrest El","Grades PreK-12","409",196,"47.921700                     ",213,"52.078200                     ",8,"1.955900                      ",21,"5.134400                      ",9,"2.200400                      ",7,"1.711400                      ",364,"88.997500                     "
"2000","31815","01","6174","0210","04","Mid/Jr Hi ","N","Waukesha","Horning Mid","Grades PreK-12","653",309,"47.320000                     ",344,"52.679900                     ",7,"1.071900                      ",13,"1.990800                      ",7,"1.071900                      ",34,"5.206700                      ",592,"90.658400                     "
"2000","31005","01","6174","0260","04","Elem      ","N","Waukesha","Lowell El","Grades PreK-12","486",237,"48.765400                     ",249,"51.234500                     ",2,"0.411500                      ",11,"2.263300                      ",8,"1.646000                      ",28,"5.761300                      ",437,"89.917600                     "
"2000","31006","01","6174","0280","04","Elem      ","N","Waukesha","Meadowbrook El","Grades PreK-12","326",151,"46.319000                     ",175,"53.680900                     ",0,"0.000000                      ",7,"2.147200                      ",1,"0.306700                      ",1,"0.306700                      ",317,"97.239200                     "
"2000","31816","01","6174","0290","04","High      ","N","Waukesha","North Hi","Grades PreK-12","1340",651,"48.582000                     ",689,"51.417900                     ",9,"0.671600                      ",23,"1.716400                      ",16,"1.194000                      ",67,"5.000000                      ",1225,"91.417900                     "
"2000","31817","01","6174","0340","04","Elem      ","N","Waukesha","Pleasant Hill El","Grades PreK-12","217",102,"47.004600                     ",115,"52.995300                     ",4,"1.843300                      ",19,"8.755700                      ",2,"0.921600                      ",3,"1.382400                      ",189,"87.096700                     "
"2000","31818","01","6174","0360","04","Elem      ","N","Waukesha","Prairie El","Grades PreK-12","358",172,"48.044600                     ",186,"51.955300                     ",4,"1.117300                      ",9,"2.513900                      ",5,"1.396600                      ",18,"5.027900                      ",322,"89.944100                     "
"2000","31819","01","6174","0400","04","Elem      ","N","Waukesha","Randall El","Grades PreK-12","311",155,"49.839200                     ",156,"50.160700                     ",2,"0.643000                      ",3,"0.964600                      ",7,"2.250800                      ",7,"2.250800                      ",292,"93.890600                     "
"2000","31007","01","6174","0410","04","Elem      ","N","Waukesha","Rose Glen El","Grades PreK-12","672",346,"51.488000                     ",326,"48.511900                     ",6,"0.892800                      ",7,"1.041600                      ",4,"0.595200                      ",8,"1.190400                      ",647,"96.279700                     "
"2000","31820","01","6174","0420","04","Elem      ","N","Waukesha","Saratoga El","Grades PreK-12","247",121,"48.987800                     ",126,"51.012100                     ",1,"0.404800                      ",2,"0.809700                      ",22,"8.906800                      ",37,"14.979700                     ",185,"74.898700                     "
"2000","31821","01","6174","0460","04","High      ","N","Waukesha","South Hi","Grades PreK-12","1403",696,"49.607900                     ",707,"50.392000                     ",14,"0.997800                      ",28,"1.995700                      ",31,"2.209500                      ",195,"13.898700                     ",1135,"80.898000                     "
"2000","31822","01","6174","0480","04","Elem      ","N","Waukesha","Summit View El","Grades PreK-12","565",283,"50.088400                     ",282,"49.911500                     ",4,"0.707900                      ",11,"1.946900                      ",14,"2.477800                      ",22,"3.893800                      ",514,"90.973400                     "
"2000","31823","01","6174","0520","04","Elem      ","N","Waukesha","White Rock El","Grades PreK-12","347",163,"46.974000                     ",184,"53.025900                     ",0,"0.000000                      ",4,"1.152700                      ",21,"6.051800                      ",299,"86.167100                     ",23,"6.628200                      "
"2000","31824","01","6174","0540","04","Elem      ","N","Waukesha","Whittier El","Grades PreK-12","360",172,"47.777700                     ",188,"52.222200                     ",3,"0.833300                      ",2,"0.555500                      ",10,"2.777700                      ",26,"7.222200                      ",319,"88.611100                     "
"2000","31008","01","6174","0560","04","High      ","N","Waukesha","West Hi","Grades PreK-12","1507",742,"49.236800                     ",765,"50.763100                     ",8,"0.530800                      ",9,"0.597200                      ",12,"0.796200                      ",44,"2.919700                      ",1434,"95.155900                     "
"2000","33068","01","6244","","03","Elem      ","N","Wauwatosa","","Elementary School Type/ Prek-12","3322",1732,"52.137200                     ",1590,"47.862700                     ",19,"0.571900                      ",211,"6.351500                      ",383,"11.529100                     ",108,"3.251000                      ",2601,"78.296200                     "
"2000","33068","01","6244","","03","Mid/Jr Hi ","N","Wauwatosa","","Middle/Junior High School Type/ Prek-12","1495",716,"47.892900                     ",779,"52.107000                     ",13,"0.869500                      ",60,"4.013300                      ",179,"11.973200                     ",33,"2.207300                      ",1210,"80.936400                     "
"2000","33068","01","6244","","03","High      ","N","Wauwatosa","","High School Type/ PreK-12","2169",1065,"49.100900                     ",1104,"50.899000                     ",14,"0.645400                      ",75,"3.457800                      ",216,"9.958500                      ",49,"2.259100                      ",1815,"83.679100                     "
"2000","33068","01","6244","","03","El/Sec    ","N","Wauwatosa","","Combined Elementary/Secondary School Type/ Prek-12","193",36,"18.652800                     ",157,"81.347100                     ",1,"0.518100                      ",4,"2.072500                      ",137,"70.984400                     ",15,"7.772000                      ",36,"18.652800                     "
"2000","33068","01","6244","","03","Summary   ","N","Wauwatosa","","Grades PreK-12","7179",3549,"49.435800                     ",3630,"50.564100                     ",47,"0.654600                      ",350,"4.875300                      ",915,"12.745500                     ",205,"2.855500                      ",5662,"78.868900                     "
"2000","31943","01","6244","0015","04","El/Sec    ","N","Wauwatosa","River Hills Sch (CATC)","Grades PreK-12","51",20,"39.215600                     ",31,"60.784300                     ",1,"1.960700                      ",0,"0.000000                      ",28,"54.901900                     ",4,"7.843100                      ",18,"35.294100                     "
"2000","31875","01","6244","0020","04","High      ","N","Wauwatosa","East Hi","Grades PreK-12","1266",634,"50.078900                     ",632,"49.921000                     ",5,"0.394900                      ",38,"3.001500                      ",108,"8.530800                      ",25,"1.974700                      ",1090,"86.097900                     "
"2000","31084","01","6244","0040","04","Elem      ","N","Wauwatosa","Eisenhower El","Grades PreK-12","394",210,"53.299400                     ",184,"46.700500                     ",3,"0.761400                      ",58,"14.720800                     ",43,"10.913700                     ",14,"3.553200                      ",276,"70.050700                     "
"2000","31876","01","6244","0100","04","Elem      ","N","Wauwatosa","Jefferson El","Grades PreK-12","322",168,"52.173900                     ",154,"47.826000                     ",2,"0.621100                      ",21,"6.521700                      ",42,"13.043400                     ",11,"3.416100                      ",246,"76.397500                     "
"2000","31877","01","6244","0120","04","Elem      ","N","Wauwatosa","Lincoln El","Grades PreK-12","333",175,"52.552500                     ",158,"47.447400                     ",3,"0.900900                      ",7,"2.102100                      ",48,"14.414400                     ",7,"2.102100                      ",268,"80.480400                     "
"2000","31878","01","6244","0140","04","Mid/Jr Hi ","N","Wauwatosa","Longfellow Mid","Grades PreK-12","957",477,"49.843200                     ",480,"50.156700                     ",9,"0.940400                      ",35,"3.657200                      ",114,"11.912200                     ",23,"2.403300                      ",776,"81.086700                     "
"2000","31942","01","6244","0160","04","Elem      ","N","Wauwatosa","Madison El","Grades PreK-12","356",178,"50.000000                     ",178,"50.000000                     ",1,"0.280800                      ",21,"5.898800                      ",44,"12.359500                     ",9,"2.528000                      ",281,"78.932500                     "
"2000","31944","01","6244","0180","04","Elem      ","N","Wauwatosa","McKinley El","Grades PreK-12","438",226,"51.598100                     ",212,"48.401800                     ",2,"0.456600                      ",7,"1.598100                      ",35,"7.990800                      ",8,"1.826400                      ",386,"88.127800                     "
"2000","31945","01","6244","0190","04","El/Sec    ","N","Wauwatosa","Plank Road Sch","Grades PreK-12","43",11,"25.581300                     ",32,"74.418600                     ",0,"0.000000                      ",0,"0.000000                      ",34,"79.069700                     ",2,"4.651100                      ",7,"16.279000                     "
"2000","31879","01","6244","0200","04","Elem      ","N","Wauwatosa","Roosevelt El","Grades PreK-12","467",263,"56.316900                     ",204,"43.683000                     ",2,"0.428200                      ",16,"3.426100                      ",56,"11.991400                     ",17,"3.640200                      ",376,"80.513900                     "
"2000","31946","01","6244","0220","04","Elem      ","N","Wauwatosa","Underwood El","Grades PreK-12","310",155,"50.000000                     ",155,"50.000000                     ",3,"0.967700                      ",22,"7.096700                      ",38,"12.258000                     ",12,"3.870900                      ",235,"75.806400                     "
"2000","31880","01","6244","0240","04","Elem      ","N","Wauwatosa","Washington El","Grades PreK-12","427",219,"51.288000                     ",208,"48.711900                     ",1,"0.234100                      ",31,"7.259900                      ",41,"9.601800                      ",20,"4.683800                      ",334,"78.220100                     "
"2000","31085","01","6244","0280","04","High      ","N","Wauwatosa","West Hi","Grades PreK-12","903",431,"47.729700                     ",472,"52.270200                     ",9,"0.996600                      ",37,"4.097400                      ",108,"11.960100                     ",24,"2.657800                      ",725,"80.287900                     "
"2000","31086","01","6244","0290","04","Mid/Jr Hi ","N","Wauwatosa","Whitman Mid","Grades PreK-12","538",239,"44.423700                     ",299,"55.576200                     ",4,"0.743400                      ",25,"4.646800                      ",65,"12.081700                     ",10,"1.858700                      ",434,"80.669100                     "
"2000","31881","01","6244","0300","04","Elem      ","N","Wauwatosa","Wilson El","Grades PreK-12","275",138,"50.181800                     ",137,"49.818100                     ",2,"0.727200                      ",28,"10.181800                     ",36,"13.090900                     ",10,"3.636300                      ",199,"72.363600                     "
"2000","32756","01","6244","0320","04","El/Sec    ","N","Wauwatosa","Detention Center","Grades PreK-12","99",5,"5.050500                      ",94,"94.949400                     ",0,"0.000000                      ",4,"4.040400                      ",75,"75.757500                     ",9,"9.090900                      ",11,"11.111100                     "
"2000","33069","01","6300","","03","Elem      ","N","West Allis","","Elementary School Type/ Prek-12","4340",2101,"48.410100                     ",2239,"51.589800                     ",63,"1.451600                      ",104,"2.396300                      ",248,"5.714200                      ",208,"4.792600                      ",3717,"85.645100                     "
"2000","33069","01","6300","","03","Mid/Jr Hi ","N","West Allis","","Middle/Junior High School Type/ Prek-12","1375",663,"48.218100                     ",712,"51.781800                     ",19,"1.381800                      ",26,"1.890900                      ",66,"4.800000                      ",43,"3.127200                      ",1221,"88.800000                     "
"2000","33069","01","6300","","03","High      ","N","West Allis","","High School Type/ PreK-12","2999",1484,"49.483100                     ",1515,"50.516800                     ",42,"1.400400                      ",48,"1.600500                      ",83,"2.767500                      ",107,"3.567800                      ",2719,"90.663500                     "
"2000","33069","01","6300","","03","El/Sec    ","N","West Allis","","Combined Elementary/Secondary School Type/ Prek-12","0",0,"--                            ",0,"--                            ",0,"--                            ",0,"--                            ",0,"--                            ",0,"--                            ",0,"--                            "
"2000","33069","01","6300","","03","Summary   ","N","West Allis","","Grades PreK-12","8714",4248,"48.749100                     ",4466,"51.250800                     ",124,"1.422900                      ",178,"2.042600                      ",397,"4.555800                      ",358,"4.108300                      ",7657,"87.870000                     "
"2000","31947","01","6300","0020","04","High      ","N","West Allis","Central Hi","Grades PreK-12","1678",803,"47.854500                     ",875,"52.145400                     ",33,"1.966600                      ",13,"0.774700                      ",43,"2.562500                      ",63,"3.754400                      ",1526,"90.941500                     "
"2000","31948","01","6300","0040","04","Mid/Jr Hi ","N","West Allis","Frank Lloyd Wright Mid","Grades PreK-12","794",381,"47.984800                     ",413,"52.015100                     ",9,"1.133500                      ",13,"1.637200                      ",40,"5.037700                      ",14,"1.763200                      ",718,"90.428200                     "
"2000","31949","01","6300","0060","04","Elem      ","N","West Allis","Franklin El","Grades PreK-12","370",168,"45.405400                     ",202,"54.594500                     ",5,"1.351300                      ",3,"0.810800                      ",11,"2.972900                      ",5,"1.351300                      ",346,"93.513500                     "
"2000","31950","01","6300","0080","04","Elem      ","N","West Allis","Mitchell El","Grades PreK-12","446",200,"44.843000                     ",246,"55.156900                     ",7,"1.569500                      ",6,"1.345200                      ",26,"5.829500                      ",14,"3.139000                      ",393,"88.116500                     "
"2000","31790","01","6300","0100","04","Elem      ","N","West Allis","Hoover El","Grades PreK-12","493",239,"48.478700                     ",254,"51.521200                     ",6,"1.217000                      ",24,"4.868100                      ",59,"11.967500                     ",31,"6.288000                      ",373,"75.659200                     "
"2000","31883","01","6300","0120","04","Mid/Jr Hi ","N","West Allis","West Milwaukee Mid","Grades PreK-12","581",282,"48.537000                     ",299,"51.462900                     ",10,"1.721100                      ",13,"2.237500                      ",26,"4.475000                      ",29,"4.991300                      ",503,"86.574800                     "
"2000","31951","01","6300","0140","04","Elem      ","N","West Allis","Irving El","Grades PreK-12","353",172,"48.725200                     ",181,"51.274700                     ",3,"0.849800                      ",22,"6.232200                      ",14,"3.966000                      ",9,"2.549500                      ",305,"86.402200                     "
"2000","31911","01","6300","0160","04","Elem      ","N","West Allis","Jefferson El","Grades PreK-12","459",220,"47.930200                     ",239,"52.069700                     ",1,"0.217800                      ",6,"1.307100                      ",23,"5.010800                      ",11,"2.396500                      ",418,"91.067500                     "
"2000","31884","01","6300","0260","04","Elem      ","N","West Allis","Lincoln El","Grades PreK-12","349",168,"48.137500                     ",181,"51.862400                     ",5,"1.432600                      ",0,"0.000000                      ",14,"4.011400                      ",12,"3.438300                      ",318,"91.117400                     "
"2000","31912","01","6300","0280","04","Elem      ","N","West Allis","Longfellow El","Grades PreK-12","241",120,"49.792500                     ",121,"50.207400                     ",1,"0.414900                      ",0,"0.000000                      ",13,"5.394100                      ",12,"4.979200                      ",215,"89.211600                     "
"2000","31885","01","6300","0300","04","Elem      ","N","West Allis","Madison El","Grades PreK-12","214",109,"50.934500                     ",105,"49.065400                     ",2,"0.934500                      ",1,"0.467200                      ",11,"5.140100                      ",9,"4.205600                      ",191,"89.252300                     "
"2000","31952","01","6300","0340","04","High      ","N","West Allis","Hale Hi","Grades PreK-12","1321",681,"51.551800                     ",640,"48.448100                     ",9,"0.681300                      ",35,"2.649500                      ",40,"3.028000                      ",44,"3.330800                      ",1193,"90.310300                     "
"2000","31886","01","6300","0380","04","Elem      ","N","West Allis","Pershing El","Grades PreK-12","323",169,"52.321900                     ",154,"47.678000                     ",7,"2.167100                      ",22,"6.811100                      ",15,"4.643900                      ",45,"13.931800                     ",234,"72.445800                     "
"2000","31887","01","6300","0420","04","Elem      ","N","West Allis","Walker El","Grades PreK-12","305",144,"47.213100                     ",161,"52.786800                     ",7,"2.295000                      ",5,"1.639300                      ",11,"3.606500                      ",7,"2.295000                      ",275,"90.163900                     "
"2000","31888","01","6300","0440","04","Elem      ","N","West Allis","Horace Mann El","Grades PreK-12","438",231,"52.739700                     ",207,"47.260200                     ",14,"3.196300                      ",13,"2.968000                      ",40,"9.132400                      ",44,"10.045600                     ",327,"74.657500                     "
"2000","31889","01","6300","0480","04","Elem      ","N","West Allis","Wilson El","Grades PreK-12","349",161,"46.131800                     ",188,"53.868100                     ",5,"1.432600                      ",2,"0.573000                      ",11,"3.151800                      ",9,"2.578700                      ",322,"92.263600                     "
"2000","32892","01","6419","","03","Elem      ","N","Whitefish Bay","","Elementary School Type/ Prek-12","1390",685,"49.280500                     ",705,"50.719400                     ",4,"0.287700                      ",65,"4.676200                      ",170,"12.230200                     ",28,"2.014300                      ",1123,"80.791300                     "
"2000","32892","01","6419","","03","Mid/Jr Hi ","N","Whitefish Bay","","Middle/Junior High School Type/ Prek-12","652",326,"50.000000                     ",326,"50.000000                     ",1,"0.153300                      ",17,"2.607300                      ",78,"11.963100                     ",8,"1.226900                      ",548,"84.049000                     "
"2000","32892","01","6419","","03","High      ","N","Whitefish Bay","","High School Type/ PreK-12","870",430,"49.425200                     ",440,"50.574700                     ",3,"0.344800                      ",24,"2.758600                      ",93,"10.689600                     ",26,"2.988500                      ",724,"83.218300                     "
"2000","32892","01","6419","","03","El/Sec    ","N","Whitefish Bay","","Combined Elementary/Secondary School Type/ Prek-12","0",0,"--                            ",0,"--                            ",0,"--                            ",0,"--                            ",0,"--                            ",0,"--                            ",0,"--                            "
"2000","32892","01","6419","","03","Summary   ","N","Whitefish Bay","","Grades PreK-12","2912",1441,"49.484800                     ",1471,"50.515100                     ",8,"0.274700                      ",106,"3.640100                      ",341,"11.710100                     ",62,"2.129100                      ",2395,"82.245800                     "
"2000","31053","01","6419","0020","04","Elem      ","N","Whitefish Bay","Cumberland El","Grades PreK-12","739",374,"50.608900                     ",365,"49.391000                     ",1,"0.135300                      ",47,"6.359900                      ",98,"13.261100                     ",14,"1.894400                      ",579,"78.349100                     "
"2000","31067","01","6419","0029","04","Mid/Jr Hi ","N","Whitefish Bay","Whitefish Bay Mid","Grades PreK-12","652",326,"50.000000                     ",326,"50.000000                     ",1,"0.153300                      ",17,"2.607300                      ",78,"11.963100                     ",8,"1.226900                      ",548,"84.049000                     "
"2000","31068","01","6419","0080","04","Elem      ","N","Whitefish Bay","Richards El","Grades PreK-12","651",311,"47.772600                     ",340,"52.227300                     ",3,"0.460800                      ",18,"2.764900                      ",72,"11.059900                     ",14,"2.150500                      ",544,"83.563700                     "
"2000","31069","01","6419","0100","04","High      ","N","Whitefish Bay","Whitefish Bay Hi","Grades PreK-12","870",430,"49.425200                     ",440,"50.574700                     ",3,"0.344800                      ",24,"2.758600                      ",93,"10.689600                     ",26,"2.988500                      ",724,"83.218300                     "
"2000","33071","01","6470","","03","Elem      ","N","Whitnall","","Elementary School Type/ Prek-12","963",469,"48.701900                     ",494,"51.298000                     ",2,"0.207600                      ",71,"7.372700                      ",49,"5.088200                      ",15,"1.557600                      ",826,"85.773600                     "
"2000","33071","01","6470","","03","Mid/Jr Hi ","N","Whitnall","","Middle/Junior High School Type/ Prek-12","632",296,"46.835400                     ",336,"53.164500                     ",3,"0.474600                      ",43,"6.803700                      ",17,"2.689800                      ",12,"1.898700                      ",557,"88.132900                     "
"2000","33071","01","6470","","03","High      ","N","Whitnall","","High School Type/ PreK-12","927",511,"55.124000                     ",416,"44.875900                     ",4,"0.431400                      ",44,"4.746400                      ",24,"2.588900                      ",16,"1.725900                      ",839,"90.507000                     "
"2000","33071","01","6470","","03","El/Sec    ","N","Whitnall","","Combined Elementary/Secondary School Type/ Prek-12","0",0,"--                            ",0,"--                            ",0,"--                            ",0,"--                            ",0,"--                            ",0,"--                            ",0,"--                            "
"2000","33071","01","6470","","03","Summary   ","N","Whitnall","","Grades PreK-12","2522",1276,"50.594700                     ",1246,"49.405200                     ",9,"0.356800                      ",158,"6.264800                      ",90,"3.568500                      ",43,"1.704900                      ",2222,"88.104600                     "
"2000","30842","01","6470","0040","04","Elem      ","N","Whitnall","Hales Corners El","Grades PreK-12","558",273,"48.924700                     ",285,"51.075200                     ",0,"0.000000                      ",28,"5.017900                      ",33,"5.913900                      ",8,"1.433600                      ",489,"87.634400                     "
"2000","30843","01","6470","0080","04","Elem      ","N","Whitnall","Edgerton El","Grades PreK-12","405",196,"48.395000                     ",209,"51.604900                     ",2,"0.493800                      ",43,"10.617200                     ",16,"3.950600                      ",7,"1.728300                      ",337,"83.209800                     "
"2000","31955","01","6470","0100","04","High      ","N","Whitnall","Whitnall Hi","Grades PreK-12","927",511,"55.124000                     ",416,"44.875900                     ",4,"0.431400                      ",44,"4.746400                      ",24,"2.588900                      ",16,"1.725900                      ",839,"90.507000                     "
"2000","31956","01","6470","0120","04","Mid/Jr Hi ","N","Whitnall","Whitnall Mid","Grades PreK-12","632",296,"46.835400                     ",336,"53.164500                     ",3,"0.474600                      ",43,"6.803700                      ",17,"2.689800                      ",12,"1.898700                      ",557,"88.132900                     "
"2000","C0101","01","8101","    ","03","Elem      ","Y","Non-district Charter Schools: Downtown Montes","","Elementary School Type/ Prek-12","29",14,"48.275800                     ",15,"51.724100                     ",0,"0.000000                      ",1,"3.448200                      ",14,"48.275800                     ",2,"6.896500                      ",12,"41.379300                     "
"2000","C0101","01","8101","    ","03","Mid/Jr Hi ","Y","Non-district Charter Schools: Downtown Montes","","Middle/Junior High School Type/ Prek-12","0",0,"--                            ",0,"--                            ",0,"--                            ",0,"--                            ",0,"--                            ",0,"--                            ",0,"--                            "
"2000","C0101","01","8101","    ","03","High      ","Y","Non-district Charter Schools: Downtown Montes","","High School Type/ PreK-12","0",0,"--                            ",0,"--                            ",0,"--                            ",0,"--                            ",0,"--                            ",0,"--                            ",0,"--                            "
"2000","C0101","01","8101","    ","03","El/Sec    ","Y","Non-district Charter Schools: Downtown Montes","","Combined Elementary/Secondary School Type/ Prek-12","0",0,"--                            ",0,"--                            ",0,"--                            ",0,"--                            ",0,"--                            ",0,"--                            ",0,"--                            "
"2000","C0101","01","8101","    ","03","Summary   ","Y","Non-district Charter Schools: Downtown Montes","","Grades PreK-12","29",14,"48.275800                     ",15,"51.724100                     ",0,"0.000000                      ",1,"3.448200                      ",14,"48.275800                     ",2,"6.896500                      ",12,"41.379300                     "
"2000","33820","01","8101","1056","49","Elem      ","Y","Non-district Charter Schools: Downtown Montes","Downtown Montessori","Grades PreK-12","29",14,"48.275800                     ",15,"51.724100                     ",0,"0.000000                      ",1,"3.448200                      ",14,"48.275800                     ",2,"6.896500                      ",12,"41.379300                     "
"2000","C0102","01","8102","    ","03","Elem      ","Y","Non-district Charter Schools: Khamit Institut","","Elementary School Type/ Prek-12","66",28,"42.424200                     ",38,"57.575700                     ",0,"0.000000                      ",0,"0.000000                      ",66,"100.000000                    ",0,"0.000000                      ",0,"0.000000                      "
"2000","C0102","01","8102","    ","03","Mid/Jr Hi ","Y","Non-district Charter Schools: Khamit Institut","","Middle/Junior High School Type/ Prek-12","0",0,"--                            ",0,"--                            ",0,"--                            ",0,"--                            ",0,"--                            ",0,"--                            ",0,"--                            "
"2000","C0102","01","8102","    ","03","High      ","Y","Non-district Charter Schools: Khamit Institut","","High School Type/ PreK-12","0",0,"--                            ",0,"--                            ",0,"--                            ",0,"--                            ",0,"--                            ",0,"--                            ",0,"--                            "
"2000","C0102","01","8102","    ","03","El/Sec    ","Y","Non-district Charter Schools: Khamit Institut","","Combined Elementary/Secondary School Type/ Prek-12","0",0,"--                            ",0,"--                            ",0,"--                            ",0,"--                            ",0,"--                            ",0,"--                            ",0,"--                            "
"2000","C0102","01","8102","    ","03","Summary   ","Y","Non-district Charter Schools: Khamit Institut","","Grades PreK-12","66",28,"42.424200                     ",38,"57.575700                     ",0,"0.000000                      ",0,"0.000000                      ",66,"100.000000                    ",0,"0.000000                      ",0,"0.000000                      "
"2000","33819","01","8102","1027","49","Elem      ","Y","Non-district Charter Schools: Khamit Institut","Khamit Institute","Grades PreK-12","66",28,"42.424200                     ",38,"57.575700                     ",0,"0.000000                      ",0,"0.000000                      ",66,"100.000000                    ",0,"0.000000                      ",0,"0.000000                      "
"2000","C0104","01","8104","    ","03","Elem      ","Y","Non-district Charter Schools: YW Global Caree","","Elementary School Type/ Prek-12","0",0,"--                            ",0,"--                            ",0,"--                            ",0,"--                            ",0,"--                            ",0,"--                            ",0,"--                            "
"2000","C0104","01","8104","    ","03","Mid/Jr Hi ","Y","Non-district Charter Schools: YW Global Caree","","Middle/Junior High School Type/ Prek-12","0",0,"--                            ",0,"--                            ",0,"--                            ",0,"--                            ",0,"--                            ",0,"--                            ",0,"--                            "
"2000","C0104","01","8104","    ","03","High      ","Y","Non-district Charter Schools: YW Global Caree","","High School Type/ PreK-12","0",0,"--                            ",0,"--                            ",0,"--                            ",0,"--                            ",0,"--                            ",0,"--                            ",0,"--                            "
"2000","C0104","01","8104","    ","03","El/Sec    ","Y","Non-district Charter Schools: YW Global Caree","","Combined Elementary/Secondary School Type/ Prek-12","0",0,"--                            ",0,"--                            ",0,"--                            ",0,"--                            ",0,"--                            ",0,"--                            ",0,"--                            "
"2000","C0104","01","8104","    ","03","Summary   ","Y","Non-district Charter Schools: YW Global Caree","","Grades PreK-12","0",0,"--                            ",0,"--                            ",0,"--                            ",0,"--                            ",0,"--                            ",0,"--                            ",0,"--                            "
"2000","34891","01","8104","1209","49","Elem      ","Y","Non-district Charter Schools: YW Global Caree","YW Global Career Academy","Grades PreK-12","0",0,"--                            ",0,"--                            ",0,"--                            ",0,"--                            ",0,"--                            ",0,"--                            ",0,"--                            "
