"year","agency_key","CESA","district_number","school_number","agency_type","school_type","charter","district_name","school_name","grade_label","race_ethnicity","gender","total_enrollment_prek-12","pre-k_number","pre-k_percent","kinder_number","kinder_percent","grade_1_number","grade_1_percent","grade_2_number","grade_2_percent","grade_3_number","grade_3_percent","grade_4_number","grade_4_percent","grade_5_number","grade_5_percent","grade_6_number","grade_6_percent","grade_7_number","grade_7_percent","grade_8_number","grade_8_percent","grade_9_number","grade_9_percent","grade_10_number","grade_10_percent","grade_11_number","grade_11_percent","grade_12_number","grade_12_percent"
"2006","00838","01","0714","","03","Summary   ","N","Elmbrook","","Grades PreK-12","All Races","Both Genders","7656",77,"1.005700                      ",456,"5.956100                      ",438,"5.721000                      ",548,"7.157700                      ",506,"6.609100                      ",513,"6.700600                      ",529,"6.909600                      ",587,"7.667100                      ",580,"7.575700                      ",615,"8.032900                      ",706,"9.221500                      ",712,"9.299800                      ",720,"9.404300                      ",669,"8.738200                      "
"2006","00830","01","0714","0020","04","High      ","N","Elmbrook","Central High","Grades PreK-12","All Races","Both Genders","1406",0,"0.000000                      ",0,"0.000000                      ",0,"0.000000                      ",0,"0.000000                      ",0,"0.000000                      ",0,"0.000000                      ",0,"0.000000                      ",0,"0.000000                      ",0,"0.000000                      ",0,"0.000000                      ",372,"26.458000                     ",340,"24.182000                     ",373,"26.529100                     ",321,"22.830700                     "
"2006","01559","01","0714","0040","04","Elem      ","N","Elmbrook","Brookfield Elementary","Grades PreK-12","All Races","Both Genders","457",0,"0.000000                      ",74,"16.192500                     ",78,"17.067800                     ",87,"19.037100                     ",61,"13.347900                     ",87,"19.037100                     ",70,"15.317200                     ",0,"0.000000                      ",0,"0.000000                      ",0,"0.000000                      ",0,"0.000000                      ",0,"0.000000                      ",0,"0.000000                      ",0,"0.000000                      "
"2006","00831","01","0714","0060","04","High      ","N","Elmbrook","East High","Grades PreK-12","All Races","Both Genders","1385",0,"0.000000                      ",0,"0.000000                      ",0,"0.000000                      ",0,"0.000000                      ",0,"0.000000                      ",0,"0.000000                      ",0,"0.000000                      ",0,"0.000000                      ",0,"0.000000                      ",0,"0.000000                      ",330,"23.826700                     ",368,"26.570300                     ",345,"24.909700                     ",342,"24.693100                     "
"2006","00832","01","0714","0080","04","Elem      ","N","Elmbrook","Burleigh Elementary","Grades PreK-12","All Races","Both Genders","783",77,"9.833900                      ",103,"13.154500                     ",95,"12.132800                     ",132,"16.858200                     ",119,"15.197900                     ",127,"16.219600                     ",130,"16.602800                     ",0,"0.000000                      ",0,"0.000000                      ",0,"0.000000                      ",0,"0.000000                      ",0,"0.000000                      ",0,"0.000000                      ",0,"0.000000                      "
"2006","00833","01","0714","0100","04","Elem      ","N","Elmbrook","Dixon Elementary","Grades PreK-12","All Races","Both Genders","444",0,"0.000000                      ",67,"15.090000                     ",54,"12.162100                     ",76,"17.117100                     ",92,"20.720700                     ",70,"15.765700                     ",85,"19.144100                     ",0,"0.000000                      ",0,"0.000000                      ",0,"0.000000                      ",0,"0.000000                      ",0,"0.000000                      ",0,"0.000000                      ",0,"0.000000                      "
"2006","02866","01","0714","0150","04","Mid/Jr Hi ","N","Elmbrook","Pilgrim Park Middle","Grades PreK-12","All Races","Both Genders","885",0,"0.000000                      ",0,"0.000000                      ",0,"0.000000                      ",0,"0.000000                      ",0,"0.000000                      ",0,"0.000000                      ",0,"0.000000                      ",294,"33.220300                     ",285,"32.203300                     ",306,"34.576200                     ",0,"0.000000                      ",0,"0.000000                      ",0,"0.000000                      ",0,"0.000000                      "
"2006","01560","01","0714","0160","04","El/Sec    ","N","Elmbrook","Fairview South","Grades PreK-12","All Races","Both Genders","20",0,"0.000000                      ",0,"0.000000                      ",0,"0.000000                      ",0,"0.000000                      ",0,"0.000000                      ",0,"0.000000                      ",0,"0.000000                      ",1,"5.000000                      ",2,"10.000000                     ",1,"5.000000                      ",4,"20.000000                     ",4,"20.000000                     ",2,"10.000000                     ",6,"30.000000                     "
"2006","01561","01","0714","0170","04","Elem      ","N","Elmbrook","Hillside Elementary","Grades PreK-12","All Races","Both Genders","381",0,"0.000000                      ",54,"14.173200                     ",62,"16.272900                     ",69,"18.110200                     ",70,"18.372700                     ",61,"16.010400                     ",65,"17.060300                     ",0,"0.000000                      ",0,"0.000000                      ",0,"0.000000                      ",0,"0.000000                      ",0,"0.000000                      ",0,"0.000000                      ",0,"0.000000                      "
"2006","31108","01","0714","0190","04","Elem      ","N","Elmbrook","Swanson Elementary","Grades PreK-12","All Races","Both Genders","611",0,"0.000000                      ",94,"15.384600                     ",89,"14.566200                     ",114,"18.657900                     ",97,"15.875600                     ",107,"17.512200                     ",110,"18.003200                     ",0,"0.000000                      ",0,"0.000000                      ",0,"0.000000                      ",0,"0.000000                      ",0,"0.000000                      ",0,"0.000000                      ",0,"0.000000                      "
"2006","02867","01","0714","0250","04","Elem      ","N","Elmbrook","Tonawanda Elementary","Grades PreK-12","All Races","Both Genders","391",0,"0.000000                      ",64,"16.368200                     ",60,"15.345200                     ",70,"17.902800                     ",67,"17.135500                     ",61,"15.601000                     ",69,"17.647000                     ",0,"0.000000                      ",0,"0.000000                      ",0,"0.000000                      ",0,"0.000000                      ",0,"0.000000                      ",0,"0.000000                      ",0,"0.000000                      "
"2006","01562","01","0714","0270","04","Mid/Jr Hi ","N","Elmbrook","Wisconsin Hills Middle","Grades PreK-12","All Races","Both Genders","893",0,"0.000000                      ",0,"0.000000                      ",0,"0.000000                      ",0,"0.000000                      ",0,"0.000000                      ",0,"0.000000                      ",0,"0.000000                      ",292,"32.698700                     ",293,"32.810700                     ",308,"34.490400                     ",0,"0.000000                      ",0,"0.000000                      ",0,"0.000000                      ",0,"0.000000                      "
"2006","05422","01","0721","","03","Summary   ","N","Brown Deer","","Grades PreK-12","All Races","Both Genders","1817",16,"0.880500                      ",97,"5.338400                      ",95,"5.228300                      ",102,"5.613600                      ",107,"5.888800                      ",107,"5.888800                      ",130,"7.154600                      ",149,"8.200300                      ",157,"8.640600                      ",159,"8.750600                      ",156,"8.585500                      ",195,"10.731900                     ",169,"9.301000                      ",178,"9.796300                      "
"2006","05406","01","0721","0040","04","High      ","N","Brown Deer","Brown Deer High","Grades PreK-12","All Races","Both Genders","698",0,"0.000000                      ",0,"0.000000                      ",0,"0.000000                      ",0,"0.000000                      ",0,"0.000000                      ",0,"0.000000                      ",0,"0.000000                      ",0,"0.000000                      ",0,"0.000000                      ",0,"0.000000                      ",156,"22.349500                     ",195,"27.936900                     ",169,"24.212000                     ",178,"25.501400                     "
"2006","05407","01","0721","0060","04","Mid/Jr Hi ","N","Brown Deer","Brown Deer Middle","Grades PreK-12","All Races","Both Genders","593",0,"0.000000                      ",0,"0.000000                      ",0,"0.000000                      ",0,"0.000000                      ",0,"0.000000                      ",0,"0.000000                      ",128,"21.585100                     ",149,"25.126400                     ",157,"26.475500                     ",159,"26.812800                     ",0,"0.000000                      ",0,"0.000000                      ",0,"0.000000                      ",0,"0.000000                      "
"2006","05408","01","0721","0080","04","Elem      ","N","Brown Deer","Dean Elementary","Grades PreK-12","All Races","Both Genders","298",0,"0.000000                      ",0,"0.000000                      ",0,"0.000000                      ",82,"27.516700                     ",107,"35.906000                     ",107,"35.906000                     ",2,"0.671100                      ",0,"0.000000                      ",0,"0.000000                      ",0,"0.000000                      ",0,"0.000000                      ",0,"0.000000                      ",0,"0.000000                      ",0,"0.000000                      "
"2006","05409","01","0721","0090","04","Elem      ","N","Brown Deer","Algonquin Elementary","Grades PreK-12","All Races","Both Genders","228",16,"7.017500                      ",97,"42.543800                     ",95,"41.666600                     ",20,"8.771900                      ",0,"0.000000                      ",0,"0.000000                      ",0,"0.000000                      ",0,"0.000000                      ",0,"0.000000                      ",0,"0.000000                      ",0,"0.000000                      ",0,"0.000000                      ",0,"0.000000                      ",0,"0.000000                      "
"2006","71509","01","0721","9200","4C","Mid/Jr Hi ","Y","Brown Deer","Passage Middle School","Grades PreK-12","All Races","Both Genders","0",0,"--                            ",0,"--                            ",0,"--                            ",0,"--                            ",0,"--                            ",0,"--                            ",0,"--                            ",0,"--                            ",0,"--                            ",0,"--                            ",0,"--                            ",0,"--                            ",0,"--                            ",0,"--                            "
"2006","00937","01","1015","","03","Summary   ","N","Cedarburg","","Grades PreK-12","All Races","Both Genders","3125",40,"1.280000                      ",187,"5.984000                      ",202,"6.464000                      ",205,"6.560000                      ",198,"6.336000                      ",201,"6.432000                      ",215,"6.880000                      ",212,"6.784000                      ",233,"7.456000                      ",250,"8.000000                      ",293,"9.376000                      ",272,"8.704000                      ",304,"9.728000                      ",313,"10.016000                     "
"2006","00926","01","1015","0020","04","High      ","N","Cedarburg","Cedarburg High","Grades PreK-12","All Races","Both Genders","1182",0,"0.000000                      ",0,"0.000000                      ",0,"0.000000                      ",0,"0.000000                      ",0,"0.000000                      ",0,"0.000000                      ",0,"0.000000                      ",0,"0.000000                      ",0,"0.000000                      ",0,"0.000000                      ",293,"24.788400                     ",272,"23.011800                     ",304,"25.719100                     ",313,"26.480500                     "
"2006","00927","01","1015","0070","04","Elem      ","N","Cedarburg","Parkview Elementary","Grades PreK-12","All Races","Both Genders","437",40,"9.153300                      ",56,"12.814600                     ",69,"15.789400                     ",59,"13.501100                     ",73,"16.704800                     ",72,"16.475900                     ",68,"15.560600                     ",0,"0.000000                      ",0,"0.000000                      ",0,"0.000000                      ",0,"0.000000                      ",0,"0.000000                      ",0,"0.000000                      ",0,"0.000000                      "
"2006","00928","01","1015","0075","04","Elem      ","N","Cedarburg","Westlawn Elementary","Grades PreK-12","All Races","Both Genders","321",0,"0.000000                      ",60,"18.691500                     ",46,"14.330200                     ",54,"16.822400                     ",51,"15.887800                     ",50,"15.576300                     ",60,"18.691500                     ",0,"0.000000                      ",0,"0.000000                      ",0,"0.000000                      ",0,"0.000000                      ",0,"0.000000                      ",0,"0.000000                      ",0,"0.000000                      "
"2006","00929","01","1015","0090","04","Elem      ","N","Cedarburg","Thorson Elementary","Grades PreK-12","All Races","Both Genders","490",0,"0.000000                      ",71,"14.489700                     ",87,"17.755100                     ",92,"18.775500                     ",74,"15.102000                     ",79,"16.122400                     ",87,"17.755100                     ",0,"0.000000                      ",0,"0.000000                      ",0,"0.000000                      ",0,"0.000000                      ",0,"0.000000                      ",0,"0.000000                      ",0,"0.000000                      "
"2006","00930","01","1015","0100","04","Mid/Jr Hi ","N","Cedarburg","Webster Middle","Grades PreK-12","All Races","Both Genders","695",0,"0.000000                      ",0,"0.000000                      ",0,"0.000000                      ",0,"0.000000                      ",0,"0.000000                      ",0,"0.000000                      ",0,"0.000000                      ",212,"30.503500                     ",233,"33.525100                     ",250,"35.971200                     ",0,"0.000000                      ",0,"0.000000                      ",0,"0.000000                      ",0,"0.000000                      "
"2006","02684","01","1253","","03","Summary   ","N","Cudahy","","Grades PreK-12","All Races","Both Genders","2891",162,"5.603500                      ",205,"7.090900                      ",195,"6.745000                      ",202,"6.987200                      ",181,"6.260800                      ",194,"6.710400                      ",194,"6.710400                      ",214,"7.402200                      ",192,"6.641300                      ",213,"7.367600                      ",262,"9.062600                      ",258,"8.924200                      ",208,"7.194700                      ",211,"7.298500                      "
"2006","02673","01","1253","0022","04","Mid/Jr Hi ","N","Cudahy","Cudahy Middle","Grades PreK-12","All Races","Both Genders","405",0,"0.000000                      ",0,"0.000000                      ",0,"0.000000                      ",0,"0.000000                      ",0,"0.000000                      ",0,"0.000000                      ",0,"0.000000                      ",0,"0.000000                      ",192,"47.407400                     ",213,"52.592500                     ",0,"0.000000                      ",0,"0.000000                      ",0,"0.000000                      ",0,"0.000000                      "
"2006","02674","01","1253","0040","04","High      ","N","Cudahy","Cudahy High","Grades PreK-12","All Races","Both Genders","939",0,"0.000000                      ",0,"0.000000                      ",0,"0.000000                      ",0,"0.000000                      ",0,"0.000000                      ",0,"0.000000                      ",0,"0.000000                      ",0,"0.000000                      ",0,"0.000000                      ",0,"0.000000                      ",262,"27.902000                     ",258,"27.476000                     ",208,"22.151200                     ",211,"22.470700                     "
"2006","02675","01","1253","0050","04","Elem      ","N","Cudahy","Mitchell Elementary","Grades PreK-12","All Races","Both Genders","306",22,"7.189500                      ",43,"14.052200                     ",35,"11.437900                     ",30,"9.803900                      ",51,"16.666600                     ",37,"12.091500                     ",39,"12.745000                     ",49,"16.013000                     ",0,"0.000000                      ",0,"0.000000                      ",0,"0.000000                      ",0,"0.000000                      ",0,"0.000000                      ",0,"0.000000                      "
"2006","02676","01","1253","0060","04","Elem      ","N","Cudahy","Jones Elementary","Grades PreK-12","All Races","Both Genders","213",44,"20.657200                     ",24,"11.267600                     ",35,"16.431900                     ",25,"11.737000                     ",21,"9.859100                      ",19,"8.920100                      ",24,"11.267600                     ",21,"9.859100                      ",0,"0.000000                      ",0,"0.000000                      ",0,"0.000000                      ",0,"0.000000                      ",0,"0.000000                      ",0,"0.000000                      "
"2006","02677","01","1253","0080","04","Elem      ","N","Cudahy","Lincoln Elementary","Grades PreK-12","All Races","Both Genders","387",35,"9.043900                      ",52,"13.436600                     ",44,"11.369500                     ",62,"16.020600                     ",37,"9.560700                      ",50,"12.919800                     ",57,"14.728600                     ",50,"12.919800                     ",0,"0.000000                      ",0,"0.000000                      ",0,"0.000000                      ",0,"0.000000                      ",0,"0.000000                      ",0,"0.000000                      "
"2006","02678","01","1253","0120","04","Elem      ","N","Cudahy","Park View Elementary","Grades PreK-12","All Races","Both Genders","281",26,"9.252600                      ",39,"13.879000                     ",36,"12.811300                     ",42,"14.946600                     ",34,"12.099600                     ",31,"11.032000                     ",37,"13.167200                     ",36,"12.811300                     ",0,"0.000000                      ",0,"0.000000                      ",0,"0.000000                      ",0,"0.000000                      ",0,"0.000000                      ",0,"0.000000                      "
"2006","39557","01","1253","0140","04","Elem      ","N","Cudahy","Kosciuszko Elementary","Grades PreK-12","All Races","Both Genders","360",35,"9.722200                      ",47,"13.055500                     ",45,"12.500000                     ",43,"11.944400                     ",38,"10.555500                     ",57,"15.833300                     ",37,"10.277700                     ",58,"16.111100                     ",0,"0.000000                      ",0,"0.000000                      ",0,"0.000000                      ",0,"0.000000                      ",0,"0.000000                      ",0,"0.000000                      "
"2006","71510","01","1253","9200","4C","Mid/Jr Hi ","Y","Cudahy","Passage Middle School","Grades PreK-12","All Races","Both Genders","0",0,"--                            ",0,"--                            ",0,"--                            ",0,"--                            ",0,"--                            ",0,"--                            ",0,"--                            ",0,"--                            ",0,"--                            ",0,"--                            ",0,"--                            ",0,"--                            ",0,"--                            ",0,"--                            "
"2006","71539","01","1253","9801","4C","High      ","Y","Cudahy","Connects Learning Center","Grades PreK-12","All Races","Both Genders","0",0,"--                            ",0,"--                            ",0,"--                            ",0,"--                            ",0,"--                            ",0,"--                            ",0,"--                            ",0,"--                            ",0,"--                            ",0,"--                            ",0,"--                            ",0,"--                            ",0,"--                            ",0,"--                            "
"2006","03813","01","1376","","03","Summary   ","N","Kettle Moraine","","Grades PreK-12","All Races","Both Genders","4414",62,"1.404600                      ",289,"6.547300                      ",295,"6.683200                      ",303,"6.864500                      ",283,"6.411400                      ",334,"7.566800                      ",338,"7.657400                      ",329,"7.453500                      ",354,"8.019900                      ",344,"7.793300                      ",362,"8.201100                      ",360,"8.155800                      ",369,"8.359700                      ",392,"8.880800                      "
"2006","01074","01","1376","0040","04","Elem      ","N","Kettle Moraine","Cushing Elementary","Grades PreK-12","All Races","Both Genders","496",10,"2.016100                      ",76,"15.322500                     ",74,"14.919300                     ",82,"16.532200                     ",76,"15.322500                     ",81,"16.330600                     ",97,"19.556400                     ",0,"0.000000                      ",0,"0.000000                      ",0,"0.000000                      ",0,"0.000000                      ",0,"0.000000                      ",0,"0.000000                      ",0,"0.000000                      "
"2006","02775","01","1376","0060","04","Elem      ","N","Kettle Moraine","Dousman Elementary","Grades PreK-12","All Races","Both Genders","591",18,"3.045600                      ",106,"17.935700                     ",87,"14.720800                     ",97,"16.412800                     ",81,"13.705500                     ",107,"18.104900                     ",95,"16.074400                     ",0,"0.000000                      ",0,"0.000000                      ",0,"0.000000                      ",0,"0.000000                      ",0,"0.000000                      ",0,"0.000000                      ",0,"0.000000                      "
"2006","03816","01","1376","0120","04","High      ","N","Kettle Moraine","Kettle Moraine High","Grades PreK-12","All Races","Both Genders","1483",0,"0.000000                      ",0,"0.000000                      ",0,"0.000000                      ",0,"0.000000                      ",0,"0.000000                      ",0,"0.000000                      ",0,"0.000000                      ",0,"0.000000                      ",0,"0.000000                      ",0,"0.000000                      ",362,"24.409900                     ",360,"24.275100                     ",369,"24.881900                     ",392,"26.432900                     "
"2006","02776","01","1376","0140","04","Mid/Jr Hi ","N","Kettle Moraine","Kettle Moraine Middle","Grades PreK-12","All Races","Both Genders","1027",0,"0.000000                      ",0,"0.000000                      ",0,"0.000000                      ",0,"0.000000                      ",0,"0.000000                      ",0,"0.000000                      ",0,"0.000000                      ",329,"32.035000                     ",354,"34.469300                     ",344,"33.495600                     ",0,"0.000000                      ",0,"0.000000                      ",0,"0.000000                      ",0,"0.000000                      "
"2006","02937","01","1376","0160","04","Elem      ","N","Kettle Moraine","Magee Elementary","Grades PreK-12","All Races","Both Genders","277",4,"1.444000                      ",38,"13.718400                     ",43,"15.523400                     ",51,"18.411500                     ",44,"15.884400                     ",50,"18.050500                     ",47,"16.967500                     ",0,"0.000000                      ",0,"0.000000                      ",0,"0.000000                      ",0,"0.000000                      ",0,"0.000000                      ",0,"0.000000                      ",0,"0.000000                      "
"2006","03811","01","1376","0240","04","Elem      ","N","Kettle Moraine","Wales Elementary","Grades PreK-12","All Races","Both Genders","540",30,"5.555500                      ",69,"12.777700                     ",91,"16.851800                     ",73,"13.518500                     ",82,"15.185100                     ",96,"17.777700                     ",99,"18.333300                     ",0,"0.000000                      ",0,"0.000000                      ",0,"0.000000                      ",0,"0.000000                      ",0,"0.000000                      ",0,"0.000000                      ",0,"0.000000                      "
"2006","05147","01","1890","","03","Summary   ","N","Fox Point J2","","Grades PreK-12","All Races","Both Genders","954",78,"8.176100                      ",88,"9.224300                      ",88,"9.224300                      ",102,"10.691800                     ",102,"10.691800                     ",88,"9.224300                      ",102,"10.691800                     ",103,"10.796600                     ",100,"10.482100                     ",103,"10.796600                     ",0,"0.000000                      ",0,"0.000000                      ",0,"0.000000                      ",0,"0.000000                      "
"2006","05119","01","1890","0020","04","Mid/Jr Hi ","N","Fox Point J2","Bayside Middle","Grades PreK-12","All Races","Both Genders","408",0,"0.000000                      ",0,"0.000000                      ",0,"0.000000                      ",0,"0.000000                      ",0,"0.000000                      ",0,"0.000000                      ",102,"25.000000                     ",103,"25.245000                     ",100,"24.509800                     ",103,"25.245000                     ",0,"0.000000                      ",0,"0.000000                      ",0,"0.000000                      ",0,"0.000000                      "
"2006","05120","01","1890","0040","04","Elem      ","N","Fox Point J2","Stormonth Elementary","Grades PreK-12","All Races","Both Genders","546",78,"14.285700                     ",88,"16.117200                     ",88,"16.117200                     ",102,"18.681300                     ",102,"18.681300                     ",88,"16.117200                     ",0,"0.000000                      ",0,"0.000000                      ",0,"0.000000                      ",0,"0.000000                      ",0,"0.000000                      ",0,"0.000000                      ",0,"0.000000                      ",0,"0.000000                      "
"2006","04732","01","1897","","03","Summary   ","N","Maple Dale-Indian Hill","","Grades PreK-12","All Races","Both Genders","484",34,"7.024700                      ",42,"8.677600                      ",36,"7.438000                      ",45,"9.297500                      ",41,"8.471000                      ",56,"11.570200                     ",62,"12.809900                     ",56,"11.570200                     ",46,"9.504100                      ",66,"13.636300                     ",0,"0.000000                      ",0,"0.000000                      ",0,"0.000000                      ",0,"0.000000                      "
"2006","05121","01","1897","0020","04","Elem      ","N","Maple Dale-Indian Hill","Indian Hill Elementary","Grades PreK-12","All Races","Both Genders","157",34,"21.656000                     ",42,"26.751500                     ",36,"22.929900                     ",45,"28.662400                     ",0,"0.000000                      ",0,"0.000000                      ",0,"0.000000                      ",0,"0.000000                      ",0,"0.000000                      ",0,"0.000000                      ",0,"0.000000                      ",0,"0.000000                      ",0,"0.000000                      ",0,"0.000000                      "
"2006","05122","01","1897","0040","04","Mid/Jr Hi ","N","Maple Dale-Indian Hill","Maple Dale Elementary","Grades PreK-12","All Races","Both Genders","327",0,"0.000000                      ",0,"0.000000                      ",0,"0.000000                      ",0,"0.000000                      ",41,"12.538200                     ",56,"17.125300                     ",62,"18.960200                     ",56,"17.125300                     ",46,"14.067200                     ",66,"20.183400                     ",0,"0.000000                      ",0,"0.000000                      ",0,"0.000000                      ",0,"0.000000                      "
"2006","03024","01","1900","","03","Summary   ","N","Franklin Public","","Grades PreK-12","All Races","Both Genders","4079",32,"0.784500                      ",275,"6.741800                      ",308,"7.550800                      ",297,"7.281100                      ",299,"7.330200                      ",306,"7.501800                      ",291,"7.134100                      ",306,"7.501800                      ",314,"7.697900                      ",282,"6.913400                      ",342,"8.384400                      ",345,"8.457900                      ",346,"8.482400                      ",336,"8.237300                      "
"2006","03010","01","1900","0020","04","Elem      ","N","Franklin Public","Ben Franklin Elementary","Grades PreK-12","All Races","Both Genders","391",10,"2.557500                      ",44,"11.253100                     ",51,"13.043400                     ",56,"14.322200                     ",48,"12.276200                     ",71,"18.158500                     ",48,"12.276200                     ",63,"16.112500                     ",0,"0.000000                      ",0,"0.000000                      ",0,"0.000000                      ",0,"0.000000                      ",0,"0.000000                      ",0,"0.000000                      "
"2006","03011","01","1900","0040","04","Elem      ","N","Franklin Public","Country Dale Elementary","Grades PreK-12","All Races","Both Genders","401",0,"0.000000                      ",52,"12.967500                     ",45,"11.221900                     ",59,"14.713200                     ",61,"15.211900                     ",50,"12.468800                     ",65,"16.209400                     ",69,"17.206900                     ",0,"0.000000                      ",0,"0.000000                      ",0,"0.000000                      ",0,"0.000000                      ",0,"0.000000                      ",0,"0.000000                      "
"2006","03012","01","1900","0060","04","High      ","N","Franklin Public","Franklin High","Grades PreK-12","All Races","Both Genders","1369",0,"0.000000                      ",0,"0.000000                      ",0,"0.000000                      ",0,"0.000000                      ",0,"0.000000                      ",0,"0.000000                      ",0,"0.000000                      ",0,"0.000000                      ",0,"0.000000                      ",0,"0.000000                      ",342,"24.981700                     ",345,"25.200800                     ",346,"25.273900                     ",336,"24.543400                     "
"2006","03013","01","1900","0070","04","Mid/Jr Hi ","N","Franklin Public","Forest Park Middle","Grades PreK-12","All Races","Both Genders","596",0,"0.000000                      ",0,"0.000000                      ",0,"0.000000                      ",0,"0.000000                      ",0,"0.000000                      ",0,"0.000000                      ",0,"0.000000                      ",0,"0.000000                      ",314,"52.684500                     ",282,"47.315400                     ",0,"0.000000                      ",0,"0.000000                      ",0,"0.000000                      ",0,"0.000000                      "
"2006","03014","01","1900","0080","04","Elem      ","N","Franklin Public","Pleasant View Elementary","Grades PreK-12","All Races","Both Genders","466",9,"1.931300                      ",68,"14.592200                     ",66,"14.163000                     ",62,"13.304700                     ",69,"14.806800                     ",68,"14.592200                     ",63,"13.519300                     ",61,"13.090100                     ",0,"0.000000                      ",0,"0.000000                      ",0,"0.000000                      ",0,"0.000000                      ",0,"0.000000                      ",0,"0.000000                      "
"2006","03015","01","1900","0100","04","Elem      ","N","Franklin Public","Robinwood Elementary","Grades PreK-12","All Races","Both Genders","470",6,"1.276500                      ",68,"14.468000                     ",74,"15.744600                     ",74,"15.744600                     ",62,"13.191400                     ",71,"15.106300                     ",56,"11.914800                     ",59,"12.553100                     ",0,"0.000000                      ",0,"0.000000                      ",0,"0.000000                      ",0,"0.000000                      ",0,"0.000000                      ",0,"0.000000                      "
"2006","03016","01","1900","0120","04","Elem      ","N","Franklin Public","Southwood Glen Elementary","Grades PreK-12","All Races","Both Genders","386",7,"1.813400                      ",43,"11.139800                     ",72,"18.652800                     ",46,"11.917000                     ",59,"15.284900                     ",46,"11.917000                     ",59,"15.284900                     ",54,"13.989600                     ",0,"0.000000                      ",0,"0.000000                      ",0,"0.000000                      ",0,"0.000000                      ",0,"0.000000                      ",0,"0.000000                      "
"2006","71511","01","1900","9200","4C","Mid/Jr Hi ","Y","Franklin Public","Passage Middle School","Grades PreK-12","All Races","Both Genders","0",0,"--                            ",0,"--                            ",0,"--                            ",0,"--                            ",0,"--                            ",0,"--                            ",0,"--                            ",0,"--                            ",0,"--                            ",0,"--                            ",0,"--                            ",0,"--                            ",0,"--                            ",0,"--                            "
"2006","01107","01","1945","","03","Summary   ","N","Northern Ozaukee","","Grades PreK-12","All Races","Both Genders","1610",66,"4.099300                      ",117,"7.267000                      ",133,"8.260800                      ",135,"8.385000                      ",155,"9.627300                      ",130,"8.074500                      ",138,"8.571400                      ",150,"9.316700                      ",159,"9.875700                      ",149,"9.254600                      ",69,"4.285700                      ",76,"4.720400                      ",62,"3.850900                      ",71,"4.409900                      "
"2006","01101","01","1945","0040","04","Elem      ","N","Northern Ozaukee","Ozaukee Elementary","Grades PreK-12","All Races","Both Genders","324",63,"19.444400                     ",44,"13.580200                     ",53,"16.358000                     ",51,"15.740700                     ",59,"18.209800                     ",54,"16.666600                     ",0,"0.000000                      ",0,"0.000000                      ",0,"0.000000                      ",0,"0.000000                      ",0,"0.000000                      ",0,"0.000000                      ",0,"0.000000                      ",0,"0.000000                      "
"2006","01102","01","1945","0060","04","High      ","N","Northern Ozaukee","Ozaukee High","Grades PreK-12","All Races","Both Genders","267",0,"0.000000                      ",0,"0.000000                      ",0,"0.000000                      ",0,"0.000000                      ",0,"0.000000                      ",0,"0.000000                      ",0,"0.000000                      ",0,"0.000000                      ",0,"0.000000                      ",0,"0.000000                      ",58,"21.722800                     ",76,"28.464400                     ",62,"23.220900                     ",71,"26.591700                     "
"2006","01103","01","1945","0080","04","Mid/Jr Hi ","N","Northern Ozaukee","Ozaukee Middle","Grades PreK-12","All Races","Both Genders","260",0,"0.000000                      ",0,"0.000000                      ",0,"0.000000                      ",0,"0.000000                      ",0,"0.000000                      ",0,"0.000000                      ",61,"23.461500                     ",62,"23.846100                     ",66,"25.384600                     ",71,"27.307600                     ",0,"0.000000                      ",0,"0.000000                      ",0,"0.000000                      ",0,"0.000000                      "
"2006","72505","01","1945","0100","04","Elem      ","Y","Northern Ozaukee","Wisconsin Virtual Academy","Grades PreK-12","All Races","Both Genders","759",3,"0.395200                      ",73,"9.617900                      ",80,"10.540100                     ",84,"11.067100                     ",96,"12.648200                     ",76,"10.013100                     ",77,"10.144900                     ",88,"11.594200                     ",93,"12.252900                     ",78,"10.276600                     ",11,"1.449200                      ",0,"0.000000                      ",0,"0.000000                      ",0,"0.000000                      "
"2006","01142","01","2058","","03","Summary   ","N","Germantown","","Grades PreK-12","All Races","Both Genders","3841",48,"1.249600                      ",250,"6.508700                      ",256,"6.664900                      ",275,"7.159500                      ",248,"6.456600                      ",252,"6.560700                      ",293,"7.628200                      ",266,"6.925200                      ",300,"7.810400                      ",290,"7.550100                      ",375,"9.763000                      ",354,"9.216300                      ",330,"8.591500                      ",304,"7.914600                      "
"2006","01059","01","2058","0020","04","Elem      ","N","Germantown","Amy Belle Elementary","Grades PreK-12","All Races","Both Genders","393",0,"0.000000                      ",67,"17.048300                     ",65,"16.539400                     ",60,"15.267100                     ",62,"15.776000                     ",61,"15.521600                     ",78,"19.847300                     ",0,"0.000000                      ",0,"0.000000                      ",0,"0.000000                      ",0,"0.000000                      ",0,"0.000000                      ",0,"0.000000                      ",0,"0.000000                      "
"2006","01143","01","2058","0040","04","Elem      ","N","Germantown","County Line Elementary","Grades PreK-12","All Races","Both Genders","562",17,"3.024900                      ",76,"13.523100                     ",94,"16.725900                     ",106,"18.861200                     ",87,"15.480400                     ",78,"13.879000                     ",104,"18.505300                     ",0,"0.000000                      ",0,"0.000000                      ",0,"0.000000                      ",0,"0.000000                      ",0,"0.000000                      ",0,"0.000000                      ",0,"0.000000                      "
"2006","01138","01","2058","0110","04","Mid/Jr Hi ","N","Germantown","Kennedy Middle","Grades PreK-12","All Races","Both Genders","856",0,"0.000000                      ",0,"0.000000                      ",0,"0.000000                      ",0,"0.000000                      ",0,"0.000000                      ",0,"0.000000                      ",0,"0.000000                      ",266,"31.074700                     ",300,"35.046700                     ",290,"33.878500                     ",0,"0.000000                      ",0,"0.000000                      ",0,"0.000000                      ",0,"0.000000                      "
"2006","01141","01","2058","0120","04","Elem      ","N","Germantown","MacArthur Elementary","Grades PreK-12","All Races","Both Genders","412",4,"0.970800                      ",65,"15.776600                     ",67,"16.262100                     ",70,"16.990200                     ",63,"15.291200                     ",70,"16.990200                     ",73,"17.718400                     ",0,"0.000000                      ",0,"0.000000                      ",0,"0.000000                      ",0,"0.000000                      ",0,"0.000000                      ",0,"0.000000                      ",0,"0.000000                      "
"2006","01118","01","2058","0140","04","Elem      ","N","Germantown","Rockfield Elementary","Grades PreK-12","All Races","Both Genders","255",27,"10.588200                     ",42,"16.470500                     ",30,"11.764700                     ",39,"15.294100                     ",36,"14.117600                     ",43,"16.862700                     ",38,"14.901900                     ",0,"0.000000                      ",0,"0.000000                      ",0,"0.000000                      ",0,"0.000000                      ",0,"0.000000                      ",0,"0.000000                      ",0,"0.000000                      "
"2006","01139","01","2058","0180","04","High      ","N","Germantown","Germantown High","Grades PreK-12","All Races","Both Genders","1363",0,"0.000000                      ",0,"0.000000                      ",0,"0.000000                      ",0,"0.000000                      ",0,"0.000000                      ",0,"0.000000                      ",0,"0.000000                      ",0,"0.000000                      ",0,"0.000000                      ",0,"0.000000                      ",375,"27.512800                     ",354,"25.972100                     ",330,"24.211200                     ",304,"22.303700                     "
"2006","05148","01","2177","","03","Summary   ","N","Nicolet UHS","","Grades PreK-12","All Races","Both Genders","1310",0,"0.000000                      ",0,"0.000000                      ",0,"0.000000                      ",0,"0.000000                      ",0,"0.000000                      ",0,"0.000000                      ",0,"0.000000                      ",0,"0.000000                      ",0,"0.000000                      ",0,"0.000000                      ",306,"23.358700                     ",336,"25.648800                     ",344,"26.259500                     ",324,"24.732800                     "
"2006","05123","01","2177","0020","04","High      ","N","Nicolet UHS","Nicolet High","Grades PreK-12","All Races","Both Genders","1310",0,"0.000000                      ",0,"0.000000                      ",0,"0.000000                      ",0,"0.000000                      ",0,"0.000000                      ",0,"0.000000                      ",0,"0.000000                      ",0,"0.000000                      ",0,"0.000000                      ",0,"0.000000                      ",306,"23.358700                     ",336,"25.648800                     ",344,"26.259500                     ",324,"24.732800                     "
"2006","04733","01","2184","","03","Summary   ","N","Glendale-River Hills","","Grades PreK-12","All Races","Both Genders","987",81,"8.206600                      ",90,"9.118500                      ",93,"9.422400                      ",86,"8.713200                      ",84,"8.510600                      ",89,"9.017200                      ",95,"9.625100                      ",109,"11.043500                     ",135,"13.677800                     ",125,"12.664600                     ",0,"0.000000                      ",0,"0.000000                      ",0,"0.000000                      ",0,"0.000000                      "
"2006","04703","01","2184","0010","04","Mid/Jr Hi ","N","Glendale-River Hills","Glen Hills Middle","Grades PreK-12","All Races","Both Genders","464",0,"0.000000                      ",0,"0.000000                      ",0,"0.000000                      ",0,"0.000000                      ",0,"0.000000                      ",0,"0.000000                      ",95,"20.474100                     ",109,"23.491300                     ",135,"29.094800                     ",125,"26.939600                     ",0,"0.000000                      ",0,"0.000000                      ",0,"0.000000                      ",0,"0.000000                      "
"2006","04705","01","2184","0060","04","Elem      ","N","Glendale-River Hills","Parkway Elementary","Grades PreK-12","All Races","Both Genders","523",81,"15.487500                     ",90,"17.208400                     ",93,"17.782000                     ",86,"16.443500                     ",84,"16.061100                     ",89,"17.017200                     ",0,"0.000000                      ",0,"0.000000                      ",0,"0.000000                      ",0,"0.000000                      ",0,"0.000000                      ",0,"0.000000                      ",0,"0.000000                      ",0,"0.000000                      "
"2006","01156","01","2217","","03","Summary   ","N","Grafton","","Grades PreK-12","All Races","Both Genders","2046",39,"1.906100                      ",118,"5.767300                      ",131,"6.402700                      ",138,"6.744800                      ",132,"6.451600                      ",118,"5.767300                      ",143,"6.989200                      ",135,"6.598200                      ",169,"8.260000                      ",155,"7.575700                      ",202,"9.872900                      ",208,"10.166100                     ",168,"8.211100                      ",190,"9.286400                      "
"2006","01146","01","2217","0020","04","Elem      ","N","Grafton","Grafton Elementary","Grades PreK-12","All Races","Both Genders","311",30,"9.646300                      ",47,"15.112500                     ",44,"14.147900                     ",48,"15.434000                     ",50,"16.077100                     ",45,"14.469400                     ",47,"15.112500                     ",0,"0.000000                      ",0,"0.000000                      ",0,"0.000000                      ",0,"0.000000                      ",0,"0.000000                      ",0,"0.000000                      ",0,"0.000000                      "
"2006","01147","01","2217","0030","04","Elem      ","N","Grafton","Kennedy Elementary","Grades PreK-12","All Races","Both Genders","270",2,"0.740700                      ",37,"13.703700                     ",47,"17.407400                     ",44,"16.296200                     ",44,"16.296200                     ",47,"17.407400                     ",49,"18.148100                     ",0,"0.000000                      ",0,"0.000000                      ",0,"0.000000                      ",0,"0.000000                      ",0,"0.000000                      ",0,"0.000000                      ",0,"0.000000                      "
"2006","01148","01","2217","0040","04","High      ","N","Grafton","Grafton High","Grades PreK-12","All Races","Both Genders","768",0,"0.000000                      ",0,"0.000000                      ",0,"0.000000                      ",0,"0.000000                      ",0,"0.000000                      ",0,"0.000000                      ",0,"0.000000                      ",0,"0.000000                      ",0,"0.000000                      ",0,"0.000000                      ",202,"26.302000                     ",208,"27.083300                     ",168,"21.875000                     ",190,"24.739500                     "
"2006","01149","01","2217","0060","04","Mid/Jr Hi ","N","Grafton","John Long Middle","Grades PreK-12","All Races","Both Genders","459",0,"0.000000                      ",0,"0.000000                      ",0,"0.000000                      ",0,"0.000000                      ",0,"0.000000                      ",0,"0.000000                      ",0,"0.000000                      ",135,"29.411700                     ",169,"36.819100                     ",155,"33.769000                     ",0,"0.000000                      ",0,"0.000000                      ",0,"0.000000                      ",0,"0.000000                      "
"2006","01150","01","2217","0100","04","Elem      ","N","Grafton","Woodview Elementary","Grades PreK-12","All Races","Both Genders","238",7,"2.941100                      ",34,"14.285700                     ",40,"16.806700                     ",46,"19.327700                     ",38,"15.966300                     ",26,"10.924300                     ",47,"19.747800                     ",0,"0.000000                      ",0,"0.000000                      ",0,"0.000000                      ",0,"0.000000                      ",0,"0.000000                      ",0,"0.000000                      ",0,"0.000000                      "
"2006","02966","01","2296","","03","Summary   ","N","Greendale","","Grades PreK-12","All Races","Both Genders","2519",100,"3.969800                      ",124,"4.922500                      ",144,"5.716500                      ",162,"6.431100                      ",155,"6.153200                      ",203,"8.058700                      ",159,"6.312000                      ",186,"7.383800                      ",208,"8.257200                      ",199,"7.899900                      ",238,"9.448100                      ",208,"8.257200                      ",232,"9.210000                      ",201,"7.979300                      "
"2006","02955","01","2296","0040","04","Elem      ","N","Greendale","Canterbury Elementary","Grades PreK-12","All Races","Both Genders","327",3,"0.917400                      ",42,"12.844000                     ",47,"14.373000                     ",58,"17.737000                     ",54,"16.513700                     ",71,"21.712500                     ",52,"15.902100                     ",0,"0.000000                      ",0,"0.000000                      ",0,"0.000000                      ",0,"0.000000                      ",0,"0.000000                      ",0,"0.000000                      ",0,"0.000000                      "
"2006","02956","01","2296","0050","04","Elem      ","N","Greendale","College Park Elementary","Grades PreK-12","All Races","Both Genders","293",0,"0.000000                      ",38,"12.969200                     ",47,"16.040900                     ",50,"17.064800                     ",49,"16.723500                     ",58,"19.795200                     ",51,"17.406100                     ",0,"0.000000                      ",0,"0.000000                      ",0,"0.000000                      ",0,"0.000000                      ",0,"0.000000                      ",0,"0.000000                      ",0,"0.000000                      "
"2006","02957","01","2296","0060","04","High      ","N","Greendale","Greendale High","Grades PreK-12","All Races","Both Genders","879",0,"0.000000                      ",0,"0.000000                      ",0,"0.000000                      ",0,"0.000000                      ",0,"0.000000                      ",0,"0.000000                      ",0,"0.000000                      ",0,"0.000000                      ",0,"0.000000                      ",0,"0.000000                      ",238,"27.076200                     ",208,"23.663200                     ",232,"26.393600                     ",201,"22.866800                     "
"2006","02958","01","2296","0080","04","Mid/Jr Hi ","N","Greendale","Greendale Middle","Grades PreK-12","All Races","Both Genders","593",0,"0.000000                      ",0,"0.000000                      ",0,"0.000000                      ",0,"0.000000                      ",0,"0.000000                      ",0,"0.000000                      ",0,"0.000000                      ",186,"31.365900                     ",208,"35.075800                     ",199,"33.558100                     ",0,"0.000000                      ",0,"0.000000                      ",0,"0.000000                      ",0,"0.000000                      "
"2006","02959","01","2296","0100","04","Elem      ","N","Greendale","Highland View Elementary","Grades PreK-12","All Races","Both Genders","330",0,"0.000000                      ",44,"13.333300                     ",50,"15.151500                     ",54,"16.363600                     ",52,"15.757500                     ",74,"22.424200                     ",56,"16.969600                     ",0,"0.000000                      ",0,"0.000000                      ",0,"0.000000                      ",0,"0.000000                      ",0,"0.000000                      ",0,"0.000000                      ",0,"0.000000                      "
"2006","72538","01","2296","0110","04","Elem      ","Y","Greendale","Time 4 Learning Charter School","Grades PreK-12","All Races","Both Genders","97",97,"100.000000                    ",0,"0.000000                      ",0,"0.000000                      ",0,"0.000000                      ",0,"0.000000                      ",0,"0.000000                      ",0,"0.000000                      ",0,"0.000000                      ",0,"0.000000                      ",0,"0.000000                      ",0,"0.000000                      ",0,"0.000000                      ",0,"0.000000                      ",0,"0.000000                      "
"2006","05609","01","2303","","03","Summary   ","N","Greenfield","","Grades PreK-12","All Races","Both Genders","3337",164,"4.914500                      ",231,"6.922300                      ",220,"6.592700                      ",202,"6.053300                      ",195,"5.843500                      ",226,"6.772500                      ",211,"6.323000                      ",236,"7.072200                      ",236,"7.072200                      ",247,"7.401800                      ",327,"9.799200                      ",280,"8.390700                      ",289,"8.660400                      ",273,"8.181000                      "
"2006","05278","01","2303","0060","04","Elem      ","N","Greenfield","Edgewood Elementary","Grades PreK-12","All Races","Both Genders","307",40,"13.029300                     ",47,"15.309400                     ",48,"15.635100                     ",42,"13.680700                     ",40,"13.029300                     ",43,"14.006500                     ",47,"15.309400                     ",0,"0.000000                      ",0,"0.000000                      ",0,"0.000000                      ",0,"0.000000                      ",0,"0.000000                      ",0,"0.000000                      ",0,"0.000000                      "
"2006","05279","01","2303","0080","04","Elem      ","N","Greenfield","Elm Dale Elementary","Grades PreK-12","All Races","Both Genders","434",42,"9.677400                      ",70,"16.129000                     ",66,"15.207300                     ",72,"16.589800                     ",65,"14.976900                     ",68,"15.668200                     ",51,"11.751100                     ",0,"0.000000                      ",0,"0.000000                      ",0,"0.000000                      ",0,"0.000000                      ",0,"0.000000                      ",0,"0.000000                      ",0,"0.000000                      "
"2006","05280","01","2303","0100","04","Elem      ","N","Greenfield","Glenwood Elementary","Grades PreK-12","All Races","Both Genders","270",19,"7.037000                      ",44,"16.296200                     ",36,"13.333300                     ",39,"14.444400                     ",40,"14.814800                     ",51,"18.888800                     ",41,"15.185100                     ",0,"0.000000                      ",0,"0.000000                      ",0,"0.000000                      ",0,"0.000000                      ",0,"0.000000                      ",0,"0.000000                      ",0,"0.000000                      "
"2006","05281","01","2303","0120","04","High      ","N","Greenfield","Greenfield High","Grades PreK-12","All Races","Both Genders","1169",0,"0.000000                      ",0,"0.000000                      ",0,"0.000000                      ",0,"0.000000                      ",0,"0.000000                      ",0,"0.000000                      ",0,"0.000000                      ",0,"0.000000                      ",0,"0.000000                      ",0,"0.000000                      ",327,"27.972600                     ",280,"23.952000                     ",289,"24.721900                     ",273,"23.353200                     "
"2006","05312","01","2303","0130","04","Mid/Jr Hi ","N","Greenfield","Greenfield Middle","Grades PreK-12","All Races","Both Genders","719",0,"0.000000                      ",0,"0.000000                      ",0,"0.000000                      ",0,"0.000000                      ",0,"0.000000                      ",0,"0.000000                      ",0,"0.000000                      ",236,"32.823300                     ",236,"32.823300                     ",247,"34.353200                     ",0,"0.000000                      ",0,"0.000000                      ",0,"0.000000                      ",0,"0.000000                      "
"2006","05282","01","2303","0160","04","Elem      ","N","Greenfield","Maple Grove Elementary","Grades PreK-12","All Races","Both Genders","438",63,"14.383500                     ",70,"15.981700                     ",70,"15.981700                     ",49,"11.187200                     ",50,"11.415500                     ",64,"14.611800                     ",72,"16.438300                     ",0,"0.000000                      ",0,"0.000000                      ",0,"0.000000                      ",0,"0.000000                      ",0,"0.000000                      ",0,"0.000000                      ",0,"0.000000                      "
"2006","71512","01","2303","9200","4C","Mid/Jr Hi ","Y","Greenfield","Passage Middle School","Grades PreK-12","All Races","Both Genders","0",0,"--                            ",0,"--                            ",0,"--                            ",0,"--                            ",0,"--                            ",0,"--                            ",0,"--                            ",0,"--                            ",0,"--                            ",0,"--                            ",0,"--                            ",0,"--                            ",0,"--                            ",0,"--                            "
"2006","02300","01","2420","","03","Summary   ","N","Hamilton","","Grades PreK-12","All Races","Both Genders","4265",293,"6.869800                      ",319,"7.479400                      ",294,"6.893300                      ",309,"7.245000                      ",290,"6.799500                      ",291,"6.822900                      ",334,"7.831100                      ",317,"7.432500                      ",284,"6.658800                      ",296,"6.940200                      ",308,"7.221500                      ",342,"8.018700                      ",320,"7.502900                      ",268,"6.283700                      "
"2006","02293","01","2420","0040","04","High      ","N","Hamilton","Hamilton High","Grades PreK-12","All Races","Both Genders","1237",0,"0.000000                      ",0,"0.000000                      ",0,"0.000000                      ",0,"0.000000                      ",0,"0.000000                      ",0,"0.000000                      ",0,"0.000000                      ",0,"0.000000                      ",0,"0.000000                      ",0,"0.000000                      ",308,"24.898900                     ",342,"27.647500                     ",319,"25.788100                     ",268,"21.665300                     "
"2006","01579","01","2420","0060","04","Elem      ","N","Hamilton","Lannon Elementary","Grades PreK-12","All Races","Both Genders","285",0,"0.000000                      ",39,"13.684200                     ",48,"16.842100                     ",49,"17.192900                     ",39,"13.684200                     ",47,"16.491200                     ",63,"22.105200                     ",0,"0.000000                      ",0,"0.000000                      ",0,"0.000000                      ",0,"0.000000                      ",0,"0.000000                      ",0,"0.000000                      ",0,"0.000000                      "
"2006","02294","01","2420","0100","04","Elem      ","N","Hamilton","Maple Avenue Elementary","Grades PreK-12","All Races","Both Genders","495",0,"0.000000                      ",81,"16.363600                     ",75,"15.151500                     ",78,"15.757500                     ",83,"16.767600                     ",77,"15.555500                     ",101,"20.404000                     ",0,"0.000000                      ",0,"0.000000                      ",0,"0.000000                      ",0,"0.000000                      ",0,"0.000000                      ",0,"0.000000                      ",0,"0.000000                      "
"2006","01636","01","2420","0120","04","Elem      ","N","Hamilton","Marcy Elementary","Grades PreK-12","All Races","Both Genders","420",0,"0.000000                      ",89,"21.190400                     ",67,"15.952300                     ",67,"15.952300                     ",68,"16.190400                     ",63,"15.000000                     ",66,"15.714200                     ",0,"0.000000                      ",0,"0.000000                      ",0,"0.000000                      ",0,"0.000000                      ",0,"0.000000                      ",0,"0.000000                      ",0,"0.000000                      "
"2006","02295","01","2420","0130","04","Mid/Jr Hi ","N","Hamilton","Templeton Middle","Grades PreK-12","All Races","Both Genders","897",0,"0.000000                      ",0,"0.000000                      ",0,"0.000000                      ",0,"0.000000                      ",0,"0.000000                      ",0,"0.000000                      ",0,"0.000000                      ",316,"35.228500                     ",284,"31.661000                     ",296,"32.998800                     ",0,"0.000000                      ",0,"0.000000                      ",1,"0.111400                      ",0,"0.000000                      "
"2006","01637","01","2420","0140","04","Elem      ","N","Hamilton","Willow Springs Learning Center","Grades PreK-12","All Races","Both Genders","293",293,"100.000000                    ",0,"0.000000                      ",0,"0.000000                      ",0,"0.000000                      ",0,"0.000000                      ",0,"0.000000                      ",0,"0.000000                      ",0,"0.000000                      ",0,"0.000000                      ",0,"0.000000                      ",0,"0.000000                      ",0,"0.000000                      ",0,"0.000000                      ",0,"0.000000                      "
"2006","70079","01","2420","0150","04","Elem      ","N","Hamilton","Woodside Elementary","Grades PreK-12","All Races","Both Genders","638",0,"0.000000                      ",110,"17.241300                     ",104,"16.300900                     ",115,"18.025000                     ",100,"15.673900                     ",104,"16.300900                     ",104,"16.300900                     ",1,"0.156700                      ",0,"0.000000                      ",0,"0.000000                      ",0,"0.000000                      ",0,"0.000000                      ",0,"0.000000                      ",0,"0.000000                      "
"2006","71353","01","2420","9200","04","Mid/Jr Hi ","Y","Hamilton","Passage Middle School","Grades PreK-12","All Races","Both Genders","0",0,"--                            ",0,"--                            ",0,"--                            ",0,"--                            ",0,"--                            ",0,"--                            ",0,"--                            ",0,"--                            ",0,"--                            ",0,"--                            ",0,"--                            ",0,"--                            ",0,"--                            ",0,"--                            "
"2006","01323","01","2450","","03","Summary   ","N","Arrowhead UHS","","Grades PreK-12","All Races","Both Genders","2382",0,"0.000000                      ",0,"0.000000                      ",0,"0.000000                      ",0,"0.000000                      ",0,"0.000000                      ",0,"0.000000                      ",0,"0.000000                      ",0,"0.000000                      ",0,"0.000000                      ",0,"0.000000                      ",556,"23.341700                     ",639,"26.826100                     ",612,"25.692600                     ",575,"24.139300                     "
"2006","01302","01","2450","0020","04","High      ","N","Arrowhead UHS","Arrowhead High","Grades PreK-12","All Races","Both Genders","2382",0,"0.000000                      ",0,"0.000000                      ",0,"0.000000                      ",0,"0.000000                      ",0,"0.000000                      ",0,"0.000000                      ",0,"0.000000                      ",0,"0.000000                      ",0,"0.000000                      ",0,"0.000000                      ",556,"23.341700                     ",639,"26.826100                     ",612,"25.692600                     ",575,"24.139300                     "
"2006","01324","01","2460","","03","Summary   ","N","Hartland-Lakeside J3","","Grades PreK-12","All Races","Both Genders","1395",85,"6.093100                      ",131,"9.390600                      ",146,"10.465900                     ",141,"10.107500                     ",157,"11.254400                     ",147,"10.537600                     ",152,"10.896000                     ",137,"9.820700                      ",147,"10.537600                     ",152,"10.896000                     ",0,"0.000000                      ",0,"0.000000                      ",0,"0.000000                      ",0,"0.000000                      "
"2006","01303","01","2460","0020","04","Elem      ","N","Hartland-Lakeside J3","North Elementary","Grades PreK-12","All Races","Both Genders","448",33,"7.366000                      ",62,"13.839200                     ",82,"18.303500                     ",67,"14.955300                     ",68,"15.178500                     ",69,"15.401700                     ",67,"14.955300                     ",0,"0.000000                      ",0,"0.000000                      ",0,"0.000000                      ",0,"0.000000                      ",0,"0.000000                      ",0,"0.000000                      ",0,"0.000000                      "
"2006","01304","01","2460","0040","04","Elem      ","N","Hartland-Lakeside J3","South Elementary","Grades PreK-12","All Races","Both Genders","511",52,"10.176100                     ",69,"13.502900                     ",64,"12.524400                     ",74,"14.481400                     ",89,"17.416800                     ",78,"15.264100                     ",85,"16.634000                     ",0,"0.000000                      ",0,"0.000000                      ",0,"0.000000                      ",0,"0.000000                      ",0,"0.000000                      ",0,"0.000000                      ",0,"0.000000                      "
"2006","31106","01","2460","0100","04","Mid/Jr Hi ","N","Hartland-Lakeside J3","North Shore Middle","Grades PreK-12","All Races","Both Genders","436",0,"0.000000                      ",0,"0.000000                      ",0,"0.000000                      ",0,"0.000000                      ",0,"0.000000                      ",0,"0.000000                      ",0,"0.000000                      ",137,"31.422000                     ",147,"33.715500                     ",152,"34.862300                     ",0,"0.000000                      ",0,"0.000000                      ",0,"0.000000                      ",0,"0.000000                      "
"2006","03166","01","2793","","03","Summary   ","N","Kenosha","","Grades PreK-12","All Races","Both Genders","22131",840,"3.795500                      ",1652,"7.464600                      ",1693,"7.649900                      ",1583,"7.152800                      ",1488,"6.723600                      ",1578,"7.130200                      ",1585,"7.161800                      ",1636,"7.392300                      ",1581,"7.143800                      ",1679,"7.586600                      ",2076,"9.380500                      ",1744,"7.880300                      ",1705,"7.704100                      ",1291,"5.833400                      "
"2006","03065","01","2793","0050","04","Elem      ","N","Kenosha","Bose Elementary","Grades PreK-12","All Races","Both Genders","337",21,"6.231400                      ",59,"17.507400                     ",58,"17.210600                     ",51,"15.133500                     ",53,"15.727000                     ",51,"15.133500                     ",44,"13.056300                     ",0,"0.000000                      ",0,"0.000000                      ",0,"0.000000                      ",0,"0.000000                      ",0,"0.000000                      ",0,"0.000000                      ",0,"0.000000                      "
"2006","03228","01","2793","0060","04","High      ","N","Kenosha","Bradford High","Grades PreK-12","All Races","Both Genders","2268",0,"0.000000                      ",0,"0.000000                      ",0,"0.000000                      ",0,"0.000000                      ",0,"0.000000                      ",0,"0.000000                      ",0,"0.000000                      ",0,"0.000000                      ",0,"0.000000                      ",0,"0.000000                      ",695,"30.643700                     ",631,"27.821800                     ",561,"24.735400                     ",381,"16.798900                     "
"2006","39536","01","2793","0065","04","Elem      ","Y","Kenosha","Brompton School","Grades PreK-12","All Races","Both Genders","95",0,"0.000000                      ",18,"18.947300                     ",16,"16.842100                     ",18,"18.947300                     ",17,"17.894700                     ",16,"16.842100                     ",10,"10.526300                     ",0,"0.000000                      ",0,"0.000000                      ",0,"0.000000                      ",0,"0.000000                      ",0,"0.000000                      ",0,"0.000000                      ",0,"0.000000                      "
"2006","03066","01","2793","0070","04","Mid/Jr Hi ","N","Kenosha","Bullen Middle","Grades PreK-12","All Races","Both Genders","879",0,"0.000000                      ",0,"0.000000                      ",0,"0.000000                      ",0,"0.000000                      ",0,"0.000000                      ",0,"0.000000                      ",0,"0.000000                      ",308,"35.039800                     ",271,"30.830400                     ",300,"34.129600                     ",0,"0.000000                      ",0,"0.000000                      ",0,"0.000000                      ",0,"0.000000                      "
"2006","03067","01","2793","0100","04","Elem      ","N","Kenosha","Columbus Elementary","Grades PreK-12","All Races","Both Genders","239",28,"11.715400                     ",38,"15.899500                     ",38,"15.899500                     ",35,"14.644300                     ",30,"12.552300                     ",35,"14.644300                     ",35,"14.644300                     ",0,"0.000000                      ",0,"0.000000                      ",0,"0.000000                      ",0,"0.000000                      ",0,"0.000000                      ",0,"0.000000                      ",0,"0.000000                      "
"2006","03068","01","2793","0120","04","Elem      ","N","Kenosha","Durkee Elementary","Grades PreK-12","All Races","Both Genders","158",0,"0.000000                      ",25,"15.822700                     ",30,"18.987300                     ",21,"13.291100                     ",28,"17.721500                     ",24,"15.189800                     ",30,"18.987300                     ",0,"0.000000                      ",0,"0.000000                      ",0,"0.000000                      ",0,"0.000000                      ",0,"0.000000                      ",0,"0.000000                      ",0,"0.000000                      "
"2006","71193","01","2793","0130","04","Elem      ","Y","Kenosha","Dimensions of Learning Academy","Grades PreK-12","All Races","Both Genders","198",0,"0.000000                      ",18,"9.090900                      ",19,"9.595900                      ",22,"11.111100                     ",21,"10.606000                     ",22,"11.111100                     ",25,"12.626200                     ",25,"12.626200                     ",22,"11.111100                     ",24,"12.121200                     ",0,"0.000000                      ",0,"0.000000                      ",0,"0.000000                      ",0,"0.000000                      "
"2006","03069","01","2793","0140","04","Elem      ","N","Kenosha","Forest Park Elementary","Grades PreK-12","All Races","Both Genders","478",17,"3.556400                      ",79,"16.527100                     ",84,"17.573200                     ",75,"15.690300                     ",73,"15.271900                     ",83,"17.364000                     ",67,"14.016700                     ",0,"0.000000                      ",0,"0.000000                      ",0,"0.000000                      ",0,"0.000000                      ",0,"0.000000                      ",0,"0.000000                      ",0,"0.000000                      "
"2006","73004","01","2793","0150","04","Elem      ","N","Kenosha","Edward Bain School of Language and Art","Grades PreK-12","All Races","Both Genders","773",128,"16.558800                     ",122,"15.782600                     ",132,"17.076300                     ",101,"13.065900                     ",104,"13.454000                     ",90,"11.642900                     ",96,"12.419100                     ",0,"0.000000                      ",0,"0.000000                      ",0,"0.000000                      ",0,"0.000000                      ",0,"0.000000                      ",0,"0.000000                      ",0,"0.000000                      "
"2006","03070","01","2793","0160","04","Elem      ","N","Kenosha","Frank Elementary","Grades PreK-12","All Races","Both Genders","496",30,"6.048300                      ",84,"16.935400                     ",88,"17.741900                     ",83,"16.733800                     ",71,"14.314500                     ",69,"13.911200                     ",71,"14.314500                     ",0,"0.000000                      ",0,"0.000000                      ",0,"0.000000                      ",0,"0.000000                      ",0,"0.000000                      ",0,"0.000000                      ",0,"0.000000                      "
"2006","03071","01","2793","0180","04","Elem      ","N","Kenosha","Grant Elementary","Grades PreK-12","All Races","Both Genders","324",15,"4.629600                      ",51,"15.740700                     ",66,"20.370300                     ",53,"16.358000                     ",49,"15.123400                     ",45,"13.888800                     ",45,"13.888800                     ",0,"0.000000                      ",0,"0.000000                      ",0,"0.000000                      ",0,"0.000000                      ",0,"0.000000                      ",0,"0.000000                      ",0,"0.000000                      "
"2006","71849","01","2793","0215","04","Mid/Jr Hi ","N","Kenosha","Mahone Middle","Grades PreK-12","All Races","Both Genders","877",0,"0.000000                      ",0,"0.000000                      ",0,"0.000000                      ",0,"0.000000                      ",0,"0.000000                      ",0,"0.000000                      ",0,"0.000000                      ",277,"31.584900                     ",291,"33.181200                     ",309,"35.233700                     ",0,"0.000000                      ",0,"0.000000                      ",0,"0.000000                      ",0,"0.000000                      "
"2006","03072","01","2793","0220","04","Elem      ","N","Kenosha","Grewenow Elementary","Grades PreK-12","All Races","Both Genders","380",17,"4.473600                      ",75,"19.736800                     ",61,"16.052600                     ",54,"14.210500                     ",63,"16.578900                     ",53,"13.947300                     ",57,"15.000000                     ",0,"0.000000                      ",0,"0.000000                      ",0,"0.000000                      ",0,"0.000000                      ",0,"0.000000                      ",0,"0.000000                      ",0,"0.000000                      "
"2006","03073","01","2793","0240","04","Elem      ","N","Kenosha","Harvey Elementary","Grades PreK-12","All Races","Both Genders","440",45,"10.227200                     ",67,"15.227200                     ",62,"14.090900                     ",68,"15.454500                     ",65,"14.772700                     ",62,"14.090900                     ",71,"16.136300                     ",0,"0.000000                      ",0,"0.000000                      ",0,"0.000000                      ",0,"0.000000                      ",0,"0.000000                      ",0,"0.000000                      ",0,"0.000000                      "
"2006","03074","01","2793","0250","04","Elem      ","N","Kenosha","Chavez Learning Station","Grades PreK-12","All Races","Both Genders","378",378,"100.000000                    ",0,"0.000000                      ",0,"0.000000                      ",0,"0.000000                      ",0,"0.000000                      ",0,"0.000000                      ",0,"0.000000                      ",0,"0.000000                      ",0,"0.000000                      ",0,"0.000000                      ",0,"0.000000                      ",0,"0.000000                      ",0,"0.000000                      ",0,"0.000000                      "
"2006","03229","01","2793","0280","04","High      ","N","Kenosha","Hillcrest School","Grades PreK-12","All Races","Both Genders","54",0,"0.000000                      ",0,"0.000000                      ",0,"0.000000                      ",0,"0.000000                      ",0,"0.000000                      ",0,"0.000000                      ",0,"0.000000                      ",0,"0.000000                      ",0,"0.000000                      ",7,"12.962900                     ",23,"42.592500                     ",10,"18.518500                     ",8,"14.814800                     ",6,"11.111100                     "
"2006","03075","01","2793","0300","04","Elem      ","N","Kenosha","Jefferson Elementary","Grades PreK-12","All Races","Both Genders","341",19,"5.571800                      ",67,"19.648000                     ",61,"17.888500                     ",50,"14.662700                     ",47,"13.782900                     ",46,"13.489700                     ",51,"14.956000                     ",0,"0.000000                      ",0,"0.000000                      ",0,"0.000000                      ",0,"0.000000                      ",0,"0.000000                      ",0,"0.000000                      ",0,"0.000000                      "
"2006","03076","01","2793","0310","04","Elem      ","N","Kenosha","Jeffery Elementary","Grades PreK-12","All Races","Both Genders","389",0,"0.000000                      ",47,"12.082200                     ",68,"17.480700                     ",72,"18.508900                     ",69,"17.737700                     ",69,"17.737700                     ",64,"16.452400                     ",0,"0.000000                      ",0,"0.000000                      ",0,"0.000000                      ",0,"0.000000                      ",0,"0.000000                      ",0,"0.000000                      ",0,"0.000000                      "
"2006","03077","01","2793","0320","04","Mid/Jr Hi ","N","Kenosha","Lance Middle","Grades PreK-12","All Races","Both Genders","979",0,"0.000000                      ",0,"0.000000                      ",0,"0.000000                      ",0,"0.000000                      ",0,"0.000000                      ",0,"0.000000                      ",0,"0.000000                      ",343,"35.035700                     ",320,"32.686400                     ",316,"32.277800                     ",0,"0.000000                      ",0,"0.000000                      ",0,"0.000000                      ",0,"0.000000                      "
"2006","39537","01","2793","0330","04","Mid/Jr Hi ","Y","Kenosha","Paideia Academy","Grades PreK-12","All Races","Both Genders","67",0,"0.000000                      ",0,"0.000000                      ",0,"0.000000                      ",0,"0.000000                      ",0,"0.000000                      ",0,"0.000000                      ",0,"0.000000                      ",24,"35.820800                     ",23,"34.328300                     ",20,"29.850700                     ",0,"0.000000                      ",0,"0.000000                      ",0,"0.000000                      ",0,"0.000000                      "
"2006","03078","01","2793","0340","04","Elem      ","N","Kenosha","Lincoln Elementary","Grades PreK-12","All Races","Both Genders","260",12,"4.615300                      ",43,"16.538400                     ",40,"15.384600                     ",33,"12.692300                     ",42,"16.153800                     ",45,"17.307600                     ",45,"17.307600                     ",0,"0.000000                      ",0,"0.000000                      ",0,"0.000000                      ",0,"0.000000                      ",0,"0.000000                      ",0,"0.000000                      ",0,"0.000000                      "
"2006","03079","01","2793","0360","04","Mid/Jr Hi ","N","Kenosha","Lincoln Middle","Grades PreK-12","All Races","Both Genders","805",0,"0.000000                      ",0,"0.000000                      ",0,"0.000000                      ",0,"0.000000                      ",0,"0.000000                      ",0,"0.000000                      ",0,"0.000000                      ",279,"34.658300                     ",252,"31.304300                     ",274,"34.037200                     ",0,"0.000000                      ",0,"0.000000                      ",0,"0.000000                      ",0,"0.000000                      "
"2006","03080","01","2793","0380","04","Elem      ","N","Kenosha","McKinley Elementary","Grades PreK-12","All Races","Both Genders","275",0,"0.000000                      ",44,"16.000000                     ",50,"18.181800                     ",54,"19.636300                     ",38,"13.818100                     ",49,"17.818100                     ",40,"14.545400                     ",0,"0.000000                      ",0,"0.000000                      ",0,"0.000000                      ",0,"0.000000                      ",0,"0.000000                      ",0,"0.000000                      ",0,"0.000000                      "
"2006","03081","01","2793","0400","04","Mid/Jr Hi ","N","Kenosha","McKinley Middle","Grades PreK-12","All Races","Both Genders","609",0,"0.000000                      ",0,"0.000000                      ",0,"0.000000                      ",0,"0.000000                      ",0,"0.000000                      ",0,"0.000000                      ",0,"0.000000                      ",201,"33.004900                     ",196,"32.183900                     ",212,"34.811100                     ",0,"0.000000                      ",0,"0.000000                      ",0,"0.000000                      ",0,"0.000000                      "
"2006","51937","01","2793","0405","04","High      ","N","Kenosha","Kenosha House of Corrections","Grades PreK-12","All Races","Both Genders","20",0,"0.000000                      ",0,"0.000000                      ",0,"0.000000                      ",0,"0.000000                      ",0,"0.000000                      ",0,"0.000000                      ",0,"0.000000                      ",0,"0.000000                      ",0,"0.000000                      ",0,"0.000000                      ",2,"10.000000                     ",2,"10.000000                     ",10,"50.000000                     ",6,"30.000000                     "
"2006","48842","01","2793","0410","04","High      ","N","Kenosha","Indian Trail Academy","Grades PreK-12","All Races","Both Genders","1153",0,"0.000000                      ",0,"0.000000                      ",0,"0.000000                      ",0,"0.000000                      ",0,"0.000000                      ",0,"0.000000                      ",0,"0.000000                      ",0,"0.000000                      ",0,"0.000000                      ",0,"0.000000                      ",413,"35.819600                     ",298,"25.845600                     ",246,"21.335600                     ",196,"16.999100                     "
"2006","03082","01","2793","0420","04","Elem      ","N","Kenosha","Pleasant Prairie Elementary","Grades PreK-12","All Races","Both Genders","694",0,"0.000000                      ",111,"15.994200                     ",122,"17.579200                     ",112,"16.138300                     ",93,"13.400500                     ",138,"19.884700                     ",118,"17.002800                     ",0,"0.000000                      ",0,"0.000000                      ",0,"0.000000                      ",0,"0.000000                      ",0,"0.000000                      ",0,"0.000000                      ",0,"0.000000                      "
"2006","03083","01","2793","0440","04","Elem      ","N","Kenosha","Prairie Lane Elementary","Grades PreK-12","All Races","Both Genders","416",0,"0.000000                      ",73,"17.548000                     ",79,"18.990300                     ",73,"17.548000                     ",49,"11.778800                     ",75,"18.028800                     ",67,"16.105700                     ",0,"0.000000                      ",0,"0.000000                      ",0,"0.000000                      ",0,"0.000000                      ",0,"0.000000                      ",0,"0.000000                      ",0,"0.000000                      "
"2006","03084","01","2793","0450","04","High      ","N","Kenosha","Reuther Central High","Grades PreK-12","All Races","Both Genders","625",0,"0.000000                      ",0,"0.000000                      ",0,"0.000000                      ",0,"0.000000                      ",0,"0.000000                      ",0,"0.000000                      ",0,"0.000000                      ",0,"0.000000                      ",0,"0.000000                      ",0,"0.000000                      ",125,"20.000000                     ",127,"20.320000                     ",213,"34.080000                     ",160,"25.600000                     "
"2006","03085","01","2793","0460","04","Elem      ","N","Kenosha","Roosevelt Elementary","Grades PreK-12","All Races","Both Genders","396",0,"0.000000                      ",47,"11.868600                     ",60,"15.151500                     ",64,"16.161600                     ",68,"17.171700                     ",74,"18.686800                     ",83,"20.959500                     ",0,"0.000000                      ",0,"0.000000                      ",0,"0.000000                      ",0,"0.000000                      ",0,"0.000000                      ",0,"0.000000                      ",0,"0.000000                      "
"2006","51703","01","2793","0480","04","High      ","N","Kenosha","Lakeview Technology Academy","Grades PreK-12","All Races","Both Genders","311",0,"0.000000                      ",0,"0.000000                      ",0,"0.000000                      ",0,"0.000000                      ",0,"0.000000                      ",0,"0.000000                      ",0,"0.000000                      ",0,"0.000000                      ",0,"0.000000                      ",0,"0.000000                      ",110,"35.369700                     ",80,"25.723400                     ",74,"23.794200                     ",47,"15.112500                     "
"2006","03301","01","2793","0500","04","Elem      ","N","Kenosha","Somers Elementary","Grades PreK-12","All Races","Both Genders","602",0,"0.000000                      ",106,"17.607900                     ",116,"19.269100                     ",98,"16.279000                     ",108,"17.940100                     ",79,"13.122900                     ",95,"15.780700                     ",0,"0.000000                      ",0,"0.000000                      ",0,"0.000000                      ",0,"0.000000                      ",0,"0.000000                      ",0,"0.000000                      ",0,"0.000000                      "
"2006","03086","01","2793","0520","04","Elem      ","N","Kenosha","Southport Elementary","Grades PreK-12","All Races","Both Genders","457",18,"3.938700                      ",72,"15.754900                     ",77,"16.849000                     ",73,"15.973700                     ",71,"15.536100                     ",77,"16.849000                     ",69,"15.098400                     ",0,"0.000000                      ",0,"0.000000                      ",0,"0.000000                      ",0,"0.000000                      ",0,"0.000000                      ",0,"0.000000                      ",0,"0.000000                      "
"2006","03230","01","2793","0530","04","Elem      ","N","Kenosha","Stocker Elementary","Grades PreK-12","All Races","Both Genders","606",0,"0.000000                      ",117,"19.306900                     ",98,"16.171600                     ",98,"16.171600                     ",99,"16.336600                     ",104,"17.161700                     ",90,"14.851400                     ",0,"0.000000                      ",0,"0.000000                      ",0,"0.000000                      ",0,"0.000000                      ",0,"0.000000                      ",0,"0.000000                      ",0,"0.000000                      "
"2006","03087","01","2793","0540","04","Elem      ","N","Kenosha","Strange Elementary","Grades PreK-12","All Races","Both Genders","517",36,"6.963200                      ",83,"16.054100                     ",90,"17.408100                     ",103,"19.922600                     ",68,"13.152800                     ",59,"11.411900                     ",78,"15.087000                     ",0,"0.000000                      ",0,"0.000000                      ",0,"0.000000                      ",0,"0.000000                      ",0,"0.000000                      ",0,"0.000000                      ",0,"0.000000                      "
"2006","03088","01","2793","0580","04","High      ","N","Kenosha","Tremper High","Grades PreK-12","All Races","Both Genders","2392",0,"0.000000                      ",0,"0.000000                      ",0,"0.000000                      ",0,"0.000000                      ",0,"0.000000                      ",0,"0.000000                      ",0,"0.000000                      ",0,"0.000000                      ",0,"0.000000                      ",0,"0.000000                      ",708,"29.598600                     ",596,"24.916300                     ",593,"24.790900                     ",495,"20.693900                     "
"2006","03089","01","2793","0600","04","Elem      ","N","Kenosha","Vernon Elementary","Grades PreK-12","All Races","Both Genders","477",10,"2.096400                      ",84,"17.610000                     ",71,"14.884600                     ",71,"14.884600                     ",64,"13.417100                     ",86,"18.029300                     ",91,"19.077500                     ",0,"0.000000                      ",0,"0.000000                      ",0,"0.000000                      ",0,"0.000000                      ",0,"0.000000                      ",0,"0.000000                      ",0,"0.000000                      "
"2006","03090","01","2793","0640","04","Mid/Jr Hi ","N","Kenosha","Washington Middle","Grades PreK-12","All Races","Both Genders","602",0,"0.000000                      ",0,"0.000000                      ",0,"0.000000                      ",0,"0.000000                      ",0,"0.000000                      ",0,"0.000000                      ",0,"0.000000                      ",179,"29.734200                     ",206,"34.219200                     ",217,"36.046500                     ",0,"0.000000                      ",0,"0.000000                      ",0,"0.000000                      ",0,"0.000000                      "
"2006","03091","01","2793","0680","04","Elem      ","N","Kenosha","Whittier Elementary","Grades PreK-12","All Races","Both Genders","540",66,"12.222200                     ",71,"13.148100                     ",64,"11.851800                     ",78,"14.444400                     ",64,"11.851800                     ",94,"17.407400                     ",103,"19.074000                     ",0,"0.000000                      ",0,"0.000000                      ",0,"0.000000                      ",0,"0.000000                      ",0,"0.000000                      ",0,"0.000000                      ",0,"0.000000                      "
"2006","03092","01","2793","0700","04","Elem      ","N","Kenosha","Wilson Elementary","Grades PreK-12","All Races","Both Genders","224",0,"0.000000                      ",51,"22.767800                     ",43,"19.196400                     ",23,"10.267800                     ",34,"15.178500                     ",33,"14.732100                     ",40,"17.857100                     ",0,"0.000000                      ",0,"0.000000                      ",0,"0.000000                      ",0,"0.000000                      ",0,"0.000000                      ",0,"0.000000                      ",0,"0.000000                      "
"2006","02301","01","3122","","03","Summary   ","N","Richmond","","Grades PreK-12","All Races","Both Genders","455",30,"6.593400                      ",45,"9.890100                      ",36,"7.912000                      ",34,"7.472500                      ",51,"11.208700                     ",51,"11.208700                     ",46,"10.109800                     ",57,"12.527400                     ",51,"11.208700                     ",54,"11.868100                     ",0,"0.000000                      ",0,"0.000000                      ",0,"0.000000                      ",0,"0.000000                      "
"2006","02296","01","3122","0020","04","Elem      ","N","Richmond","Richmond Elementary","Grades PreK-12","All Races","Both Genders","455",30,"6.593400                      ",45,"9.890100                      ",36,"7.912000                      ",34,"7.472500                      ",51,"11.208700                     ",51,"11.208700                     ",46,"10.109800                     ",57,"12.527400                     ",51,"11.208700                     ",54,"11.868100                     ",0,"0.000000                      ",0,"0.000000                      ",0,"0.000000                      ",0,"0.000000                      "
"2006","01655","01","3437","","03","Summary   ","N","Menomonee Falls","","Grades PreK-12","All Races","Both Genders","4539",51,"1.123500                      ",272,"5.992500                      ",294,"6.477100                      ",287,"6.322900                      ",336,"7.402500                      ",346,"7.622800                      ",327,"7.204200                      ",341,"7.512600                      ",346,"7.622800                      ",344,"7.578700                      ",409,"9.010700                      ",396,"8.724300                      ",424,"9.341200                      ",366,"8.063400                      "
"2006","01638","01","3437","0040","04","Elem      ","N","Menomonee Falls","Benjamin Franklin Elementary","Grades PreK-12","All Races","Both Genders","868",25,"2.880100                      ",123,"14.170500                     ",143,"16.474600                     ",138,"15.898600                     ",153,"17.626700                     ",147,"16.935400                     ",139,"16.013800                     ",0,"0.000000                      ",0,"0.000000                      ",0,"0.000000                      ",0,"0.000000                      ",0,"0.000000                      ",0,"0.000000                      ",0,"0.000000                      "
"2006","26905","01","3437","0065","04","Elem      ","N","Menomonee Falls","Riverside Elementary","Grades PreK-12","All Races","Both Genders","321",7,"2.180600                      ",45,"14.018600                     ",45,"14.018600                     ",41,"12.772500                     ",61,"19.003100                     ",64,"19.937600                     ",58,"18.068500                     ",0,"0.000000                      ",0,"0.000000                      ",0,"0.000000                      ",0,"0.000000                      ",0,"0.000000                      ",0,"0.000000                      ",0,"0.000000                      "
"2006","26906","01","3437","0085","04","Elem      ","N","Menomonee Falls","Valley View Elementary","Grades PreK-12","All Races","Both Genders","316",6,"1.898700                      ",33,"10.443000                     ",44,"13.924000                     ",46,"14.556900                     ",59,"18.670800                     ",63,"19.936700                     ",65,"20.569600                     ",0,"0.000000                      ",0,"0.000000                      ",0,"0.000000                      ",0,"0.000000                      ",0,"0.000000                      ",0,"0.000000                      ",0,"0.000000                      "
"2006","01639","01","3437","0110","04","High      ","N","Menomonee Falls","Menomonee Falls High","Grades PreK-12","All Races","Both Genders","1186",0,"0.000000                      ",0,"0.000000                      ",0,"0.000000                      ",0,"0.000000                      ",0,"0.000000                      ",0,"0.000000                      ",0,"0.000000                      ",0,"0.000000                      ",0,"0.000000                      ",0,"0.000000                      ",0,"0.000000                      ",396,"33.389500                     ",424,"35.750400                     ",366,"30.860000                     "
"2006","01640","01","3437","0120","04","Mid/Jr Hi ","N","Menomonee Falls","North Junior High School Campus","Grades PreK-12","All Races","Both Genders","753",0,"0.000000                      ",0,"0.000000                      ",0,"0.000000                      ",0,"0.000000                      ",0,"0.000000                      ",0,"0.000000                      ",0,"0.000000                      ",0,"0.000000                      ",0,"0.000000                      ",344,"45.683900                     ",409,"54.316000                     ",0,"0.000000                      ",0,"0.000000                      ",0,"0.000000                      "
"2006","01641","01","3437","0200","04","Elem      ","N","Menomonee Falls","Shady Lane Elementary","Grades PreK-12","All Races","Both Genders","408",13,"3.186200                      ",71,"17.401900                     ",62,"15.196000                     ",62,"15.196000                     ",63,"15.441100                     ",72,"17.647000                     ",65,"15.931300                     ",0,"0.000000                      ",0,"0.000000                      ",0,"0.000000                      ",0,"0.000000                      ",0,"0.000000                      ",0,"0.000000                      ",0,"0.000000                      "
"2006","01642","01","3437","0220","04","Mid/Jr Hi ","N","Menomonee Falls","Thomas Jefferson Middle","Grades PreK-12","All Races","Both Genders","687",0,"0.000000                      ",0,"0.000000                      ",0,"0.000000                      ",0,"0.000000                      ",0,"0.000000                      ",0,"0.000000                      ",0,"0.000000                      ",341,"49.636000                     ",346,"50.363900                     ",0,"0.000000                      ",0,"0.000000                      ",0,"0.000000                      ",0,"0.000000                      ",0,"0.000000                      "
"2006","02341","01","3479","","03","Summary   ","N","Mequon-Thiensville","","Grades PreK-12","All Races","Both Genders","4022",28,"0.696100                      ",233,"5.793100                      ",238,"5.917400                      ",248,"6.166000                      ",238,"5.917400                      ",251,"6.240600                      ",260,"6.464400                      ",267,"6.638400                      ",335,"8.329100                      ",308,"7.657800                      ",392,"9.746300                      ",404,"10.044700                     ",431,"10.716000                     ",389,"9.671800                      "
"2006","02329","01","3479","0020","04","Elem      ","N","Mequon-Thiensville","Donges Bay Elementary","Grades PreK-12","All Races","Both Genders","517",10,"1.934200                      ",76,"14.700100                     ",71,"13.733000                     ",79,"15.280400                     ",81,"15.667300                     ",106,"20.502900                     ",94,"18.181800                     ",0,"0.000000                      ",0,"0.000000                      ",0,"0.000000                      ",0,"0.000000                      ",0,"0.000000                      ",0,"0.000000                      ",0,"0.000000                      "
"2006","02330","01","3479","0060","04","High      ","N","Mequon-Thiensville","Homestead High","Grades PreK-12","All Races","Both Genders","1616",0,"0.000000                      ",0,"0.000000                      ",0,"0.000000                      ",0,"0.000000                      ",0,"0.000000                      ",0,"0.000000                      ",0,"0.000000                      ",0,"0.000000                      ",0,"0.000000                      ",0,"0.000000                      ",392,"24.257400                     ",404,"25.000000                     ",431,"26.670700                     ",389,"24.071700                     "
"2006","02331","01","3479","0080","04","Mid/Jr Hi ","N","Mequon-Thiensville","Lake Shore Middle","Grades PreK-12","All Races","Both Genders","432",0,"0.000000                      ",0,"0.000000                      ",0,"0.000000                      ",0,"0.000000                      ",0,"0.000000                      ",0,"0.000000                      ",0,"0.000000                      ",130,"30.092500                     ",152,"35.185100                     ",150,"34.722200                     ",0,"0.000000                      ",0,"0.000000                      ",0,"0.000000                      ",0,"0.000000                      "
"2006","02541","01","3479","0100","04","Elem      ","N","Mequon-Thiensville","Oriole Lane Elementary","Grades PreK-12","All Races","Both Genders","449",0,"0.000000                      ",63,"14.031100                     ",84,"18.708200                     ",71,"15.812900                     ",83,"18.485500                     ",72,"16.035600                     ",76,"16.926500                     ",0,"0.000000                      ",0,"0.000000                      ",0,"0.000000                      ",0,"0.000000                      ",0,"0.000000                      ",0,"0.000000                      ",0,"0.000000                      "
"2006","02333","01","3479","0140","04","Mid/Jr Hi ","N","Mequon-Thiensville","Steffen Middle","Grades PreK-12","All Races","Both Genders","478",0,"0.000000                      ",0,"0.000000                      ",0,"0.000000                      ",0,"0.000000                      ",0,"0.000000                      ",0,"0.000000                      ",0,"0.000000                      ",137,"28.661000                     ",183,"38.284500                     ",158,"33.054300                     ",0,"0.000000                      ",0,"0.000000                      ",0,"0.000000                      ",0,"0.000000                      "
"2006","02334","01","3479","0160","04","Elem      ","N","Mequon-Thiensville","Wilson Elementary","Grades PreK-12","All Races","Both Genders","530",18,"3.396200                      ",94,"17.735800                     ",83,"15.660300                     ",98,"18.490500                     ",74,"13.962200                     ",73,"13.773500                     ",90,"16.981100                     ",0,"0.000000                      ",0,"0.000000                      ",0,"0.000000                      ",0,"0.000000                      ",0,"0.000000                      ",0,"0.000000                      ",0,"0.000000                      "
"2006","01325","01","3510","","03","Summary   ","N","Swallow","","Grades PreK-12","All Races","Both Genders","444",0,"0.000000                      ",51,"11.486400                     ",47,"10.585500                     ",47,"10.585500                     ",58,"13.063000                     ",43,"9.684600                      ",46,"10.360300                     ",48,"10.810800                     ",51,"11.486400                     ",53,"11.936900                     ",0,"0.000000                      ",0,"0.000000                      ",0,"0.000000                      ",0,"0.000000                      "
"2006","01306","01","3510","0020","04","Elem      ","N","Swallow","Swallow Elementary","Grades PreK-12","All Races","Both Genders","444",0,"0.000000                      ",51,"11.486400                     ",47,"10.585500                     ",47,"10.585500                     ",58,"13.063000                     ",43,"9.684600                      ",46,"10.360300                     ",48,"10.810800                     ",51,"11.486400                     ",53,"11.936900                     ",0,"0.000000                      ",0,"0.000000                      ",0,"0.000000                      ",0,"0.000000                      "
"2006","01763","01","3514","","03","Summary   ","N","North Lake","","Grades PreK-12","All Races","Both Genders","369",27,"7.317000                      ",32,"8.672000                      ",35,"9.485000                      ",30,"8.130000                      ",33,"8.943000                      ",47,"12.737100                     ",45,"12.195100                     ",35,"9.485000                      ",41,"11.111100                     ",44,"11.924100                     ",0,"0.000000                      ",0,"0.000000                      ",0,"0.000000                      ",0,"0.000000                      "
"2006","01762","01","3514","0020","04","Elem      ","N","North Lake","North Lake Elementary","Grades PreK-12","All Races","Both Genders","369",27,"7.317000                      ",32,"8.672000                      ",35,"9.485000                      ",30,"8.130000                      ",33,"8.943000                      ",47,"12.737100                     ",45,"12.195100                     ",35,"9.485000                      ",41,"11.111100                     ",44,"11.924100                     ",0,"0.000000                      ",0,"0.000000                      ",0,"0.000000                      ",0,"0.000000                      "
"2006","01702","01","3528","","03","Summary   ","N","Merton Community","","Grades PreK-12","All Races","Both Genders","952",89,"9.348700                      ",98,"10.294100                     ",85,"8.928500                      ",92,"9.663800                      ",105,"11.029400                     ",88,"9.243600                      ",102,"10.714200                     ",92,"9.663800                      ",92,"9.663800                      ",109,"11.449500                     ",0,"0.000000                      ",0,"0.000000                      ",0,"0.000000                      ",0,"0.000000                      "
"2006","01700","01","3528","0020","04","Elem      ","N","Merton Community","Merton Intermediate","Grades PreK-12","All Races","Both Genders","483",0,"0.000000                      ",0,"0.000000                      ",0,"0.000000                      ",0,"0.000000                      ",0,"0.000000                      ",88,"18.219400                     ",102,"21.118000                     ",92,"19.047600                     ",92,"19.047600                     ",109,"22.567200                     ",0,"0.000000                      ",0,"0.000000                      ",0,"0.000000                      ",0,"0.000000                      "
"2006","30881","01","3528","0040","04","Elem      ","N","Merton Community","Merton Primary","Grades PreK-12","All Races","Both Genders","469",89,"18.976500                     ",98,"20.895500                     ",85,"18.123600                     ",92,"19.616200                     ",105,"22.388000                     ",0,"0.000000                      ",0,"0.000000                      ",0,"0.000000                      ",0,"0.000000                      ",0,"0.000000                      ",0,"0.000000                      ",0,"0.000000                      ",0,"0.000000                      ",0,"0.000000                      "
"2006","01807","01","3542","","03","Summary   ","N","Stone Bank","","Grades PreK-12","All Races","Both Genders","351",0,"0.000000                      ",34,"9.686600                      ",42,"11.965800                     ",36,"10.256400                     ",37,"10.541300                     ",42,"11.965800                     ",34,"9.686600                      ",39,"11.111100                     ",42,"11.965800                     ",45,"12.820500                     ",0,"0.000000                      ",0,"0.000000                      ",0,"0.000000                      ",0,"0.000000                      "
"2006","01791","01","3542","0020","04","Elem      ","N","Stone Bank","Stone Bank Elementary","Grades PreK-12","All Races","Both Genders","351",0,"0.000000                      ",34,"9.686600                      ",42,"11.965800                     ",36,"10.256400                     ",37,"10.541300                     ",42,"11.965800                     ",34,"9.686600                      ",39,"11.111100                     ",42,"11.965800                     ",45,"12.820500                     ",0,"0.000000                      ",0,"0.000000                      ",0,"0.000000                      ",0,"0.000000                      "
"2006","04387","01","3619","","03","Summary   ","N","Milwaukee","","Grades PreK-12","All Races","Both Genders","92388",7376,"7.983700                      ",6657,"7.205400                      ",6815,"7.376400                      ",6568,"7.109100                      ",6227,"6.740000                      ",6447,"6.978100                      ",6357,"6.880700                      ",6527,"7.064700                      ",6590,"7.132900                      ",6870,"7.436000                      ",9072,"9.819400                      ",6462,"6.994400                      ",5807,"6.285400                      ",4613,"4.993000                      "
"2006","04922","01","3619","0003","04","High      ","Y","Milwaukee","Juneau Business High School","Grades PreK-12","All Races","Both Genders","914",0,"0.000000                      ",0,"0.000000                      ",0,"0.000000                      ",0,"0.000000                      ",0,"0.000000                      ",0,"0.000000                      ",0,"0.000000                      ",0,"0.000000                      ",0,"0.000000                      ",0,"0.000000                      ",339,"37.089700                     ",248,"27.133400                     ",160,"17.505400                     ",167,"18.271300                     "
"2006","04394","01","3619","0006","04","Mid/Jr Hi ","N","Milwaukee","Lincoln Middle School of the Arts","Grades PreK-12","All Races","Both Genders","840",0,"0.000000                      ",0,"0.000000                      ",0,"0.000000                      ",0,"0.000000                      ",0,"0.000000                      ",0,"0.000000                      ",0,"0.000000                      ",295,"35.119000                     ",280,"33.333300                     ",265,"31.547600                     ",0,"0.000000                      ",0,"0.000000                      ",0,"0.000000                      ",0,"0.000000                      "
"2006","05088","01","3619","0008","04","High      ","N","Milwaukee","Marshall High","Grades PreK-12","All Races","Both Genders","497",0,"0.000000                      ",0,"0.000000                      ",0,"0.000000                      ",0,"0.000000                      ",0,"0.000000                      ",0,"0.000000                      ",0,"0.000000                      ",0,"0.000000                      ",0,"0.000000                      ",0,"0.000000                      ",21,"4.225300                      ",173,"34.808800                     ",167,"33.601600                     ",136,"27.364100                     "
"2006","04584","01","3619","0012","04","High      ","N","Milwaukee","Bay View High","Grades PreK-12","All Races","Both Genders","1701",0,"0.000000                      ",0,"0.000000                      ",0,"0.000000                      ",0,"0.000000                      ",0,"0.000000                      ",0,"0.000000                      ",0,"0.000000                      ",0,"0.000000                      ",0,"0.000000                      ",0,"0.000000                      ",681,"40.035200                     ",398,"23.398000                     ",353,"20.752400                     ",269,"15.814200                     "
"2006","04484","01","3619","0014","04","High      ","N","Milwaukee","Bradley Technology & Trade High","Grades PreK-12","All Races","Both Genders","1533",0,"0.000000                      ",0,"0.000000                      ",0,"0.000000                      ",0,"0.000000                      ",0,"0.000000                      ",0,"0.000000                      ",0,"0.000000                      ",0,"0.000000                      ",0,"0.000000                      ",0,"0.000000                      ",584,"38.095200                     ",384,"25.048900                     ",320,"20.874100                     ",245,"15.981700                     "
"2006","04706","01","3619","0016","04","High      ","N","Milwaukee","Custer High","Grades PreK-12","All Races","Both Genders","1128",0,"0.000000                      ",0,"0.000000                      ",0,"0.000000                      ",0,"0.000000                      ",0,"0.000000                      ",0,"0.000000                      ",0,"0.000000                      ",0,"0.000000                      ",0,"0.000000                      ",0,"0.000000                      ",429,"38.031900                     ",275,"24.379400                     ",245,"21.719800                     ",179,"15.868700                     "
"2006","05283","01","3619","0018","04","High      ","N","Milwaukee","Hamilton High","Grades PreK-12","All Races","Both Genders","2203",0,"0.000000                      ",0,"0.000000                      ",0,"0.000000                      ",0,"0.000000                      ",0,"0.000000                      ",0,"0.000000                      ",0,"0.000000                      ",0,"0.000000                      ",0,"0.000000                      ",0,"0.000000                      ",722,"32.773400                     ",620,"28.143400                     ",476,"21.606800                     ",385,"17.476100                     "
"2006","04707","01","3619","0020","04","High      ","N","Milwaukee","King High","Grades PreK-12","All Races","Both Genders","1474",0,"0.000000                      ",0,"0.000000                      ",0,"0.000000                      ",0,"0.000000                      ",0,"0.000000                      ",0,"0.000000                      ",0,"0.000000                      ",0,"0.000000                      ",0,"0.000000                      ",0,"0.000000                      ",399,"27.069100                     ",409,"27.747600                     ",355,"24.084100                     ",311,"21.099000                     "
"2006","05228","01","3619","0022","04","High      ","N","Milwaukee","Madison High","Grades PreK-12","All Races","Both Genders","1507",0,"0.000000                      ",0,"0.000000                      ",0,"0.000000                      ",0,"0.000000                      ",0,"0.000000                      ",0,"0.000000                      ",0,"0.000000                      ",0,"0.000000                      ",0,"0.000000                      ",0,"0.000000                      ",492,"32.647600                     ",428,"28.400700                     ",348,"23.092200                     ",239,"15.859300                     "
"2006","26964","01","3619","0023","04","High      ","Y","Milwaukee","Milwaukee School of Entrepreneurship","Grades PreK-12","All Races","Both Genders","186",0,"0.000000                      ",0,"0.000000                      ",0,"0.000000                      ",0,"0.000000                      ",0,"0.000000                      ",0,"0.000000                      ",0,"0.000000                      ",0,"0.000000                      ",0,"0.000000                      ",0,"0.000000                      ",0,"0.000000                      ",0,"0.000000                      ",90,"48.387000                     ",96,"51.612900                     "
"2006","04557","01","3619","0024","04","High      ","N","Milwaukee","North Division High-12th Gr","Grades PreK-12","All Races","Both Genders","92",0,"0.000000                      ",0,"0.000000                      ",0,"0.000000                      ",0,"0.000000                      ",0,"0.000000                      ",0,"0.000000                      ",0,"0.000000                      ",0,"0.000000                      ",0,"0.000000                      ",0,"0.000000                      ",0,"0.000000                      ",0,"0.000000                      ",0,"0.000000                      ",92,"100.000000                    "
"2006","05040","01","3619","0026","04","High      ","N","Milwaukee","Pulaski High","Grades PreK-12","All Races","Both Genders","1560",0,"0.000000                      ",0,"0.000000                      ",0,"0.000000                      ",0,"0.000000                      ",0,"0.000000                      ",0,"0.000000                      ",0,"0.000000                      ",0,"0.000000                      ",0,"0.000000                      ",0,"0.000000                      ",624,"40.000000                     ",350,"22.435800                     ",332,"21.282000                     ",254,"16.282000                     "
"2006","26965","01","3619","0027","04","High      ","N","Milwaukee","New School for Community Services","Grades PreK-12","All Races","Both Genders","134",0,"0.000000                      ",0,"0.000000                      ",0,"0.000000                      ",0,"0.000000                      ",0,"0.000000                      ",0,"0.000000                      ",0,"0.000000                      ",0,"0.000000                      ",0,"0.000000                      ",0,"0.000000                      ",0,"0.000000                      ",0,"0.000000                      ",58,"43.283500                     ",76,"56.716400                     "
"2006","04810","01","3619","0029","04","High      ","N","Milwaukee","Riverside High","Grades PreK-12","All Races","Both Genders","1561",0,"0.000000                      ",0,"0.000000                      ",0,"0.000000                      ",0,"0.000000                      ",0,"0.000000                      ",0,"0.000000                      ",0,"0.000000                      ",0,"0.000000                      ",0,"0.000000                      ",0,"0.000000                      ",459,"29.404200                     ",356,"22.805800                     ",389,"24.919900                     ",357,"22.869900                     "
"2006","04485","01","3619","0032","04","High      ","N","Milwaukee","South Division High","Grades PreK-12","All Races","Both Genders","1431",0,"0.000000                      ",0,"0.000000                      ",0,"0.000000                      ",0,"0.000000                      ",0,"0.000000                      ",0,"0.000000                      ",0,"0.000000                      ",0,"0.000000                      ",0,"0.000000                      ",0,"0.000000                      ",532,"37.176700                     ",252,"17.610000                     ",380,"26.554800                     ",267,"18.658200                     "
"2006","05454","01","3619","0033","04","High      ","N","Milwaukee","Vincent High","Grades PreK-12","All Races","Both Genders","1598",0,"0.000000                      ",0,"0.000000                      ",0,"0.000000                      ",0,"0.000000                      ",0,"0.000000                      ",0,"0.000000                      ",0,"0.000000                      ",0,"0.000000                      ",0,"0.000000                      ",0,"0.000000                      ",566,"35.419200                     ",397,"24.843500                     ",373,"23.341600                     ",262,"16.395400                     "
"2006","05624","01","3619","0038","04","High      ","N","Milwaukee","Milwaukee High School of the Arts","Grades PreK-12","All Races","Both Genders","941",0,"0.000000                      ",0,"0.000000                      ",0,"0.000000                      ",0,"0.000000                      ",0,"0.000000                      ",0,"0.000000                      ",0,"0.000000                      ",0,"0.000000                      ",0,"0.000000                      ",0,"0.000000                      ",235,"24.973400                     ",269,"28.586600                     ",239,"25.398500                     ",198,"21.041400                     "
"2006","05041","01","3619","0041","04","Mid/Jr Hi ","Y","Milwaukee","Audubon Technology & Communication","Grades PreK-12","All Races","Both Genders","861",0,"0.000000                      ",0,"0.000000                      ",0,"0.000000                      ",0,"0.000000                      ",0,"0.000000                      ",0,"0.000000                      ",0,"0.000000                      ",235,"27.293800                     ",294,"34.146300                     ",332,"38.559800                     ",0,"0.000000                      ",0,"0.000000                      ",0,"0.000000                      ",0,"0.000000                      "
"2006","05284","01","3619","0044","04","Mid/Jr Hi ","N","Milwaukee","Bell Middle","Grades PreK-12","All Races","Both Genders","618",0,"0.000000                      ",0,"0.000000                      ",0,"0.000000                      ",0,"0.000000                      ",0,"0.000000                      ",0,"0.000000                      ",0,"0.000000                      ",153,"24.757200                     ",212,"34.304200                     ",253,"40.938500                     ",0,"0.000000                      ",0,"0.000000                      ",0,"0.000000                      ",0,"0.000000                      "
"2006","05410","01","3619","0045","04","Mid/Jr Hi ","N","Milwaukee","Burroughs Middle","Grades PreK-12","All Races","Both Genders","676",0,"0.000000                      ",0,"0.000000                      ",0,"0.000000                      ",0,"0.000000                      ",0,"0.000000                      ",0,"0.000000                      ",0,"0.000000                      ",148,"21.893400                     ",215,"31.804700                     ",313,"46.301700                     ",0,"0.000000                      ",0,"0.000000                      ",0,"0.000000                      ",0,"0.000000                      "
"2006","04708","01","3619","0047","04","El/Sec    ","N","Milwaukee","Edison School","Grades PreK-12","All Races","Both Genders","616",0,"0.000000                      ",0,"0.000000                      ",0,"0.000000                      ",0,"0.000000                      ",0,"0.000000                      ",0,"0.000000                      ",0,"0.000000                      ",80,"12.987000                     ",115,"18.668800                     ",170,"27.597400                     ",128,"20.779200                     ",88,"14.285700                     ",35,"5.681800                      ",0,"0.000000                      "
"2006","04874","01","3619","0048","04","El/Sec    ","Y","Milwaukee","Malcolm X Academy","Grades PreK-12","All Races","Both Genders","413",0,"0.000000                      ",0,"0.000000                      ",0,"0.000000                      ",0,"0.000000                      ",0,"0.000000                      ",0,"0.000000                      ",0,"0.000000                      ",0,"0.000000                      ",39,"9.443000                      ",100,"24.213000                     ",150,"36.319600                     ",69,"16.707000                     ",55,"13.317100                     ",0,"0.000000                      "
"2006","04585","01","3619","0049","04","Mid/Jr Hi ","Y","Milwaukee","Fritsche Middle","Grades PreK-12","All Races","Both Genders","1024",0,"0.000000                      ",0,"0.000000                      ",0,"0.000000                      ",0,"0.000000                      ",0,"0.000000                      ",0,"0.000000                      ",0,"0.000000                      ",363,"35.449200                     ",345,"33.691400                     ",316,"30.859300                     ",0,"0.000000                      ",0,"0.000000                      ",0,"0.000000                      ",0,"0.000000                      "
"2006","04486","01","3619","0050","04","Mid/Jr Hi ","N","Milwaukee","Kosciuszko Middle","Grades PreK-12","All Races","Both Genders","472",30,"6.355900                      ",0,"0.000000                      ",0,"0.000000                      ",0,"0.000000                      ",0,"0.000000                      ",0,"0.000000                      ",0,"0.000000                      ",95,"20.127100                     ",144,"30.508400                     ",203,"43.008400                     ",0,"0.000000                      ",0,"0.000000                      ",0,"0.000000                      ",0,"0.000000                      "
"2006","05625","01","3619","0051","04","Mid/Jr Hi ","N","Milwaukee","Grand Ave Middle","Grades PreK-12","All Races","Both Genders","604",0,"0.000000                      ",0,"0.000000                      ",0,"0.000000                      ",0,"0.000000                      ",0,"0.000000                      ",0,"0.000000                      ",0,"0.000000                      ",152,"25.165500                     ",204,"33.774800                     ",248,"41.059600                     ",0,"0.000000                      ",0,"0.000000                      ",0,"0.000000                      ",0,"0.000000                      "
"2006","05470","01","3619","0052","04","Mid/Jr Hi ","N","Milwaukee","Morse Middle","Grades PreK-12","All Races","Both Genders","1084",0,"0.000000                      ",0,"0.000000                      ",0,"0.000000                      ",0,"0.000000                      ",0,"0.000000                      ",0,"0.000000                      ",0,"0.000000                      ",378,"34.870800                     ",357,"32.933500                     ",349,"32.195500                     ",0,"0.000000                      ",0,"0.000000                      ",0,"0.000000                      ",0,"0.000000                      "
"2006","05229","01","3619","0053","04","Mid/Jr Hi ","N","Milwaukee","Muir Middle","Grades PreK-12","All Races","Both Genders","578",0,"0.000000                      ",0,"0.000000                      ",0,"0.000000                      ",0,"0.000000                      ",0,"0.000000                      ",0,"0.000000                      ",0,"0.000000                      ",156,"26.989600                     ",185,"32.006900                     ",237,"41.003400                     ",0,"0.000000                      ",0,"0.000000                      ",0,"0.000000                      ",0,"0.000000                      "
"2006","26966","01","3619","0054","04","Mid/Jr Hi ","N","Milwaukee","Milwaukee Village Sch","Grades PreK-12","All Races","Both Genders","12",0,"0.000000                      ",0,"0.000000                      ",0,"0.000000                      ",0,"0.000000                      ",0,"0.000000                      ",0,"0.000000                      ",0,"0.000000                      ",0,"0.000000                      ",0,"0.000000                      ",12,"100.000000                    ",0,"0.000000                      ",0,"0.000000                      ",0,"0.000000                      ",0,"0.000000                      "
"2006","04542","01","3619","0059","04","Mid/Jr Hi ","N","Milwaukee","Roosevelt Middle","Grades PreK-12","All Races","Both Genders","783",0,"0.000000                      ",0,"0.000000                      ",0,"0.000000                      ",0,"0.000000                      ",0,"0.000000                      ",0,"0.000000                      ",0,"0.000000                      ",270,"34.482700                     ",257,"32.822400                     ",256,"32.694700                     ",0,"0.000000                      ",0,"0.000000                      ",0,"0.000000                      ",0,"0.000000                      "
"2006","05626","01","3619","0061","04","Mid/Jr Hi ","N","Milwaukee","Sarah Scott Middle","Grades PreK-12","All Races","Both Genders","537",0,"0.000000                      ",0,"0.000000                      ",0,"0.000000                      ",0,"0.000000                      ",0,"0.000000                      ",0,"0.000000                      ",0,"0.000000                      ",126,"23.463600                     ",190,"35.381700                     ",221,"41.154500                     ",0,"0.000000                      ",0,"0.000000                      ",0,"0.000000                      ",0,"0.000000                      "
"2006","05042","01","3619","0065","04","Mid/Jr Hi ","Y","Milwaukee","Walker International Middle","Grades PreK-12","All Races","Both Genders","658",0,"0.000000                      ",0,"0.000000                      ",0,"0.000000                      ",0,"0.000000                      ",0,"0.000000                      ",0,"0.000000                      ",0,"0.000000                      ",183,"27.811500                     ",197,"29.939200                     ",278,"42.249200                     ",0,"0.000000                      ",0,"0.000000                      ",0,"0.000000                      ",0,"0.000000                      "
"2006","05411","01","3619","0066","04","Mid/Jr Hi ","N","Milwaukee","Webster Middle","Grades PreK-12","All Races","Both Genders","760",0,"0.000000                      ",0,"0.000000                      ",0,"0.000000                      ",0,"0.000000                      ",0,"0.000000                      ",0,"0.000000                      ",0,"0.000000                      ",185,"24.342100                     ",263,"34.605200                     ",312,"41.052600                     ",0,"0.000000                      ",0,"0.000000                      ",0,"0.000000                      ",0,"0.000000                      "
"2006","04875","01","3619","0067","04","Mid/Jr Hi ","N","Milwaukee","Milwaukee Education Center","Grades PreK-12","All Races","Both Genders","681",0,"0.000000                      ",0,"0.000000                      ",0,"0.000000                      ",0,"0.000000                      ",0,"0.000000                      ",0,"0.000000                      ",0,"0.000000                      ",164,"24.082200                     ",227,"33.333300                     ",290,"42.584400                     ",0,"0.000000                      ",0,"0.000000                      ",0,"0.000000                      ",0,"0.000000                      "
"2006","05353","01","3619","0071","04","El/Sec    ","N","Milwaukee","Milwaukee School of Languages","Grades PreK-12","All Races","Both Genders","1001",0,"0.000000                      ",0,"0.000000                      ",0,"0.000000                      ",0,"0.000000                      ",0,"0.000000                      ",0,"0.000000                      ",0,"0.000000                      ",203,"20.279700                     ",169,"16.883100                     ",151,"15.084900                     ",170,"16.983000                     ",124,"12.387600                     ",103,"10.289700                     ",81,"8.091900                      "
"2006","04487","01","3619","0073","04","Elem      ","N","Milwaukee","Allen-Field Elementary","Grades PreK-12","All Races","Both Genders","867",59,"6.805000                      ",104,"11.995300                     ",141,"16.262900                     ",142,"16.378300                     ",126,"14.532800                     ",140,"16.147600                     ",155,"17.877700                     ",0,"0.000000                      ",0,"0.000000                      ",0,"0.000000                      ",0,"0.000000                      ",0,"0.000000                      ",0,"0.000000                      ",0,"0.000000                      "
"2006","05599","01","3619","0075","04","Elem      ","N","Milwaukee","Alcott Elementary","Grades PreK-12","All Races","Both Genders","312",40,"12.820500                     ",52,"16.666600                     ",49,"15.705100                     ",41,"13.141000                     ",38,"12.179400                     ",32,"10.256400                     ",60,"19.230700                     ",0,"0.000000                      ",0,"0.000000                      ",0,"0.000000                      ",0,"0.000000                      ",0,"0.000000                      ",0,"0.000000                      ",0,"0.000000                      "
"2006","04559","01","3619","0077","04","Elem      ","N","Milwaukee","Auer Avenue Elementary","Grades PreK-12","All Races","Both Genders","557",96,"17.235100                     ",61,"10.951500                     ",64,"11.490100                     ",57,"10.233300                     ",45,"8.078900                      ",62,"11.131000                     ",52,"9.335700                      ",37,"6.642700                      ",38,"6.822200                      ",45,"8.078900                      ",0,"0.000000                      ",0,"0.000000                      ",0,"0.000000                      ",0,"0.000000                      "
"2006","05412","01","3619","0081","04","Elem      ","N","Milwaukee","Barton Elementary","Grades PreK-12","All Races","Both Genders","495",50,"10.101000                     ",61,"12.323200                     ",61,"12.323200                     ",66,"13.333300                     ",61,"12.323200                     ",64,"12.929200                     ",67,"13.535300                     ",65,"13.131300                     ",0,"0.000000                      ",0,"0.000000                      ",0,"0.000000                      ",0,"0.000000                      ",0,"0.000000                      ",0,"0.000000                      "
"2006","04876","01","3619","0083","04","Elem      ","N","Milwaukee","King Jr Elementary","Grades PreK-12","All Races","Both Genders","444",15,"3.378300                      ",41,"9.234200                      ",50,"11.261200                     ",43,"9.684600                      ",41,"9.234200                      ",55,"12.387300                     ",48,"10.810800                     ",61,"13.738700                     ",50,"11.261200                     ",40,"9.009000                      ",0,"0.000000                      ",0,"0.000000                      ",0,"0.000000                      ",0,"0.000000                      "
"2006","04543","01","3619","0089","04","Elem      ","N","Milwaukee","Brown Street Elementary","Grades PreK-12","All Races","Both Genders","554",54,"9.747200                      ",76,"13.718400                     ",79,"14.259900                     ",95,"17.148000                     ",84,"15.162400                     ",85,"15.342900                     ",81,"14.620900                     ",0,"0.000000                      ",0,"0.000000                      ",0,"0.000000                      ",0,"0.000000                      ",0,"0.000000                      ",0,"0.000000                      ",0,"0.000000                      "
"2006","05230","01","3619","0092","04","Elem      ","N","Milwaukee","Browning Elementary","Grades PreK-12","All Races","Both Genders","482",42,"8.713600                      ",66,"13.692900                     ",71,"14.730200                     ",78,"16.182500                     ",78,"16.182500                     ",71,"14.730200                     ",76,"15.767600                     ",0,"0.000000                      ",0,"0.000000                      ",0,"0.000000                      ",0,"0.000000                      ",0,"0.000000                      ",0,"0.000000                      ",0,"0.000000                      "
"2006","05455","01","3619","0093","04","Elem      ","N","Milwaukee","Bruce Elementary","Grades PreK-12","All Races","Both Genders","417",55,"13.189400                     ",66,"15.827300                     ",57,"13.669000                     ",71,"17.026300                     ",44,"10.551500                     ",68,"16.306900                     ",56,"13.429200                     ",0,"0.000000                      ",0,"0.000000                      ",0,"0.000000                      ",0,"0.000000                      ",0,"0.000000                      ",0,"0.000000                      ",0,"0.000000                      "
"2006","05471","01","3619","0094","04","Elem      ","N","Milwaukee","Bryant Elementary","Grades PreK-12","All Races","Both Genders","332",26,"7.831300                      ",37,"11.144500                     ",49,"14.759000                     ",54,"16.265000                     ",48,"14.457800                     ",61,"18.373400                     ",57,"17.168600                     ",0,"0.000000                      ",0,"0.000000                      ",0,"0.000000                      ",0,"0.000000                      ",0,"0.000000                      ",0,"0.000000                      ",0,"0.000000                      "
"2006","04987","01","3619","0095","04","Elem      ","N","Milwaukee","Burbank Elementary","Grades PreK-12","All Races","Both Genders","554",53,"9.566700                      ",57,"10.288800                     ",69,"12.454800                     ",54,"9.747200                      ",53,"9.566700                      ",62,"11.191300                     ",61,"11.010800                     ",68,"12.274300                     ",37,"6.678700                      ",40,"7.220200                      ",0,"0.000000                      ",0,"0.000000                      ",0,"0.000000                      ",0,"0.000000                      "
"2006","04586","01","3619","0098","04","Elem      ","N","Milwaukee","Burdick Elementary","Grades PreK-12","All Races","Both Genders","484",29,"5.991700                      ",44,"9.090900                      ",40,"8.264400                      ",49,"10.123900                     ",38,"7.851200                      ",53,"10.950400                     ",51,"10.537100                     ",59,"12.190000                     ",62,"12.809900                     ",59,"12.190000                     ",0,"0.000000                      ",0,"0.000000                      ",0,"0.000000                      ",0,"0.000000                      "
"2006","45828","01","3619","0100","04","Elem      ","N","Milwaukee","Starms Monumental","Grades PreK-12","All Races","Both Genders","34",18,"52.941100                     ",16,"47.058800                     ",0,"0.000000                      ",0,"0.000000                      ",0,"0.000000                      ",0,"0.000000                      ",0,"0.000000                      ",0,"0.000000                      ",0,"0.000000                      ",0,"0.000000                      ",0,"0.000000                      ",0,"0.000000                      ",0,"0.000000                      ",0,"0.000000                      "
"2006","04709","01","3619","0101","04","Elem      ","N","Milwaukee","Carleton Elementary","Grades PreK-12","All Races","Both Genders","296",28,"9.459400                      ",43,"14.527000                     ",51,"17.229700                     ",45,"15.202700                     ",48,"16.216200                     ",37,"12.500000                     ",44,"14.864800                     ",0,"0.000000                      ",0,"0.000000                      ",0,"0.000000                      ",0,"0.000000                      ",0,"0.000000                      ",0,"0.000000                      ",0,"0.000000                      "
"2006","04395","01","3619","0104","04","Elem      ","N","Milwaukee","Cass Street Elementary","Grades PreK-12","All Races","Both Genders","434",22,"5.069100                      ",32,"7.373200                      ",30,"6.912400                      ",47,"10.829400                     ",40,"9.216500                      ",46,"10.599000                     ",53,"12.211900                     ",51,"11.751100                     ",54,"12.442300                     ",59,"13.594400                     ",0,"0.000000                      ",0,"0.000000                      ",0,"0.000000                      ",0,"0.000000                      "
"2006","70076","01","3619","0108","04","Elem      ","N","Milwaukee","Carson Academy of Science","Grades PreK-12","All Races","Both Genders","530",35,"6.603700                      ",50,"9.433900                      ",59,"11.132000                     ",57,"10.754700                     ",57,"10.754700                     ",49,"9.245200                      ",49,"9.245200                      ",68,"12.830100                     ",50,"9.433900                      ",56,"10.566000                     ",0,"0.000000                      ",0,"0.000000                      ",0,"0.000000                      ",0,"0.000000                      "
"2006","04783","01","3619","0110","04","Elem      ","N","Milwaukee","Clarke Street Elementary","Grades PreK-12","All Races","Both Genders","429",24,"5.594400                      ",45,"10.489500                     ",56,"13.053600                     ",47,"10.955700                     ",39,"9.090900                      ",45,"10.489500                     ",54,"12.587400                     ",48,"11.188800                     ",33,"7.692300                      ",38,"8.857800                      ",0,"0.000000                      ",0,"0.000000                      ",0,"0.000000                      ",0,"0.000000                      "
"2006","04587","01","3619","0113","04","Elem      ","N","Milwaukee","Clement Avenue Elementary","Grades PreK-12","All Races","Both Genders","364",54,"14.835100                     ",67,"18.406500                     ",47,"12.912000                     ",55,"15.109800                     ",51,"14.010900                     ",43,"11.813100                     ",47,"12.912000                     ",0,"0.000000                      ",0,"0.000000                      ",0,"0.000000                      ",0,"0.000000                      ",0,"0.000000                      ",0,"0.000000                      ",0,"0.000000                      "
"2006","05090","01","3619","0114","04","Elem      ","N","Milwaukee","Clemens Elementary","Grades PreK-12","All Races","Both Genders","356",46,"12.921300                     ",54,"15.168500                     ",51,"14.325800                     ",44,"12.359500                     ",57,"16.011200                     ",46,"12.921300                     ",58,"16.292100                     ",0,"0.000000                      ",0,"0.000000                      ",0,"0.000000                      ",0,"0.000000                      ",0,"0.000000                      ",0,"0.000000                      ",0,"0.000000                      "
"2006","05231","01","3619","0116","04","Elem      ","N","Milwaukee","Congress Elementary","Grades PreK-12","All Races","Both Genders","843",166,"19.691500                     ",88,"10.438900                     ",87,"10.320200                     ",86,"10.201600                     ",83,"9.845700                      ",82,"9.727100                      ",84,"9.964400                      ",60,"7.117400                      ",55,"6.524300                      ",52,"6.168400                      ",0,"0.000000                      ",0,"0.000000                      ",0,"0.000000                      ",0,"0.000000                      "
"2006","05314","01","3619","0117","04","Elem      ","N","Milwaukee","Cooper Elementary","Grades PreK-12","All Races","Both Genders","356",31,"8.707800                      ",31,"8.707800                      ",34,"9.550500                      ",32,"8.988700                      ",37,"10.393200                     ",37,"10.393200                     ",34,"9.550500                      ",52,"14.606700                     ",39,"10.955000                     ",29,"8.146000                      ",0,"0.000000                      ",0,"0.000000                      ",0,"0.000000                      ",0,"0.000000                      "
"2006","05043","01","3619","0122","04","Elem      ","N","Milwaukee","Curtin Elementary","Grades PreK-12","All Races","Both Genders","298",31,"10.402600                     ",50,"16.778500                     ",52,"17.449600                     ",50,"16.778500                     ",35,"11.744900                     ",41,"13.758300                     ",39,"13.087200                     ",0,"0.000000                      ",0,"0.000000                      ",0,"0.000000                      ",0,"0.000000                      ",0,"0.000000                      ",0,"0.000000                      ",0,"0.000000                      "
"2006","05044","01","3619","0125","04","Elem      ","N","Milwaukee","Doerfler Elementary","Grades PreK-12","All Races","Both Genders","644",85,"13.198700                     ",88,"13.664500                     ",99,"15.372600                     ",89,"13.819800                     ",80,"12.422300                     ",84,"13.043400                     ",53,"8.229800                      ",36,"5.590000                      ",30,"4.658300                      ",0,"0.000000                      ",0,"0.000000                      ",0,"0.000000                      ",0,"0.000000                      ",0,"0.000000                      "
"2006","05091","01","3619","0127","04","Elem      ","N","Milwaukee","Douglass Elementary","Grades PreK-12","All Races","Both Genders","114",2,"1.754300                      ",15,"13.157800                     ",16,"14.035000                     ",17,"14.912200                     ",12,"10.526300                     ",19,"16.666600                     ",17,"14.912200                     ",16,"14.035000                     ",0,"0.000000                      ",0,"0.000000                      ",0,"0.000000                      ",0,"0.000000                      ",0,"0.000000                      ",0,"0.000000                      "
"2006","48851","01","3619","0130","04","Elem      ","Y","Milwaukee","Westside Academy","Grades PreK-12","All Races","Both Genders","677",90,"13.293900                     ",47,"6.942300                      ",62,"9.158000                      ",67,"9.896600                      ",59,"8.714900                      ",69,"10.192000                     ",67,"9.896600                      ",68,"10.044300                     ",72,"10.635100                     ",76,"11.225900                     ",0,"0.000000                      ",0,"0.000000                      ",0,"0.000000                      ",0,"0.000000                      "
"2006","04588","01","3619","0131","04","Elem      ","N","Milwaukee","Dover Street Elementary","Grades PreK-12","All Races","Both Genders","350",79,"22.571400                     ",33,"9.428500                      ",48,"13.714200                     ",50,"14.285700                     ",38,"10.857100                     ",50,"14.285700                     ",52,"14.857100                     ",0,"0.000000                      ",0,"0.000000                      ",0,"0.000000                      ",0,"0.000000                      ",0,"0.000000                      ",0,"0.000000                      ",0,"0.000000                      "
"2006","71872","01","3619","0133","04","Elem      ","N","Milwaukee","AGAPE (Partnership)","Grades PreK-12","All Races","Both Genders","168",1,"0.595200                      ",1,"0.595200                      ",2,"1.190400                      ",7,"4.166600                      ",20,"11.904700                     ",29,"17.261900                     ",26,"15.476100                     ",21,"12.500000                     ",35,"20.833300                     ",26,"15.476100                     ",0,"0.000000                      ",0,"0.000000                      ",0,"0.000000                      ",0,"0.000000                      "
"2006","71874","01","3619","0135","04","Elem      ","N","Milwaukee","Windlake Seeds of Health El Partnership","Grades PreK-12","All Races","Both Genders","199",0,"0.000000                      ",0,"0.000000                      ",31,"15.577800                     ",36,"18.090400                     ",51,"25.628100                     ",44,"22.110500                     ",37,"18.592900                     ",0,"0.000000                      ",0,"0.000000                      ",0,"0.000000                      ",0,"0.000000                      ",0,"0.000000                      ",0,"0.000000                      ",0,"0.000000                      "
"2006","05600","01","3619","0140","04","Elem      ","N","Milwaukee","Milwaukee French Immersion","Grades PreK-12","All Races","Both Genders","385",78,"20.259700                     ",82,"21.298700                     ",70,"18.181800                     ",66,"17.142800                     ",31,"8.051900                      ",33,"8.571400                      ",25,"6.493500                      ",0,"0.000000                      ",0,"0.000000                      ",0,"0.000000                      ",0,"0.000000                      ",0,"0.000000                      ",0,"0.000000                      ",0,"0.000000                      "
"2006","05354","01","3619","0143","04","Elem      ","N","Milwaukee","Eighty-First Street Elementary","Grades PreK-12","All Races","Both Genders","365",25,"6.849300                      ",35,"9.589000                      ",45,"12.328700                     ",37,"10.136900                     ",37,"10.136900                     ",44,"12.054700                     ",43,"11.780800                     ",33,"9.041000                      ",31,"8.493100                      ",35,"9.589000                      ",0,"0.000000                      ",0,"0.000000                      ",0,"0.000000                      ",0,"0.000000                      "
"2006","05355","01","3619","0146","04","Elem      ","N","Milwaukee","Milwaukee German Immersion","Grades PreK-12","All Races","Both Genders","580",76,"13.103400                     ",106,"18.275800                     ",108,"18.620600                     ",89,"15.344800                     ",76,"13.103400                     ",66,"11.379300                     ",59,"10.172400                     ",0,"0.000000                      ",0,"0.000000                      ",0,"0.000000                      ",0,"0.000000                      ",0,"0.000000                      ",0,"0.000000                      ",0,"0.000000                      "
"2006","04544","01","3619","0148","04","Elem      ","N","Milwaukee","Elm Creative Arts Elementary","Grades PreK-12","All Races","Both Genders","560",83,"14.821400                     ",78,"13.928500                     ",79,"14.107100                     ",80,"14.285700                     ",75,"13.392800                     ",82,"14.642800                     ",83,"14.821400                     ",0,"0.000000                      ",0,"0.000000                      ",0,"0.000000                      ",0,"0.000000                      ",0,"0.000000                      ",0,"0.000000                      ",0,"0.000000                      "
"2006","04545","01","3619","0149","04","Elem      ","N","Milwaukee","Starms Early Childhood","Grades PreK-12","All Races","Both Genders","300",208,"69.333300                     ",92,"30.666600                     ",0,"0.000000                      ",0,"0.000000                      ",0,"0.000000                      ",0,"0.000000                      ",0,"0.000000                      ",0,"0.000000                      ",0,"0.000000                      ",0,"0.000000                      ",0,"0.000000                      ",0,"0.000000                      ",0,"0.000000                      ",0,"0.000000                      "
"2006","05472","01","3619","0150","04","Elem      ","N","Milwaukee","Emerson Elementary","Grades PreK-12","All Races","Both Genders","232",29,"12.500000                     ",38,"16.379300                     ",42,"18.103400                     ",27,"11.637900                     ",37,"15.948200                     ",28,"12.068900                     ",31,"13.362000                     ",0,"0.000000                      ",0,"0.000000                      ",0,"0.000000                      ",0,"0.000000                      ",0,"0.000000                      ",0,"0.000000                      ",0,"0.000000                      "
"2006","05473","01","3619","0152","04","Elem      ","N","Milwaukee","Engleburg Elementary","Grades PreK-12","All Races","Both Genders","456",55,"12.061400                     ",81,"17.763100                     ",72,"15.789400                     ",72,"15.789400                     ",61,"13.377100                     ",55,"12.061400                     ",60,"13.157800                     ",0,"0.000000                      ",0,"0.000000                      ",0,"0.000000                      ",0,"0.000000                      ",0,"0.000000                      ",0,"0.000000                      ",0,"0.000000                      "
"2006","04710","01","3619","0154","04","Elem      ","N","Milwaukee","Thurston Woods Elementary","Grades PreK-12","All Races","Both Genders","483",120,"24.844700                     ",38,"7.867400                      ",54,"11.180100                     ",49,"10.144900                     ",45,"9.316700                      ",47,"9.730800                      ",48,"9.937800                      ",28,"5.797100                      ",28,"5.797100                      ",26,"5.383000                      ",0,"0.000000                      ",0,"0.000000                      ",0,"0.000000                      ",0,"0.000000                      "
"2006","05253","01","3619","0155","04","Elem      ","Y","Milwaukee","Fairview Elementary","Grades PreK-12","All Races","Both Genders","616",60,"9.740200                      ",61,"9.902500                      ",62,"10.064900                     ",64,"10.389600                     ",59,"9.577900                      ",68,"11.038900                     ",49,"7.954500                      ",67,"10.876600                     ",63,"10.227200                     ",63,"10.227200                     ",0,"0.000000                      ",0,"0.000000                      ",0,"0.000000                      ",0,"0.000000                      "
"2006","04589","01","3619","0158","04","Elem      ","N","Milwaukee","Fernwood Montessori","Grades PreK-12","All Races","Both Genders","453",140,"30.905000                     ",64,"14.128000                     ",56,"12.362000                     ",39,"8.609200                      ",41,"9.050700                      ",37,"8.167700                      ",16,"3.532000                      ",21,"4.635700                      ",25,"5.518700                      ",14,"3.090500                      ",0,"0.000000                      ",0,"0.000000                      ",0,"0.000000                      ",0,"0.000000                      "
"2006","72846","01","3619","0162","04","Elem      ","Y","Milwaukee","Academia de Leguage y Bellas - ALBA","Grades PreK-12","All Races","Both Genders","175",53,"30.285700                     ",27,"15.428500                     ",27,"15.428500                     ",22,"12.571400                     ",12,"6.857100                      ",22,"12.571400                     ",12,"6.857100                      ",0,"0.000000                      ",0,"0.000000                      ",0,"0.000000                      ",0,"0.000000                      ",0,"0.000000                      ",0,"0.000000                      ",0,"0.000000                      "
"2006","71631","01","3619","0165","04","Elem      ","Y","Milwaukee","IDEAL","Grades PreK-12","All Races","Both Genders","189",15,"7.936500                      ",12,"6.349200                      ",19,"10.052900                     ",23,"12.169300                     ",16,"8.465600                      ",15,"7.936500                      ",19,"10.052900                     ",24,"12.698400                     ",31,"16.402100                     ",15,"7.936500                      ",0,"0.000000                      ",0,"0.000000                      ",0,"0.000000                      ",0,"0.000000                      "
"2006","05254","01","3619","0167","04","Elem      ","N","Milwaukee","Milwaukee Spanish Immersion","Grades PreK-12","All Races","Both Genders","556",98,"17.625800                     ",91,"16.366900                     ",90,"16.187000                     ",85,"15.287700                     ",69,"12.410000                     ",63,"11.330900                     ",60,"10.791300                     ",0,"0.000000                      ",0,"0.000000                      ",0,"0.000000                      ",0,"0.000000                      ",0,"0.000000                      ",0,"0.000000                      ",0,"0.000000                      "
"2006","05092","01","3619","0170","04","Elem      ","N","Milwaukee","Fifty-Third Street Elementary","Grades PreK-12","All Races","Both Genders","363",38,"10.468300                     ",47,"12.947600                     ",47,"12.947600                     ",55,"15.151500                     ",48,"13.223100                     ",49,"13.498600                     ",37,"10.192800                     ",42,"11.570200                     ",0,"0.000000                      ",0,"0.000000                      ",0,"0.000000                      ",0,"0.000000                      ",0,"0.000000                      ",0,"0.000000                      "
"2006","72067","01","3619","0172","04","Elem      ","N","Milwaukee","Garden Homes Montessori","Grades PreK-12","All Races","Both Genders","175",93,"53.142800                     ",27,"15.428500                     ",28,"16.000000                     ",8,"4.571400                      ",9,"5.142800                      ",4,"2.285700                      ",3,"1.714200                      ",3,"1.714200                      ",0,"0.000000                      ",0,"0.000000                      ",0,"0.000000                      ",0,"0.000000                      ",0,"0.000000                      ",0,"0.000000                      "
"2006","04488","01","3619","0173","04","Elem      ","N","Milwaukee","Forest Home Elementary","Grades PreK-12","All Races","Both Genders","844",148,"17.535500                     ",116,"13.744000                     ",127,"15.047300                     ",116,"13.744000                     ",104,"12.322200                     ",121,"14.336400                     ",112,"13.270100                     ",0,"0.000000                      ",0,"0.000000                      ",0,"0.000000                      ",0,"0.000000                      ",0,"0.000000                      ",0,"0.000000                      ",0,"0.000000                      "
"2006","72849","01","3619","0175","04","Elem      ","Y","Milwaukee","Hmong American Peace Academy (HAPA)","Grades PreK-12","All Races","Both Genders","305",46,"15.081900                     ",59,"19.344200                     ",44,"14.426200                     ",28,"9.180300                      ",28,"9.180300                      ",33,"10.819600                     ",38,"12.459000                     ",29,"9.508100                      ",0,"0.000000                      ",0,"0.000000                      ",0,"0.000000                      ",0,"0.000000                      ",0,"0.000000                      ",0,"0.000000                      "
"2006","04877","01","3619","0176","04","Elem      ","N","Milwaukee","Meir Elementary","Grades PreK-12","All Races","Both Genders","334",0,"0.000000                      ",0,"0.000000                      ",0,"0.000000                      ",0,"0.000000                      ",90,"26.946100                     ",91,"27.245500                     ",93,"27.844300                     ",31,"9.281400                      ",29,"8.682600                      ",0,"0.000000                      ",0,"0.000000                      ",0,"0.000000                      ",0,"0.000000                      ",0,"0.000000                      "
"2006","00101","01","3619","0177","04","Elem      ","N","Milwaukee","Seher School Site","Grades PreK-12","All Races","Both Genders","402",107,"26.616900                     ",54,"13.432800                     ",44,"10.945200                     ",45,"11.194000                     ",38,"9.452700                      ",42,"10.447700                     ",33,"8.208900                      ",39,"9.701400                      ",0,"0.000000                      ",0,"0.000000                      ",0,"0.000000                      ",0,"0.000000                      ",0,"0.000000                      ",0,"0.000000                      "
"2006","00100","01","3619","0178","04","Elem      ","N","Milwaukee","Washington Carver Academy","Grades PreK-12","All Races","Both Genders","532",45,"8.458600                      ",62,"11.654100                     ",71,"13.345800                     ",55,"10.338300                     ",70,"13.157800                     ",60,"11.278100                     ",65,"12.218000                     ",69,"12.969900                     ",35,"6.578900                      ",0,"0.000000                      ",0,"0.000000                      ",0,"0.000000                      ",0,"0.000000                      ",0,"0.000000                      "
"2006","04560","01","3619","0179","04","Elem      ","N","Milwaukee","Franklin Elementary","Grades PreK-12","All Races","Both Genders","397",29,"7.304700                      ",45,"11.335000                     ",40,"10.075500                     ",42,"10.579300                     ",47,"11.838700                     ",44,"11.083100                     ",63,"15.869000                     ",55,"13.853900                     ",32,"8.060400                      ",0,"0.000000                      ",0,"0.000000                      ",0,"0.000000                      ",0,"0.000000                      ",0,"0.000000                      "
"2006","04878","01","3619","0182","04","Elem      ","N","Milwaukee","Fratney Elementary","Grades PreK-12","All Races","Both Genders","386",51,"13.212400                     ",60,"15.544000                     ",60,"15.544000                     ",59,"15.284900                     ",56,"14.507700                     ",49,"12.694300                     ",51,"13.212400                     ",0,"0.000000                      ",0,"0.000000                      ",0,"0.000000                      ",0,"0.000000                      ",0,"0.000000                      ",0,"0.000000                      ",0,"0.000000                      "
"2006","04879","01","3619","0185","04","Elem      ","N","Milwaukee","Gaenslen Elementary","Grades PreK-12","All Races","Both Genders","613",50,"8.156600                      ",51,"8.319700                      ",55,"8.972200                      ",53,"8.646000                      ",53,"8.646000                      ",55,"8.972200                      ",72,"11.745500                     ",88,"14.355600                     ",64,"10.440400                     ",72,"11.745500                     ",0,"0.000000                      ",0,"0.000000                      ",0,"0.000000                      ",0,"0.000000                      "
"2006","72589","01","3619","0186","04","Elem      ","N","Milwaukee","La Causa Early Childhood","Grades PreK-12","All Races","Both Genders","82",49,"59.756000                     ",33,"40.243900                     ",0,"0.000000                      ",0,"0.000000                      ",0,"0.000000                      ",0,"0.000000                      ",0,"0.000000                      ",0,"0.000000                      ",0,"0.000000                      ",0,"0.000000                      ",0,"0.000000                      ",0,"0.000000                      ",0,"0.000000                      ",0,"0.000000                      "
"2006","04711","01","3619","0188","04","Elem      ","N","Milwaukee","Garden Homes Elementary","Grades PreK-12","All Races","Both Genders","303",37,"12.211200                     ",36,"11.881100                     ",50,"16.501600                     ",50,"16.501600                     ",46,"15.181500                     ",50,"16.501600                     ",34,"11.221100                     ",0,"0.000000                      ",0,"0.000000                      ",0,"0.000000                      ",0,"0.000000                      ",0,"0.000000                      ",0,"0.000000                      ",0,"0.000000                      "
"2006","72542","01","3619","0189","04","Elem      ","Y","Milwaukee","Carter School of Excellence","Grades PreK-12","All Races","Both Genders","303",63,"20.792000                     ",66,"21.782100                     ",67,"22.112200                     ",30,"9.900900                      ",28,"9.240900                      ",25,"8.250800                      ",24,"7.920700                      ",0,"0.000000                      ",0,"0.000000                      ",0,"0.000000                      ",0,"0.000000                      ",0,"0.000000                      ",0,"0.000000                      ",0,"0.000000                      "
"2006","05315","01","3619","0191","04","Elem      ","N","Milwaukee","Garland Elementary","Grades PreK-12","All Races","Both Genders","301",75,"24.916900                     ",50,"16.611200                     ",44,"14.617900                     ",42,"13.953400                     ",34,"11.295600                     ",31,"10.299000                     ",25,"8.305600                      ",0,"0.000000                      ",0,"0.000000                      ",0,"0.000000                      ",0,"0.000000                      ",0,"0.000000                      ",0,"0.000000                      ",0,"0.000000                      "
"2006","05456","01","3619","0192","04","Elem      ","N","Milwaukee","Goodrich Elementary","Grades PreK-12","All Races","Both Genders","385",52,"13.506400                     ",53,"13.766200                     ",50,"12.987000                     ",57,"14.805100                     ",59,"15.324600                     ",57,"14.805100                     ",57,"14.805100                     ",0,"0.000000                      ",0,"0.000000                      ",0,"0.000000                      ",0,"0.000000                      ",0,"0.000000                      ",0,"0.000000                      ",0,"0.000000                      "
"2006","05045","01","3619","0193","04","Elem      ","N","Milwaukee","Grant Elementary","Grades PreK-12","All Races","Both Genders","698",75,"10.744900                     ",86,"12.320900                     ",87,"12.464100                     ",79,"11.318000                     ",68,"9.742100                      ",65,"9.312300                      ",74,"10.601700                     ",63,"9.025700                      ",55,"7.879600                      ",46,"6.590200                      ",0,"0.000000                      ",0,"0.000000                      ",0,"0.000000                      ",0,"0.000000                      "
"2006","05474","01","3619","0194","04","Elem      ","N","Milwaukee","River Trail Elementary","Grades PreK-12","All Races","Both Genders","427",49,"11.475400                     ",46,"10.772800                     ",44,"10.304400                     ",49,"11.475400                     ",46,"10.772800                     ",43,"10.070200                     ",60,"14.051500                     ",60,"14.051500                     ",30,"7.025700                      ",0,"0.000000                      ",0,"0.000000                      ",0,"0.000000                      ",0,"0.000000                      ",0,"0.000000                      "
"2006","71995","01","3619","0195","04","Elem      ","N","Milwaukee","Hilltop Seeds of Health","Grades PreK-12","All Races","Both Genders","26",8,"30.769200                     ",18,"69.230700                     ",0,"0.000000                      ",0,"0.000000                      ",0,"0.000000                      ",0,"0.000000                      ",0,"0.000000                      ",0,"0.000000                      ",0,"0.000000                      ",0,"0.000000                      ",0,"0.000000                      ",0,"0.000000                      ",0,"0.000000                      ",0,"0.000000                      "
"2006","05232","01","3619","0196","04","Elem      ","N","Milwaukee","Grantosa Drive Elementary","Grades PreK-12","All Races","Both Genders","724",65,"8.977900                      ",71,"9.806600                      ",90,"12.430900                     ",84,"11.602200                     ",76,"10.497200                     ",83,"11.464000                     ",83,"11.464000                     ",61,"8.425400                      ",54,"7.458500                      ",57,"7.872900                      ",0,"0.000000                      ",0,"0.000000                      ",0,"0.000000                      ",0,"0.000000                      "
"2006","05457","01","3619","0197","04","Elem      ","N","Milwaukee","Granville Elementary","Grades PreK-12","All Races","Both Genders","162",18,"11.111100                     ",23,"14.197500                     ",26,"16.049300                     ",21,"12.962900                     ",25,"15.432000                     ",23,"14.197500                     ",26,"16.049300                     ",0,"0.000000                      ",0,"0.000000                      ",0,"0.000000                      ",0,"0.000000                      ",0,"0.000000                      ",0,"0.000000                      ",0,"0.000000                      "
"2006","71996","01","3619","0198","04","Elem      ","N","Milwaukee","Parkside Seeds of Health","Grades PreK-12","All Races","Both Genders","9",3,"33.333300                     ",6,"66.666600                     ",0,"0.000000                      ",0,"0.000000                      ",0,"0.000000                      ",0,"0.000000                      ",0,"0.000000                      ",0,"0.000000                      ",0,"0.000000                      ",0,"0.000000                      ",0,"0.000000                      ",0,"0.000000                      ",0,"0.000000                      ",0,"0.000000                      "
"2006","04561","01","3619","0199","04","Elem      ","N","Milwaukee","Green Bay Avenue Elementary","Grades PreK-12","All Races","Both Genders","387",74,"19.121400                     ",54,"13.953400                     ",51,"13.178200                     ",57,"14.728600                     ",56,"14.470200                     ",45,"11.627900                     ",50,"12.919800                     ",0,"0.000000                      ",0,"0.000000                      ",0,"0.000000                      ",0,"0.000000                      ",0,"0.000000                      ",0,"0.000000                      ",0,"0.000000                      "
"2006","71993","01","3619","0201","04","Mid/Jr Hi ","Y","Milwaukee","Northern Star School","Grades PreK-12","All Races","Both Genders","42",0,"0.000000                      ",0,"0.000000                      ",0,"0.000000                      ",0,"0.000000                      ",0,"0.000000                      ",0,"0.000000                      ",0,"0.000000                      ",1,"2.380900                      ",4,"9.523800                      ",18,"42.857100                     ",19,"45.238000                     ",0,"0.000000                      ",0,"0.000000                      ",0,"0.000000                      "
"2006","05046","01","3619","0202","04","Elem      ","N","Milwaukee","Greenfield Bilingual","Grades PreK-12","All Races","Both Genders","622",53,"8.520900                      ",66,"10.610900                     ",70,"11.254000                     ",73,"11.736300                     ",77,"12.379400                     ",61,"9.807000                      ",58,"9.324700                      ",62,"9.967800                      ",54,"8.681600                      ",48,"7.717000                      ",0,"0.000000                      ",0,"0.000000                      ",0,"0.000000                      ",0,"0.000000                      "
"2006","05233","01","3619","0205","04","Elem      ","N","Milwaukee","Hampton Elementary","Grades PreK-12","All Races","Both Genders","385",41,"10.649300                     ",54,"14.025900                     ",50,"12.987000                     ",64,"16.623300                     ",56,"14.545400                     ",55,"14.285700                     ",65,"16.883100                     ",0,"0.000000                      ",0,"0.000000                      ",0,"0.000000                      ",0,"0.000000                      ",0,"0.000000                      ",0,"0.000000                      ",0,"0.000000                      "
"2006","05413","01","3619","0206","04","Elem      ","N","Milwaukee","Happy Hill Elementary","Grades PreK-12","All Races","Both Genders","267",50,"18.726500                     ",29,"10.861400                     ",39,"14.606700                     ",46,"17.228400                     ",41,"15.355800                     ",29,"10.861400                     ",33,"12.359500                     ",0,"0.000000                      ",0,"0.000000                      ",0,"0.000000                      ",0,"0.000000                      ",0,"0.000000                      ",0,"0.000000                      ",0,"0.000000                      "
"2006","04811","01","3619","0208","04","Elem      ","N","Milwaukee","Hartford Avenue Elementary","Grades PreK-12","All Races","Both Genders","666",76,"11.411400                     ",75,"11.261200                     ",77,"11.561500                     ",63,"9.459400                      ",59,"8.858800                      ",60,"9.009000                      ",63,"9.459400                      ",66,"9.909900                      ",66,"9.909900                      ",61,"9.159100                      ",0,"0.000000                      ",0,"0.000000                      ",0,"0.000000                      ",0,"0.000000                      "
"2006","04923","01","3619","0211","04","Elem      ","N","Milwaukee","Hawley Road Elementary","Grades PreK-12","All Races","Both Genders","311",54,"17.363300                     ",47,"15.112500                     ",43,"13.826300                     ",48,"15.434000                     ",33,"10.610900                     ",42,"13.504800                     ",44,"14.147900                     ",0,"0.000000                      ",0,"0.000000                      ",0,"0.000000                      ",0,"0.000000                      ",0,"0.000000                      ",0,"0.000000                      ",0,"0.000000                      "
"2006","04712","01","3619","0212","04","Elem      ","N","Milwaukee","Hawthorne Elementary","Grades PreK-12","All Races","Both Genders","395",52,"13.164500                     ",61,"15.443000                     ",60,"15.189800                     ",59,"14.936700                     ",59,"14.936700                     ",52,"13.164500                     ",52,"13.164500                     ",0,"0.000000                      ",0,"0.000000                      ",0,"0.000000                      ",0,"0.000000                      ",0,"0.000000                      ",0,"0.000000                      ",0,"0.000000                      "
"2006","26968","01","3619","0214","04","Elem      ","N","Milwaukee","Hayes Bilingual Sch","Grades PreK-12","All Races","Both Genders","360",40,"11.111100                     ",60,"16.666600                     ",62,"17.222200                     ",50,"13.888800                     ",48,"13.333300                     ",50,"13.888800                     ",50,"13.888800                     ",0,"0.000000                      ",0,"0.000000                      ",0,"0.000000                      ",0,"0.000000                      ",0,"0.000000                      ",0,"0.000000                      ",0,"0.000000                      "
"2006","04640","01","3619","0217","04","Elem      ","N","Milwaukee","Hi-Mount Elementary","Grades PreK-12","All Races","Both Genders","475",40,"8.421000                      ",57,"12.000000                     ",49,"10.315700                     ",60,"12.631500                     ",56,"11.789400                     ",54,"11.368400                     ",58,"12.210500                     ",61,"12.842100                     ",40,"8.421000                      ",0,"0.000000                      ",0,"0.000000                      ",0,"0.000000                      ",0,"0.000000                      ",0,"0.000000                      "
"2006","04881","01","3619","0218","04","Elem      ","N","Milwaukee","Holmes Elementary","Grades PreK-12","All Races","Both Genders","426",66,"15.492900                     ",42,"9.859100                      ",43,"10.093800                     ",17,"3.990600                      ",38,"8.920100                      ",49,"11.502300                     ",42,"9.859100                      ",63,"14.788700                     ",34,"7.981200                      ",32,"7.511700                      ",0,"0.000000                      ",0,"0.000000                      ",0,"0.000000                      ",0,"0.000000                      "
"2006","04562","01","3619","0220","04","Elem      ","N","Milwaukee","Hopkins Street Elementary","Grades PreK-12","All Races","Both Genders","475",44,"9.263100                      ",52,"10.947300                     ",50,"10.526300                     ",40,"8.421000                      ",44,"9.263100                      ",48,"10.105200                     ",48,"10.105200                     ",54,"11.368400                     ",47,"9.894700                      ",48,"10.105200                     ",0,"0.000000                      ",0,"0.000000                      ",0,"0.000000                      ",0,"0.000000                      "
"2006","04590","01","3619","0223","04","Elem      ","Y","Milwaukee","Humboldt Park Elementary","Grades PreK-12","All Races","Both Genders","574",61,"10.627100                     ",59,"10.278700                     ",59,"10.278700                     ",57,"9.930300                      ",57,"9.930300                      ",54,"9.407600                      ",57,"9.930300                      ",51,"8.885000                      ",60,"10.452900                     ",59,"10.278700                     ",0,"0.000000                      ",0,"0.000000                      ",0,"0.000000                      ",0,"0.000000                      "
"2006","05414","01","3619","0226","04","Elem      ","N","Milwaukee","Milwaukee Sign Language Elementary","Grades PreK-12","All Races","Both Genders","562",51,"9.074700                      ",50,"8.896700                      ",63,"11.209900                     ",56,"9.964400                      ",54,"9.608500                      ",67,"11.921700                     ",76,"13.523100                     ",56,"9.964400                      ",51,"9.074700                      ",38,"6.761500                      ",0,"0.000000                      ",0,"0.000000                      ",0,"0.000000                      ",0,"0.000000                      "
"2006","04489","01","3619","0232","04","Elem      ","N","Milwaukee","Kagel Elementary","Grades PreK-12","All Races","Both Genders","363",82,"22.589500                     ",53,"14.600500                     ",48,"13.223100                     ",53,"14.600500                     ",42,"11.570200                     ",43,"11.845700                     ",42,"11.570200                     ",0,"0.000000                      ",0,"0.000000                      ",0,"0.000000                      ",0,"0.000000                      ",0,"0.000000                      ",0,"0.000000                      ",0,"0.000000                      "
"2006","04563","01","3619","0235","04","Elem      ","N","Milwaukee","Keefe Avenue Elementary","Grades PreK-12","All Races","Both Genders","387",60,"15.503800                     ",41,"10.594300                     ",38,"9.819100                      ",44,"11.369500                     ",32,"8.268700                      ",43,"11.111100                     ",41,"10.594300                     ",34,"8.785500                      ",31,"8.010300                      ",23,"5.943100                      ",0,"0.000000                      ",0,"0.000000                      ",0,"0.000000                      ",0,"0.000000                      "
"2006","30940","01","3619","0236","04","High      ","N","Milwaukee","Kilmer South Alternative High","Grades PreK-12","All Races","Both Genders","433",0,"0.000000                      ",0,"0.000000                      ",0,"0.000000                      ",0,"0.000000                      ",0,"0.000000                      ",0,"0.000000                      ",0,"0.000000                      ",1,"0.230900                      ",0,"0.000000                      ",3,"0.692800                      ",83,"19.168500                     ",116,"26.789800                     ",79,"18.244800                     ",151,"34.872900                     "
"2006","05234","01","3619","0237","04","Elem      ","N","Milwaukee","Kilbourn Elementary","Grades PreK-12","All Races","Both Genders","306",80,"26.143700                     ",34,"11.111100                     ",39,"12.745000                     ",33,"10.784300                     ",40,"13.071800                     ",39,"12.745000                     ",41,"13.398600                     ",0,"0.000000                      ",0,"0.000000                      ",0,"0.000000                      ",0,"0.000000                      ",0,"0.000000                      ",0,"0.000000                      ",0,"0.000000                      "
"2006","04564","01","3619","0238","04","Elem      ","N","Milwaukee","LaFollette Elementary","Grades PreK-12","All Races","Both Genders","347",24,"6.916400                      ",29,"8.357300                      ",31,"8.933700                      ",36,"10.374600                     ",35,"10.086400                     ",41,"11.815500                     ",50,"14.409200                     ",45,"12.968200                     ",29,"8.357300                      ",27,"7.780900                      ",0,"0.000000                      ",0,"0.000000                      ",0,"0.000000                      ",0,"0.000000                      "
"2006","30943","01","3619","0240","04","High      ","N","Milwaukee","Project STAY","Grades PreK-12","All Races","Both Genders","102",0,"0.000000                      ",0,"0.000000                      ",0,"0.000000                      ",0,"0.000000                      ",0,"0.000000                      ",0,"0.000000                      ",0,"0.000000                      ",0,"0.000000                      ",0,"0.000000                      ",0,"0.000000                      ",20,"19.607800                     ",40,"39.215600                     ",35,"34.313700                     ",7,"6.862700                      "
"2006","05235","01","3619","0241","04","Elem      ","N","Milwaukee","Lancaster Elementary","Grades PreK-12","All Races","Both Genders","584",54,"9.246500                      ",52,"8.904100                      ",62,"10.616400                     ",60,"10.273900                     ",54,"9.246500                      ",54,"9.246500                      ",66,"11.301300                     ",64,"10.958900                     ",66,"11.301300                     ",52,"8.904100                      ",0,"0.000000                      ",0,"0.000000                      ",0,"0.000000                      ",0,"0.000000                      "
"2006","04565","01","3619","0244","04","Elem      ","N","Milwaukee","Lee Elementary","Grades PreK-12","All Races","Both Genders","344",40,"11.627900                     ",30,"8.720900                      ",41,"11.918600                     ",34,"9.883700                      ",29,"8.430200                      ",27,"7.848800                      ",40,"11.627900                     ",36,"10.465100                     ",32,"9.302300                      ",35,"10.174400                     ",0,"0.000000                      ",0,"0.000000                      ",0,"0.000000                      ",0,"0.000000                      "
"2006","05047","01","3619","0250","04","Elem      ","N","Milwaukee","Lincoln Avenue Elementary","Grades PreK-12","All Races","Both Genders","621",79,"12.721400                     ",97,"15.619900                     ",100,"16.103000                     ",87,"14.009600                     ",70,"11.272100                     ",98,"15.780900                     ",90,"14.492700                     ",0,"0.000000                      ",0,"0.000000                      ",0,"0.000000                      ",0,"0.000000                      ",0,"0.000000                      ",0,"0.000000                      ",0,"0.000000                      "
"2006","04546","01","3619","0253","04","Elem      ","N","Milwaukee","Lloyd Street Elementary","Grades PreK-12","All Races","Both Genders","542",57,"10.516600                     ",77,"14.206600                     ",77,"14.206600                     ",81,"14.944600                     ",77,"14.206600                     ",90,"16.605100                     ",83,"15.313600                     ",0,"0.000000                      ",0,"0.000000                      ",0,"0.000000                      ",0,"0.000000                      ",0,"0.000000                      ",0,"0.000000                      ",0,"0.000000                      "
"2006","04490","01","3619","0256","04","Elem      ","N","Milwaukee","Longfellow Elementary","Grades PreK-12","All Races","Both Genders","666",40,"6.006000                      ",80,"12.012000                     ",91,"13.663600                     ",67,"10.060000                     ",71,"10.660600                     ",91,"13.663600                     ",93,"13.963900                     ",79,"11.861800                     ",54,"8.108100                      ",0,"0.000000                      ",0,"0.000000                      ",0,"0.000000                      ",0,"0.000000                      ",0,"0.000000                      "
"2006","05316","01","3619","0257","04","Elem      ","N","Milwaukee","Lowell Elementary","Grades PreK-12","All Races","Both Genders","258",55,"21.317800                     ",43,"16.666600                     ",39,"15.116200                     ",44,"17.054200                     ",28,"10.852700                     ",31,"12.015500                     ",18,"6.976700                      ",0,"0.000000                      ",0,"0.000000                      ",0,"0.000000                      ",0,"0.000000                      ",0,"0.000000                      ",0,"0.000000                      ",0,"0.000000                      "
"2006","05627","01","3619","0261","04","Elem      ","N","Milwaukee","MacDowell Montessori Elementary","Grades PreK-12","All Races","Both Genders","508",183,"36.023600                     ",53,"10.433000                     ",49,"9.645600                      ",41,"8.070800                      ",30,"5.905500                      ",50,"9.842500                      ",26,"5.118100                      ",26,"5.118100                      ",24,"4.724400                      ",26,"5.118100                      ",0,"0.000000                      ",0,"0.000000                      ",0,"0.000000                      ",0,"0.000000                      "
"2006","05048","01","3619","0265","04","Elem      ","N","Milwaukee","Manitoba Elementary","Grades PreK-12","All Races","Both Genders","509",31,"6.090300                      ",50,"9.823100                      ",59,"11.591300                     ",67,"13.163000                     ",63,"12.377200                     ",60,"11.787800                     ",60,"11.787800                     ",45,"8.840800                      ",41,"8.055000                      ",33,"6.483300                      ",0,"0.000000                      ",0,"0.000000                      ",0,"0.000000                      ",0,"0.000000                      "
"2006","05458","01","3619","0267","04","Elem      ","N","Milwaukee","Maple Tree Elementary","Grades PreK-12","All Races","Both Genders","339",55,"16.224100                     ",45,"13.274300                     ",45,"13.274300                     ",53,"15.634200                     ",42,"12.389300                     ",54,"15.929200                     ",45,"13.274300                     ",0,"0.000000                      ",0,"0.000000                      ",0,"0.000000                      ",0,"0.000000                      ",0,"0.000000                      ",0,"0.000000                      ",0,"0.000000                      "
"2006","04812","01","3619","0268","04","Elem      ","N","Milwaukee","Maryland Avenue Elementary","Grades PreK-12","All Races","Both Genders","303",106,"34.983400                     ",39,"12.871200                     ",30,"9.900900                      ",21,"6.930600                      ",18,"5.940500                      ",14,"4.620400                      ",11,"3.630300                      ",18,"5.940500                      ",19,"6.270600                      ",27,"8.910800                      ",0,"0.000000                      ",0,"0.000000                      ",0,"0.000000                      ",0,"0.000000                      "
"2006","04491","01","3619","0274","04","Elem      ","N","Milwaukee","Mitchell Elementary","Grades PreK-12","All Races","Both Genders","721",74,"10.263500                     ",78,"10.818300                     ",79,"10.957000                     ",81,"11.234300                     ",82,"11.373000                     ",85,"11.789100                     ",78,"10.818300                     ",61,"8.460400                      ",50,"6.934800                      ",53,"7.350900                      ",0,"0.000000                      ",0,"0.000000                      ",0,"0.000000                      ",0,"0.000000                      "
"2006","05317","01","3619","0277","04","Elem      ","N","Milwaukee","Morgandale Elementary","Grades PreK-12","All Races","Both Genders","454",59,"12.995500                     ",64,"14.096900                     ",73,"16.079200                     ",72,"15.859000                     ",57,"12.555000                     ",74,"16.299500                     ",55,"12.114500                     ",0,"0.000000                      ",0,"0.000000                      ",0,"0.000000                      ",0,"0.000000                      ",0,"0.000000                      ",0,"0.000000                      ",0,"0.000000                      "
"2006","26927","01","3619","0282","04","High      ","N","Milwaukee","Career Youth Development School of Excel","Grades PreK-12","All Races","Both Genders","38",0,"0.000000                      ",0,"0.000000                      ",0,"0.000000                      ",0,"0.000000                      ",0,"0.000000                      ",0,"0.000000                      ",0,"0.000000                      ",0,"0.000000                      ",0,"0.000000                      ",0,"0.000000                      ",12,"31.578900                     ",10,"26.315700                     ",6,"15.789400                     ",10,"26.315700                     "
"2006","04641","01","3619","0283","04","Elem      ","N","Milwaukee","Neeskara Elementary","Grades PreK-12","All Races","Both Genders","417",57,"13.669000                     ",53,"12.709800                     ",69,"16.546700                     ",65,"15.587500                     ",60,"14.388400                     ",51,"12.230200                     ",62,"14.868100                     ",0,"0.000000                      ",0,"0.000000                      ",0,"0.000000                      ",0,"0.000000                      ",0,"0.000000                      ",0,"0.000000                      ",0,"0.000000                      "
"2006","05356","01","3619","0289","04","Elem      ","N","Milwaukee","Ninety-Fifth Street Elementary","Grades PreK-12","All Races","Both Genders","296",46,"15.540500                     ",51,"17.229700                     ",44,"14.864800                     ",41,"13.851300                     ",43,"14.527000                     ",31,"10.472900                     ",40,"13.513500                     ",0,"0.000000                      ",0,"0.000000                      ",0,"0.000000                      ",0,"0.000000                      ",0,"0.000000                      ",0,"0.000000                      ",0,"0.000000                      "
"2006","05050","01","3619","0295","04","Elem      ","N","Milwaukee","Zablocki Elementary","Grades PreK-12","All Races","Both Genders","585",97,"16.581100                     ",87,"14.871700                     ",82,"14.017000                     ",78,"13.333300                     ",78,"13.333300                     ",85,"14.529900                     ",78,"13.333300                     ",0,"0.000000                      ",0,"0.000000                      ",0,"0.000000                      ",0,"0.000000                      ",0,"0.000000                      ",0,"0.000000                      ",0,"0.000000                      "
"2006","72069","01","3619","0296","04","High      ","N","Milwaukee","Lad Lake Synergy South School","Grades PreK-12","All Races","Both Genders","16",0,"0.000000                      ",0,"0.000000                      ",0,"0.000000                      ",0,"0.000000                      ",0,"0.000000                      ",0,"0.000000                      ",0,"0.000000                      ",2,"12.500000                     ",3,"18.750000                     ",11,"68.750000                     ",0,"0.000000                      ",0,"0.000000                      ",0,"0.000000                      ",0,"0.000000                      "
"2006","72068","01","3619","0297","04","Mid/Jr Hi ","N","Milwaukee","HR Academy of Business Middle School","Grades PreK-12","All Races","Both Genders","2",0,"0.000000                      ",0,"0.000000                      ",0,"0.000000                      ",0,"0.000000                      ",0,"0.000000                      ",0,"0.000000                      ",0,"0.000000                      ",0,"0.000000                      ",0,"0.000000                      ",2,"100.000000                    ",0,"0.000000                      ",0,"0.000000                      ",0,"0.000000                      ",0,"0.000000                      "
"2006","72070","01","3619","0299","04","Mid/Jr Hi ","N","Milwaukee","NOVA Middle","Grades PreK-12","All Races","Both Genders","59",0,"0.000000                      ",0,"0.000000                      ",0,"0.000000                      ",0,"0.000000                      ",0,"0.000000                      ",0,"0.000000                      ",0,"0.000000                      ",0,"0.000000                      ",25,"42.372800                     ",34,"57.627100                     ",0,"0.000000                      ",0,"0.000000                      ",0,"0.000000                      ",0,"0.000000                      "
"2006","05475","01","3619","0301","04","Elem      ","N","Milwaukee","Parkview Elementary","Grades PreK-12","All Races","Both Genders","399",53,"13.283200                     ",64,"16.040100                     ",61,"15.288200                     ",65,"16.290700                     ",59,"14.786900                     ",56,"14.035000                     ",41,"10.275600                     ",0,"0.000000                      ",0,"0.000000                      ",0,"0.000000                      ",0,"0.000000                      ",0,"0.000000                      ",0,"0.000000                      ",0,"0.000000                      "
"2006","04713","01","3619","0304","04","Elem      ","N","Milwaukee","Philipp Elementary","Grades PreK-12","All Races","Both Genders","156",15,"9.615300                      ",16,"10.256400                     ",28,"17.948700                     ",21,"13.461500                     ",32,"20.512800                     ",13,"8.333300                      ",31,"19.871700                     ",0,"0.000000                      ",0,"0.000000                      ",0,"0.000000                      ",0,"0.000000                      ",0,"0.000000                      ",0,"0.000000                      ",0,"0.000000                      "
"2006","04883","01","3619","0307","04","Elem      ","N","Milwaukee","Pierce Elementary","Grades PreK-12","All Races","Both Genders","478",59,"12.343000                     ",70,"14.644300                     ",69,"14.435100                     ",71,"14.853500                     ",63,"13.179900                     ",56,"11.715400                     ",90,"18.828400                     ",0,"0.000000                      ",0,"0.000000                      ",0,"0.000000                      ",0,"0.000000                      ",0,"0.000000                      ",0,"0.000000                      ",0,"0.000000                      "
"2006","04547","01","3619","0311","04","Elem      ","N","Milwaukee","Urban Waldorf Elementary","Grades PreK-12","All Races","Both Genders","475",39,"8.210500                      ",44,"9.263100                      ",49,"10.315700                     ",48,"10.105200                     ",48,"10.105200                     ",52,"10.947300                     ",45,"9.473600                      ",55,"11.578900                     ",54,"11.368400                     ",41,"8.631500                      ",0,"0.000000                      ",0,"0.000000                      ",0,"0.000000                      ",0,"0.000000                      "
"2006","26970","01","3619","0312","04","Elem      ","N","Milwaukee","Starms Discovery Learning Center","Grades PreK-12","All Races","Both Genders","445",0,"0.000000                      ",0,"0.000000                      ",66,"14.831400                     ",63,"14.157300                     ",51,"11.460600                     ",59,"13.258400                     ",61,"13.707800                     ",49,"11.011200                     ",46,"10.337000                     ",50,"11.235900                     ",0,"0.000000                      ",0,"0.000000                      ",0,"0.000000                      ",0,"0.000000                      "
"2006","04591","01","3619","0313","04","Elem      ","N","Milwaukee","Riley Elementary","Grades PreK-12","All Races","Both Genders","635",112,"17.637700                     ",78,"12.283400                     ",91,"14.330700                     ",89,"14.015700                     ",89,"14.015700                     ",95,"14.960600                     ",81,"12.755900                     ",0,"0.000000                      ",0,"0.000000                      ",0,"0.000000                      ",0,"0.000000                      ",0,"0.000000                      ",0,"0.000000                      ",0,"0.000000                      "
"2006","39560","01","3619","0315","04","El/Sec    ","N","Milwaukee","Milwaukee County Youth Education Center","Grades PreK-12","All Races","Both Genders","20",0,"0.000000                      ",0,"0.000000                      ",0,"0.000000                      ",0,"0.000000                      ",0,"0.000000                      ",0,"0.000000                      ",0,"0.000000                      ",0,"0.000000                      ",1,"5.000000                      ",0,"0.000000                      ",10,"50.000000                     ",5,"25.000000                     ",1,"5.000000                      ",3,"15.000000                     "
"2006","05285","01","3619","0316","04","Elem      ","N","Milwaukee","Academy of Accelerated Learning","Grades PreK-12","All Races","Both Genders","584",81,"13.869800                     ",87,"14.897200                     ",88,"15.068400                     ",79,"13.527300                     ",87,"14.897200                     ",86,"14.726000                     ",76,"13.013600                     ",0,"0.000000                      ",0,"0.000000                      ",0,"0.000000                      ",0,"0.000000                      ",0,"0.000000                      ",0,"0.000000                      ",0,"0.000000                      "
"2006","04784","01","3619","0319","04","Elem      ","N","Milwaukee","Sherman Elementary","Grades PreK-12","All Races","Both Genders","722",63,"8.725700                      ",51,"7.063700                      ",71,"9.833700                      ",73,"10.110800                     ",60,"8.310200                      ",69,"9.556700                      ",76,"10.526300                     ",89,"12.326800                     ",84,"11.634300                     ",86,"11.911300                     ",0,"0.000000                      ",0,"0.000000                      ",0,"0.000000                      ",0,"0.000000                      "
"2006","04548","01","3619","0322","04","Elem      ","Y","Milwaukee","Siefert Elementary","Grades PreK-12","All Races","Both Genders","413",73,"17.675500                     ",57,"13.801400                     ",57,"13.801400                     ",50,"12.106500                     ",51,"12.348600                     ",67,"16.222700                     ",58,"14.043500                     ",0,"0.000000                      ",0,"0.000000                      ",0,"0.000000                      ",0,"0.000000                      ",0,"0.000000                      ",0,"0.000000                      ",0,"0.000000                      "
"2006","04715","01","3619","0325","04","Elem      ","N","Milwaukee","Silver Spring Elementary","Grades PreK-12","All Races","Both Genders","288",60,"20.833300                     ",40,"13.888800                     ",44,"15.277700                     ",41,"14.236100                     ",36,"12.500000                     ",40,"13.888800                     ",27,"9.375000                      ",0,"0.000000                      ",0,"0.000000                      ",0,"0.000000                      ",0,"0.000000                      ",0,"0.000000                      ",0,"0.000000                      ",0,"0.000000                      "
"2006","30944","01","3619","0328","04","Elem      ","N","Milwaukee","Sixty-Eight Street Early Childhood","Grades PreK-12","All Races","Both Genders","213",170,"79.812200                     ",43,"20.187700                     ",0,"0.000000                      ",0,"0.000000                      ",0,"0.000000                      ",0,"0.000000                      ",0,"0.000000                      ",0,"0.000000                      ",0,"0.000000                      ",0,"0.000000                      ",0,"0.000000                      ",0,"0.000000                      ",0,"0.000000                      ",0,"0.000000                      "
"2006","05093","01","3619","0331","04","Elem      ","N","Milwaukee","Sixty-Fifth Street Elementary","Grades PreK-12","All Races","Both Genders","401",28,"6.982500                      ",42,"10.473800                     ",43,"10.723100                     ",41,"10.224400                     ",45,"11.221900                     ",46,"11.471300                     ",38,"9.476300                      ",47,"11.720600                     ",38,"9.476300                      ",33,"8.229400                      ",0,"0.000000                      ",0,"0.000000                      ",0,"0.000000                      ",0,"0.000000                      "
"2006","05286","01","3619","0334","04","Elem      ","Y","Milwaukee","Honey Creek Continuous Progress","Grades PreK-12","All Races","Both Genders","374",63,"16.844900                     ",59,"15.775400                     ",58,"15.508000                     ",52,"13.903700                     ",57,"15.240600                     ",48,"12.834200                     ",37,"9.893000                      ",0,"0.000000                      ",0,"0.000000                      ",0,"0.000000                      ",0,"0.000000                      ",0,"0.000000                      ",0,"0.000000                      ",0,"0.000000                      "
"2006","05236","01","3619","0337","04","Elem      ","N","Milwaukee","Kluge Elementary","Grades PreK-12","All Races","Both Genders","375",52,"13.866600                     ",42,"11.200000                     ",65,"17.333300                     ",61,"16.266600                     ",51,"13.600000                     ",43,"11.466600                     ",61,"16.266600                     ",0,"0.000000                      ",0,"0.000000                      ",0,"0.000000                      ",0,"0.000000                      ",0,"0.000000                      ",0,"0.000000                      ",0,"0.000000                      "
"2006","72884","01","3619","0341","04","Mid/Jr Hi ","Y","Milwaukee","Preparatory School for Global Leadership","Grades PreK-12","All Races","Both Genders","42",0,"0.000000                      ",0,"0.000000                      ",0,"0.000000                      ",0,"0.000000                      ",0,"0.000000                      ",0,"0.000000                      ",0,"0.000000                      ",10,"23.809500                     ",20,"47.619000                     ",12,"28.571400                     ",0,"0.000000                      ",0,"0.000000                      ",0,"0.000000                      ",0,"0.000000                      "
"2006","04642","01","3619","0343","04","Elem      ","N","Milwaukee","Story Elementary","Grades PreK-12","All Races","Both Genders","462",29,"6.277000                      ",37,"8.008600                      ",38,"8.225100                      ",45,"9.740200                      ",37,"8.008600                      ",48,"10.389600                     ",45,"9.740200                      ",66,"14.285700                     ",59,"12.770500                     ",58,"12.554100                     ",0,"0.000000                      ",0,"0.000000                      ",0,"0.000000                      ",0,"0.000000                      "
"2006","05459","01","3619","0344","04","Elem      ","N","Milwaukee","Stuart Elementary","Grades PreK-12","All Races","Both Genders","321",30,"9.345700                      ",38,"11.838000                     ",49,"15.264700                     ",46,"14.330200                     ",47,"14.641700                     ",59,"18.380000                     ",52,"16.199300                     ",0,"0.000000                      ",0,"0.000000                      ",0,"0.000000                      ",0,"0.000000                      ",0,"0.000000                      ",0,"0.000000                      ",0,"0.000000                      "
"2006","04785","01","3619","0347","04","Elem      ","N","Milwaukee","Thirty-Eighth Street Elementary","Grades PreK-12","All Races","Both Genders","234",27,"11.538400                     ",19,"8.119600                      ",36,"15.384600                     ",44,"18.803400                     ",33,"14.102500                     ",31,"13.247800                     ",44,"18.803400                     ",0,"0.000000                      ",0,"0.000000                      ",0,"0.000000                      ",0,"0.000000                      ",0,"0.000000                      ",0,"0.000000                      ",0,"0.000000                      "
"2006","04716","01","3619","0350","04","Elem      ","N","Milwaukee","Thirty-Fifth Street Elementary","Grades PreK-12","All Races","Both Genders","350",87,"24.857100                     ",35,"10.000000                     ",35,"10.000000                     ",28,"8.000000                      ",37,"10.571400                     ",33,"9.428500                      ",30,"8.571400                      ",34,"9.714200                      ",31,"8.857100                      ",0,"0.000000                      ",0,"0.000000                      ",0,"0.000000                      ",0,"0.000000                      ",0,"0.000000                      "
"2006","04644","01","3619","0356","04","Elem      ","N","Milwaukee","Bethune Academy","Grades PreK-12","All Races","Both Genders","366",48,"13.114700                     ",44,"12.021800                     ",45,"12.295000                     ",45,"12.295000                     ",39,"10.655700                     ",40,"10.928900                     ",36,"9.836000                      ",35,"9.562800                      ",34,"9.289600                      ",0,"0.000000                      ",0,"0.000000                      ",0,"0.000000                      ",0,"0.000000                      ",0,"0.000000                      "
"2006","05415","01","3619","0360","04","Elem      ","N","Milwaukee","Thoreau Elementary","Grades PreK-12","All Races","Both Genders","591",53,"8.967800                      ",56,"9.475400                      ",77,"13.028700                     ",74,"12.521100                     ",72,"12.182700                     ",74,"12.521100                     ",67,"11.336700                     ",59,"9.983000                      ",59,"9.983000                      ",0,"0.000000                      ",0,"0.000000                      ",0,"0.000000                      ",0,"0.000000                      ",0,"0.000000                      "
"2006","04592","01","3619","0362","04","Elem      ","N","Milwaukee","Tippecanoe Elementary","Grades PreK-12","All Races","Both Genders","285",24,"8.421000                      ",30,"10.526300                     ",29,"10.175400                     ",30,"10.526300                     ",24,"8.421000                      ",31,"10.877100                     ",30,"10.526300                     ",28,"9.824500                      ",29,"10.175400                     ",30,"10.526300                     ",0,"0.000000                      ",0,"0.000000                      ",0,"0.000000                      ",0,"0.000000                      "
"2006","05094","01","3619","0365","04","Elem      ","N","Milwaukee","Townsend Street Elementary","Grades PreK-12","All Races","Both Genders","478",42,"8.786600                      ",54,"11.297000                     ",46,"9.623400                      ",60,"12.552300                     ",60,"12.552300                     ",61,"12.761500                     ",55,"11.506200                     ",34,"7.112900                      ",32,"6.694500                      ",34,"7.112900                      ",0,"0.000000                      ",0,"0.000000                      ",0,"0.000000                      ",0,"0.000000                      "
"2006","04593","01","3619","0368","04","Elem      ","N","Milwaukee","Trowbridge Street Elementary","Grades PreK-12","All Races","Both Genders","262",24,"9.160300                      ",33,"12.595400                     ",27,"10.305300                     ",35,"13.358700                     ",19,"7.251900                      ",29,"11.068700                     ",23,"8.778600                      ",23,"8.778600                      ",25,"9.541900                      ",24,"9.160300                      ",0,"0.000000                      ",0,"0.000000                      ",0,"0.000000                      ",0,"0.000000                      "
"2006","04566","01","3619","0374","04","Elem      ","N","Milwaukee","Wheatley Elementary","Grades PreK-12","All Races","Both Genders","261",32,"12.260500                     ",42,"16.091900                     ",34,"13.026800                     ",41,"15.708800                     ",46,"17.624500                     ",30,"11.494200                     ",36,"13.793100                     ",0,"0.000000                      ",0,"0.000000                      ",0,"0.000000                      ",0,"0.000000                      ",0,"0.000000                      ",0,"0.000000                      ",0,"0.000000                      "
"2006","04567","01","3619","0377","04","Elem      ","N","Milwaukee","Twenty-First Street Elementary","Grades PreK-12","All Races","Both Genders","317",28,"8.832800                      ",43,"13.564600                     ",52,"16.403700                     ",40,"12.618200                     ",51,"16.088300                     ",55,"17.350100                     ",48,"15.141900                     ",0,"0.000000                      ",0,"0.000000                      ",0,"0.000000                      ",0,"0.000000                      ",0,"0.000000                      ",0,"0.000000                      ",0,"0.000000                      "
"2006","04717","01","3619","0380","04","Elem      ","N","Milwaukee","McNair Elementary","Grades PreK-12","All Races","Both Genders","322",27,"8.385000                      ",30,"9.316700                      ",31,"9.627300                      ",34,"10.559000                     ",39,"12.111800                     ",30,"9.316700                      ",28,"8.695600                      ",37,"11.490600                     ",40,"12.422300                     ",26,"8.074500                      ",0,"0.000000                      ",0,"0.000000                      ",0,"0.000000                      ",0,"0.000000                      "
"2006","05318","01","3619","0387","04","Elem      ","N","Milwaukee","Victory Elementary","Grades PreK-12","All Races","Both Genders","511",57,"11.154500                     ",50,"9.784700                      ",43,"8.414800                      ",44,"8.610500                      ",45,"8.806200                      ",43,"8.414800                      ",53,"10.371800                     ",56,"10.958900                     ",60,"11.741600                     ",60,"11.741600                     ",0,"0.000000                      ",0,"0.000000                      ",0,"0.000000                      ",0,"0.000000                      "
"2006","04492","01","3619","0390","04","Elem      ","N","Milwaukee","Vieau Elementary","Grades PreK-12","All Races","Both Genders","665",50,"7.518700                      ",88,"13.233000                     ",77,"11.578900                     ",71,"10.676600                     ",74,"11.127800                     ",62,"9.323300                      ",68,"10.225500                     ",57,"8.571400                      ",61,"9.172900                      ",57,"8.571400                      ",0,"0.000000                      ",0,"0.000000                      ",0,"0.000000                      ",0,"0.000000                      "
"2006","05287","01","3619","0397","04","Elem      ","N","Milwaukee","Whitman Elementary","Grades PreK-12","All Races","Both Genders","371",56,"15.094300                     ",53,"14.285700                     ",47,"12.668400                     ",46,"12.398900                     ",50,"13.477000                     ",44,"11.859800                     ",41,"11.051200                     ",34,"9.164400                      ",0,"0.000000                      ",0,"0.000000                      ",0,"0.000000                      ",0,"0.000000                      ",0,"0.000000                      ",0,"0.000000                      "
"2006","04594","01","3619","0398","04","Elem      ","Y","Milwaukee","Whittier Elementary","Grades PreK-12","All Races","Both Genders","209",32,"15.311000                     ",40,"19.138700                     ",28,"13.397100                     ",28,"13.397100                     ",29,"13.875500                     ",34,"16.267900                     ",18,"8.612400                      ",0,"0.000000                      ",0,"0.000000                      ",0,"0.000000                      ",0,"0.000000                      ",0,"0.000000                      ",0,"0.000000                      ",0,"0.000000                      "
"2006","26969","01","3619","0399","04","El/Sec    ","N","Milwaukee","WI Conservatory of Lifelong Learning","Grades PreK-12","All Races","Both Genders","735",47,"6.394500                      ",30,"4.081600                      ",43,"5.850300                      ",45,"6.122400                      ",42,"5.714200                      ",57,"7.755100                      ",46,"6.258500                      ",72,"9.795900                      ",60,"8.163200                      ",60,"8.163200                      ",85,"11.564600                     ",57,"7.755100                      ",50,"6.802700                      ",41,"5.578200                      "
"2006","04646","01","3619","0401","04","Elem      ","N","Milwaukee","Wisconsin Avenue Elementary","Grades PreK-12","All Races","Both Genders","362",32,"8.839700                      ",58,"16.022000                     ",49,"13.535900                     ",56,"15.469600                     ",61,"16.850800                     ",43,"11.878400                     ",63,"17.403300                     ",0,"0.000000                      ",0,"0.000000                      ",0,"0.000000                      ",0,"0.000000                      ",0,"0.000000                      ",0,"0.000000                      ",0,"0.000000                      "
"2006","31003","01","3619","0404","04","High      ","N","Milwaukee","Project School to Work","Grades PreK-12","All Races","Both Genders","19",0,"0.000000                      ",0,"0.000000                      ",0,"0.000000                      ",0,"0.000000                      ",0,"0.000000                      ",0,"0.000000                      ",0,"0.000000                      ",0,"0.000000                      ",0,"0.000000                      ",0,"0.000000                      ",0,"0.000000                      ",0,"0.000000                      ",12,"63.157800                     ",7,"36.842100                     "
"2006","71877","01","3619","0410","04","High      ","N","Milwaukee","Grandview Alternative High Part","Grades PreK-12","All Races","Both Genders","225",0,"0.000000                      ",0,"0.000000                      ",0,"0.000000                      ",0,"0.000000                      ",0,"0.000000                      ",0,"0.000000                      ",0,"0.000000                      ",0,"0.000000                      ",0,"0.000000                      ",0,"0.000000                      ",89,"39.555500                     ",59,"26.222200                     ",59,"26.222200                     ",18,"8.000000                      "
"2006","72845","01","3619","0412","04","High      ","Y","Milwaukee","Advanced Language and Academic Studies","Grades PreK-12","All Races","Both Genders","256",0,"0.000000                      ",0,"0.000000                      ",0,"0.000000                      ",0,"0.000000                      ",0,"0.000000                      ",0,"0.000000                      ",0,"0.000000                      ",0,"0.000000                      ",0,"0.000000                      ",0,"0.000000                      ",85,"33.203100                     ",70,"27.343700                     ",50,"19.531200                     ",51,"19.921800                     "
"2006","00089","01","3619","0413","04","High      ","Y","Milwaukee","The Alliance School","Grades PreK-12","All Races","Both Genders","104",0,"0.000000                      ",0,"0.000000                      ",0,"0.000000                      ",0,"0.000000                      ",0,"0.000000                      ",0,"0.000000                      ",0,"0.000000                      ",0,"0.000000                      ",0,"0.000000                      ",0,"0.000000                      ",36,"34.615300                     ",18,"17.307600                     ",32,"30.769200                     ",18,"17.307600                     "
"2006","30941","01","3619","0414","04","El/Sec    ","N","Milwaukee","Lady Pitts","Grades PreK-12","All Races","Both Genders","133",0,"0.000000                      ",0,"0.000000                      ",0,"0.000000                      ",0,"0.000000                      ",0,"0.000000                      ",0,"0.000000                      ",0,"0.000000                      ",0,"0.000000                      ",2,"1.503700                      ",2,"1.503700                      ",30,"22.556300                     ",37,"27.819500                     ",30,"22.556300                     ",32,"24.060100                     "
"2006","00093","01","3619","0415","04","High      ","Y","Milwaukee","W.E.B. DuBois High","Grades PreK-12","All Races","Both Genders","133",0,"0.000000                      ",0,"0.000000                      ",0,"0.000000                      ",0,"0.000000                      ",0,"0.000000                      ",0,"0.000000                      ",0,"0.000000                      ",0,"0.000000                      ",0,"0.000000                      ",0,"0.000000                      ",133,"100.000000                    ",0,"0.000000                      ",0,"0.000000                      ",0,"0.000000                      "
"2006","72847","01","3619","0416","04","High      ","Y","Milwaukee","Community High School","Grades PreK-12","All Races","Both Genders","120",0,"0.000000                      ",0,"0.000000                      ",0,"0.000000                      ",0,"0.000000                      ",0,"0.000000                      ",0,"0.000000                      ",0,"0.000000                      ",0,"0.000000                      ",0,"0.000000                      ",0,"0.000000                      ",46,"38.333300                     ",54,"45.000000                     ",19,"15.833300                     ",1,"0.833300                      "
"2006","00094","01","3619","0417","04","High      ","N","Milwaukee","Foster & Williams","Grades PreK-12","All Races","Both Genders","151",0,"0.000000                      ",0,"0.000000                      ",0,"0.000000                      ",0,"0.000000                      ",0,"0.000000                      ",0,"0.000000                      ",0,"0.000000                      ",0,"0.000000                      ",0,"0.000000                      ",0,"0.000000                      ",78,"51.655600                     ",57,"37.748300                     ",5,"3.311200                      ",11,"7.284700                      "
"2006","72850","01","3619","0418","04","High      ","Y","Milwaukee","School of Humanities","Grades PreK-12","All Races","Both Genders","145",0,"0.000000                      ",0,"0.000000                      ",0,"0.000000                      ",0,"0.000000                      ",0,"0.000000                      ",0,"0.000000                      ",0,"0.000000                      ",0,"0.000000                      ",0,"0.000000                      ",0,"0.000000                      ",73,"50.344800                     ",45,"31.034400                     ",27,"18.620600                     ",0,"0.000000                      "
"2006","71630","01","3619","0420","04","High      ","Y","Milwaukee","Phoenix High Sch","Grades PreK-12","All Races","Both Genders","113",0,"0.000000                      ",0,"0.000000                      ",0,"0.000000                      ",0,"0.000000                      ",0,"0.000000                      ",0,"0.000000                      ",0,"0.000000                      ",0,"0.000000                      ",0,"0.000000                      ",0,"0.000000                      ",57,"50.442400                     ",27,"23.893800                     ",15,"13.274300                     ",14,"12.389300                     "
"2006","00096","01","3619","0421","04","High      ","Y","Milwaukee","Milwaukee Learning Lab & Institute","Grades PreK-12","All Races","Both Genders","86",0,"0.000000                      ",0,"0.000000                      ",0,"0.000000                      ",0,"0.000000                      ",0,"0.000000                      ",0,"0.000000                      ",0,"0.000000                      ",0,"0.000000                      ",0,"0.000000                      ",0,"0.000000                      ",86,"100.000000                    ",0,"0.000000                      ",0,"0.000000                      ",0,"0.000000                      "
"2006","72883","01","3619","0422","04","High      ","Y","Milwaukee","Community Trade and Business Center-CTBC","Grades PreK-12","All Races","Both Genders","63",0,"0.000000                      ",0,"0.000000                      ",0,"0.000000                      ",0,"0.000000                      ",0,"0.000000                      ",0,"0.000000                      ",0,"0.000000                      ",0,"0.000000                      ",0,"0.000000                      ",0,"0.000000                      ",25,"39.682500                     ",38,"60.317400                     ",0,"0.000000                      ",0,"0.000000                      "
"2006","00097","01","3619","0423","04","High      ","N","Milwaukee","WH School of Expeditionary Learning","Grades PreK-12","All Races","Both Genders","312",0,"0.000000                      ",0,"0.000000                      ",0,"0.000000                      ",0,"0.000000                      ",0,"0.000000                      ",0,"0.000000                      ",0,"0.000000                      ",0,"0.000000                      ",0,"0.000000                      ",0,"0.000000                      ",101,"32.371700                     ",63,"20.192300                     ",63,"20.192300                     ",85,"27.243500                     "
"2006","00098","01","3619","0424","04","High      ","N","Milwaukee","WH School of Information Technology","Grades PreK-12","All Races","Both Genders","361",0,"0.000000                      ",0,"0.000000                      ",0,"0.000000                      ",0,"0.000000                      ",0,"0.000000                      ",0,"0.000000                      ",0,"0.000000                      ",0,"0.000000                      ",0,"0.000000                      ",0,"0.000000                      ",133,"36.842100                     ",55,"15.235400                     ",87,"24.099700                     ",86,"23.822700                     "
"2006","00099","01","3619","0426","04","High      ","N","Milwaukee","WH School of Law, Educ, & Public Service","Grades PreK-12","All Races","Both Genders","334",0,"0.000000                      ",0,"0.000000                      ",0,"0.000000                      ",0,"0.000000                      ",0,"0.000000                      ",0,"0.000000                      ",0,"0.000000                      ",0,"0.000000                      ",0,"0.000000                      ",0,"0.000000                      ",116,"34.730500                     ",61,"18.263400                     ",109,"32.634700                     ",48,"14.371200                     "
"2006","00095","01","3619","0427","04","High      ","Y","Milwaukee","Milwaukee Academy of Aviation","Grades PreK-12","All Races","Both Genders","138",0,"0.000000                      ",0,"0.000000                      ",0,"0.000000                      ",0,"0.000000                      ",0,"0.000000                      ",0,"0.000000                      ",0,"0.000000                      ",0,"0.000000                      ",0,"0.000000                      ",0,"0.000000                      ",138,"100.000000                    ",0,"0.000000                      ",0,"0.000000                      ",0,"0.000000                      "
"2006","71650","01","3619","0430","04","High      ","Y","Milwaukee","Veritas High","Grades PreK-12","All Races","Both Genders","177",0,"0.000000                      ",0,"0.000000                      ",0,"0.000000                      ",0,"0.000000                      ",0,"0.000000                      ",0,"0.000000                      ",0,"0.000000                      ",0,"0.000000                      ",0,"0.000000                      ",0,"0.000000                      ",45,"25.423700                     ",54,"30.508400                     ",42,"23.728800                     ",36,"20.338900                     "
"2006","72511","01","3619","0435","04","High      ","N","Milwaukee","Ronald Wilson Reagan College Prep High","Grades PreK-12","All Races","Both Genders","303",0,"0.000000                      ",0,"0.000000                      ",0,"0.000000                      ",0,"0.000000                      ",0,"0.000000                      ",0,"0.000000                      ",0,"0.000000                      ",0,"0.000000                      ",0,"0.000000                      ",0,"0.000000                      ",143,"47.194700                     ",109,"35.973500                     ",51,"16.831600                     ",0,"0.000000                      "
"2006","72851","01","3619","0438","04","High      ","Y","Milwaukee","Truth Institute for Leadership and Serv","Grades PreK-12","All Races","Both Genders","151",0,"0.000000                      ",0,"0.000000                      ",0,"0.000000                      ",0,"0.000000                      ",0,"0.000000                      ",0,"0.000000                      ",0,"0.000000                      ",0,"0.000000                      ",0,"0.000000                      ",0,"0.000000                      ",56,"37.086000                     ",63,"41.721800                     ",32,"21.192000                     ",0,"0.000000                      "
"2006","72541","01","3619","0445","04","High      ","Y","Milwaukee","New Hope Inst of Science & Technology","Grades PreK-12","All Races","Both Genders","201",0,"0.000000                      ",0,"0.000000                      ",0,"0.000000                      ",0,"0.000000                      ",0,"0.000000                      ",0,"0.000000                      ",0,"0.000000                      ",19,"9.452700                      ",16,"7.960100                      ",29,"14.427800                     ",67,"33.333300                     ",36,"17.910400                     ",25,"12.437800                     ",9,"4.477600                      "
"2006","72540","01","3619","0450","04","High      ","Y","Milwaukee","Professional Learning Institute","Grades PreK-12","All Races","Both Genders","150",0,"0.000000                      ",0,"0.000000                      ",0,"0.000000                      ",0,"0.000000                      ",0,"0.000000                      ",0,"0.000000                      ",0,"0.000000                      ",0,"0.000000                      ",0,"0.000000                      ",0,"0.000000                      ",57,"38.000000                     ",45,"30.000000                     ",40,"26.666600                     ",8,"5.333300                      "
"2006","72848","01","3619","0452","04","High      ","Y","Milwaukee","Genesis Sch Bus/Tech/Trade/Health/HServ","Grades PreK-12","All Races","Both Genders","197",0,"0.000000                      ",0,"0.000000                      ",0,"0.000000                      ",0,"0.000000                      ",0,"0.000000                      ",0,"0.000000                      ",0,"0.000000                      ",0,"0.000000                      ",0,"0.000000                      ",0,"0.000000                      ",88,"44.670000                     ",66,"33.502500                     ",43,"21.827400                     ",0,"0.000000                      "
"2006","30965","01","3619","0458","04","High      ","N","Milwaukee","Project Stay Senior Institute","Grades PreK-12","All Races","Both Genders","154",0,"0.000000                      ",0,"0.000000                      ",0,"0.000000                      ",0,"0.000000                      ",0,"0.000000                      ",0,"0.000000                      ",0,"0.000000                      ",0,"0.000000                      ",0,"0.000000                      ",0,"0.000000                      ",0,"0.000000                      ",0,"0.000000                      ",35,"22.727200                     ",119,"77.272700                     "
"2006","72885","01","3619","0462","04","High      ","Y","Milwaukee","CITIES Project High School","Grades PreK-12","All Races","Both Genders","78",0,"0.000000                      ",0,"0.000000                      ",0,"0.000000                      ",0,"0.000000                      ",0,"0.000000                      ",0,"0.000000                      ",0,"0.000000                      ",0,"0.000000                      ",0,"0.000000                      ",0,"0.000000                      ",46,"58.974300                     ",20,"25.641000                     ",12,"15.384600                     ",0,"0.000000                      "
"2006","31005","01","3619","0484","04","Elem      ","N","Milwaukee","Headstart - Central Services Building","Grades PreK-12","All Races","Both Genders","14",14,"100.000000                    ",0,"0.000000                      ",0,"0.000000                      ",0,"0.000000                      ",0,"0.000000                      ",0,"0.000000                      ",0,"0.000000                      ",0,"0.000000                      ",0,"0.000000                      ",0,"0.000000                      ",0,"0.000000                      ",0,"0.000000                      ",0,"0.000000                      ",0,"0.000000                      "
"2006","30878","01","3619","0500","04","High      ","N","Milwaukee","Metropolitan High","Grades PreK-12","All Races","Both Genders","234",0,"0.000000                      ",0,"0.000000                      ",0,"0.000000                      ",0,"0.000000                      ",0,"0.000000                      ",0,"0.000000                      ",0,"0.000000                      ",0,"0.000000                      ",0,"0.000000                      ",0,"0.000000                      ",106,"45.299100                     ",42,"17.948700                     ",56,"23.931600                     ",30,"12.820500                     "
"2006","30879","01","3619","0501","04","Elem      ","N","Milwaukee","Craig Montessori School","Grades PreK-12","All Races","Both Genders","520",116,"22.307600                     ",55,"10.576900                     ",54,"10.384600                     ",47,"9.038400                      ",43,"8.269200                      ",47,"9.038400                      ",36,"6.923000                      ",36,"6.923000                      ",45,"8.653800                      ",41,"7.884600                      ",0,"0.000000                      ",0,"0.000000                      ",0,"0.000000                      ",0,"0.000000                      "
"2006","71241","01","3619","0525","04","Elem      ","N","Milwaukee","Metcalfe Elementary","Grades PreK-12","All Races","Both Genders","394",28,"7.106500                      ",26,"6.598900                      ",36,"9.137000                      ",34,"8.629400                      ",43,"10.913700                     ",41,"10.406000                     ",44,"11.167500                     ",46,"11.675100                     ",39,"9.898400                      ",57,"14.467000                     ",0,"0.000000                      ",0,"0.000000                      ",0,"0.000000                      ",0,"0.000000                      "
"2006","71875","01","3619","0805","04","El/Sec    ","N","Milwaukee","St Charles Intensive Day Treatment","Grades PreK-12","All Races","Both Genders","21",0,"0.000000                      ",0,"0.000000                      ",0,"0.000000                      ",0,"0.000000                      ",0,"0.000000                      ",0,"0.000000                      ",0,"0.000000                      ",0,"0.000000                      ",2,"9.523800                      ",1,"4.761900                      ",13,"61.904700                     ",4,"19.047600                     ",1,"4.761900                      ",0,"0.000000                      "
"2006","71286","01","3619","0810","04","El/Sec    ","Y","Milwaukee","Wisconsin Career Academy","Grades PreK-12","All Races","Both Genders","320",0,"0.000000                      ",0,"0.000000                      ",0,"0.000000                      ",0,"0.000000                      ",0,"0.000000                      ",0,"0.000000                      ",0,"0.000000                      ",18,"5.625000                      ",46,"14.375000                     ",58,"18.125000                     ",66,"20.625000                     ",54,"16.875000                     ",49,"15.312500                     ",29,"9.062500                      "
"2006","71991","01","3619","0825","04","El/Sec    ","N","Milwaukee","St Charles Behav Reassign Success Acad","Grades PreK-12","All Races","Both Genders","19",0,"0.000000                      ",0,"0.000000                      ",0,"0.000000                      ",0,"0.000000                      ",0,"0.000000                      ",0,"0.000000                      ",0,"0.000000                      ",0,"0.000000                      ",1,"5.263100                      ",5,"26.315700                     ",9,"47.368400                     ",2,"10.526300                     ",2,"10.526300                     ",0,"0.000000                      "
"2006","71994","01","3619","0830","04","El/Sec    ","Y","Milwaukee","Wings Academy","Grades PreK-12","All Races","Both Genders","105",0,"0.000000                      ",0,"0.000000                      ",0,"0.000000                      ",0,"0.000000                      ",7,"6.666600                      ",12,"11.428500                     ",5,"4.761900                      ",8,"7.619000                      ",12,"11.428500                     ",17,"16.190400                     ",19,"18.095200                     ",16,"15.238000                     ",6,"5.714200                      ",3,"2.857100                      "
"2006","00102","01","3619","0832","04","El/Sec    ","N","Milwaukee","Special Services Sites-RCC","Grades PreK-12","All Races","Both Genders","0",0,"--                            ",0,"--                            ",0,"--                            ",0,"--                            ",0,"--                            ",0,"--                            ",0,"--                            ",0,"--                            ",0,"--                            ",0,"--                            ",0,"--                            ",0,"--                            ",0,"--                            ",0,"--                            "
"2006","00103","01","3619","0833","04","El/Sec    ","N","Milwaukee","Special Services-SPL","Grades PreK-12","All Races","Both Genders","0",0,"--                            ",0,"--                            ",0,"--                            ",0,"--                            ",0,"--                            ",0,"--                            ",0,"--                            ",0,"--                            ",0,"--                            ",0,"--                            ",0,"--                            ",0,"--                            ",0,"--                            ",0,"--                            "
"2006","00105","01","3619","0834","04","El/Sec    ","N","Milwaukee","Special Services Sites-SERV. PLAN","Grades PreK-12","All Races","Both Genders","0",0,"--                            ",0,"--                            ",0,"--                            ",0,"--                            ",0,"--                            ",0,"--                            ",0,"--                            ",0,"--                            ",0,"--                            ",0,"--                            ",0,"--                            ",0,"--                            ",0,"--                            ",0,"--                            "
"2006","00106","01","3619","0835","04","El/Sec    ","N","Milwaukee","Special Services Site-IEP EVAL","Grades PreK-12","All Races","Both Genders","0",0,"--                            ",0,"--                            ",0,"--                            ",0,"--                            ",0,"--                            ",0,"--                            ",0,"--                            ",0,"--                            ",0,"--                            ",0,"--                            ",0,"--                            ",0,"--                            ",0,"--                            ",0,"--                            "
"2006","00107","01","3619","0836","04","El/Sec    ","N","Milwaukee","Special Services Site-ECC","Grades PreK-12","All Races","Both Genders","0",0,"--                            ",0,"--                            ",0,"--                            ",0,"--                            ",0,"--                            ",0,"--                            ",0,"--                            ",0,"--                            ",0,"--                            ",0,"--                            ",0,"--                            ",0,"--                            ",0,"--                            ",0,"--                            "
"2006","05628","01","3619","0852","04","Elem      ","Y","Milwaukee","Highland Community Sch","Grades PreK-12","All Races","Both Genders","109",60,"55.045800                     ",23,"21.100900                     ",16,"14.678800                     ",8,"7.339400                      ",2,"1.834800                      ",0,"0.000000                      ",0,"0.000000                      ",0,"0.000000                      ",0,"0.000000                      ",0,"0.000000                      ",0,"0.000000                      ",0,"0.000000                      ",0,"0.000000                      ",0,"0.000000                      "
"2006","71479","01","3619","0860","04","El/Sec    ","Y","Milwaukee","Milwaukee Leadership Training Center","Grades PreK-12","All Races","Both Genders","121",0,"0.000000                      ",0,"0.000000                      ",0,"0.000000                      ",0,"0.000000                      ",0,"0.000000                      ",0,"0.000000                      ",10,"8.264400                      ",18,"14.876000                     ",23,"19.008200                     ",39,"32.231400                     ",27,"22.314000                     ",4,"3.305700                      ",0,"0.000000                      ",0,"0.000000                      "
"2006","30883","01","3619","1049","04","High      ","N","Milwaukee","HR Academy/Global Awareness High Sch","Grades PreK-12","All Races","Both Genders","120",0,"0.000000                      ",0,"0.000000                      ",0,"0.000000                      ",0,"0.000000                      ",0,"0.000000                      ",0,"0.000000                      ",0,"0.000000                      ",0,"0.000000                      ",0,"0.000000                      ",0,"0.000000                      ",52,"43.333300                     ",33,"27.500000                     ",22,"18.333300                     ",13,"10.833300                     "
"2006","30885","01","3619","1052","04","Elem      ","Y","Milwaukee","Bruce Guadalupe Community School","Grades PreK-12","All Races","Both Genders","757",88,"11.624800                     ",87,"11.492700                     ",84,"11.096400                     ",81,"10.700100                     ",77,"10.171700                     ",75,"9.907500                      ",67,"8.850700                      ",75,"9.907500                      ",60,"7.926000                      ",63,"8.322300                      ",0,"0.000000                      ",0,"0.000000                      ",0,"0.000000                      ",0,"0.000000                      "
"2006","30886","01","3619","1053","04","Elem      ","N","Milwaukee","Guadalupe Head Start North","Grades PreK-12","All Races","Both Genders","16",16,"100.000000                    ",0,"0.000000                      ",0,"0.000000                      ",0,"0.000000                      ",0,"0.000000                      ",0,"0.000000                      ",0,"0.000000                      ",0,"0.000000                      ",0,"0.000000                      ",0,"0.000000                      ",0,"0.000000                      ",0,"0.000000                      ",0,"0.000000                      ",0,"0.000000                      "
"2006","30923","01","3619","1063","04","High      ","N","Milwaukee","ASSATA","Grades PreK-12","All Races","Both Genders","105",0,"0.000000                      ",0,"0.000000                      ",0,"0.000000                      ",0,"0.000000                      ",0,"0.000000                      ",0,"0.000000                      ",0,"0.000000                      ",0,"0.000000                      ",0,"0.000000                      ",0,"0.000000                      ",34,"32.380900                     ",33,"31.428500                     ",17,"16.190400                     ",21,"20.000000                     "
"2006","30924","01","3619","1064","04","High      ","Y","Milwaukee","Aurora Weier Early College Bilingual","Grades PreK-12","All Races","Both Genders","71",0,"0.000000                      ",0,"0.000000                      ",0,"0.000000                      ",0,"0.000000                      ",0,"0.000000                      ",0,"0.000000                      ",0,"0.000000                      ",0,"0.000000                      ",0,"0.000000                      ",0,"0.000000                      ",28,"39.436600                     ",19,"26.760500                     ",12,"16.901400                     ",12,"16.901400                     "
"2006","30926","01","3619","1065","04","Mid/Jr Hi ","N","Milwaukee","Fritsche (LEAP)","Grades PreK-12","All Races","Both Genders","58",0,"0.000000                      ",0,"0.000000                      ",0,"0.000000                      ",0,"0.000000                      ",0,"0.000000                      ",0,"0.000000                      ",0,"0.000000                      ",3,"5.172400                      ",30,"51.724100                     ",25,"43.103400                     ",0,"0.000000                      ",0,"0.000000                      ",0,"0.000000                      ",0,"0.000000                      "
"2006","30927","01","3619","1066","04","High      ","N","Milwaukee","Loyola Academy","Grades PreK-12","All Races","Both Genders","93",0,"0.000000                      ",0,"0.000000                      ",0,"0.000000                      ",0,"0.000000                      ",0,"0.000000                      ",0,"0.000000                      ",0,"0.000000                      ",0,"0.000000                      ",0,"0.000000                      ",0,"0.000000                      ",35,"37.634400                     ",22,"23.655900                     ",15,"16.129000                     ",21,"22.580600                     "
"2006","30928","01","3619","1067","04","High      ","N","Milwaukee","MATC-Project Hold","Grades PreK-12","All Races","Both Genders","49",0,"0.000000                      ",0,"0.000000                      ",0,"0.000000                      ",0,"0.000000                      ",0,"0.000000                      ",0,"0.000000                      ",0,"0.000000                      ",0,"0.000000                      ",0,"0.000000                      ",0,"0.000000                      ",8,"16.326500                     ",17,"34.693800                     ",16,"32.653000                     ",8,"16.326500                     "
"2006","30929","01","3619","1068","04","High      ","N","Milwaukee","Spotted Eagle High (MAAIC)","Grades PreK-12","All Races","Both Genders","103",0,"0.000000                      ",0,"0.000000                      ",0,"0.000000                      ",0,"0.000000                      ",0,"0.000000                      ",0,"0.000000                      ",0,"0.000000                      ",0,"0.000000                      ",0,"0.000000                      ",0,"0.000000                      ",30,"29.126200                     ",18,"17.475700                     ",41,"39.805800                     ",14,"13.592200                     "
"2006","30930","01","3619","1069","04","High      ","N","Milwaukee","Milwaukee Spectrum School","Grades PreK-12","All Races","Both Genders","114",0,"0.000000                      ",0,"0.000000                      ",0,"0.000000                      ",0,"0.000000                      ",0,"0.000000                      ",0,"0.000000                      ",0,"0.000000                      ",0,"0.000000                      ",0,"0.000000                      ",0,"0.000000                      ",29,"25.438500                     ",35,"30.701700                     ",26,"22.807000                     ",24,"21.052600                     "
"2006","30931","01","3619","1071","04","High      ","N","Milwaukee","Cornerstone Achievement Academy Inc","Grades PreK-12","All Races","Both Genders","101",0,"0.000000                      ",0,"0.000000                      ",0,"0.000000                      ",0,"0.000000                      ",0,"0.000000                      ",0,"0.000000                      ",0,"0.000000                      ",0,"0.000000                      ",0,"0.000000                      ",0,"0.000000                      ",21,"20.792000                     ",32,"31.683100                     ",23,"22.772200                     ",25,"24.752400                     "
"2006","30932","01","3619","1072","04","High      ","N","Milwaukee","NOVA High","Grades PreK-12","All Races","Both Genders","41",0,"0.000000                      ",0,"0.000000                      ",0,"0.000000                      ",0,"0.000000                      ",0,"0.000000                      ",0,"0.000000                      ",0,"0.000000                      ",0,"0.000000                      ",0,"0.000000                      ",0,"0.000000                      ",14,"34.146300                     ",8,"19.512100                     ",7,"17.073100                     ",12,"29.268200                     "
"2006","30933","01","3619","1073","04","El/Sec    ","N","Milwaukee","Project Excel","Grades PreK-12","All Races","Both Genders","22",0,"0.000000                      ",0,"0.000000                      ",0,"0.000000                      ",0,"0.000000                      ",0,"0.000000                      ",0,"0.000000                      ",0,"0.000000                      ",0,"0.000000                      ",3,"13.636300                     ",1,"4.545400                      ",12,"54.545400                     ",4,"18.181800                     ",2,"9.090900                      ",0,"0.000000                      "
"2006","30934","01","3619","1074","04","High      ","N","Milwaukee","Shalom High","Grades PreK-12","All Races","Both Genders","101",0,"0.000000                      ",0,"0.000000                      ",0,"0.000000                      ",0,"0.000000                      ",0,"0.000000                      ",0,"0.000000                      ",0,"0.000000                      ",0,"0.000000                      ",0,"0.000000                      ",0,"0.000000                      ",25,"24.752400                     ",31,"30.693000                     ",30,"29.702900                     ",15,"14.851400                     "
"2006","30935","01","3619","1075","04","Mid/Jr Hi ","N","Milwaukee","Silver Spring Neighborhood","Grades PreK-12","All Races","Both Genders","75",0,"0.000000                      ",0,"0.000000                      ",0,"0.000000                      ",0,"0.000000                      ",0,"0.000000                      ",0,"0.000000                      ",0,"0.000000                      ",13,"17.333300                     ",28,"37.333300                     ",34,"45.333300                     ",0,"0.000000                      ",0,"0.000000                      ",0,"0.000000                      ",0,"0.000000                      "
"2006","30937","01","3619","1077","04","Mid/Jr Hi ","N","Milwaukee","Walker (SWELL)","Grades PreK-12","All Races","Both Genders","52",0,"0.000000                      ",0,"0.000000                      ",0,"0.000000                      ",0,"0.000000                      ",0,"0.000000                      ",0,"0.000000                      ",0,"0.000000                      ",8,"15.384600                     ",22,"42.307600                     ",22,"42.307600                     ",0,"0.000000                      ",0,"0.000000                      ",0,"0.000000                      ",0,"0.000000                      "
"2006","30938","01","3619","1078","04","El/Sec    ","N","Milwaukee","Lad Lake Ultra","Grades PreK-12","All Races","Both Genders","11",0,"0.000000                      ",0,"0.000000                      ",0,"0.000000                      ",0,"0.000000                      ",0,"0.000000                      ",0,"0.000000                      ",0,"0.000000                      ",0,"0.000000                      ",0,"0.000000                      ",4,"36.363600                     ",6,"54.545400                     ",1,"9.090900                      ",0,"0.000000                      ",0,"0.000000                      "
"2006","30939","01","3619","1079","04","Mid/Jr Hi ","N","Milwaukee","Sixth Street Academy (formerly UCC)","Grades PreK-12","All Races","Both Genders","88",0,"0.000000                      ",0,"0.000000                      ",0,"0.000000                      ",0,"0.000000                      ",0,"0.000000                      ",0,"0.000000                      ",0,"0.000000                      ",8,"9.090900                      ",23,"26.136300                     ",57,"64.772700                     ",0,"0.000000                      ",0,"0.000000                      ",0,"0.000000                      ",0,"0.000000                      "
"2006","30961","01","3619","1085","04","El/Sec    ","N","Milwaukee","St Charles Youth & Family Ex Ed","Grades PreK-12","All Races","Both Genders","16",0,"0.000000                      ",0,"0.000000                      ",0,"0.000000                      ",0,"0.000000                      ",0,"0.000000                      ",3,"18.750000                     ",1,"6.250000                      ",0,"0.000000                      ",3,"18.750000                     ",3,"18.750000                     ",5,"31.250000                     ",1,"6.250000                      ",0,"0.000000                      ",0,"0.000000                      "
"2006","30962","01","3619","1086","04","Mid/Jr Hi ","N","Milwaukee","Southeastern Education Center","Grades PreK-12","All Races","Both Genders","16",0,"0.000000                      ",0,"0.000000                      ",0,"0.000000                      ",0,"0.000000                      ",0,"0.000000                      ",0,"0.000000                      ",0,"0.000000                      ",1,"6.250000                      ",3,"18.750000                     ",12,"75.000000                     ",0,"0.000000                      ",0,"0.000000                      ",0,"0.000000                      ",0,"0.000000                      "
"2006","31035","01","3619","1091","04","Elem      ","N","Milwaukee","V E Carter Child Development","Grades PreK-12","All Races","Both Genders","1",1,"100.000000                    ",0,"0.000000                      ",0,"0.000000                      ",0,"0.000000                      ",0,"0.000000                      ",0,"0.000000                      ",0,"0.000000                      ",0,"0.000000                      ",0,"0.000000                      ",0,"0.000000                      ",0,"0.000000                      ",0,"0.000000                      ",0,"0.000000                      ",0,"0.000000                      "
"2006","39562","01","3619","1117","04","Mid/Jr Hi ","N","Milwaukee","HR Educational Possentem","Grades PreK-12","All Races","Both Genders","44",0,"0.000000                      ",0,"0.000000                      ",0,"0.000000                      ",0,"0.000000                      ",0,"0.000000                      ",0,"0.000000                      ",0,"0.000000                      ",4,"9.090900                      ",12,"27.272700                     ",28,"63.636300                     ",0,"0.000000                      ",0,"0.000000                      ",0,"0.000000                      ",0,"0.000000                      "
"2006","39563","01","3619","1118","04","High      ","N","Milwaukee","El Puente High","Grades PreK-12","All Races","Both Genders","101",0,"0.000000                      ",0,"0.000000                      ",0,"0.000000                      ",0,"0.000000                      ",0,"0.000000                      ",0,"0.000000                      ",0,"0.000000                      ",0,"0.000000                      ",0,"0.000000                      ",0,"0.000000                      ",20,"19.801900                     ",26,"25.742500                     ",39,"38.613800                     ",16,"15.841500                     "
"2006","39567","01","3619","1121","04","Elem      ","Y","Milwaukee","La Causa Charter School","Grades PreK-12","All Races","Both Genders","449",0,"0.000000                      ",49,"10.913100                     ",84,"18.708200                     ",79,"17.594600                     ",45,"10.022200                     ",49,"10.913100                     ",41,"9.131400                      ",51,"11.358500                     ",32,"7.126900                      ",19,"4.231600                      ",0,"0.000000                      ",0,"0.000000                      ",0,"0.000000                      ",0,"0.000000                      "
"2006","45825","01","3619","1141","04","Elem      ","Y","Milwaukee","Next Door Charter","Grades PreK-12","All Races","Both Genders","105",62,"59.047600                     ",43,"40.952300                     ",0,"0.000000                      ",0,"0.000000                      ",0,"0.000000                      ",0,"0.000000                      ",0,"0.000000                      ",0,"0.000000                      ",0,"0.000000                      ",0,"0.000000                      ",0,"0.000000                      ",0,"0.000000                      ",0,"0.000000                      ",0,"0.000000                      "
"2006","70077","01","3619","1202","04","High      ","N","Milwaukee","Transition Success Center","Grades PreK-12","All Races","Both Genders","4",0,"0.000000                      ",0,"0.000000                      ",0,"0.000000                      ",0,"0.000000                      ",0,"0.000000                      ",0,"0.000000                      ",0,"0.000000                      ",0,"0.000000                      ",0,"0.000000                      ",0,"0.000000                      ",2,"50.000000                     ",1,"25.000000                     ",1,"25.000000                     ",0,"0.000000                      "
"2006","71332","01","3619","1257","04","Elem      ","N","Milwaukee","MPS Expansion Childhood Center","Grades PreK-12","All Races","Both Genders","16",16,"100.000000                    ",0,"0.000000                      ",0,"0.000000                      ",0,"0.000000                      ",0,"0.000000                      ",0,"0.000000                      ",0,"0.000000                      ",0,"0.000000                      ",0,"0.000000                      ",0,"0.000000                      ",0,"0.000000                      ",0,"0.000000                      ",0,"0.000000                      ",0,"0.000000                      "
"2006","30925","01","3619","1641","04","High      ","N","Milwaukee","Lad Lake Synergy North","Grades PreK-12","All Races","Both Genders","47",0,"0.000000                      ",0,"0.000000                      ",0,"0.000000                      ",0,"0.000000                      ",0,"0.000000                      ",0,"0.000000                      ",0,"0.000000                      ",0,"0.000000                      ",0,"0.000000                      ",0,"0.000000                      ",25,"53.191400                     ",15,"31.914800                     ",6,"12.765900                     ",1,"2.127600                      "
"2006","03399","01","3822","","03","Summary   ","N","Mukwonago","","Grades PreK-12","All Races","Both Genders","5133",89,"1.733800                      ",328,"6.390000                      ",337,"6.565300                      ",337,"6.565300                      ",344,"6.701700                      ",363,"7.071800                      ",382,"7.442000                      ",396,"7.714700                      ",396,"7.714700                      ",417,"8.123900                      ",408,"7.948500                      ",465,"9.059000                      ",401,"7.812100                      ",470,"9.156400                      "
"2006","02559","01","3822","0020","04","Elem      ","N","Mukwonago","Big Bend Elementary","Grades PreK-12","All Races","Both Genders","457",27,"5.908000                      ",71,"15.536100                     ",55,"12.035000                     ",51,"11.159700                     ",63,"13.785500                     ",62,"13.566700                     ",65,"14.223100                     ",63,"13.785500                     ",0,"0.000000                      ",0,"0.000000                      ",0,"0.000000                      ",0,"0.000000                      ",0,"0.000000                      ",0,"0.000000                      "
"2006","03384","01","3822","0030","04","Elem      ","N","Mukwonago","Clarendon Avenue Elementary","Grades PreK-12","All Races","Both Genders","545",6,"1.100900                      ",60,"11.009100                     ",73,"13.394400                     ",72,"13.211000                     ",71,"13.027500                     ",74,"13.577900                     ",103,"18.899000                     ",86,"15.779800                     ",0,"0.000000                      ",0,"0.000000                      ",0,"0.000000                      ",0,"0.000000                      ",0,"0.000000                      ",0,"0.000000                      "
"2006","03385","01","3822","0060","04","High      ","N","Mukwonago","Mukwonago High","Grades PreK-12","All Races","Both Genders","1744",0,"0.000000                      ",0,"0.000000                      ",0,"0.000000                      ",0,"0.000000                      ",0,"0.000000                      ",0,"0.000000                      ",0,"0.000000                      ",0,"0.000000                      ",0,"0.000000                      ",0,"0.000000                      ",408,"23.394400                     ",465,"26.662800                     ",401,"22.993100                     ",470,"26.949500                     "
"2006","03386","01","3822","0065","04","Mid/Jr Hi ","N","Mukwonago","Park View Middle","Grades PreK-12","All Races","Both Genders","813",0,"0.000000                      ",0,"0.000000                      ",0,"0.000000                      ",0,"0.000000                      ",0,"0.000000                      ",0,"0.000000                      ",0,"0.000000                      ",0,"0.000000                      ",396,"48.708400                     ",417,"51.291500                     ",0,"0.000000                      ",0,"0.000000                      ",0,"0.000000                      ",0,"0.000000                      "
"2006","03387","01","3822","0070","04","Elem      ","N","Mukwonago","Prairie View Elementary","Grades PreK-12","All Races","Both Genders","467",17,"3.640200                      ",64,"13.704400                     ",57,"12.205500                     ",58,"12.419700                     ",58,"12.419700                     ",69,"14.775100                     ",62,"13.276200                     ",82,"17.558800                     ",0,"0.000000                      ",0,"0.000000                      ",0,"0.000000                      ",0,"0.000000                      ",0,"0.000000                      ",0,"0.000000                      "
"2006","03388","01","3822","0080","04","Elem      ","N","Mukwonago","Section Elementary","Grades PreK-12","All Races","Both Genders","406",11,"2.709300                      ",47,"11.576300                     ",65,"16.009800                     ",50,"12.315200                     ",59,"14.532000                     ",59,"14.532000                     ",52,"12.807800                     ",63,"15.517200                     ",0,"0.000000                      ",0,"0.000000                      ",0,"0.000000                      ",0,"0.000000                      ",0,"0.000000                      ",0,"0.000000                      "
"2006","71195","01","3822","0100","04","Elem      ","N","Mukwonago","Rolling Hills Elementary","Grades PreK-12","All Races","Both Genders","578",28,"4.844200                      ",86,"14.878800                     ",66,"11.418600                     ",88,"15.224900                     ",70,"12.110700                     ",75,"12.975700                     ",79,"13.667800                     ",86,"14.878800                     ",0,"0.000000                      ",0,"0.000000                      ",0,"0.000000                      ",0,"0.000000                      ",0,"0.000000                      ",0,"0.000000                      "
"2006","72755","01","3822","0110","04","Elem      ","Y","Mukwonago","Eagleville Charter School","Grades PreK-12","All Races","Both Genders","123",0,"0.000000                      ",0,"0.000000                      ",21,"17.073100                     ",18,"14.634100                     ",23,"18.699100                     ",24,"19.512100                     ",21,"17.073100                     ",16,"13.008100                     ",0,"0.000000                      ",0,"0.000000                      ",0,"0.000000                      ",0,"0.000000                      ",0,"0.000000                      ",0,"0.000000                      "
"2006","03472","01","3857","","03","Summary   ","N","Muskego-Norway","","Grades PreK-12","All Races","Both Genders","4877",40,"0.820100                      ",328,"6.725400                      ",345,"7.074000                      ",343,"7.033000                      ",302,"6.192300                      ",317,"6.499800                      ",362,"7.422500                      ",376,"7.709600                      ",346,"7.094500                      ",400,"8.201700                      ",404,"8.283700                      ",470,"9.637000                      ",413,"8.468300                      ",431,"8.837400                      "
"2006","03434","01","3857","0010","04","Mid/Jr Hi ","N","Muskego-Norway","Bay Lane Middle","Grades PreK-12","All Races","Both Genders","678",0,"0.000000                      ",0,"0.000000                      ",0,"0.000000                      ",0,"0.000000                      ",0,"0.000000                      ",0,"0.000000                      ",165,"24.336200                     ",162,"23.893800                     ",167,"24.631200                     ",184,"27.138600                     ",0,"0.000000                      ",0,"0.000000                      ",0,"0.000000                      ",0,"0.000000                      "
"2006","03435","01","3857","0020","04","Elem      ","N","Muskego-Norway","Country Meadows Elementary","Grades PreK-12","All Races","Both Genders","280",16,"5.714200                      ",48,"17.142800                     ",55,"19.642800                     ",58,"20.714200                     ",48,"17.142800                     ",55,"19.642800                     ",0,"0.000000                      ",0,"0.000000                      ",0,"0.000000                      ",0,"0.000000                      ",0,"0.000000                      ",0,"0.000000                      ",0,"0.000000                      ",0,"0.000000                      "
"2006","03851","01","3857","0080","04","Elem      ","N","Muskego-Norway","Lakeview Elementary","Grades PreK-12","All Races","Both Genders","418",3,"0.717700                      ",83,"19.856400                     ",83,"19.856400                     ",90,"21.531100                     ",83,"19.856400                     ",76,"18.181800                     ",0,"0.000000                      ",0,"0.000000                      ",0,"0.000000                      ",0,"0.000000                      ",0,"0.000000                      ",0,"0.000000                      ",0,"0.000000                      ",0,"0.000000                      "
"2006","03436","01","3857","0100","04","Elem      ","N","Muskego-Norway","Mill Valley Elementary","Grades PreK-12","All Races","Both Genders","348",4,"1.149400                      ",66,"18.965500                     ",65,"18.678100                     ",72,"20.689600                     ",65,"18.678100                     ",75,"21.551700                     ",0,"0.000000                      ",0,"0.000000                      ",0,"0.000000                      ",1,"0.287300                      ",0,"0.000000                      ",0,"0.000000                      ",0,"0.000000                      ",0,"0.000000                      "
"2006","03437","01","3857","0140","04","Elem      ","N","Muskego-Norway","Muskego Elementary","Grades PreK-12","All Races","Both Genders","254",11,"4.330700                      ",52,"20.472400                     ",58,"22.834600                     ",44,"17.322800                     ",39,"15.354300                     ",50,"19.685000                     ",0,"0.000000                      ",0,"0.000000                      ",0,"0.000000                      ",0,"0.000000                      ",0,"0.000000                      ",0,"0.000000                      ",0,"0.000000                      ",0,"0.000000                      "
"2006","03438","01","3857","0180","04","High      ","N","Muskego-Norway","Muskego High","Grades PreK-12","All Races","Both Genders","1718",0,"0.000000                      ",0,"0.000000                      ",0,"0.000000                      ",0,"0.000000                      ",0,"0.000000                      ",0,"0.000000                      ",0,"0.000000                      ",0,"0.000000                      ",0,"0.000000                      ",0,"0.000000                      ",404,"23.515700                     ",470,"27.357300                     ",413,"24.039500                     ",431,"25.087300                     "
"2006","70062","01","3857","0200","04","Mid/Jr Hi ","N","Muskego-Norway","Lake Denoon Middle","Grades PreK-12","All Races","Both Genders","804",0,"0.000000                      ",0,"0.000000                      ",0,"0.000000                      ",0,"0.000000                      ",0,"0.000000                      ",0,"0.000000                      ",197,"24.502400                     ",214,"26.616900                     ",179,"22.263600                     ",214,"26.616900                     ",0,"0.000000                      ",0,"0.000000                      ",0,"0.000000                      ",0,"0.000000                      "
"2006","03439","01","3857","0220","04","Elem      ","N","Muskego-Norway","Tess Corners Elementary","Grades PreK-12","All Races","Both Genders","377",6,"1.591500                      ",79,"20.954900                     ",84,"22.281100                     ",79,"20.954900                     ",67,"17.771800                     ",61,"16.180300                     ",0,"0.000000                      ",0,"0.000000                      ",0,"0.000000                      ",1,"0.265200                      ",0,"0.000000                      ",0,"0.000000                      ",0,"0.000000                      ",0,"0.000000                      "
"2006","01326","01","3862","","03","Summary   ","N","Lake Country","","Grades PreK-12","All Races","Both Genders","493",1,"0.202800                      ",45,"9.127700                      ",43,"8.722100                      ",56,"11.359000                     ",49,"9.939100                      ",50,"10.141900                     ",59,"11.967500                     ",64,"12.981700                     ",65,"13.184500                     ",61,"12.373200                     ",0,"0.000000                      ",0,"0.000000                      ",0,"0.000000                      ",0,"0.000000                      "
"2006","01307","01","3862","0030","04","Elem      ","N","Lake Country","Lake Country Sch","Grades PreK-12","All Races","Both Genders","493",1,"0.202800                      ",45,"9.127700                      ",43,"8.722100                      ",56,"11.359000                     ",49,"9.939100                      ",50,"10.141900                     ",59,"11.967500                     ",64,"12.981700                     ",65,"13.184500                     ",61,"12.373200                     ",0,"0.000000                      ",0,"0.000000                      ",0,"0.000000                      ",0,"0.000000                      "
"2006","03485","01","3925","","03","Summary   ","N","New Berlin","","Grades PreK-12","All Races","Both Genders","4584",54,"1.178000                      ",311,"6.784400                      ",317,"6.915300                      ",318,"6.937100                      ",334,"7.286200                      ",329,"7.177100                      ",298,"6.500800                      ",357,"7.787900                      ",316,"6.893500                      ",352,"7.678800                      ",408,"8.900500                      ",406,"8.856800                      ",390,"8.507800                      ",394,"8.595100                      "
"2006","03304","01","3925","0040","04","Elem      ","N","New Berlin","Poplar Creek Elementary","Grades PreK-12","All Races","Both Genders","469",2,"0.426400                      ",60,"12.793100                     ",60,"12.793100                     ",74,"15.778200                     ",58,"12.366700                     ",78,"16.631100                     ",63,"13.432800                     ",74,"15.778200                     ",0,"0.000000                      ",0,"0.000000                      ",0,"0.000000                      ",0,"0.000000                      ",0,"0.000000                      ",0,"0.000000                      "
"2006","03473","01","3925","0050","04","High      ","N","New Berlin","Eisenhower High","Grades PreK-12","All Races","Both Genders","842",0,"0.000000                      ",0,"0.000000                      ",0,"0.000000                      ",0,"0.000000                      ",0,"0.000000                      ",0,"0.000000                      ",0,"0.000000                      ",0,"0.000000                      ",0,"0.000000                      ",0,"0.000000                      ",228,"27.078300                     ",216,"25.653200                     ",204,"24.228000                     ",194,"23.040300                     "
"2006","03474","01","3925","0055","04","Mid/Jr Hi ","N","New Berlin","Eisenhower Middle","Grades PreK-12","All Races","Both Genders","346",0,"0.000000                      ",0,"0.000000                      ",0,"0.000000                      ",0,"0.000000                      ",0,"0.000000                      ",0,"0.000000                      ",0,"0.000000                      ",0,"0.000000                      ",160,"46.242700                     ",186,"53.757200                     ",0,"0.000000                      ",0,"0.000000                      ",0,"0.000000                      ",0,"0.000000                      "
"2006","03475","01","3925","0060","04","Elem      ","N","New Berlin","Elmwood Elementary","Grades PreK-12","All Races","Both Genders","534",19,"3.558000                      ",80,"14.981200                     ",75,"14.044900                     ",67,"12.546800                     ",79,"14.794000                     ",64,"11.985000                     ",64,"11.985000                     ",86,"16.104800                     ",0,"0.000000                      ",0,"0.000000                      ",0,"0.000000                      ",0,"0.000000                      ",0,"0.000000                      ",0,"0.000000                      "
"2006","03476","01","3925","0080","04","Elem      ","N","New Berlin","Glen Park Elementary","Grades PreK-12","All Races","Both Genders","332",15,"4.518000                      ",44,"13.253000                     ",48,"14.457800                     ",42,"12.650600                     ",46,"13.855400                     ",41,"12.349300                     ",44,"13.253000                     ",52,"15.662600                     ",0,"0.000000                      ",0,"0.000000                      ",0,"0.000000                      ",0,"0.000000                      ",0,"0.000000                      ",0,"0.000000                      "
"2006","03477","01","3925","0120","04","Elem      ","N","New Berlin","New Berlin Center Elementary","Grades PreK-12","All Races","Both Genders","330",3,"0.909000                      ",45,"13.636300                     ",42,"12.727200                     ",44,"13.333300                     ",45,"13.636300                     ",49,"14.848400                     ",47,"14.242400                     ",55,"16.666600                     ",0,"0.000000                      ",0,"0.000000                      ",0,"0.000000                      ",0,"0.000000                      ",0,"0.000000                      ",0,"0.000000                      "
"2006","03305","01","3925","0140","04","High      ","N","New Berlin","New Berlin High","Grades PreK-12","All Races","Both Genders","756",0,"0.000000                      ",0,"0.000000                      ",0,"0.000000                      ",0,"0.000000                      ",0,"0.000000                      ",0,"0.000000                      ",0,"0.000000                      ",0,"0.000000                      ",0,"0.000000                      ",0,"0.000000                      ",180,"23.809500                     ",190,"25.132200                     ",186,"24.603100                     ",200,"26.455000                     "
"2006","03306","01","3925","0150","04","Mid/Jr Hi ","N","New Berlin","New Berlin Middle","Grades PreK-12","All Races","Both Genders","322",0,"0.000000                      ",0,"0.000000                      ",0,"0.000000                      ",0,"0.000000                      ",0,"0.000000                      ",0,"0.000000                      ",0,"0.000000                      ",0,"0.000000                      ",156,"48.447200                     ",166,"51.552700                     ",0,"0.000000                      ",0,"0.000000                      ",0,"0.000000                      ",0,"0.000000                      "
"2006","03478","01","3925","0160","04","Elem      ","N","New Berlin","Orchard Lane Elementary","Grades PreK-12","All Races","Both Genders","375",6,"1.600000                      ",50,"13.333300                     ",54,"14.400000                     ",53,"14.133300                     ",62,"16.533300                     ",56,"14.933300                     ",45,"12.000000                     ",49,"13.066600                     ",0,"0.000000                      ",0,"0.000000                      ",0,"0.000000                      ",0,"0.000000                      ",0,"0.000000                      ",0,"0.000000                      "
"2006","03307","01","3925","0180","04","Elem      ","N","New Berlin","Prospect Hill Elementary","Grades PreK-12","All Races","Both Genders","278",9,"3.237400                      ",32,"11.510700                     ",38,"13.669000                     ",38,"13.669000                     ",44,"15.827300                     ",41,"14.748200                     ",35,"12.589900                     ",41,"14.748200                     ",0,"0.000000                      ",0,"0.000000                      ",0,"0.000000                      ",0,"0.000000                      ",0,"0.000000                      ",0,"0.000000                      "
"2006","03400","01","3976","","03","Summary   ","N","Norris","","Grades PreK-12","All Races","Both Genders","67",0,"0.000000                      ",0,"0.000000                      ",0,"0.000000                      ",0,"0.000000                      ",0,"0.000000                      ",0,"0.000000                      ",0,"0.000000                      ",0,"0.000000                      ",8,"11.940200                     ",9,"13.432800                     ",23,"34.328300                     ",14,"20.895500                     ",6,"8.955200                      ",7,"10.447700                     "
"2006","03389","01","3976","0020","04","High      ","N","Norris","Norris High","Grades PreK-12","All Races","Both Genders","67",0,"0.000000                      ",0,"0.000000                      ",0,"0.000000                      ",0,"0.000000                      ",0,"0.000000                      ",0,"0.000000                      ",0,"0.000000                      ",0,"0.000000                      ",8,"11.940200                     ",9,"13.432800                     ",23,"34.328300                     ",14,"20.895500                     ",6,"8.955200                      ",7,"10.447700                     "
"2006","03545","01","4018","","03","Summary   ","N","Oak Creek-Franklin","","Grades PreK-12","All Races","Both Genders","5430",58,"1.068100                      ",367,"6.758700                      ",367,"6.758700                      ",376,"6.924400                      ",380,"6.998100                      ",353,"6.500900                      ",375,"6.906000                      ",414,"7.624300                      ",386,"7.108600                      ",414,"7.624300                      ",506,"9.318600                      ",494,"9.097600                      ",467,"8.600300                      ",473,"8.710800                      "
"2006","03530","01","4018","0010","04","Elem      ","N","Oak Creek-Franklin","Carollton Elementary","Grades PreK-12","All Races","Both Genders","411",11,"2.676300                      ",64,"15.571700                     ",62,"15.085100                     ",67,"16.301700                     ",59,"14.355200                     ",65,"15.815000                     ",83,"20.194600                     ",0,"0.000000                      ",0,"0.000000                      ",0,"0.000000                      ",0,"0.000000                      ",0,"0.000000                      ",0,"0.000000                      ",0,"0.000000                      "
"2006","03531","01","4018","0020","04","Elem      ","N","Oak Creek-Franklin","Cedar Hills Elementary","Grades PreK-12","All Races","Both Genders","273",1,"0.366300                      ",39,"14.285700                     ",42,"15.384600                     ",40,"14.652000                     ",55,"20.146500                     ",43,"15.750900                     ",53,"19.413900                     ",0,"0.000000                      ",0,"0.000000                      ",0,"0.000000                      ",0,"0.000000                      ",0,"0.000000                      ",0,"0.000000                      ",0,"0.000000                      "
"2006","03532","01","4018","0040","04","Elem      ","N","Oak Creek-Franklin","Edgewood Elementary","Grades PreK-12","All Races","Both Genders","415",1,"0.240900                      ",69,"16.626500                     ",72,"17.349300                     ",73,"17.590300                     ",71,"17.108400                     ",63,"15.180700                     ",66,"15.903600                     ",0,"0.000000                      ",0,"0.000000                      ",0,"0.000000                      ",0,"0.000000                      ",0,"0.000000                      ",0,"0.000000                      ",0,"0.000000                      "
"2006","03533","01","4018","0080","04","Elem      ","N","Oak Creek-Franklin","Meadowview Elementary","Grades PreK-12","All Races","Both Genders","387",6,"1.550300                      ",66,"17.054200                     ",54,"13.953400                     ",65,"16.795800                     ",66,"17.054200                     ",61,"15.762200                     ",69,"17.829400                     ",0,"0.000000                      ",0,"0.000000                      ",0,"0.000000                      ",0,"0.000000                      ",0,"0.000000                      ",0,"0.000000                      ",0,"0.000000                      "
"2006","03534","01","4018","0120","04","Mid/Jr Hi ","N","Oak Creek-Franklin","Oak Creek East Middle","Grades PreK-12","All Races","Both Genders","615",0,"0.000000                      ",0,"0.000000                      ",0,"0.000000                      ",0,"0.000000                      ",0,"0.000000                      ",0,"0.000000                      ",0,"0.000000                      ",211,"34.308900                     ",180,"29.268200                     ",224,"36.422700                     ",0,"0.000000                      ",0,"0.000000                      ",0,"0.000000                      ",0,"0.000000                      "
"2006","03535","01","4018","0130","04","Mid/Jr Hi ","N","Oak Creek-Franklin","Oak Creek West Middle","Grades PreK-12","All Races","Both Genders","599",0,"0.000000                      ",0,"0.000000                      ",0,"0.000000                      ",0,"0.000000                      ",0,"0.000000                      ",0,"0.000000                      ",0,"0.000000                      ",203,"33.889800                     ",206,"34.390600                     ",190,"31.719500                     ",0,"0.000000                      ",0,"0.000000                      ",0,"0.000000                      ",0,"0.000000                      "
"2006","03536","01","4018","0140","04","High      ","N","Oak Creek-Franklin","Oak Creek High","Grades PreK-12","All Races","Both Genders","1940",0,"0.000000                      ",0,"0.000000                      ",0,"0.000000                      ",0,"0.000000                      ",0,"0.000000                      ",0,"0.000000                      ",0,"0.000000                      ",0,"0.000000                      ",0,"0.000000                      ",0,"0.000000                      ",506,"26.082400                     ",494,"25.463900                     ",467,"24.072100                     ",473,"24.381400                     "
"2006","00007","01","4018","0150","04","Elem      ","N","Oak Creek-Franklin","Deerfield Elementary","Grades PreK-12","All Races","Both Genders","322",34,"10.559000                     ",53,"16.459600                     ",44,"13.664500                     ",50,"15.527900                     ",55,"17.080700                     ",49,"15.217300                     ",37,"11.490600                     ",0,"0.000000                      ",0,"0.000000                      ",0,"0.000000                      ",0,"0.000000                      ",0,"0.000000                      ",0,"0.000000                      ",0,"0.000000                      "
"2006","03537","01","4018","0200","04","Elem      ","N","Oak Creek-Franklin","Shepard Hills Elementary","Grades PreK-12","All Races","Both Genders","468",5,"1.068300                      ",76,"16.239300                     ",93,"19.871700                     ",81,"17.307600                     ",74,"15.811900                     ",72,"15.384600                     ",67,"14.316200                     ",0,"0.000000                      ",0,"0.000000                      ",0,"0.000000                      ",0,"0.000000                      ",0,"0.000000                      ",0,"0.000000                      ",0,"0.000000                      "
"2006","71540","01","4018","9801","4C","High      ","Y","Oak Creek-Franklin","Connects Learning Center","Grades PreK-12","All Races","Both Genders","0",0,"--                            ",0,"--                            ",0,"--                            ",0,"--                            ",0,"--                            ",0,"--                            ",0,"--                            ",0,"--                            ",0,"--                            ",0,"--                            ",0,"--                            ",0,"--                            ",0,"--                            ",0,"--                            "
"2006","01808","01","4060","","03","Summary   ","N","Oconomowoc Area","","Grades PreK-12","All Races","Both Genders","4287",252,"5.878200                      ",315,"7.347700                      ",303,"7.067800                      ",258,"6.018100                      ",298,"6.951200                      ",244,"5.691600                      ",276,"6.438000                      ",288,"6.717900                      ",296,"6.904500                      ",305,"7.114500                      ",356,"8.304100                      ",386,"9.003900                      ",358,"8.350800                      ",352,"8.210800                      "
"2006","01793","01","4060","0060","04","Elem      ","N","Oconomowoc Area","Greenland Elementary","Grades PreK-12","All Races","Both Genders","475",63,"13.263100                     ",62,"13.052600                     ",57,"12.000000                     ",56,"11.789400                     ",67,"14.105200                     ",48,"10.105200                     ",64,"13.473600                     ",58,"12.210500                     ",0,"0.000000                      ",0,"0.000000                      ",0,"0.000000                      ",0,"0.000000                      ",0,"0.000000                      ",0,"0.000000                      "
"2006","01441","01","4060","0080","04","Elem      ","N","Oconomowoc Area","Ixonia Elementary","Grades PreK-12","All Races","Both Genders","169",32,"18.934900                     ",19,"11.242600                     ",22,"13.017700                     ",22,"13.017700                     ",27,"15.976300                     ",26,"15.384600                     ",10,"5.917100                      ",11,"6.508800                      ",0,"0.000000                      ",0,"0.000000                      ",0,"0.000000                      ",0,"0.000000                      ",0,"0.000000                      ",0,"0.000000                      "
"2006","01794","01","4060","0090","04","Elem      ","N","Oconomowoc Area","Meadow View Elementary","Grades PreK-12","All Races","Both Genders","507",60,"11.834300                     ",63,"12.426000                     ",78,"15.384600                     ",60,"11.834300                     ",72,"14.201100                     ",50,"9.861900                      ",61,"12.031500                     ",63,"12.426000                     ",0,"0.000000                      ",0,"0.000000                      ",0,"0.000000                      ",0,"0.000000                      ",0,"0.000000                      ",0,"0.000000                      "
"2006","01795","01","4060","0130","04","High      ","N","Oconomowoc Area","Oconomowoc High","Grades PreK-12","All Races","Both Genders","1452",0,"0.000000                      ",0,"0.000000                      ",0,"0.000000                      ",0,"0.000000                      ",0,"0.000000                      ",0,"0.000000                      ",0,"0.000000                      ",0,"0.000000                      ",0,"0.000000                      ",0,"0.000000                      ",356,"24.517900                     ",386,"26.584000                     ",358,"24.655600                     ",352,"24.242400                     "
"2006","01796","01","4060","0135","04","Mid/Jr Hi ","N","Oconomowoc Area","Oconomowoc Middle","Grades PreK-12","All Races","Both Genders","672",0,"0.000000                      ",0,"0.000000                      ",0,"0.000000                      ",0,"0.000000                      ",0,"0.000000                      ",0,"0.000000                      ",0,"0.000000                      ",71,"10.565400                     ",296,"44.047600                     ",305,"45.386900                     ",0,"0.000000                      ",0,"0.000000                      ",0,"0.000000                      ",0,"0.000000                      "
"2006","01797","01","4060","0160","04","Elem      ","N","Oconomowoc Area","Park Lawn Elementary","Grades PreK-12","All Races","Both Genders","522",40,"7.662800                      ",84,"16.091900                     ",88,"16.858200                     ",67,"12.835200                     ",67,"12.835200                     ",69,"13.218300                     ",77,"14.750900                     ",30,"5.747100                      ",0,"0.000000                      ",0,"0.000000                      ",0,"0.000000                      ",0,"0.000000                      ",0,"0.000000                      ",0,"0.000000                      "
"2006","01798","01","4060","0180","04","Elem      ","N","Oconomowoc Area","Summit Elementary","Grades PreK-12","All Races","Both Genders","490",57,"11.632600                     ",87,"17.755100                     ",58,"11.836700                     ",53,"10.816300                     ",65,"13.265300                     ",51,"10.408100                     ",64,"13.061200                     ",55,"11.224400                     ",0,"0.000000                      ",0,"0.000000                      ",0,"0.000000                      ",0,"0.000000                      ",0,"0.000000                      ",0,"0.000000                      "
"2006","01898","01","4312","","03","Summary   ","N","Pewaukee","","Grades PreK-12","All Races","Both Genders","2198",19,"0.864400                      ",155,"7.051800                      ",165,"7.506800                      ",152,"6.915300                      ",142,"6.460400                      ",162,"7.370300                      ",151,"6.869800                      ",185,"8.416700                      ",141,"6.414900                      ",176,"8.007200                      ",199,"9.053600                      ",200,"9.099100                      ",165,"7.506800                      ",186,"8.462200                      "
"2006","01886","01","4312","0040","04","Elem      ","N","Pewaukee","Horizon School","Grades PreK-12","All Races","Both Genders","498",0,"0.000000                      ",0,"0.000000                      ",0,"0.000000                      ",0,"0.000000                      ",0,"0.000000                      ",162,"32.530100                     ",151,"30.321200                     ",185,"37.148500                     ",0,"0.000000                      ",0,"0.000000                      ",0,"0.000000                      ",0,"0.000000                      ",0,"0.000000                      ",0,"0.000000                      "
"2006","01887","01","4312","0060","04","Elem      ","N","Pewaukee","Pewaukee Lake Elementary","Grades PreK-12","All Races","Both Genders","633",19,"3.001500                      ",155,"24.486500                     ",165,"26.066300                     ",152,"24.012600                     ",142,"22.432800                     ",0,"0.000000                      ",0,"0.000000                      ",0,"0.000000                      ",0,"0.000000                      ",0,"0.000000                      ",0,"0.000000                      ",0,"0.000000                      ",0,"0.000000                      ",0,"0.000000                      "
"2006","01888","01","4312","0080","04","High      ","N","Pewaukee","Pewaukee High","Grades PreK-12","All Races","Both Genders","749",0,"0.000000                      ",0,"0.000000                      ",0,"0.000000                      ",0,"0.000000                      ",0,"0.000000                      ",0,"0.000000                      ",0,"0.000000                      ",0,"0.000000                      ",0,"0.000000                      ",0,"0.000000                      ",198,"26.435200                     ",200,"26.702200                     ",165,"22.029300                     ",186,"24.833100                     "
"2006","01889","01","4312","0100","04","Mid/Jr Hi ","N","Pewaukee","Asa Clark Middle","Grades PreK-12","All Races","Both Genders","318",0,"0.000000                      ",0,"0.000000                      ",0,"0.000000                      ",0,"0.000000                      ",0,"0.000000                      ",0,"0.000000                      ",0,"0.000000                      ",0,"0.000000                      ",141,"44.339600                     ",176,"55.345900                     ",1,"0.314400                      ",0,"0.000000                      ",0,"0.000000                      ",0,"0.000000                      "
"2006","01981","01","4515","","03","Summary   ","N","Port Washington-Saukville","","Grades PreK-12","All Races","Both Genders","2622",31,"1.182300                      ",197,"7.513300                      ",191,"7.284500                      ",168,"6.407300                      ",180,"6.864900                      ",186,"7.093800                      ",190,"7.246300                      ",191,"7.284500                      ",172,"6.559800                      ",185,"7.055600                      ",236,"9.000700                      ",236,"9.000700                      ",234,"8.924400                      ",225,"8.581200                      "
"2006","01973","01","4515","0040","04","Elem      ","N","Port Washington-Saukville","Dunwiddie Elementary","Grades PreK-12","All Races","Both Genders","260",19,"7.307600                      ",69,"26.538400                     ",45,"17.307600                     ",34,"13.076900                     ",43,"16.538400                     ",50,"19.230700                     ",0,"0.000000                      ",0,"0.000000                      ",0,"0.000000                      ",0,"0.000000                      ",0,"0.000000                      ",0,"0.000000                      ",0,"0.000000                      ",0,"0.000000                      "
"2006","01974","01","4515","0060","04","Elem      ","N","Port Washington-Saukville","Lincoln Elementary","Grades PreK-12","All Races","Both Genders","391",12,"3.069000                      ",63,"16.112500                     ",76,"19.437300                     ",77,"19.693000                     ",80,"20.460300                     ",83,"21.227600                     ",0,"0.000000                      ",0,"0.000000                      ",0,"0.000000                      ",0,"0.000000                      ",0,"0.000000                      ",0,"0.000000                      ",0,"0.000000                      ",0,"0.000000                      "
"2006","01975","01","4515","0100","04","High      ","N","Port Washington-Saukville","Port Washington High","Grades PreK-12","All Races","Both Genders","931",0,"0.000000                      ",0,"0.000000                      ",0,"0.000000                      ",0,"0.000000                      ",0,"0.000000                      ",0,"0.000000                      ",0,"0.000000                      ",0,"0.000000                      ",0,"0.000000                      ",0,"0.000000                      ",236,"25.349000                     ",236,"25.349000                     ",234,"25.134200                     ",225,"24.167500                     "
"2006","02058","01","4515","0120","04","Elem      ","N","Port Washington-Saukville","Saukville Elementary","Grades PreK-12","All Races","Both Genders","302",0,"0.000000                      ",65,"21.523100                     ",70,"23.178800                     ",57,"18.874100                     ",57,"18.874100                     ",53,"17.549600                     ",0,"0.000000                      ",0,"0.000000                      ",0,"0.000000                      ",0,"0.000000                      ",0,"0.000000                      ",0,"0.000000                      ",0,"0.000000                      ",0,"0.000000                      "
"2006","01976","01","4515","0140","04","Mid/Jr Hi ","N","Port Washington-Saukville","Thomas Jefferson Middle","Grades PreK-12","All Races","Both Genders","738",0,"0.000000                      ",0,"0.000000                      ",0,"0.000000                      ",0,"0.000000                      ",0,"0.000000                      ",0,"0.000000                      ",190,"25.745200                     ",191,"25.880700                     ",172,"23.306200                     ",185,"25.067700                     ",0,"0.000000                      ",0,"0.000000                      ",0,"0.000000                      ",0,"0.000000                      "
"2006","05830","01","4620","","03","Summary   ","N","Racine","","Grades PreK-12","All Races","Both Genders","21175",633,"2.989300                      ",1602,"7.565500                      ",1503,"7.097900                      ",1540,"7.272700                      ",1533,"7.239600                      ",1504,"7.102700                      ",1458,"6.885400                      ",1432,"6.762600                      ",1481,"6.994000                      ",1566,"7.395500                      ",1706,"8.056600                      ",1726,"8.151100                      ",1675,"7.910200                      ",1816,"8.576100                      "
"2006","05746","01","4620","0106","04","Elem      ","N","Racine","Fine Arts Elementary","Grades PreK-12","All Races","Both Genders","336",0,"0.000000                      ",65,"19.345200                     ",48,"14.285700                     ",48,"14.285700                     ",49,"14.583300                     ",51,"15.178500                     ",75,"22.321400                     ",0,"0.000000                      ",0,"0.000000                      ",0,"0.000000                      ",0,"0.000000                      ",0,"0.000000                      ",0,"0.000000                      ",0,"0.000000                      "
"2006","05747","01","4620","0111","04","Elem      ","N","Racine","Jones Elementary","Grades PreK-12","All Races","Both Genders","461",25,"5.422900                      ",70,"15.184300                     ",76,"16.485900                     ",67,"14.533600                     ",73,"15.835100                     ",80,"17.353500                     ",70,"15.184300                     ",0,"0.000000                      ",0,"0.000000                      ",0,"0.000000                      ",0,"0.000000                      ",0,"0.000000                      ",0,"0.000000                      ",0,"0.000000                      "
"2006","05703","01","4620","0112","04","Elem      ","N","Racine","O Brown Elementary","Grades PreK-12","All Races","Both Genders","455",69,"15.164800                     ",66,"14.505400                     ",56,"12.307600                     ",67,"14.725200                     ",72,"15.824100                     ",59,"12.967000                     ",66,"14.505400                     ",0,"0.000000                      ",0,"0.000000                      ",0,"0.000000                      ",0,"0.000000                      ",0,"0.000000                      ",0,"0.000000                      ",0,"0.000000                      "
"2006","05858","01","4620","0118","04","Elem      ","N","Racine","Fratt Elementary","Grades PreK-12","All Races","Both Genders","532",0,"0.000000                      ",98,"18.421000                     ",84,"15.789400                     ",89,"16.729300                     ",88,"16.541300                     ",88,"16.541300                     ",85,"15.977400                     ",0,"0.000000                      ",0,"0.000000                      ",0,"0.000000                      ",0,"0.000000                      ",0,"0.000000                      ",0,"0.000000                      ",0,"0.000000                      "
"2006","05894","01","4620","0119","04","Elem      ","N","Racine","Gifford Elementary","Grades PreK-12","All Races","Both Genders","909",15,"1.650100                      ",152,"16.721600                     ",163,"17.931700                     ",153,"16.831600                     ",155,"17.051700                     ",148,"16.281600                     ",123,"13.531300                     ",0,"0.000000                      ",0,"0.000000                      ",0,"0.000000                      ",0,"0.000000                      ",0,"0.000000                      ",0,"0.000000                      ",0,"0.000000                      "
"2006","05859","01","4620","0121","04","Elem      ","N","Racine","Giese Elementary","Grades PreK-12","All Races","Both Genders","341",0,"0.000000                      ",76,"22.287300                     ",59,"17.302000                     ",56,"16.422200                     ",54,"15.835700                     ",45,"13.196400                     ",51,"14.956000                     ",0,"0.000000                      ",0,"0.000000                      ",0,"0.000000                      ",0,"0.000000                      ",0,"0.000000                      ",0,"0.000000                      ",0,"0.000000                      "
"2006","05895","01","4620","0122","04","Elem      ","N","Racine","Goodland Elementary","Grades PreK-12","All Races","Both Genders","321",40,"12.461000                     ",55,"17.133900                     ",43,"13.395600                     ",46,"14.330200                     ",41,"12.772500                     ",48,"14.953200                     ",48,"14.953200                     ",0,"0.000000                      ",0,"0.000000                      ",0,"0.000000                      ",0,"0.000000                      ",0,"0.000000                      ",0,"0.000000                      ",0,"0.000000                      "
"2006","05748","01","4620","0130","04","Elem      ","N","Racine","Janes Elementary","Grades PreK-12","All Races","Both Genders","403",0,"0.000000                      ",74,"18.362200                     ",70,"17.369700                     ",73,"18.114100                     ",65,"16.129000                     ",66,"16.377100                     ",55,"13.647600                     ",0,"0.000000                      ",0,"0.000000                      ",0,"0.000000                      ",0,"0.000000                      ",0,"0.000000                      ",0,"0.000000                      ",0,"0.000000                      "
"2006","05749","01","4620","0132","04","Elem      ","N","Racine","Jefferson Lighthouse Elementary","Grades PreK-12","All Races","Both Genders","561",0,"0.000000                      ",61,"10.873400                     ",100,"17.825300                     ",100,"17.825300                     ",100,"17.825300                     ",100,"17.825300                     ",100,"17.825300                     ",0,"0.000000                      ",0,"0.000000                      ",0,"0.000000                      ",0,"0.000000                      ",0,"0.000000                      ",0,"0.000000                      ",0,"0.000000                      "
"2006","05704","01","4620","0134","04","Elem      ","N","Racine","Jerstad-Agerholm Elementary","Grades PreK-12","All Races","Both Genders","365",33,"9.041000                      ",61,"16.712300                     ",46,"12.602700                     ",51,"13.972600                     ",46,"12.602700                     ",55,"15.068400                     ",73,"20.000000                     ",0,"0.000000                      ",0,"0.000000                      ",0,"0.000000                      ",0,"0.000000                      ",0,"0.000000                      ",0,"0.000000                      ",0,"0.000000                      "
"2006","05860","01","4620","0136","04","Elem      ","N","Racine","Johnson Elementary","Grades PreK-12","All Races","Both Genders","575",36,"6.260800                      ",99,"17.217300                     ",97,"16.869500                     ",99,"17.217300                     ",75,"13.043400                     ",92,"16.000000                     ",77,"13.391300                     ",0,"0.000000                      ",0,"0.000000                      ",0,"0.000000                      ",0,"0.000000                      ",0,"0.000000                      ",0,"0.000000                      ",0,"0.000000                      "
"2006","05861","01","4620","0138","04","Elem      ","N","Racine","Knapp Elementary","Grades PreK-12","All Races","Both Genders","545",66,"12.110000                     ",88,"16.146700                     ",84,"15.412800                     ",73,"13.394400                     ",75,"13.761400                     ",76,"13.944900                     ",83,"15.229300                     ",0,"0.000000                      ",0,"0.000000                      ",0,"0.000000                      ",0,"0.000000                      ",0,"0.000000                      ",0,"0.000000                      ",0,"0.000000                      "
"2006","05750","01","4620","0148","04","Elem      ","N","Racine","Mitchell Elementary","Grades PreK-12","All Races","Both Genders","470",4,"0.851000                      ",90,"19.148900                     ",77,"16.382900                     ",79,"16.808500                     ",78,"16.595700                     ",64,"13.617000                     ",78,"16.595700                     ",0,"0.000000                      ",0,"0.000000                      ",0,"0.000000                      ",0,"0.000000                      ",0,"0.000000                      ",0,"0.000000                      ",0,"0.000000                      "
"2006","05705","01","4620","0150","04","Elem      ","N","Racine","North Park Elementary","Grades PreK-12","All Races","Both Genders","421",19,"4.513000                      ",61,"14.489300                     ",60,"14.251700                     ",63,"14.964300                     ",79,"18.764800                     ",79,"18.764800                     ",60,"14.251700                     ",0,"0.000000                      ",0,"0.000000                      ",0,"0.000000                      ",0,"0.000000                      ",0,"0.000000                      ",0,"0.000000                      ",0,"0.000000                      "
"2006","05706","01","4620","0154","04","Elem      ","N","Racine","Roosevelt Elementary","Grades PreK-12","All Races","Both Genders","439",0,"0.000000                      ",74,"16.856400                     ",77,"17.539800                     ",76,"17.312000                     ",72,"16.400900                     ",82,"18.678800                     ",58,"13.211800                     ",0,"0.000000                      ",0,"0.000000                      ",0,"0.000000                      ",0,"0.000000                      ",0,"0.000000                      ",0,"0.000000                      ",0,"0.000000                      "
"2006","05824","01","4620","0162","04","Elem      ","N","Racine","Wadewitz Elementary","Grades PreK-12","All Races","Both Genders","598",53,"8.862800                      ",85,"14.214000                     ",83,"13.879500                     ",99,"16.555100                     ",92,"15.384600                     ",95,"15.886200                     ",91,"15.217300                     ",0,"0.000000                      ",0,"0.000000                      ",0,"0.000000                      ",0,"0.000000                      ",0,"0.000000                      ",0,"0.000000                      ",0,"0.000000                      "
"2006","05896","01","4620","0164","04","Elem      ","N","Racine","West Ridge Elementary","Grades PreK-12","All Races","Both Genders","447",0,"0.000000                      ",67,"14.988800                     ",63,"14.093900                     ",79,"17.673300                     ",94,"21.029000                     ",67,"14.988800                     ",77,"17.225900                     ",0,"0.000000                      ",0,"0.000000                      ",0,"0.000000                      ",0,"0.000000                      ",0,"0.000000                      ",0,"0.000000                      ",0,"0.000000                      "
"2006","03699","01","4620","0166","04","Elem      ","N","Racine","Schulte Elementary","Grades PreK-12","All Races","Both Genders","411",0,"0.000000                      ",69,"16.788300                     ",65,"15.815000                     ",70,"17.031600                     ",75,"18.248100                     ",62,"15.085100                     ",70,"17.031600                     ",0,"0.000000                      ",0,"0.000000                      ",0,"0.000000                      ",0,"0.000000                      ",0,"0.000000                      ",0,"0.000000                      ",0,"0.000000                      "
"2006","05751","01","4620","0168","04","Elem      ","N","Racine","Wind Point Elementary","Grades PreK-12","All Races","Both Genders","274",0,"0.000000                      ",50,"18.248100                     ",44,"16.058300                     ",54,"19.708000                     ",48,"17.518200                     ",44,"16.058300                     ",34,"12.408700                     ",0,"0.000000                      ",0,"0.000000                      ",0,"0.000000                      ",0,"0.000000                      ",0,"0.000000                      ",0,"0.000000                      ",0,"0.000000                      "
"2006","05825","01","4620","0172","04","Elem      ","N","Racine","P-COC","Grades PreK-12","All Races","Both Genders","102",102,"100.000000                    ",0,"0.000000                      ",0,"0.000000                      ",0,"0.000000                      ",0,"0.000000                      ",0,"0.000000                      ",0,"0.000000                      ",0,"0.000000                      ",0,"0.000000                      ",0,"0.000000                      ",0,"0.000000                      ",0,"0.000000                      ",0,"0.000000                      ",0,"0.000000                      "
"2006","05707","01","4620","0174","04","Elem      ","N","Racine","Red Apple Elementary","Grades PreK-12","All Races","Both Genders","458",151,"32.969400                     ",70,"15.283800                     ",49,"10.698600                     ",46,"10.043600                     ",49,"10.698600                     ",47,"10.262000                     ",46,"10.043600                     ",0,"0.000000                      ",0,"0.000000                      ",0,"0.000000                      ",0,"0.000000                      ",0,"0.000000                      ",0,"0.000000                      ",0,"0.000000                      "
"2006","05826","01","4620","0280","04","Mid/Jr Hi ","N","Racine","Gilmore Middle","Grades PreK-12","All Races","Both Genders","787",0,"0.000000                      ",0,"0.000000                      ",0,"0.000000                      ",0,"0.000000                      ",0,"0.000000                      ",0,"0.000000                      ",0,"0.000000                      ",253,"32.147300                     ",252,"32.020300                     ",282,"35.832200                     ",0,"0.000000                      ",0,"0.000000                      ",0,"0.000000                      ",0,"0.000000                      "
"2006","05708","01","4620","0282","04","Mid/Jr Hi ","N","Racine","Jerstad-Agerholm Middle","Grades PreK-12","All Races","Both Genders","785",0,"0.000000                      ",0,"0.000000                      ",0,"0.000000                      ",0,"0.000000                      ",0,"0.000000                      ",0,"0.000000                      ",0,"0.000000                      ",239,"30.445800                     ",282,"35.923500                     ",264,"33.630500                     ",0,"0.000000                      ",0,"0.000000                      ",0,"0.000000                      ",0,"0.000000                      "
"2006","05862","01","4620","0284","04","Mid/Jr Hi ","Y","Racine","McKinley Middle","Grades PreK-12","All Races","Both Genders","824",0,"0.000000                      ",0,"0.000000                      ",0,"0.000000                      ",0,"0.000000                      ",0,"0.000000                      ",0,"0.000000                      ",0,"0.000000                      ",271,"32.888300                     ",263,"31.917400                     ",290,"35.194100                     ",0,"0.000000                      ",0,"0.000000                      ",0,"0.000000                      ",0,"0.000000                      "
"2006","05753","01","4620","0285","04","Mid/Jr Hi ","N","Racine","Walden III Middle","Grades PreK-12","All Races","Both Genders","220",0,"0.000000                      ",0,"0.000000                      ",0,"0.000000                      ",0,"0.000000                      ",0,"0.000000                      ",0,"0.000000                      ",0,"0.000000                      ",72,"32.727200                     ",74,"33.636300                     ",74,"33.636300                     ",0,"0.000000                      ",0,"0.000000                      ",0,"0.000000                      ",0,"0.000000                      "
"2006","05754","01","4620","0286","04","Mid/Jr Hi ","N","Racine","Mitchell Middle","Grades PreK-12","All Races","Both Genders","891",0,"0.000000                      ",0,"0.000000                      ",0,"0.000000                      ",0,"0.000000                      ",0,"0.000000                      ",0,"0.000000                      ",0,"0.000000                      ",301,"33.782200                     ",288,"32.323200                     ",302,"33.894500                     ",0,"0.000000                      ",0,"0.000000                      ",0,"0.000000                      ",0,"0.000000                      "
"2006","05863","01","4620","0288","04","Mid/Jr Hi ","N","Racine","Starbuck Middle","Grades PreK-12","All Races","Both Genders","847",0,"0.000000                      ",0,"0.000000                      ",0,"0.000000                      ",0,"0.000000                      ",0,"0.000000                      ",0,"0.000000                      ",0,"0.000000                      ",248,"29.279800                     ",293,"34.592600                     ",306,"36.127500                     ",0,"0.000000                      ",0,"0.000000                      ",0,"0.000000                      ",0,"0.000000                      "
"2006","05755","01","4620","0490","04","High      ","N","Racine","Keith R Mack Achievement Center","Grades PreK-12","All Races","Both Genders","107",0,"0.000000                      ",0,"0.000000                      ",0,"0.000000                      ",0,"0.000000                      ",0,"0.000000                      ",0,"0.000000                      ",0,"0.000000                      ",1,"0.934500                      ",6,"5.607400                      ",18,"16.822400                     ",2,"1.869100                      ",17,"15.887800                     ",34,"31.775700                     ",29,"27.102800                     "
"2006","05897","01","4620","0491","04","High      ","N","Racine","Case High","Grades PreK-12","All Races","Both Genders","1966",0,"0.000000                      ",0,"0.000000                      ",0,"0.000000                      ",0,"0.000000                      ",0,"0.000000                      ",0,"0.000000                      ",0,"0.000000                      ",0,"0.000000                      ",0,"0.000000                      ",0,"0.000000                      ",474,"24.109800                     ",477,"24.262400                     ",501,"25.483200                     ",514,"26.144400                     "
"2006","05827","01","4620","0492","04","High      ","N","Racine","Horlick High","Grades PreK-12","All Races","Both Genders","2166",0,"0.000000                      ",0,"0.000000                      ",0,"0.000000                      ",0,"0.000000                      ",0,"0.000000                      ",0,"0.000000                      ",0,"0.000000                      ",0,"0.000000                      ",0,"0.000000                      ",5,"0.230800                      ",546,"25.207700                     ",531,"24.515200                     ",517,"23.868800                     ",567,"26.177200                     "
"2006","05756","01","4620","0494","04","High      ","N","Racine","Park High","Grades PreK-12","All Races","Both Genders","2305",0,"0.000000                      ",0,"0.000000                      ",0,"0.000000                      ",0,"0.000000                      ",0,"0.000000                      ",0,"0.000000                      ",0,"0.000000                      ",0,"0.000000                      ",0,"0.000000                      ",0,"0.000000                      ",556,"24.121400                     ",602,"26.117100                     ",542,"23.514000                     ",605,"26.247200                     "
"2006","05757","01","4620","0499","04","High      ","N","Racine","Walden III High","Grades PreK-12","All Races","Both Genders","284",0,"0.000000                      ",0,"0.000000                      ",0,"0.000000                      ",0,"0.000000                      ",0,"0.000000                      ",0,"0.000000                      ",0,"0.000000                      ",0,"0.000000                      ",0,"0.000000                      ",0,"0.000000                      ",78,"27.464700                     ",72,"25.352100                     ",59,"20.774600                     ",75,"26.408400                     "
"2006","72500","01","4620","0720","04","Elem      ","N","Racine","Julian Thomas Elementary","Grades PreK-12","All Races","Both Genders","349",20,"5.730600                      ",71,"20.343800                     ",59,"16.905400                     ",52,"14.899700                     ",53,"15.186200                     ",56,"16.045800                     ",38,"10.888200                     ",0,"0.000000                      ",0,"0.000000                      ",0,"0.000000                      ",0,"0.000000                      ",0,"0.000000                      ",0,"0.000000                      ",0,"0.000000                      "
"2006","71269","01","4620","0800","04","El/Sec    ","Y","Racine","The REAL School","Grades PreK-12","All Races","Both Genders","220",0,"0.000000                      ",0,"0.000000                      ",0,"0.000000                      ",0,"0.000000                      ",0,"0.000000                      ",0,"0.000000                      ",0,"0.000000                      ",47,"21.363600                     ",23,"10.454500                     ",25,"11.363600                     ",50,"22.727200                     ",27,"12.272700                     ",22,"10.000000                     ",26,"11.818100                     "
"2006","05696","01","5026","","03","Summary   ","N","Saint Francis","","Grades PreK-12","All Races","Both Genders","1373",55,"4.005800                      ",68,"4.952600                      ",76,"5.535300                      ",76,"5.535300                      ",80,"5.826600                      ",87,"6.336400                      ",92,"6.700600                      ",86,"6.263600                      ",96,"6.991900                      ",102,"7.428900                      ",181,"13.182800                     ",153,"11.143400                     ",125,"9.104100                      ",96,"6.991900                      "
"2006","05689","01","5026","0020","04","Elem      ","N","Saint Francis","Deer Creek Intermediate Sch","Grades PreK-12","All Races","Both Genders","463",0,"0.000000                      ",0,"0.000000                      ",0,"0.000000                      ",0,"0.000000                      ",0,"0.000000                      ",87,"18.790400                     ",92,"19.870400                     ",86,"18.574500                     ",96,"20.734300                     ",102,"22.030200                     ",0,"0.000000                      ",0,"0.000000                      ",0,"0.000000                      ",0,"0.000000                      "
"2006","05690","01","5026","0040","04","High      ","N","Saint Francis","Saint Francis High","Grades PreK-12","All Races","Both Genders","555",0,"0.000000                      ",0,"0.000000                      ",0,"0.000000                      ",0,"0.000000                      ",0,"0.000000                      ",0,"0.000000                      ",0,"0.000000                      ",0,"0.000000                      ",0,"0.000000                      ",0,"0.000000                      ",181,"32.612600                     ",153,"27.567500                     ",125,"22.522500                     ",96,"17.297200                     "
"2006","05691","01","5026","0080","04","Elem      ","N","Saint Francis","Willow Glen Primary Sch","Grades PreK-12","All Races","Both Genders","355",55,"15.492900                     ",68,"19.154900                     ",76,"21.408400                     ",76,"21.408400                     ",80,"22.535200                     ",0,"0.000000                      ",0,"0.000000                      ",0,"0.000000                      ",0,"0.000000                      ",0,"0.000000                      ",0,"0.000000                      ",0,"0.000000                      ",0,"0.000000                      ",0,"0.000000                      "
"2006","00150","01","5061","9110","4C","Elem      ","Y","Trevor Grade School","Wilmot Bright Horizons","Grades PreK-12","All Races","Both Genders","5",5,"100.000000                    ",0,"0.000000                      ",0,"0.000000                      ",0,"0.000000                      ",0,"0.000000                      ",0,"0.000000                      ",0,"0.000000                      ",0,"0.000000                      ",0,"0.000000                      ",0,"0.000000                      ",0,"0.000000                      ",0,"0.000000                      ",0,"0.000000                      ",0,"0.000000                      "
"2006","04825","01","5355","","03","Summary   ","N","Shorewood","","Grades PreK-12","All Races","Both Genders","2006",90,"4.486500                      ",103,"5.134500                      ",134,"6.679900                      ",124,"6.181400                      ",136,"6.779600                      ",136,"6.779600                      ",168,"8.374800                      ",120,"5.982000                      ",162,"8.075700                      ",159,"7.926200                      ",177,"8.823500                      ",159,"7.926200                      ",183,"9.122600                      ",155,"7.726800                      "
"2006","04813","01","5355","0020","04","Elem      ","N","Shorewood","Atwater Elementary","Grades PreK-12","All Races","Both Genders","506",42,"8.300300                      ",56,"11.067100                     ",60,"11.857700                     ",65,"12.845800                     ",70,"13.833900                     ",69,"13.636300                     ",80,"15.810200                     ",64,"12.648200                     ",0,"0.000000                      ",0,"0.000000                      ",0,"0.000000                      ",0,"0.000000                      ",0,"0.000000                      ",0,"0.000000                      "
"2006","04814","01","5355","0040","04","Elem      ","N","Shorewood","Lake Bluff Elementary","Grades PreK-12","All Races","Both Genders","505",48,"9.504900                      ",47,"9.306900                      ",74,"14.653400                     ",59,"11.683100                     ",66,"13.069300                     ",67,"13.267300                     ",88,"17.425700                     ",56,"11.089100                     ",0,"0.000000                      ",0,"0.000000                      ",0,"0.000000                      ",0,"0.000000                      ",0,"0.000000                      ",0,"0.000000                      "
"2006","04815","01","5355","0060","04","Mid/Jr Hi ","N","Shorewood","Shorewood Intermediate","Grades PreK-12","All Races","Both Genders","321",0,"0.000000                      ",0,"0.000000                      ",0,"0.000000                      ",0,"0.000000                      ",0,"0.000000                      ",0,"0.000000                      ",0,"0.000000                      ",0,"0.000000                      ",162,"50.467200                     ",159,"49.532700                     ",0,"0.000000                      ",0,"0.000000                      ",0,"0.000000                      ",0,"0.000000                      "
"2006","04816","01","5355","0080","04","High      ","N","Shorewood","Shorewood High","Grades PreK-12","All Races","Both Genders","667",0,"0.000000                      ",0,"0.000000                      ",0,"0.000000                      ",0,"0.000000                      ",0,"0.000000                      ",0,"0.000000                      ",0,"0.000000                      ",0,"0.000000                      ",0,"0.000000                      ",0,"0.000000                      ",177,"26.536700                     ",158,"23.688100                     ",181,"27.136400                     ",151,"22.638600                     "
"2006","00143","01","5355","0400","04","High      ","Y","Shorewood","New Horizons for Learning","Grades PreK-12","All Races","Both Genders","7",0,"0.000000                      ",0,"0.000000                      ",0,"0.000000                      ",0,"0.000000                      ",0,"0.000000                      ",0,"0.000000                      ",0,"0.000000                      ",0,"0.000000                      ",0,"0.000000                      ",0,"0.000000                      ",0,"0.000000                      ",1,"14.285700                     ",2,"28.571400                     ",4,"57.142800                     "
"2006","71515","01","5355","9200","4C","Mid/Jr Hi ","Y","Shorewood","Passage Middle School","Grades PreK-12","All Races","Both Genders","0",0,"--                            ",0,"--                            ",0,"--                            ",0,"--                            ",0,"--                            ",0,"--                            ",0,"--                            ",0,"--                            ",0,"--                            ",0,"--                            ",0,"--                            ",0,"--                            ",0,"--                            ",0,"--                            "
"2006","03672","01","5439","","03","Summary   ","N","South Milwaukee","","Grades PreK-12","All Races","Both Genders","3466",162,"4.673900                      ",247,"7.126300                      ",222,"6.405000                      ",207,"5.972300                      ",201,"5.799100                      ",237,"6.837800                      ",221,"6.376200                      ",244,"7.039800                      ",262,"7.559100                      ",237,"6.837800                      ",362,"10.444300                     ",308,"8.886300                      ",273,"7.876500                      ",283,"8.165000                      "
"2006","03659","01","5439","0010","04","Elem      ","N","South Milwaukee","Blakewood Elementary","Grades PreK-12","All Races","Both Genders","421",57,"13.539100                     ",66,"15.676900                     ",61,"14.489300                     ",57,"13.539100                     ",51,"12.114000                     ",63,"14.964300                     ",66,"15.676900                     ",0,"0.000000                      ",0,"0.000000                      ",0,"0.000000                      ",0,"0.000000                      ",0,"0.000000                      ",0,"0.000000                      ",0,"0.000000                      "
"2006","03660","01","5439","0020","04","Elem      ","N","South Milwaukee","Luther Elementary","Grades PreK-12","All Races","Both Genders","250",35,"14.000000                     ",44,"17.600000                     ",34,"13.600000                     ",38,"15.200000                     ",31,"12.400000                     ",43,"17.200000                     ",25,"10.000000                     ",0,"0.000000                      ",0,"0.000000                      ",0,"0.000000                      ",0,"0.000000                      ",0,"0.000000                      ",0,"0.000000                      ",0,"0.000000                      "
"2006","03661","01","5439","0040","04","Elem      ","N","South Milwaukee","Lakeview Elementary","Grades PreK-12","All Races","Both Genders","335",35,"10.447700                     ",51,"15.223800                     ",53,"15.820800                     ",48,"14.328300                     ",51,"15.223800                     ",54,"16.119400                     ",43,"12.835800                     ",0,"0.000000                      ",0,"0.000000                      ",0,"0.000000                      ",0,"0.000000                      ",0,"0.000000                      ",0,"0.000000                      ",0,"0.000000                      "
"2006","03662","01","5439","0080","04","Elem      ","N","South Milwaukee","Rawson Elementary","Grades PreK-12","All Races","Both Genders","491",35,"7.128300                      ",86,"17.515200                     ",74,"15.071200                     ",64,"13.034600                     ",68,"13.849200                     ",77,"15.682200                     ",87,"17.718900                     ",0,"0.000000                      ",0,"0.000000                      ",0,"0.000000                      ",0,"0.000000                      ",0,"0.000000                      ",0,"0.000000                      ",0,"0.000000                      "
"2006","03663","01","5439","0100","04","Mid/Jr Hi ","N","South Milwaukee","South Milwaukee Middle","Grades PreK-12","All Races","Both Genders","743",0,"0.000000                      ",0,"0.000000                      ",0,"0.000000                      ",0,"0.000000                      ",0,"0.000000                      ",0,"0.000000                      ",0,"0.000000                      ",244,"32.839800                     ",262,"35.262400                     ",237,"31.897700                     ",0,"0.000000                      ",0,"0.000000                      ",0,"0.000000                      ",0,"0.000000                      "
"2006","03664","01","5439","0120","04","High      ","N","South Milwaukee","South Milwaukee High","Grades PreK-12","All Races","Both Genders","1226",0,"0.000000                      ",0,"0.000000                      ",0,"0.000000                      ",0,"0.000000                      ",0,"0.000000                      ",0,"0.000000                      ",0,"0.000000                      ",0,"0.000000                      ",0,"0.000000                      ",0,"0.000000                      ",362,"29.526900                     ",308,"25.122300                     ",273,"22.267500                     ",283,"23.083100                     "
"2006","71481","01","5439","9801","04","High      ","Y","South Milwaukee","Connects Learning Center","Grades PreK-12","All Races","Both Genders","0",0,"--                            ",0,"--                            ",0,"--                            ",0,"--                            ",0,"--                            ",0,"--                            ",0,"--                            ",0,"--                            ",0,"--                            ",0,"--                            ",0,"--                            ",0,"--                            ",0,"--                            ",0,"--                            "
"2006","03998","01","6174","","03","Summary   ","N","Waukesha","","Grades PreK-12","All Races","Both Genders","13606",252,"1.852100                      ",922,"6.776400                      ",1001,"7.357000                      ",922,"6.776400                      ",889,"6.533800                      ",872,"6.408900                      ",918,"6.747000                      ",953,"7.004200                      ",930,"6.835200                      ",986,"7.246800                      ",1181,"8.679900                      ",1329,"9.767700                      ",1168,"8.584400                      ",1283,"9.429600                      "
"2006","03974","01","6174","0020","04","Elem      ","N","Waukesha","Banting Elementary","Grades PreK-12","All Races","Both Genders","493",55,"11.156100                     ",64,"12.981700                     ",68,"13.793100                     ",67,"13.590200                     ",69,"13.995900                     ",63,"12.778900                     ",56,"11.359000                     ",51,"10.344800                     ",0,"0.000000                      ",0,"0.000000                      ",0,"0.000000                      ",0,"0.000000                      ",0,"0.000000                      ",0,"0.000000                      "
"2006","04106","01","6174","0060","04","Elem      ","N","Waukesha","Bethesda Elementary","Grades PreK-12","All Races","Both Genders","540",0,"0.000000                      ",64,"11.851800                     ",89,"16.481400                     ",74,"13.703700                     ",69,"12.777700                     ",75,"13.888800                     ",83,"15.370300                     ",86,"15.925900                     ",0,"0.000000                      ",0,"0.000000                      ",0,"0.000000                      ",0,"0.000000                      ",0,"0.000000                      ",0,"0.000000                      "
"2006","04107","01","6174","0080","04","Elem      ","N","Waukesha","Blair Elementary","Grades PreK-12","All Races","Both Genders","354",52,"14.689200                     ",45,"12.711800                     ",69,"19.491500                     ",39,"11.016900                     ",40,"11.299400                     ",26,"7.344600                      ",37,"10.451900                     ",46,"12.994300                     ",0,"0.000000                      ",0,"0.000000                      ",0,"0.000000                      ",0,"0.000000                      ",0,"0.000000                      ",0,"0.000000                      "
"2006","04108","01","6174","0100","04","Mid/Jr Hi ","N","Waukesha","Butler Middle","Grades PreK-12","All Races","Both Genders","649",0,"0.000000                      ",0,"0.000000                      ",0,"0.000000                      ",0,"0.000000                      ",0,"0.000000                      ",0,"0.000000                      ",0,"0.000000                      ",1,"0.154000                      ",309,"47.611700                     ",339,"52.234200                     ",0,"0.000000                      ",0,"0.000000                      ",0,"0.000000                      ",0,"0.000000                      "
"2006","03975","01","6174","0120","04","Mid/Jr Hi ","N","Waukesha","Central Middle","Grades PreK-12","All Races","Both Genders","670",0,"0.000000                      ",0,"0.000000                      ",0,"0.000000                      ",0,"0.000000                      ",0,"0.000000                      ",0,"0.000000                      ",0,"0.000000                      ",0,"0.000000                      ",327,"48.805900                     ",343,"51.194000                     ",0,"0.000000                      ",0,"0.000000                      ",0,"0.000000                      ",0,"0.000000                      "
"2006","03976","01","6174","0160","04","Elem      ","N","Waukesha","Hadfield Elementary","Grades PreK-12","All Races","Both Genders","341",30,"8.797600                      ",48,"14.076200                     ",45,"13.196400                     ",44,"12.903200                     ",47,"13.782900                     ",43,"12.609900                     ",40,"11.730200                     ",44,"12.903200                     ",0,"0.000000                      ",0,"0.000000                      ",0,"0.000000                      ",0,"0.000000                      ",0,"0.000000                      ",0,"0.000000                      "
"2006","04109","01","6174","0180","04","Elem      ","N","Waukesha","Hawthorne Elementary","Grades PreK-12","All Races","Both Genders","333",17,"5.105100                      ",37,"11.111100                     ",49,"14.714700                     ",49,"14.714700                     ",34,"10.210200                     ",47,"14.114100                     ",44,"13.213200                     ",56,"16.816800                     ",0,"0.000000                      ",0,"0.000000                      ",0,"0.000000                      ",0,"0.000000                      ",0,"0.000000                      ",0,"0.000000                      "
"2006","03977","01","6174","0190","04","Elem      ","N","Waukesha","Heyer Elementary","Grades PreK-12","All Races","Both Genders","431",4,"0.928000                      ",67,"15.545200                     ",73,"16.937300                     ",56,"12.993000                     ",52,"12.064900                     ",51,"11.832900                     ",70,"16.241200                     ",58,"13.457000                     ",0,"0.000000                      ",0,"0.000000                      ",0,"0.000000                      ",0,"0.000000                      ",0,"0.000000                      ",0,"0.000000                      "
"2006","03978","01","6174","0200","04","Elem      ","N","Waukesha","Hillcrest Elementary","Grades PreK-12","All Races","Both Genders","359",5,"1.392700                      ",51,"14.206100                     ",55,"15.320300                     ",57,"15.877400                     ",42,"11.699100                     ",48,"13.370400                     ",52,"14.484600                     ",49,"13.649000                     ",0,"0.000000                      ",0,"0.000000                      ",0,"0.000000                      ",0,"0.000000                      ",0,"0.000000                      ",0,"0.000000                      "
"2006","03979","01","6174","0210","04","Mid/Jr Hi ","N","Waukesha","Horning Middle","Grades PreK-12","All Races","Both Genders","598",0,"0.000000                      ",0,"0.000000                      ",0,"0.000000                      ",0,"0.000000                      ",0,"0.000000                      ",0,"0.000000                      ",0,"0.000000                      ",0,"0.000000                      ",294,"49.163800                     ",304,"50.836100                     ",0,"0.000000                      ",0,"0.000000                      ",0,"0.000000                      ",0,"0.000000                      "
"2006","04110","01","6174","0260","04","Elem      ","N","Waukesha","Lowell Elementary","Grades PreK-12","All Races","Both Genders","434",21,"4.838700                      ",61,"14.055200                     ",56,"12.903200                     ",60,"13.824800                     ",58,"13.364000                     ",48,"11.059900                     ",64,"14.746500                     ",66,"15.207300                     ",0,"0.000000                      ",0,"0.000000                      ",0,"0.000000                      ",0,"0.000000                      ",0,"0.000000                      ",0,"0.000000                      "
"2006","04111","01","6174","0280","04","Elem      ","N","Waukesha","Meadowbrook Elementary","Grades PreK-12","All Races","Both Genders","363",5,"1.377400                      ",51,"14.049500                     ",55,"15.151500                     ",53,"14.600500                     ",42,"11.570200                     ",48,"13.223100                     ",61,"16.804400                     ",48,"13.223100                     ",0,"0.000000                      ",0,"0.000000                      ",0,"0.000000                      ",0,"0.000000                      ",0,"0.000000                      ",0,"0.000000                      "
"2006","03980","01","6174","0290","04","High      ","N","Waukesha","North High","Grades PreK-12","All Races","Both Genders","1229",0,"0.000000                      ",0,"0.000000                      ",0,"0.000000                      ",0,"0.000000                      ",0,"0.000000                      ",0,"0.000000                      ",0,"0.000000                      ",0,"0.000000                      ",0,"0.000000                      ",0,"0.000000                      ",275,"22.375900                     ",336,"27.339300                     ",313,"25.467800                     ",305,"24.816900                     "
"2006","03981","01","6174","0340","04","Elem      ","N","Waukesha","Pleasant Hill Elementary","Grades PreK-12","All Races","Both Genders","179",4,"2.234600                      ",24,"13.407800                     ",25,"13.966400                     ",16,"8.938500                      ",33,"18.435700                     ",32,"17.877000                     ",22,"12.290500                     ",23,"12.849100                     ",0,"0.000000                      ",0,"0.000000                      ",0,"0.000000                      ",0,"0.000000                      ",0,"0.000000                      ",0,"0.000000                      "
"2006","03982","01","6174","0360","04","Elem      ","N","Waukesha","Prairie Elementary","Grades PreK-12","All Races","Both Genders","404",4,"0.990000                      ",61,"15.099000                     ",73,"18.069300                     ",49,"12.128700                     ",56,"13.861300                     ",53,"13.118800                     ",45,"11.138600                     ",63,"15.594000                     ",0,"0.000000                      ",0,"0.000000                      ",0,"0.000000                      ",0,"0.000000                      ",0,"0.000000                      ",0,"0.000000                      "
"2006","03983","01","6174","0400","04","Elem      ","N","Waukesha","Randall Elementary","Grades PreK-12","All Races","Both Genders","355",3,"0.845000                      ",49,"13.802800                     ",51,"14.366100                     ",45,"12.676000                     ",60,"16.901400                     ",44,"12.394300                     ",52,"14.647800                     ",51,"14.366100                     ",0,"0.000000                      ",0,"0.000000                      ",0,"0.000000                      ",0,"0.000000                      ",0,"0.000000                      ",0,"0.000000                      "
"2006","04112","01","6174","0410","04","Elem      ","N","Waukesha","Rose Glen Elementary","Grades PreK-12","All Races","Both Genders","611",4,"0.654600                      ",63,"10.310900                     ",71,"11.620200                     ",85,"13.911600                     ",82,"13.420600                     ",95,"15.548200                     ",91,"14.893600                     ",120,"19.639900                     ",0,"0.000000                      ",0,"0.000000                      ",0,"0.000000                      ",0,"0.000000                      ",0,"0.000000                      ",0,"0.000000                      "
"2006","03984","01","6174","0420","04","Elem      ","N","Waukesha","Saratoga Elementary","Grades PreK-12","All Races","Both Genders","237",23,"9.704600                      ",36,"15.189800                     ",36,"15.189800                     ",34,"14.345900                     ",30,"12.658200                     ",26,"10.970400                     ",26,"10.970400                     ",26,"10.970400                     ",0,"0.000000                      ",0,"0.000000                      ",0,"0.000000                      ",0,"0.000000                      ",0,"0.000000                      ",0,"0.000000                      "
"2006","72929","01","6174","0450","04","High      ","Y","Waukesha","Waukesha Academy of Health Professions","Grades PreK-12","All Races","Both Genders","0",0,"--                            ",0,"--                            ",0,"--                            ",0,"--                            ",0,"--                            ",0,"--                            ",0,"--                            ",0,"--                            ",0,"--                            ",0,"--                            ",0,"--                            ",0,"--                            ",0,"--                            ",0,"--                            "
"2006","03985","01","6174","0460","04","High      ","N","Waukesha","South High","Grades PreK-12","All Races","Both Genders","1484",0,"0.000000                      ",0,"0.000000                      ",0,"0.000000                      ",0,"0.000000                      ",0,"0.000000                      ",0,"0.000000                      ",0,"0.000000                      ",0,"0.000000                      ",0,"0.000000                      ",0,"0.000000                      ",364,"24.528300                     ",356,"23.989200                     ",337,"22.708800                     ",427,"28.773500                     "
"2006","72930","01","6174","0470","04","High      ","Y","Waukesha","iQ Academies of Wisconsin","Grades PreK-12","All Races","Both Genders","589",0,"0.000000                      ",0,"0.000000                      ",0,"0.000000                      ",0,"0.000000                      ",0,"0.000000                      ",0,"0.000000                      ",0,"0.000000                      ",0,"0.000000                      ",0,"0.000000                      ",0,"0.000000                      ",156,"26.485500                     ",179,"30.390400                     ",151,"25.636600                     ",103,"17.487200                     "
"2006","03986","01","6174","0480","04","Elem      ","N","Waukesha","Summit View Elementary","Grades PreK-12","All Races","Both Genders","599",6,"1.001600                      ",90,"15.025000                     ",90,"15.025000                     ",99,"16.527500                     ",91,"15.191900                     ",86,"14.357200                     ",72,"12.020000                     ",65,"10.851400                     ",0,"0.000000                      ",0,"0.000000                      ",0,"0.000000                      ",0,"0.000000                      ",0,"0.000000                      ",0,"0.000000                      "
"2006","71747","01","6174","0490","04","High      ","Y","Waukesha","Harvey Philip Alternative Charter School","Grades PreK-12","All Races","Both Genders","106",0,"0.000000                      ",0,"0.000000                      ",0,"0.000000                      ",0,"0.000000                      ",0,"0.000000                      ",0,"0.000000                      ",0,"0.000000                      ",0,"0.000000                      ",0,"0.000000                      ",0,"0.000000                      ",1,"0.943300                      ",24,"22.641500                     ",8,"7.547100                      ",73,"68.867900                     "
"2006","72063","01","6174","0495","04","High      ","Y","Waukesha","Project Change-A Recovery School","Grades PreK-12","All Races","Both Genders","5",0,"0.000000                      ",0,"0.000000                      ",0,"0.000000                      ",0,"0.000000                      ",0,"0.000000                      ",0,"0.000000                      ",0,"0.000000                      ",0,"0.000000                      ",0,"0.000000                      ",0,"0.000000                      ",0,"0.000000                      ",0,"0.000000                      ",4,"80.000000                     ",1,"20.000000                     "
"2006","03987","01","6174","0520","04","Elem      ","N","Waukesha","White Rock Elementary","Grades PreK-12","All Races","Both Genders","351",0,"0.000000                      ",57,"16.239300                     ",41,"11.680900                     ",43,"12.250700                     ",44,"12.535600                     ",53,"15.099700                     ",63,"17.948700                     ",50,"14.245000                     ",0,"0.000000                      ",0,"0.000000                      ",0,"0.000000                      ",0,"0.000000                      ",0,"0.000000                      ",0,"0.000000                      "
"2006","03988","01","6174","0540","04","Elem      ","N","Waukesha","Whittier Elementary","Grades PreK-12","All Races","Both Genders","344",19,"5.523200                      ",54,"15.697600                     ",55,"15.988300                     ",52,"15.116200                     ",40,"11.627900                     ",34,"9.883700                      ",40,"11.627900                     ",50,"14.534800                     ",0,"0.000000                      ",0,"0.000000                      ",0,"0.000000                      ",0,"0.000000                      ",0,"0.000000                      ",0,"0.000000                      "
"2006","04113","01","6174","0560","04","High      ","N","Waukesha","West High","Grades PreK-12","All Races","Both Genders","1553",0,"0.000000                      ",0,"0.000000                      ",0,"0.000000                      ",0,"0.000000                      ",0,"0.000000                      ",0,"0.000000                      ",0,"0.000000                      ",0,"0.000000                      ",0,"0.000000                      ",0,"0.000000                      ",385,"24.790700                     ",434,"27.945900                     ",359,"23.116500                     ",375,"24.146800                     "
"2006","05495","01","6244","","03","Summary   ","N","Wauwatosa","","Grades PreK-12","All Races","Both Genders","6715",398,"5.927000                      ",448,"6.671600                      ",417,"6.209900                      ",465,"6.924700                      ",443,"6.597100                      ",449,"6.686500                      ",456,"6.790700                      ",503,"7.490600                      ",457,"6.805600                      ",464,"6.909900                      ",565,"8.413900                      ",587,"8.741600                      ",551,"8.205500                      ",512,"7.624700                      "
"2006","04924","01","6244","0020","04","High      ","N","Wauwatosa","East High","Grades PreK-12","All Races","Both Genders","1173",0,"0.000000                      ",0,"0.000000                      ",0,"0.000000                      ",0,"0.000000                      ",0,"0.000000                      ",0,"0.000000                      ",0,"0.000000                      ",0,"0.000000                      ",0,"0.000000                      ",0,"0.000000                      ",289,"24.637600                     ",302,"25.745900                     ",304,"25.916400                     ",278,"23.699900                     "
"2006","05357","01","6244","0040","04","Elem      ","N","Wauwatosa","Eisenhower Elementary","Grades PreK-12","All Races","Both Genders","388",45,"11.597900                     ",63,"16.237100                     ",48,"12.371100                     ",49,"12.628800                     ",68,"17.525700                     ",61,"15.721600                     ",54,"13.917500                     ",0,"0.000000                      ",0,"0.000000                      ",0,"0.000000                      ",0,"0.000000                      ",0,"0.000000                      ",0,"0.000000                      ",0,"0.000000                      "
"2006","04925","01","6244","0100","04","Elem      ","N","Wauwatosa","Jefferson Elementary","Grades PreK-12","All Races","Both Genders","281",37,"13.167200                     ",37,"13.167200                     ",37,"13.167200                     ",38,"13.523100                     ",39,"13.879000                     ",48,"17.081800                     ",45,"16.014200                     ",0,"0.000000                      ",0,"0.000000                      ",0,"0.000000                      ",0,"0.000000                      ",0,"0.000000                      ",0,"0.000000                      ",0,"0.000000                      "
"2006","04926","01","6244","0120","04","Elem      ","N","Wauwatosa","Lincoln Elementary","Grades PreK-12","All Races","Both Genders","314",40,"12.738800                     ",49,"15.605000                     ",41,"13.057300                     ",48,"15.286600                     ",42,"13.375700                     ",46,"14.649600                     ",48,"15.286600                     ",0,"0.000000                      ",0,"0.000000                      ",0,"0.000000                      ",0,"0.000000                      ",0,"0.000000                      ",0,"0.000000                      ",0,"0.000000                      "
"2006","04927","01","6244","0140","04","Mid/Jr Hi ","N","Wauwatosa","Longfellow Middle","Grades PreK-12","All Races","Both Genders","833",0,"0.000000                      ",0,"0.000000                      ",0,"0.000000                      ",0,"0.000000                      ",0,"0.000000                      ",0,"0.000000                      ",0,"0.000000                      ",285,"34.213600                     ",270,"32.412900                     ",277,"33.253300                     ",0,"0.000000                      ",1,"0.120000                      ",0,"0.000000                      ",0,"0.000000                      "
"2006","05476","01","6244","0160","04","Elem      ","N","Wauwatosa","Madison Elementary","Grades PreK-12","All Races","Both Genders","339",46,"13.569300                     ",47,"13.864300                     ",48,"14.159200                     ",59,"17.404100                     ",38,"11.209400                     ",44,"12.979300                     ",57,"16.814100                     ",0,"0.000000                      ",0,"0.000000                      ",0,"0.000000                      ",0,"0.000000                      ",0,"0.000000                      ",0,"0.000000                      ",0,"0.000000                      "
"2006","05489","01","6244","0180","04","Elem      ","N","Wauwatosa","McKinley Elementary","Grades PreK-12","All Races","Both Genders","416",56,"13.461500                     ",61,"14.663400                     ",54,"12.980700                     ",61,"14.663400                     ",69,"16.586500                     ",55,"13.221100                     ",60,"14.423000                     ",0,"0.000000                      ",0,"0.000000                      ",0,"0.000000                      ",0,"0.000000                      ",0,"0.000000                      ",0,"0.000000                      ",0,"0.000000                      "
"2006","05490","01","6244","0190","04","El/Sec    ","N","Wauwatosa","Plank Road Complex","Grades PreK-12","All Races","Both Genders","11",0,"0.000000                      ",0,"0.000000                      ",0,"0.000000                      ",0,"0.000000                      ",0,"0.000000                      ",0,"0.000000                      ",0,"0.000000                      ",0,"0.000000                      ",0,"0.000000                      ",3,"27.272700                     ",3,"27.272700                     ",4,"36.363600                     ",1,"9.090900                      ",0,"0.000000                      "
"2006","04928","01","6244","0200","04","Elem      ","N","Wauwatosa","Roosevelt Elementary","Grades PreK-12","All Races","Both Genders","446",60,"13.452900                     ",66,"14.798200                     ",63,"14.125500                     ",76,"17.040300                     ",58,"13.004400                     ",63,"14.125500                     ",60,"13.452900                     ",0,"0.000000                      ",0,"0.000000                      ",0,"0.000000                      ",0,"0.000000                      ",0,"0.000000                      ",0,"0.000000                      ",0,"0.000000                      "
"2006","05491","01","6244","0220","04","Elem      ","N","Wauwatosa","Underwood Elementary","Grades PreK-12","All Races","Both Genders","274",42,"15.328400                     ",38,"13.868600                     ",40,"14.598500                     ",36,"13.138600                     ",32,"11.678800                     ",46,"16.788300                     ",40,"14.598500                     ",0,"0.000000                      ",0,"0.000000                      ",0,"0.000000                      ",0,"0.000000                      ",0,"0.000000                      ",0,"0.000000                      ",0,"0.000000                      "
"2006","04929","01","6244","0240","04","Elem      ","N","Wauwatosa","Washington Elementary","Grades PreK-12","All Races","Both Genders","362",39,"10.773400                     ",52,"14.364600                     ",56,"15.469600                     ",60,"16.574500                     ",59,"16.298300                     ",47,"12.983400                     ",49,"13.535900                     ",0,"0.000000                      ",0,"0.000000                      ",0,"0.000000                      ",0,"0.000000                      ",0,"0.000000                      ",0,"0.000000                      ",0,"0.000000                      "
"2006","05358","01","6244","0280","04","High      ","N","Wauwatosa","West High","Grades PreK-12","All Races","Both Genders","1033",0,"0.000000                      ",0,"0.000000                      ",0,"0.000000                      ",0,"0.000000                      ",0,"0.000000                      ",0,"0.000000                      ",0,"0.000000                      ",0,"0.000000                      ",0,"0.000000                      ",0,"0.000000                      ",273,"26.427800                     ",280,"27.105500                     ",246,"23.814100                     ",234,"22.652400                     "
"2006","05359","01","6244","0290","04","Mid/Jr Hi ","N","Wauwatosa","Whitman Middle","Grades PreK-12","All Races","Both Genders","589",0,"0.000000                      ",0,"0.000000                      ",0,"0.000000                      ",0,"0.000000                      ",0,"0.000000                      ",0,"0.000000                      ",0,"0.000000                      ",218,"37.011800                     ",187,"31.748700                     ",184,"31.239300                     ",0,"0.000000                      ",0,"0.000000                      ",0,"0.000000                      ",0,"0.000000                      "
"2006","04930","01","6244","0300","04","Elem      ","N","Wauwatosa","Wilson Elementary","Grades PreK-12","All Races","Both Genders","256",33,"12.890600                     ",35,"13.671800                     ",30,"11.718700                     ",38,"14.843700                     ",38,"14.843700                     ",39,"15.234300                     ",43,"16.796800                     ",0,"0.000000                      ",0,"0.000000                      ",0,"0.000000                      ",0,"0.000000                      ",0,"0.000000                      ",0,"0.000000                      ",0,"0.000000                      "
"2006","71516","01","6244","9200","4C","Mid/Jr Hi ","Y","Wauwatosa","Passage Middle School","Grades PreK-12","All Races","Both Genders","0",0,"--                            ",0,"--                            ",0,"--                            ",0,"--                            ",0,"--                            ",0,"--                            ",0,"--                            ",0,"--                            ",0,"--                            ",0,"--                            ",0,"--                            ",0,"--                            ",0,"--                            ",0,"--                            "
"2006","05553","01","6300","","03","Summary   ","N","West Allis","","Grades PreK-12","All Races","Both Genders","8746",454,"5.190900                      ",549,"6.277100                      ",585,"6.688700                      ",513,"5.865500                      ",499,"5.705400                      ",510,"5.831200                      ",590,"6.745900                      ",622,"7.111800                      ",575,"6.574400                      ",632,"7.226100                      ",831,"9.501400                      ",850,"9.718700                      ",791,"9.044100                      ",745,"8.518100                      "
"2006","05540","01","6300","0020","04","High      ","N","West Allis","Central High","Grades PreK-12","All Races","Both Genders","1679",0,"0.000000                      ",0,"0.000000                      ",0,"0.000000                      ",0,"0.000000                      ",0,"0.000000                      ",0,"0.000000                      ",0,"0.000000                      ",0,"0.000000                      ",0,"0.000000                      ",0,"0.000000                      ",447,"26.622900                     ",450,"26.801600                     ",411,"24.478800                     ",371,"22.096400                     "
"2006","05541","01","6300","0040","04","Mid/Jr Hi ","N","West Allis","Frank Lloyd Wright Middle","Grades PreK-12","All Races","Both Genders","734",0,"0.000000                      ",0,"0.000000                      ",0,"0.000000                      ",0,"0.000000                      ",0,"0.000000                      ",0,"0.000000                      ",0,"0.000000                      ",0,"0.000000                      ",345,"47.002700                     ",389,"52.997200                     ",0,"0.000000                      ",0,"0.000000                      ",0,"0.000000                      ",0,"0.000000                      "
"2006","05542","01","6300","0060","04","Elem      ","N","West Allis","Franklin Elementary","Grades PreK-12","All Races","Both Genders","361",0,"0.000000                      ",51,"14.127400                     ",58,"16.066400                     ",40,"11.080300                     ",40,"11.080300                     ",57,"15.789400                     ",51,"14.127400                     ",64,"17.728500                     ",0,"0.000000                      ",0,"0.000000                      ",0,"0.000000                      ",0,"0.000000                      ",0,"0.000000                      ",0,"0.000000                      "
"2006","05543","01","6300","0080","04","Elem      ","N","West Allis","Mitchell Elementary","Grades PreK-12","All Races","Both Genders","377",56,"14.854100                     ",51,"13.527800                     ",52,"13.793100                     ",38,"10.079500                     ",40,"10.610000                     ",43,"11.405800                     ",49,"12.997300                     ",48,"12.732000                     ",0,"0.000000                      ",0,"0.000000                      ",0,"0.000000                      ",0,"0.000000                      ",0,"0.000000                      ",0,"0.000000                      "
"2006","03479","01","6300","0100","04","Elem      ","N","West Allis","Hoover Elementary","Grades PreK-12","All Races","Both Genders","451",53,"11.751600                     ",52,"11.529900                     ",50,"11.086400                     ",56,"12.416800                     ",62,"13.747200                     ",54,"11.973300                     ",57,"12.638500                     ",67,"14.855800                     ",0,"0.000000                      ",0,"0.000000                      ",0,"0.000000                      ",0,"0.000000                      ",0,"0.000000                      ",0,"0.000000                      "
"2006","04988","01","6300","0120","04","Mid/Jr Hi ","N","West Allis","West Milwaukee Middle","Grades PreK-12","All Races","Both Genders","476",0,"0.000000                      ",0,"0.000000                      ",0,"0.000000                      ",0,"0.000000                      ",0,"0.000000                      ",0,"0.000000                      ",0,"0.000000                      ",0,"0.000000                      ",230,"48.319300                     ",243,"51.050400                     ",3,"0.630200                      ",0,"0.000000                      ",0,"0.000000                      ",0,"0.000000                      "
"2006","05544","01","6300","0140","04","Elem      ","N","West Allis","Irving Elementary","Grades PreK-12","All Races","Both Genders","364",66,"18.131800                     ",48,"13.186800                     ",45,"12.362600                     ",39,"10.714200                     ",31,"8.516400                      ",43,"11.813100                     ",43,"11.813100                     ",38,"10.439500                     ",0,"0.000000                      ",0,"0.000000                      ",0,"0.000000                      ",0,"0.000000                      ",0,"0.000000                      ",11,"3.021900                      "
"2006","05255","01","6300","0160","04","Elem      ","N","West Allis","Jefferson Elementary","Grades PreK-12","All Races","Both Genders","504",46,"9.126900                      ",56,"11.111100                     ",68,"13.492000                     ",67,"13.293600                     ",56,"11.111100                     ",61,"12.103100                     ",79,"15.674600                     ",71,"14.087300                     ",0,"0.000000                      ",0,"0.000000                      ",0,"0.000000                      ",0,"0.000000                      ",0,"0.000000                      ",0,"0.000000                      "
"2006","04989","01","6300","0260","04","Elem      ","N","West Allis","Lincoln Elementary","Grades PreK-12","All Races","Both Genders","377",51,"13.527800                     ",42,"11.140500                     ",41,"10.875300                     ",41,"10.875300                     ",47,"12.466800                     ",44,"11.671000                     ",56,"14.854100                     ",55,"14.588800                     ",0,"0.000000                      ",0,"0.000000                      ",0,"0.000000                      ",0,"0.000000                      ",0,"0.000000                      ",0,"0.000000                      "
"2006","05256","01","6300","0280","04","Elem      ","N","West Allis","Longfellow Elementary","Grades PreK-12","All Races","Both Genders","247",22,"8.906800                      ",32,"12.955400                     ",39,"15.789400                     ",21,"8.502000                      ",31,"12.550600                     ",25,"10.121400                     ",41,"16.599100                     ",36,"14.574800                     ",0,"0.000000                      ",0,"0.000000                      ",0,"0.000000                      ",0,"0.000000                      ",0,"0.000000                      ",0,"0.000000                      "
"2006","04990","01","6300","0300","04","Elem      ","N","West Allis","Madison Elementary","Grades PreK-12","All Races","Both Genders","203",0,"0.000000                      ",29,"14.285700                     ",34,"16.748700                     ",25,"12.315200                     ",26,"12.807800                     ",23,"11.330000                     ",23,"11.330000                     ",43,"21.182200                     ",0,"0.000000                      ",0,"0.000000                      ",0,"0.000000                      ",0,"0.000000                      ",0,"0.000000                      ",0,"0.000000                      "
"2006","05545","01","6300","0340","04","High      ","N","West Allis","Nathan Hale High","Grades PreK-12","All Races","Both Genders","1409",0,"0.000000                      ",0,"0.000000                      ",0,"0.000000                      ",0,"0.000000                      ",0,"0.000000                      ",0,"0.000000                      ",0,"0.000000                      ",0,"0.000000                      ",0,"0.000000                      ",0,"0.000000                      ",378,"26.827500                     ",385,"27.324300                     ",345,"24.485400                     ",301,"21.362600                     "
"2006","04991","01","6300","0380","04","Elem      ","N","West Allis","Pershing Elementary","Grades PreK-12","All Races","Both Genders","373",43,"11.528100                     ",45,"12.064300                     ",54,"14.477200                     ",50,"13.404800                     ",39,"10.455700                     ",47,"12.600500                     ",46,"12.332400                     ",49,"13.136700                     ",0,"0.000000                      ",0,"0.000000                      ",0,"0.000000                      ",0,"0.000000                      ",0,"0.000000                      ",0,"0.000000                      "
"2006","04993","01","6300","0420","04","Elem      ","N","West Allis","Walker Elementary","Grades PreK-12","All Races","Both Genders","293",38,"12.969200                     ",36,"12.286600                     ",42,"14.334400                     ",33,"11.262700                     ",34,"11.604000                     ",28,"9.556300                      ",45,"15.358300                     ",37,"12.627900                     ",0,"0.000000                      ",0,"0.000000                      ",0,"0.000000                      ",0,"0.000000                      ",0,"0.000000                      ",0,"0.000000                      "
"2006","04994","01","6300","0440","04","Elem      ","N","West Allis","Horace Mann Elementary","Grades PreK-12","All Races","Both Genders","398",35,"8.793900                      ",49,"12.311500                     ",50,"12.562800                     ",53,"13.316500                     ",52,"13.065300                     ",54,"13.567800                     ",47,"11.809000                     ",58,"14.572800                     ",0,"0.000000                      ",0,"0.000000                      ",0,"0.000000                      ",0,"0.000000                      ",0,"0.000000                      ",0,"0.000000                      "
"2006","71746","01","6300","0470","04","High      ","Y","West Allis","Academy of Learning Competency Based Sch","Grades PreK-12","All Races","Both Genders","37",0,"0.000000                      ",0,"0.000000                      ",0,"0.000000                      ",0,"0.000000                      ",0,"0.000000                      ",0,"0.000000                      ",0,"0.000000                      ",0,"0.000000                      ",0,"0.000000                      ",0,"0.000000                      ",0,"0.000000                      ",0,"0.000000                      ",7,"18.918900                     ",30,"81.081000                     "
"2006","04995","01","6300","0480","04","Elem      ","N","West Allis","Wilson Elementary","Grades PreK-12","All Races","Both Genders","385",44,"11.428500                     ",58,"15.064900                     ",52,"13.506400                     ",50,"12.987000                     ",41,"10.649300                     ",31,"8.051900                      ",53,"13.766200                     ",56,"14.545400                     ",0,"0.000000                      ",0,"0.000000                      ",0,"0.000000                      ",0,"0.000000                      ",0,"0.000000                      ",0,"0.000000                      "
"2006","71590","01","6300","0490","04","High      ","N","West Allis","James E Dottke Alternative","Grades PreK-12","All Races","Both Genders","78",0,"0.000000                      ",0,"0.000000                      ",0,"0.000000                      ",0,"0.000000                      ",0,"0.000000                      ",0,"0.000000                      ",0,"0.000000                      ",0,"0.000000                      ",0,"0.000000                      ",0,"0.000000                      ",3,"3.846100                      ",15,"19.230700                     ",28,"35.897400                     ",32,"41.025600                     "
"2006","05149","01","6419","","03","Summary   ","N","Whitefish Bay","","Grades PreK-12","All Races","Both Genders","2691",145,"5.388300                      ",209,"7.766600                      ",164,"6.094300                      ",197,"7.320600                      ",195,"7.246300                      ",187,"6.949000                      ",198,"7.357800                      ",34,"1.263400                      ",225,"8.361200                      ",224,"8.324000                      ",221,"8.212500                      ",224,"8.324000                      ",235,"8.732800                      ",233,"8.658400                      "
"2006","04817","01","6419","0020","04","Elem      ","N","Whitefish Bay","Cumberland Elementary","Grades PreK-12","All Races","Both Genders","625",56,"8.960000                      ",109,"17.440000                     ",76,"12.160000                     ",92,"14.720000                     ",96,"15.360000                     ",91,"14.560000                     ",105,"16.800000                     ",0,"0.000000                      ",0,"0.000000                      ",0,"0.000000                      ",0,"0.000000                      ",0,"0.000000                      ",0,"0.000000                      ",0,"0.000000                      "
"2006","05124","01","6419","0029","04","Mid/Jr Hi ","N","Whitefish Bay","Whitefish Bay Middle","Grades PreK-12","All Races","Both Genders","483",0,"0.000000                      ",0,"0.000000                      ",0,"0.000000                      ",0,"0.000000                      ",0,"0.000000                      ",0,"0.000000                      ",0,"0.000000                      ",34,"7.039300                      ",225,"46.583800                     ",224,"46.376800                     ",0,"0.000000                      ",0,"0.000000                      ",0,"0.000000                      ",0,"0.000000                      "
"2006","05125","01","6419","0080","04","Elem      ","N","Whitefish Bay","Richards Elementary","Grades PreK-12","All Races","Both Genders","670",89,"13.283500                     ",100,"14.925300                     ",88,"13.134300                     ",105,"15.671600                     ",99,"14.776100                     ",96,"14.328300                     ",93,"13.880500                     ",0,"0.000000                      ",0,"0.000000                      ",0,"0.000000                      ",0,"0.000000                      ",0,"0.000000                      ",0,"0.000000                      ",0,"0.000000                      "
"2006","05126","01","6419","0100","04","High      ","N","Whitefish Bay","Whitefish Bay High","Grades PreK-12","All Races","Both Genders","913",0,"0.000000                      ",0,"0.000000                      ",0,"0.000000                      ",0,"0.000000                      ",0,"0.000000                      ",0,"0.000000                      ",0,"0.000000                      ",0,"0.000000                      ",0,"0.000000                      ",0,"0.000000                      ",221,"24.205900                     ",224,"24.534500                     ",235,"25.739300                     ",233,"25.520200                     "
"2006","05610","01","6470","","03","Summary   ","N","Whitnall","","Grades PreK-12","All Races","Both Genders","2456",31,"1.262200                      ",142,"5.781700                      ",117,"4.763800                      ",146,"5.944600                      ",137,"5.578100                      ",169,"6.881100                      ",174,"7.084600                      ",188,"7.654700                      ",200,"8.143300                      ",208,"8.469000                      ",239,"9.731200                      ",229,"9.324100                      ",230,"9.364800                      ",246,"10.016200                     "
"2006","02987","01","6470","0040","04","Elem      ","N","Whitnall","Hales Corners Elementary","Grades PreK-12","All Races","Both Genders","533",17,"3.189400                      ",82,"15.384600                     ",69,"12.945500                     ",81,"15.196900                     ",77,"14.446500                     ",101,"18.949300                     ",106,"19.887400                     ",0,"0.000000                      ",0,"0.000000                      ",0,"0.000000                      ",0,"0.000000                      ",0,"0.000000                      ",0,"0.000000                      ",0,"0.000000                      "
"2006","02988","01","6470","0080","04","Elem      ","N","Whitnall","Edgerton Elementary","Grades PreK-12","All Races","Both Genders","383",14,"3.655300                      ",60,"15.665700                     ",48,"12.532600                     ",65,"16.971200                     ",60,"15.665700                     ",68,"17.754500                     ",68,"17.754500                     ",0,"0.000000                      ",0,"0.000000                      ",0,"0.000000                      ",0,"0.000000                      ",0,"0.000000                      ",0,"0.000000                      ",0,"0.000000                      "
"2006","05601","01","6470","0100","04","High      ","N","Whitnall","Whitnall High","Grades PreK-12","All Races","Both Genders","944",0,"0.000000                      ",0,"0.000000                      ",0,"0.000000                      ",0,"0.000000                      ",0,"0.000000                      ",0,"0.000000                      ",0,"0.000000                      ",0,"0.000000                      ",0,"0.000000                      ",0,"0.000000                      ",239,"25.317700                     ",229,"24.258400                     ",230,"24.364400                     ",246,"26.059300                     "
"2006","05602","01","6470","0120","04","Mid/Jr Hi ","N","Whitnall","Whitnall Middle","Grades PreK-12","All Races","Both Genders","596",0,"0.000000                      ",0,"0.000000                      ",0,"0.000000                      ",0,"0.000000                      ",0,"0.000000                      ",0,"0.000000                      ",0,"0.000000                      ",188,"31.543600                     ",200,"33.557000                     ",208,"34.899300                     ",0,"0.000000                      ",0,"0.000000                      ",0,"0.000000                      ",0,"0.000000                      "
"2006","C6101","01","8101","    ","03","Summary   ","Y","Non-district Charter Schools: Downtown Montes","","Grades PreK-12","All Races","Both Genders","79",24,"30.379700                     ",17,"21.518900                     ",8,"10.126500                     ",12,"15.189800                     ",8,"10.126500                     ",6,"7.594900                      ",3,"3.797400                      ",1,"1.265800                      ",0,"0.000000                      ",0,"0.000000                      ",0,"0.000000                      ",0,"0.000000                      ",0,"0.000000                      ",0,"0.000000                      "
"2006","30909","01","8101","1056","49","Elem      ","Y","Non-district Charter Schools: Downtown Montes","Downtown Montessori","Grades PreK-12","All Races","Both Genders","79",24,"30.379700                     ",17,"21.518900                     ",8,"10.126500                     ",12,"15.189800                     ",8,"10.126500                     ",6,"7.594900                      ",3,"3.797400                      ",1,"1.265800                      ",0,"0.000000                      ",0,"0.000000                      ",0,"0.000000                      ",0,"0.000000                      ",0,"0.000000                      ",0,"0.000000                      "
"2006","C6103","01","8103","    ","03","Summary   ","Y","Non-district Charter Schools: Milwaukee Colle","","Grades PreK-12","All Races","Both Genders","439",48,"10.933900                     ",38,"8.656000                      ",38,"8.656000                      ",46,"10.478300                     ",48,"10.933900                     ",44,"10.022700                     ",46,"10.478300                     ",41,"9.339400                      ",50,"11.389500                     ",40,"9.111600                      ",0,"0.000000                      ",0,"0.000000                      ",0,"0.000000                      ",0,"0.000000                      "
"2006","71848","01","8103","0100","49","Elem      ","Y","Non-district Charter Schools: Milwaukee Colle","Milwaukee College Preparatory School","Grades PreK-12","All Races","Both Genders","439",48,"10.933900                     ",38,"8.656000                      ",38,"8.656000                      ",46,"10.478300                     ",48,"10.933900                     ",44,"10.022700                     ",46,"10.478300                     ",41,"9.339400                      ",50,"11.389500                     ",40,"9.111600                      ",0,"0.000000                      ",0,"0.000000                      ",0,"0.000000                      ",0,"0.000000                      "
"2006","C6105","01","8105","    ","03","Summary   ","Y","Non-district Charter Schools: Central City Cy","","Grades PreK-12","All Races","Both Genders","335",34,"10.149200                     ",45,"13.432800                     ",24,"7.164100                      ",34,"10.149200                     ",33,"9.850700                      ",38,"11.343200                     ",27,"8.059700                      ",34,"10.149200                     ",29,"8.656700                      ",37,"11.044700                     ",0,"0.000000                      ",0,"0.000000                      ",0,"0.000000                      ",0,"0.000000                      "
"2006","70099","01","8105","1211","49","Elem      ","Y","Non-district Charter Schools: Central City Cy","Central City Cyberschool","Grades PreK-12","All Races","Both Genders","335",34,"10.149200                     ",45,"13.432800                     ",24,"7.164100                      ",34,"10.149200                     ",33,"9.850700                      ",38,"11.343200                     ",27,"8.059700                      ",34,"10.149200                     ",29,"8.656700                      ",37,"11.044700                     ",0,"0.000000                      ",0,"0.000000                      ",0,"0.000000                      ",0,"0.000000                      "
"2006","C6106","01","8106","    ","03","Summary   ","Y","Non-district Charter Schools: Milwaukee Acade","","Grades PreK-12","All Races","Both Genders","958",90,"9.394500                      ",92,"9.603300                      ",95,"9.916400                      ",93,"9.707700                      ",91,"9.498900                      ",96,"10.020800                     ",100,"10.438400                     ",73,"7.620000                      ",79,"8.246300                      ",77,"8.037500                      ",42,"4.384100                      ",30,"3.131500                      ",0,"0.000000                      ",0,"0.000000                      "
"2006","71238","01","8106","1251","49","El/Sec    ","Y","Non-district Charter Schools: Milwaukee Acade","Milwaukee Academy of Science","Grades PreK-12","All Races","Both Genders","958",90,"9.394500                      ",92,"9.603300                      ",95,"9.916400                      ",93,"9.707700                      ",91,"9.498900                      ",96,"10.020800                     ",100,"10.438400                     ",73,"7.620000                      ",79,"8.246300                      ",77,"8.037500                      ",42,"4.384100                      ",30,"3.131500                      ",0,"0.000000                      ",0,"0.000000                      "
"2006","C6107","01","8107","    ","03","Summary   ","Y","Non-district Charter Schools: Sch for Early D","","Grades PreK-12","All Races","Both Genders","65",22,"33.846100                     ",18,"27.692300                     ",13,"20.000000                     ",12,"18.461500                     ",0,"0.000000                      ",0,"0.000000                      ",0,"0.000000                      ",0,"0.000000                      ",0,"0.000000                      ",0,"0.000000                      ",0,"0.000000                      ",0,"0.000000                      ",0,"0.000000                      ",0,"0.000000                      "
"2006","71656","01","8107","1279","49","Elem      ","Y","Non-district Charter Schools: Sch for Early D","Sch for Early Development & Achievement","Grades PreK-12","All Races","Both Genders","65",22,"33.846100                     ",18,"27.692300                     ",13,"20.000000                     ",12,"18.461500                     ",0,"0.000000                      ",0,"0.000000                      ",0,"0.000000                      ",0,"0.000000                      ",0,"0.000000                      ",0,"0.000000                      ",0,"0.000000                      ",0,"0.000000                      ",0,"0.000000                      ",0,"0.000000                      "
"2006","C6108","01","8108","    ","03","Summary   ","Y","Non-district Charter Schools: Urban League Ac","","Grades PreK-12","All Races","Both Genders","761",57,"7.490100                      ",74,"9.724000                      ",105,"13.797600                     ",96,"12.614900                     ",76,"9.986800                      ",89,"11.695100                     ",76,"9.986800                      ",54,"7.095900                      ",82,"10.775200                     ",52,"6.833100                      ",0,"0.000000                      ",0,"0.000000                      ",0,"0.000000                      ",0,"0.000000                      "
"2006","71657","01","8108","1278","49","Elem      ","Y","Non-district Charter Schools: Urban League Ac","Urban League Academy","Grades PreK-12","All Races","Both Genders","761",57,"7.490100                      ",74,"9.724000                      ",105,"13.797600                     ",96,"12.614900                     ",76,"9.986800                      ",89,"11.695100                     ",76,"9.986800                      ",54,"7.095900                      ",82,"10.775200                     ",52,"6.833100                      ",0,"0.000000                      ",0,"0.000000                      ",0,"0.000000                      ",0,"0.000000                      "
"2006","C6109","01","8109","    ","03","Summary   ","Y","Non-district Charter Schools: DLH Academy","","Grades PreK-12","All Races","Both Genders","262",0,"0.000000                      ",26,"9.923600                      ",26,"9.923600                      ",26,"9.923600                      ",26,"9.923600                      ",26,"9.923600                      ",26,"9.923600                      ",44,"16.793800                     ",27,"10.305300                     ",35,"13.358700                     ",0,"0.000000                      ",0,"0.000000                      ",0,"0.000000                      ",0,"0.000000                      "
"2006","71847","01","8109","0100","49","Elem      ","Y","Non-district Charter Schools: DLH Academy","DLH Academy","Grades PreK-12","All Races","Both Genders","262",0,"0.000000                      ",26,"9.923600                      ",26,"9.923600                      ",26,"9.923600                      ",26,"9.923600                      ",26,"9.923600                      ",26,"9.923600                      ",44,"16.793800                     ",27,"10.305300                     ",35,"13.358700                     ",0,"0.000000                      ",0,"0.000000                      ",0,"0.000000                      ",0,"0.000000                      "
"2006","C6110","01","8110","    ","03","Summary   ","Y","Non-district Charter Schools: 21st Century Pr","","Grades PreK-12","All Races","Both Genders","385",0,"0.000000                      ",53,"13.766200                     ",55,"14.285700                     ",51,"13.246700                     ",54,"14.025900                     ",49,"12.727200                     ",43,"11.168800                     ",38,"9.870100                      ",42,"10.909000                     ",0,"0.000000                      ",0,"0.000000                      ",0,"0.000000                      ",0,"0.000000                      ",0,"0.000000                      "
"2006","71863","01","8110","0100","49","Elem      ","Y","Non-district Charter Schools: 21st Century Pr","21st Century Preparatory Sch","Grades PreK-12","All Races","Both Genders","385",0,"0.000000                      ",53,"13.766200                     ",55,"14.285700                     ",51,"13.246700                     ",54,"14.025900                     ",49,"12.727200                     ",43,"11.168800                     ",38,"9.870100                      ",42,"10.909000                     ",0,"0.000000                      ",0,"0.000000                      ",0,"0.000000                      ",0,"0.000000                      ",0,"0.000000                      "
"2006","C6111","01","8111","    ","03","Summary   ","Y","Non-district Charter Schools: YMCA Youth Lead","","Grades PreK-12","All Races","Both Genders","521",26,"4.990400                      ",50,"9.596900                      ",60,"11.516300                     ",60,"11.516300                     ",59,"11.324300                     ",60,"11.516300                     ",64,"12.284000                     ",57,"10.940400                     ",45,"8.637200                      ",40,"7.677500                      ",0,"0.000000                      ",0,"0.000000                      ",0,"0.000000                      ",0,"0.000000                      "
"2006","71864","01","8111","0100","49","Elem      ","Y","Non-district Charter Schools: YMCA Youth Lead","YMCA Youth Leadership Academy","Grades PreK-12","All Races","Both Genders","521",26,"4.990400                      ",50,"9.596900                      ",60,"11.516300                     ",60,"11.516300                     ",59,"11.324300                     ",60,"11.516300                     ",64,"12.284000                     ",57,"10.940400                     ",45,"8.637200                      ",40,"7.677500                      ",0,"0.000000                      ",0,"0.000000                      ",0,"0.000000                      ",0,"0.000000                      "
"2006","C6112","01","8112","    ","03","Summary   ","Y","Non-district Charter Schools: Academy of Lear","","Grades PreK-12","All Races","Both Genders","222",18,"8.108100                      ",25,"11.261200                     ",32,"14.414400                     ",15,"6.756700                      ",20,"9.009000                      ",19,"8.558500                      ",20,"9.009000                      ",36,"16.216200                     ",20,"9.009000                      ",17,"7.657600                      ",0,"0.000000                      ",0,"0.000000                      ",0,"0.000000                      ",0,"0.000000                      "
"2006","72351","01","8112","0100","49","Elem      ","Y","Non-district Charter Schools: Academy of Lear","Academy of Learning & Leadership","Grades PreK-12","All Races","Both Genders","222",18,"8.108100                      ",25,"11.261200                     ",32,"14.414400                     ",15,"6.756700                      ",20,"9.009000                      ",19,"8.558500                      ",20,"9.009000                      ",36,"16.216200                     ",20,"9.009000                      ",17,"7.657600                      ",0,"0.000000                      ",0,"0.000000                      ",0,"0.000000                      ",0,"0.000000                      "
"2006","C6113","01","8113","    ","03","Summary   ","Y","Non-district Charter Schools: Woodlands Schoo","","Grades PreK-12","All Races","Both Genders","237",17,"7.172900                      ",37,"15.611800                     ",26,"10.970400                     ",33,"13.924000                     ",28,"11.814300                     ",30,"12.658200                     ",19,"8.016800                      ",20,"8.438800                      ",11,"4.641300                      ",16,"6.751000                      ",0,"0.000000                      ",0,"0.000000                      ",0,"0.000000                      ",0,"0.000000                      "
"2006","04499","01","8113","8728","49","Elem      ","Y","Non-district Charter Schools: Woodlands Schoo","Woodlands School","Grades PreK-12","All Races","Both Genders","237",17,"7.172900                      ",37,"15.611800                     ",26,"10.970400                     ",33,"13.924000                     ",28,"11.814300                     ",30,"12.658200                     ",19,"8.016800                      ",20,"8.438800                      ",11,"4.641300                      ",16,"6.751000                      ",0,"0.000000                      ",0,"0.000000                      ",0,"0.000000                      ",0,"0.000000                      "
"2006","C6114","01","8114","    ","03","Summary   ","Y","Non-district Charter Schools: Capitol West Ac","","Grades PreK-12","All Races","Both Genders","67",13,"19.402900                     ",9,"13.432800                     ",14,"20.895500                     ",6,"8.955200                      ",14,"20.895500                     ",11,"16.417900                     ",0,"0.000000                      ",0,"0.000000                      ",0,"0.000000                      ",0,"0.000000                      ",0,"0.000000                      ",0,"0.000000                      ",0,"0.000000                      ",0,"0.000000                      "
"2006","72736","01","8114","0100","49","Elem      ","Y","Non-district Charter Schools: Capitol West Ac","Capitol West Academy","Grades PreK-12","All Races","Both Genders","67",13,"19.402900                     ",9,"13.432800                     ",14,"20.895500                     ",6,"8.955200                      ",14,"20.895500                     ",11,"16.417900                     ",0,"0.000000                      ",0,"0.000000                      ",0,"0.000000                      ",0,"0.000000                      ",0,"0.000000                      ",0,"0.000000                      ",0,"0.000000                      ",0,"0.000000                      "
"2006","C6115","01","8115","    ","03","Summary   ","Y","Non-district Charter Schools: Tenor High Scho","","Grades PreK-12","All Races","Both Genders","99",0,"0.000000                      ",0,"0.000000                      ",0,"0.000000                      ",0,"0.000000                      ",0,"0.000000                      ",0,"0.000000                      ",0,"0.000000                      ",0,"0.000000                      ",0,"0.000000                      ",0,"0.000000                      ",85,"85.858500                     ",14,"14.141400                     ",0,"0.000000                      ",0,"0.000000                      "
"2006","00056","01","8115","0400","49","High      ","Y","Non-district Charter Schools: Tenor High Scho","Tenor High School","Grades PreK-12","All Races","Both Genders","99",0,"0.000000                      ",0,"0.000000                      ",0,"0.000000                      ",0,"0.000000                      ",0,"0.000000                      ",0,"0.000000                      ",0,"0.000000                      ",0,"0.000000                      ",0,"0.000000                      ",0,"0.000000                      ",85,"85.858500                     ",14,"14.141400                     ",0,"0.000000                      ",0,"0.000000                      "
"2006","C6117","01","8117","    ","03","Summary   ","Y","Non-district Charter Schools: Maasai Institut","","Grades PreK-12","All Races","Both Genders","72",0,"0.000000                      ",0,"0.000000                      ",0,"0.000000                      ",0,"0.000000                      ",0,"0.000000                      ",0,"0.000000                      ",0,"0.000000                      ",0,"0.000000                      ",0,"0.000000                      ",0,"0.000000                      ",53,"73.611100                     ",19,"26.388800                     ",0,"0.000000                      ",0,"0.000000                      "
"2006","00058","01","8117","0400","49","High      ","Y","Non-district Charter Schools: Maasai Institut","Maasai Institute","Grades PreK-12","All Races","Both Genders","72",0,"0.000000                      ",0,"0.000000                      ",0,"0.000000                      ",0,"0.000000                      ",0,"0.000000                      ",0,"0.000000                      ",0,"0.000000                      ",0,"0.000000                      ",0,"0.000000                      ",0,"0.000000                      ",53,"73.611100                     ",19,"26.388800                     ",0,"0.000000                      ",0,"0.000000                      "
