This is pdfTeX, Version 3.1415926-2.4-1.40.13 (MiKTeX 2.9) (preloaded format=pdflatex 2012.11.25)  26 NOV 2012 10:30
entering extended mode
**intro.tex
(C:\Users\Jared\Dropbox\Dissertation\MasterText\chapters\intro\intro.tex
LaTeX2e <2011/06/27>
Babel <v3.8m> and hyphenation patterns for english, afrikaans, ancientgreek, ar
abic, armenian, assamese, basque, bengali, bokmal, bulgarian, catalan, coptic, 
croatian, czech, danish, dutch, esperanto, estonian, farsi, finnish, french, ga
lician, german, german-x-2012-05-30, greek, gujarati, hindi, hungarian, iceland
ic, indonesian, interlingua, irish, italian, kannada, kurmanji, latin, latvian,
 lithuanian, malayalam, marathi, mongolian, mongolianlmc, monogreek, ngerman, n
german-x-2012-05-30, nynorsk, oriya, panjabi, pinyin, polish, portuguese, roman
ian, russian, sanskrit, serbian, slovak, slovenian, spanish, swedish, swissgerm
an, tamil, telugu, turkish, turkmen, ukenglish, ukrainian, uppersorbian, usengl
ishmax, welsh, loaded.
("C:\Program Files (x86)\MiKTeX 2.9\tex\latex\memoir\memoir.cls"
Document Class: memoir 2011/03/06 v3.6j configurable book, report, article docu
ment class
\onelineskip=\skip41
\lxvchars=\skip42
\xlvchars=\skip43
\@memcnta=\count79
\c@@memmarkcntra=\count80
\l@nohyphenation=\language69
("C:\Program Files (x86)\MiKTeX 2.9\tex\generic\oberdiek\ifpdf.sty"
Package: ifpdf 2011/01/30 v2.3 Provides the ifpdf switch (HO)
Package ifpdf Info: pdfTeX in PDF mode is detected.
)
Class memoir Info: An `ifetex' package is being emulated on input line 251.

("C:\Program Files (x86)\MiKTeX 2.9\tex\generic\ifxetex\ifxetex.sty"
Package: ifxetex 2010/09/12 v0.6 Provides ifxetex conditional
)
("C:\Program Files (x86)\MiKTeX 2.9\tex\generic\oberdiek\ifluatex.sty"
Package: ifluatex 2010/03/01 v1.3 Provides the ifluatex switch (HO)
Package ifluatex Info: LuaTeX not detected.
)
\stockheight=\skip44
\stockwidth=\skip45
\trimtop=\skip46
\trimedge=\skip47

("C:\Program Files (x86)\MiKTeX 2.9\tex\latex\misc\etex.sty"
Package: etex 1998/03/26 v2.0 eTeX basic definition package (PEB)
\et@xins=\count81
)
("C:\Program Files (x86)\MiKTeX 2.9\tex\latex\memoir\mem12.clo"
File: mem12.clo 2010/10/19 v0.4b memoir class 12pt size option
)
\binding=\skip48
\spinemargin=\skip49
\foremargin=\skip50
\uppermargin=\skip51
\lowermargin=\skip52
\headdrop=\skip53
\normalrulethickness=\skip54
\mem@maxheadheight=\skip55
\mem@maxfootheight=\skip56
\headwidth=\skip57
\c@storedpagenumber=\count82
\memPD=\dimen102
\m@mabparskip=\skip58
\thanksmarkwidth=\skip59
\thanksmarksep=\skip60
\droptitle=\skip61
\c@book=\count83
\c@part=\count84
\c@chapter=\count85
\c@section=\count86
\c@subsection=\count87
\c@subsubsection=\count88
\c@paragraph=\count89
\c@subparagraph=\count90
\beforechapskip=\skip62
\midchapskip=\skip63
\afterchapskip=\skip64
\chapindent=\skip65
\bottomsectionskip=\skip66
\secindent=\skip67
\beforesecskip=\skip68
\aftersecskip=\skip69
\subsecindent=\skip70
\beforesubsecskip=\skip71
\aftersubsecskip=\skip72
\subsubsecindent=\skip73
\beforesubsubsecskip=\skip74
\aftersubsubsecskip=\skip75
\paraindent=\skip76
\beforeparaskip=\skip77
\afterparaskip=\skip78
\subparaindent=\skip79
\beforesubparaskip=\skip80
\aftersubparaskip=\skip81
\pfbreakskip=\skip82
\c@@ppsavesec=\count91
\c@@ppsaveapp=\count92
\ragrparindent=\dimen103
\everylistparindent=\dimen104
\parsepi=\skip83
\topsepi=\skip84
\itemsepi=\skip85
\parsepii=\skip86
\topsepii=\skip87
\topsepiii=\skip88
\itemsepii=\skip89
\itemsepiii=\skip90
\partopsepii=\skip91
\partopsepiii=\skip92
\m@msavetopsep=\skip93
\m@msavepartopsep=\skip94
\@enLab=\toks14
\abstitleskip=\skip95
\absleftindent=\skip96
\abs@leftindent=\dimen105
\absrightindent=\skip97
\absparindent=\skip98
\absparsep=\skip99
\c@vslineno=\count93
\c@poemline=\count94
\c@modulo@vs=\count95
\c@memfvsline=\count96
\vleftskip=\skip100
\vrightskip=\skip101
\stanzaskip=\skip102
\versewidth=\skip103
\vgap=\skip104
\vindent=\skip105
\vleftmargin=\dimen106
\c@verse=\count97
\c@chrsinstr=\count98
\beforepoemtitleskip=\skip106
\afterpoemtitleskip=\skip107
\c@poem=\count99
\beforePoemTitleskip=\skip108
\midPoemTitleskip=\skip109
\afterPoemTitleskip=\skip110
\col@sep=\dimen107
\extrarowheight=\dimen108
\NC@list=\toks15
\extratabsurround=\skip111
\backup@length=\skip112
\TX@col@width=\dimen109
\TX@old@table=\dimen110
\TX@old@col=\dimen111
\TX@target=\dimen112
\TX@delta=\dimen113
\TX@cols=\count100
\TX@ftn=\toks16
\heavyrulewidth=\dimen114
\lightrulewidth=\dimen115
\cmidrulewidth=\dimen116
\belowrulesep=\dimen117
\belowbottomsep=\dimen118
\aboverulesep=\dimen119
\abovetopsep=\dimen120
\cmidrulesep=\dimen121
\cmidrulekern=\dimen122
\defaultaddspace=\dimen123
\@cmidla=\count101
\@cmidlb=\count102
\@aboverulesep=\dimen124
\@belowrulesep=\dimen125
\@thisruleclass=\count103
\@lastruleclass=\count104
\@thisrulewidth=\dimen126
\ctableftskip=\skip113
\ctabrightskip=\skip114
\abovecolumnspenalty=\count105
\@linestogo=\count106
\@cellstogo=\count107
\@cellsincolumn=\count108
\crtok=\toks17
\@mincolumnwidth=\dimen127
\c@newflo@tctr=\count109
\mem@margin@floatbox=\box26
\@contcwidth=\skip115
\@contindw=\skip116
\abovecaptionskip=\skip117
\belowcaptionskip=\skip118
\subfloattopskip=\skip119
\subfloatcapskip=\skip120
\subfloatcaptopadj=\skip121
\subfloatbottomskip=\skip122
\subfloatlabelskip=\skip123
\subfloatcapmargin=\dimen128
\c@@contsubnum=\count110
\m@mscap@capbox=\box27
\m@mscap@fbox=\box28
\sidecapsep=\dimen129
\sidecapwidth=\dimen130
\m@m@tempdima=\dimen131
\m@mscapraise=\dimen132
\sidecapraise=\dimen133
\m@mscapmainwidth=\dimen134
\m@mscaplkern=\dimen135
\beforeepigraphskip=\skip124
\afterepigraphskip=\skip125
\epigraphwidth=\skip126
\epigraphrule=\skip127
LaTeX Info: Redefining \em on input line 7377.
LaTeX Info: Redefining \emph on input line 7385.
\tocentryskip=\skip128
\tocbaseline=\skip129
\cftparskip=\skip130
\cftbeforebookskip=\skip131
\cftbookindent=\dimen136
\cftbooknumwidth=\dimen137
\cftbeforepartskip=\skip132
\cftpartindent=\skip133
\cftpartnumwidth=\skip134
\cftbeforechapterskip=\skip135
\cftchapterindent=\skip136
\cftchapternumwidth=\skip137
\cftbeforesectionskip=\skip138
\cftsectionindent=\skip139
\cftsectionnumwidth=\skip140
\cftbeforesubsectionskip=\skip141
\cftsubsectionindent=\skip142
\cftsubsectionnumwidth=\skip143
\cftbeforesubsubsectionskip=\skip144
\cftsubsubsectionindent=\skip145
\cftsubsubsectionnumwidth=\skip146
\cftbeforeparagraphskip=\skip147
\cftparagraphindent=\skip148
\cftparagraphnumwidth=\skip149
\cftbeforesubparagraphskip=\skip150
\cftsubparagraphindent=\skip151
\cftsubparagraphnumwidth=\skip152
\prechapterprecisshift=\dimen138
\c@maxsecnumdepth=\count111
\bibindent=\dimen139
\bibitemsep=\skip153
\indexcolsep=\skip154
\indexrule=\skip155
\indexmarkstyle=\toks18
\@indexbox=\insert233
\glossarycolsep=\dimen140
\glossaryrule=\dimen141
\sideparvshift=\skip156
\sideins=\insert232
\sidebartopsep=\skip157
\sidebarhsep=\skip158
\sidebarvsep=\skip159
\sidebarwidth=\skip160
\footmarkwidth=\skip161
\footmarksep=\skip162
\footparindent=\skip163
\footinsdim=\skip164
\footinsv@r=\insert231
\@mpfootinsv@r=\insert230
\m@m@k=\count112
\m@m@h=\dimen142
\m@mipn@skip=\skip165
\sidefootins=\insert229
\sidefootadjust=\skip166
\sidefootheight=\skip167
\sidefoothsep=\skip168
\sidefootvsep=\skip169
\sidefootwidth=\skip170
\m@mdownsf=\skip171
\c@sidefootnote=\count113
\sidefootmarkwidth=\skip172
\sidefootmarksep=\skip173
\sidefootparindent=\skip174
\c@pagenote=\count114
\c@pagenoteshadow=\count115
\mem@pn@lastkern=\skip175
\every@verbatim=\toks19
\afterevery@verbatim=\toks20
\verbatim@line=\toks21
\tab@position=\count116
\verbatim@in@stream=\read1
\verbatimindent=\skip176
\verbatim@out=\write3
\bvboxsep=\skip177
\c@memfbvline=\count117
\c@bvlinectr=\count118
\bvnumlength=\skip178
\fb@frw=\dimen143
\fb@frh=\dimen144
\FrameRule=\dimen145
\FrameSep=\dimen146
\c@cp@cntr=\count119
LaTeX Info: Redefining \: on input line 11807.
LaTeX Info: Redefining \! on input line 11809.
\c@ism@mctr=\count120
\c@xsm@mctr=\count121
\c@csm@mctr=\count122
\c@ksm@mctr=\count123
\c@xksm@mctr=\count124
\c@cksm@mctr=\count125
\c@msm@mctr=\count126
\c@xmsm@mctr=\count127
\c@cmsm@mctr=\count128
\c@bsm@mctr=\count129
\c@workm@mctr=\count130
\c@sheetsequence=\count131
\c@lastsheet=\count132
\c@lastpage=\count133
\c@figure=\count134
\c@lofdepth=\count135
\cftbeforefigureskip=\skip179
\cftfigureindent=\skip180
\cftfigurenumwidth=\skip181
\c@table=\count136
\c@lotdepth=\count137
\cftbeforetableskip=\skip182
\cfttableindent=\skip183
\cfttablenumwidth=\skip184
Package abstract [2008/07/23] emulated by memoir.
Package appendix [2008/07/23] emulated by memoir.
Package array [2008/07/23] emulated by memoir.
Package booktabs [2008/07/23] emulated by memoir.
Package ccaption [2008/07/23] emulated by memoir.
Package changepage [2008/07/23] emulated by memoir.
Package chngcntr [2008/07/23] emulated by memoir.
Package chngpage [2008/07/23] emulated by memoir.
Package crop emulated by memoir.
Package dcolumn [2008/07/23] emulated by memoir.
Package delarray [2008/07/23] emulated by memoir.
Package enumerate [2008/07/23] emulated by memoir.
Package epigraph [2008/07/23] emulated by memoir.
Package ifmtarg [2008/07/23] emulated by memoir.
Package ifetex [2008/07/23] emulated by memoir.
Package index [2008/07/23] emulated by memoir.
Package makeidx [2008/07/23] emulated by memoir.
Package moreverb [2008/07/23] emulated by memoir.
Package mparhack [2008/07/23] emulated by memoir.
Package needspace [2008/07/23] emulated by memoir.
Package newfile [2008/07/23] emulated by memoir.
Package nextpage [2008/07/23] emulated by memoir.
Package pagenote [2008/07/23] emulated by memoir.
Package parskip [2008/07/23] emulated by memoir.
Package patchcmd [2008/07/23] emulated by memoir.
Package setspace [2008/07/23] emulated by memoir.
Package shortvrb [2008/07/23] emulated by memoir.
Package showidx [2008/07/23] emulated by memoir.
Package tabularx [2008/07/23] emulated by memoir.
Package titleref [2008/07/23] emulated by memoir.
Package titling [2008/07/23] emulated by memoir.
Package tocbibind [2008/07/23] emulated by memoir.
Package tocloft [2008/07/23] emulated by memoir.
Package tocvsec2 [2008/07/23] emulated by memoir.
Package verbatim [2008/07/23] emulated by memoir.
Package verse [2008/07/23] emulated by memoir.

("C:\Program Files (x86)\MiKTeX 2.9\tex\latex\memoir\mempatch.sty"
Package: mempatch 2009/07/24 v6.0f Patches for memoir class v1.6180339
))

! LaTeX Error: Missing \begin{document}.

See the LaTeX manual or LaTeX Companion for explanation.
Type  H <return>  for immediate help.
 ...                                              
                                                  
l.3 \section
            {Introduction}
You're in trouble here.  Try typing  <return>  to proceed.
If that doesn't work, type  X <return>  to quit.


! LaTeX Error: Missing \begin{document}.

See the LaTeX manual or LaTeX Companion for explanation.
Type  H <return>  for immediate help.
 ...                                              
                                                  
l.3 \section{Introduction}
                          
You're in trouble here.  Try typing  <return>  to proceed.
If that doesn't work, type  X <return>  to quit.

LaTeX Font Info:    External font `cmex10' loaded for size
(Font)              <12> on input line 4.
LaTeX Font Info:    External font `cmex10' loaded for size
(Font)              <8> on input line 4.
LaTeX Font Info:    External font `cmex10' loaded for size
(Font)              <6> on input line 4.
LaTeX Font Info:    External font `cmex10' loaded for size
(Font)              <7> on input line 4.
LaTeX Font Info:    External font `cmex10' loaded for size
(Font)              <5> on input line 4.
! Undefined control sequence.
<argument> ...m several sources including: \citep 
                                                  {RefWorks:325,RefWorks:321...
l.4 ...ep{RefWorks:325,RefWorks:321,RefWorks:322}}
                                                    These local officials ma...
The control sequence at the end of the top line
of your error message was never \def'ed. If you have
misspelled it (e.g., `\hobx'), type `I' and the correct
spelling (e.g., `I\hbox'). Otherwise just continue,
and I'll forget about whatever was undefined.

! Undefined control sequence.
l.6 ...partisan, rarely contested elections \citep
                                                  {RefWorks:321}. Boards are...
The control sequence at the end of the top line
of your error message was never \def'ed. If you have
misspelled it (e.g., `\hobx'), type `I' and the correct
spelling (e.g., `I\hbox'). Otherwise just continue,
and I'll forget about whatever was undefined.


Overfull \hbox (2.13489pt too wide) in paragraph at lines 6--7
\OT1/cmr/m/n/12 pointed) spe-cial pur-pose gov-ern-ments charged with man-ag-in
g pub-lic schools.
 []

! Undefined control sequence.
l.8 ...districts are virtually set in stone \citep
                                                  {RefWorks:199,RefWorks:216...
The control sequence at the end of the top line
of your error message was never \def'ed. If you have
misspelled it (e.g., `\hobx'), type `I' and the correct
spelling (e.g., `I\hbox'). Otherwise just continue,
and I'll forget about whatever was undefined.

! Undefined control sequence.
l.8 ...governance reform for public schools \citep
                                                  {RefWorks:323, RefWorks:21...
The control sequence at the end of the top line
of your error message was never \def'ed. If you have
misspelled it (e.g., `\hobx'), type `I' and the correct
spelling (e.g., `I\hbox'). Otherwise just continue,
and I'll forget about whatever was undefined.

! Undefined control sequence.
l.8 ... any legislative body in the country \citep
                                                  {RefWorks:313}. Furthermor...
The control sequence at the end of the top line
of your error message was never \def'ed. If you have
misspelled it (e.g., `\hobx'), type `I' and the correct
spelling (e.g., `I\hbox'). Otherwise just continue,
and I'll forget about whatever was undefined.

! Undefined control sequence.
l.8 ...ay out under a variety of conditions \citep
                                                  {RefWorks:318}. Yet, schoo...
The control sequence at the end of the top line
of your error message was never \def'ed. If you have
misspelled it (e.g., `\hobx'), type `I' and the correct
spelling (e.g., `I\hbox'). Otherwise just continue,
and I'll forget about whatever was undefined.

[1{C:/ProgramData/MiKTeX/2.9/pdftex/config/pdftex.map}


\@writefile{toc}{\contentsline {section}{\numberline {0.1}Introduction}{1}}
]

! LaTeX Error: Environment singlespace undefined.

See the LaTeX manual or LaTeX Companion for explanation.
Type  H <return>  for immediate help.
 ...                                              
                                                  
l.16 \begin{singlespace}
                        
Your command was ignored.
Type  I <command> <return>  to replace it with another command,
or  <return>  to continue without it.


! LaTeX Error: \begin{enumerate} on input line 15 ended by \end{singlespace}.

See the LaTeX manual or LaTeX Companion for explanation.
Type  H <return>  for immediate help.
 ...                                              
                                                  
l.21 \end{singlespace}
                      
Your command was ignored.
Type  I <command> <return>  to replace it with another command,
or  <return>  to continue without it.

! Undefined control sequence.
l.24 ...s across an extended period of time \citep
                                                  {RefWorks:192}. Finally, b...
The control sequence at the end of the top line
of your error message was never \def'ed. If you have
misspelled it (e.g., `\hobx'), type `I' and the correct
spelling (e.g., `I\hbox'). Otherwise just continue,
and I'll forget about whatever was undefined.

Missing character: There is no â in font cmr12!
Missing character: There is no € in font cmr12!
Missing character: There is no ” in font cmr12!
! Undefined control sequence.
l.28 ...ng ability by state and federal law \citep
                                                  {RefWorks:318}. A literatu...
The control sequence at the end of the top line
of your error message was never \def'ed. If you have
misspelled it (e.g., `\hobx'), type `I' and the correct
spelling (e.g., `I\hbox'). Otherwise just continue,
and I'll forget about whatever was undefined.

[2
\@writefile{toc}{\contentsline {section}{\numberline {0.2}The Puzzle}{2}}
\@writefile{toc}{\contentsline {section}{\numberline {0.3}Theoretical Underpinn
ings}{2}}
]
! Undefined control sequence.
l.33 ...eriod and traces its roots back to  \citet
                                                  {RefWorks:348}'s concept o...
The control sequence at the end of the top line
of your error message was never \def'ed. If you have
misspelled it (e.g., `\hobx'), type `I' and the correct
spelling (e.g., `I\hbox'). Otherwise just continue,
and I'll forget about whatever was undefined.

! Undefined control sequence.
l.33 ...us elections, and incumbent defeats \citep
                                                  {RefWorks:297,RefWorks:271...
The control sequence at the end of the top line
of your error message was never \def'ed. If you have
misspelled it (e.g., `\hobx'), type `I' and the correct
spelling (e.g., `I\hbox'). Otherwise just continue,
and I'll forget about whatever was undefined.


LaTeX Warning: Reference `dissatdiag' on page 3 undefined on input line 33.

! Undefined control sequence.
<argument> ...his diagram was adapted from \citep 
                                                  {RefWorks:243}}\@finalstru...
l.33 ...ram was adapted from \citep{RefWorks:243}}
                                                   Dissatisfaction theory re...
The control sequence at the end of the top line
of your error message was never \def'ed. If you have
misspelled it (e.g., `\hobx'), type `I' and the correct
spelling (e.g., `I\hbox'). Otherwise just continue,
and I'll forget about whatever was undefined.

! Undefined control sequence.
l.33 ...olitical sources of board turnover. \citet
                                                  {RefWorks:311} finds that ...
The control sequence at the end of the top line
of your error message was never \def'ed. If you have
misspelled it (e.g., `\hobx'), type `I' and the correct
spelling (e.g., `I\hbox'). Otherwise just continue,
and I'll forget about whatever was undefined.

! Undefined control sequence.
l.33 ...ry can generate useful predictions. \citet
                                                  {RefWorks:311} most recent...
The control sequence at the end of the top line
of your error message was never \def'ed. If you have
misspelled it (e.g., `\hobx'), type `I' and the correct
spelling (e.g., `I\hbox'). Otherwise just continue,
and I'll forget about whatever was undefined.

! Undefined control sequence.
l.33 ...to predict superintendent turnover. \citet
                                                  {RefWorks:345} makes the c...
The control sequence at the end of the top line
of your error message was never \def'ed. If you have
misspelled it (e.g., `\hobx'), type `I' and the correct
spelling (e.g., `I\hbox'). Otherwise just continue,
and I'll forget about whatever was undefined.

! Undefined control sequence.
l.33 ...nover from from apolitical turnover \citep
                                                  {RefWorks:311}. Despite th...
The control sequence at the end of the top line
of your error message was never \def'ed. If you have
misspelled it (e.g., `\hobx'), type `I' and the correct
spelling (e.g., `I\hbox'). Otherwise just continue,
and I'll forget about whatever was undefined.

! Undefined control sequence.
l.33 ...11}. Despite the alignment with the \citet
                                                  {RefWorks:348} theory of c...
The control sequence at the end of the top line
of your error message was never \def'ed. If you have
misspelled it (e.g., `\hobx'), type `I' and the correct
spelling (e.g., `I\hbox'). Otherwise just continue,
and I'll forget about whatever was undefined.

! Undefined control sequence.
l.33 ...embers, superintendents, and voters \citep
                                                  {RefWorks:336}. Changing s...
The control sequence at the end of the top line
of your error message was never \def'ed. If you have
misspelled it (e.g., `\hobx'), type `I' and the correct
spelling (e.g., `I\hbox'). Otherwise just continue,
and I'll forget about whatever was undefined.

[3
\@writefile{toc}{\contentsline {subsection}{Educational Governance Theory}{3}}
]

! LaTeX Error: Missing \begin{document}.

See the LaTeX manual or LaTeX Companion for explanation.
Type  H <return>  for immediate help.
 ...                                              
                                                  
l.36 \begin{figure}[h!]
                       
You're in trouble here.  Try typing  <return>  to proceed.
If that doesn't work, type  X <return>  to quit.

! Undefined control sequence.
l.39 \includegraphics
                     [width=.9\textwidth]{img/dissatdiagram}
The control sequence at the end of the top line
of your error message was never \def'ed. If you have
misspelled it (e.g., `\hobx'), type `I' and the correct
spelling (e.g., `I\hbox'). Otherwise just continue,
and I'll forget about whatever was undefined.

! Missing number, treated as zero.
<to be read again> 
                   ]
l.39 \includegraphics[width=.9\textwidth]
                                         {img/dissatdiagram}
A number should have been here; I inserted `0'.
(If you can't figure out why I needed to see a number,
look up `weird error' in the index to The TeXbook.)

! Illegal unit of measure (pt inserted).
<to be read again> 
                   ]
l.39 \includegraphics[width=.9\textwidth]
                                         {img/dissatdiagram}
Dimensions can be in units of em, ex, in, pt, pc,
cm, mm, dd, cc, nd, nc, bp, or sp; but yours is a new one!
I'll assume that you meant to say pt, for printer's points.
To recover gracefully from this error, it's best to
delete the erroneous units; e.g., type `2' to delete
two letters. (See Chapter 27 of The TeXbook.)

! Undefined control sequence.
l.44 ...local districts is largely illusory \citep
                                                  {RefWorks:281}. The propon...
The control sequence at the end of the top line
of your error message was never \def'ed. If you have
misspelled it (e.g., `\hobx'), type `I' and the correct
spelling (e.g., `I\hbox'). Otherwise just continue,
and I'll forget about whatever was undefined.

! Undefined control sequence.
l.44 ...race its roots to this line of work \citep
                                                  {RefWorks:207,RefWorks:320...
The control sequence at the end of the top line
of your error message was never \def'ed. If you have
misspelled it (e.g., `\hobx'), type `I' and the correct
spelling (e.g., `I\hbox'). Otherwise just continue,
and I'll forget about whatever was undefined.

! Undefined control sequence.
l.44 ...ce debate about power--particularly \citet
                                                  {RefWorks:355}'s critique ...
The control sequence at the end of the top line
of your error message was never \def'ed. If you have
misspelled it (e.g., `\hobx'), type `I' and the correct
spelling (e.g., `I\hbox'). Otherwise just continue,
and I'll forget about whatever was undefined.

! Undefined control sequence.
l.44 ...s elite concentrated as others like \citet
                                                  {RefWorks:357} and \citet{...
The control sequence at the end of the top line
of your error message was never \def'ed. If you have
misspelled it (e.g., `\hobx'), type `I' and the correct
spelling (e.g., `I\hbox'). Otherwise just continue,
and I'll forget about whatever was undefined.

! Undefined control sequence.
l.44 ...thers like \citet{RefWorks:357} and \citet
                                                  {RefWorks:360} posited, an...
The control sequence at the end of the top line
of your error message was never \def'ed. If you have
misspelled it (e.g., `\hobx'), type `I' and the correct
spelling (e.g., `I\hbox'). Otherwise just continue,
and I'll forget about whatever was undefined.

! Undefined control sequence.
l.44 ...orks:360} posited, and the reply of \citet
                                                  {RefWorks:356} that power ...
The control sequence at the end of the top line
of your error message was never \def'ed. If you have
misspelled it (e.g., `\hobx'), type `I' and the correct
spelling (e.g., `I\hbox'). Otherwise just continue,
and I'll forget about whatever was undefined.

! Undefined control sequence.
l.44 ...cs are pluralist or elite dominated \citep
                                                  {RefWorks:336}.
The control sequence at the end of the top line
of your error message was never \def'ed. If you have
misspelled it (e.g., `\hobx'), type `I' and the correct
spelling (e.g., `I\hbox'). Otherwise just continue,
and I'll forget about whatever was undefined.

[4
\@writefile{lof}{\contentsline {figure}{\numberline {0.1}{\ignorespaces Dissati
sfaction Theory}}{4}}
\newlabel{dissatdiag}{{\M@TitleReference {0.1}{Dissatisfaction Theory}}{4}}
]
! Undefined control sequence.
l.48 ...enue to raise in support of schools \citep
                                                  {RefWorks:283}. Citizens a...
The control sequence at the end of the top line
of your error message was never \def'ed. If you have
misspelled it (e.g., `\hobx'), type `I' and the correct
spelling (e.g., `I\hbox'). Otherwise just continue,
and I'll forget about whatever was undefined.

! Undefined control sequence.
l.50 ...about the resulting policy outcomes \citep
                                                  {RefWorks:351}. In applica...
The control sequence at the end of the top line
of your error message was never \def'ed. If you have
misspelled it (e.g., `\hobx'), type `I' and the correct
spelling (e.g., `I\hbox'). Otherwise just continue,
and I'll forget about whatever was undefined.

! Undefined control sequence.
l.50 ...1}. In application to school boards \citet
                                                  {RefWorks:336} identified ...
The control sequence at the end of the top line
of your error message was never \def'ed. If you have
misspelled it (e.g., `\hobx'), type `I' and the correct
spelling (e.g., `I\hbox'). Otherwise just continue,
and I'll forget about whatever was undefined.

[5]
! Undefined control sequence.
l.52 \citet
           {RefWorks:336}'s theory has been extended and expanded upon since...
The control sequence at the end of the top line
of your error message was never \def'ed. If you have
misspelled it (e.g., `\hobx'), type `I' and the correct
spelling (e.g., `I\hbox'). Otherwise just continue,
and I'll forget about whatever was undefined.

! Undefined control sequence.
l.52 ...ded upon since it was first posited \citep
                                                  {RefWorks:339,RefWorks:340...
The control sequence at the end of the top line
of your error message was never \def'ed. If you have
misspelled it (e.g., `\hobx'), type `I' and the correct
spelling (e.g., `I\hbox'). Otherwise just continue,
and I'll forget about whatever was undefined.


LaTeX Warning: Reference `wumodel' on page 6 undefined on input line 52.

! Undefined control sequence.
l.52 ...odel} is the representation used by \citet
                                                  {RefWorks:243} to depict t...
The control sequence at the end of the top line
of your error message was never \def'ed. If you have
misspelled it (e.g., `\hobx'), type `I' and the correct
spelling (e.g., `I\hbox'). Otherwise just continue,
and I'll forget about whatever was undefined.


LaTeX Warning: Reference `sbtheory' on page 6 undefined on input line 57.


! LaTeX Error: Missing \begin{document}.

See the LaTeX manual or LaTeX Companion for explanation.
Type  H <return>  for immediate help.
 ...                                              
                                                  
l.59 \begin{table}[h!]
                      
You're in trouble here.  Try typing  <return>  to proceed.
If that doesn't work, type  X <return>  to quit.

LaTeX Font Info:    External font `cmex10' loaded for size
(Font)              <10.95> on input line 64.
! Undefined control sequence.
l.68 ...h turnover and high participation & \citet
                                                  {RefWorks:297,RefWorks:271...
The control sequence at the end of the top line
of your error message was never \def'ed. If you have
misspelled it (e.g., `\hobx'), type `I' and the correct
spelling (e.g., `I\hbox'). Otherwise just continue,
and I'll forget about whatever was undefined.


Overfull \hbox (77.48082pt too wide) in paragraph at lines 68--68
[]|\OT1/cmr/m/n/10.95 RefWorks:297,RefWorks:271| 
 []


Underfull \hbox (badness 10000) in paragraph at lines 69--69
[]|\OT1/cmr/m/n/10.95 Continuous
 []


Underfull \hbox (badness 10000) in paragraph at lines 69--69
\OT1/cmr/m/n/10.95 Par-tic-i-pa-tion
 []


Underfull \hbox (badness 1264) in paragraph at lines 69--71
[]|\OT1/cmr/m/n/10.95 The small per-cent-age of vot-ers who
 []

! Undefined control sequence.
l.71 with the wishes of these groups. & \citet
                                              {RefWorks:281} \\ \hline
The control sequence at the end of the top line
of your error message was never \def'ed. If you have
misspelled it (e.g., `\hobx'), type `I' and the correct
spelling (e.g., `I\hbox'). Otherwise just continue,
and I'll forget about whatever was undefined.


Overfull \hbox (8.49574pt too wide) in paragraph at lines 71--71
[]|\OT1/cmr/m/n/10.95 RefWorks:281| 
 []


Underfull \hbox (badness 10000) in paragraph at lines 72--72
[]|\OT1/cmr/m/n/10.95 Decision-
 []


Underfull \hbox (badness 10000) in paragraph at lines 72--72
\OT1/cmr/m/n/10.95 Output (Re-
 []

! Undefined control sequence.
l.74 ...ined by federal and state policy. & \citet
                                                  {RefWorks:283} \\ \hline
The control sequence at the end of the top line
of your error message was never \def'ed. If you have
misspelled it (e.g., `\hobx'), type `I' and the correct
spelling (e.g., `I\hbox'). Otherwise just continue,
and I'll forget about whatever was undefined.


Overfull \hbox (8.49574pt too wide) in paragraph at lines 74--74
[]|\OT1/cmr/m/n/10.95 RefWorks:283| 
 []


Underfull \hbox (badness 10000) in paragraph at lines 75--75
[]|\OT1/cmr/m/n/10.95 Public Choice
 []

! Undefined control sequence.
l.76 ...fs associated with policy change. & \citet
                                                  {RefWorks:336, RefWorks:34...
The control sequence at the end of the top line
of your error message was never \def'ed. If you have
misspelled it (e.g., `\hobx'), type `I' and the correct
spelling (e.g., `I\hbox'). Otherwise just continue,
and I'll forget about whatever was undefined.


Overfull \hbox (11.53741pt too wide) in paragraph at lines 76--76
[]|\OT1/cmr/m/n/10.95 RefWorks:336,
 []


Underfull \hbox (badness 10000) in paragraph at lines 76--76
\OT1/cmr/m/n/10.95 Re-f-
 []


Overfull \hbox (61.20789pt too wide) in paragraph at lines 76--76
\OT1/cmr/m/n/10.95 Works:340,RefWorks:243| 
 []


LaTeX Warning: `!h' float specifier changed to `!ht'.

[6
\@writefile{toc}{\contentsline {subsection}{Tying Back to Political Science}{6}
}
]
! Undefined control sequence.
l.87 ...er boards were appointed or elected \citep
                                                  {RefWorks:224}. The questi...
The control sequence at the end of the top line
of your error message was never \def'ed. If you have
misspelled it (e.g., `\hobx'), type `I' and the correct
spelling (e.g., `I\hbox'). Otherwise just continue,
and I'll forget about whatever was undefined.

! Undefined control sequence.
l.87 ...etween school boards and the public \citep
                                                  {RefWorks:226,RefWorks:331...
The control sequence at the end of the top line
of your error message was never \def'ed. If you have
misspelled it (e.g., `\hobx'), type `I' and the correct
spelling (e.g., `I\hbox'). Otherwise just continue,
and I'll forget about whatever was undefined.

! Undefined control sequence.
l.87 ...ss nearly 8,000 US school districts \citep
                                                  {RefWorks:332}
The control sequence at the end of the top line
of your error message was never \def'ed. If you have
misspelled it (e.g., `\hobx'), type `I' and the correct
spelling (e.g., `I\hbox'). Otherwise just continue,
and I'll forget about whatever was undefined.

[7
\@writefile{lot}{\contentsline {table}{\numberline {0.1}{\ignorespaces Summariz
ing Major Theories}}{7}}
\newlabel{sbtheory}{{\M@TitleReference {0.1}{Summarizing Major Theories}}{7}}
]
! Undefined control sequence.
l.90 ... been one of receding local control \citep
                                                  {RefWorks:220}. Despite th...
The control sequence at the end of the top line
of your error message was never \def'ed. If you have
misspelled it (e.g., `\hobx'), type `I' and the correct
spelling (e.g., `I\hbox'). Otherwise just continue,
and I'll forget about whatever was undefined.


! LaTeX Error: Environment singlespace undefined.

See the LaTeX manual or LaTeX Companion for explanation.
Type  H <return>  for immediate help.
 ...                                              
                                                  
l.97 \begin{singlespace}
                        
Your command was ignored.
Type  I <command> <return>  to replace it with another command,
or  <return>  to continue without it.

! Undefined control sequence.
l.98 ...udies, to support their conclusions \citep
                                                  [ p.265]{RefWorks:312}
The control sequence at the end of the top line
of your error message was never \def'ed. If you have
misspelled it (e.g., `\hobx'), type `I' and the correct
spelling (e.g., `I\hbox'). Otherwise just continue,
and I'll forget about whatever was undefined.


! LaTeX Error: \begin{quote} on input line 96 ended by \end{singlespace}.

See the LaTeX manual or LaTeX Companion for explanation.
Type  H <return>  for immediate help.
 ...                                              
                                                  
l.99 \end{singlespace}
                      
Your command was ignored.
Type  I <command> <return>  to replace it with another command,
or  <return>  to continue without it.

[8
\@writefile{toc}{\contentsline {section}{\numberline {0.4}Empirical Work}{8}}
]

LaTeX Warning: Reference `sbtheory' on page 9 undefined on input line 114.

! Undefined control sequence.
l.114 ...s on prior work and informs theory \citep
                                                  {RefWorks:191}. That exist...
The control sequence at the end of the top line
of your error message was never \def'ed. If you have
misspelled it (e.g., `\hobx'), type `I' and the correct
spelling (e.g., `I\hbox'). Otherwise just continue,
and I'll forget about whatever was undefined.

! Undefined control sequence.
l.118 ...employment, and government finance \citep
                                                  {RefWorks:324}. The report...
The control sequence at the end of the top line
of your error message was never \def'ed. If you have
misspelled it (e.g., `\hobx'), type `I' and the correct
spelling (e.g., `I\hbox'). Otherwise just continue,
and I'll forget about whatever was undefined.

! Undefined control sequence.
l.118 ..., compensation, and their location \citep
                                                  {RefWorks:325}. Unfortunat...
The control sequence at the end of the top line
of your error message was never \def'ed. If you have
misspelled it (e.g., `\hobx'), type `I' and the correct
spelling (e.g., `I\hbox'). Otherwise just continue,
and I'll forget about whatever was undefined.

! Undefined control sequence.
l.120 ...hool board members to fill the gap \citep
                                                  {RefWorks:321}.\footnote{A...
The control sequence at the end of the top line
of your error message was never \def'ed. If you have
misspelled it (e.g., `\hobx'), type `I' and the correct
spelling (e.g., `I\hbox'). Otherwise just continue,
and I'll forget about whatever was undefined.

! Undefined control sequence.
<argument> ...rvey came from Public Agenda \citep 
                                                  {RefWorks:330}.}\@finalstr...
l.120 ...from Public Agenda \citep{RefWorks:330}.}
                                                   Almost ten years later a ...
The control sequence at the end of the top line
of your error message was never \def'ed. If you have
misspelled it (e.g., `\hobx'), type `I' and the correct
spelling (e.g., `I\hbox'). Otherwise just continue,
and I'll forget about whatever was undefined.

! Undefined control sequence.
l.120 ...cond survey was taken to follow up \citep
                                                  {RefWorks:322}. In additio...
The control sequence at the end of the top line
of your error message was never \def'ed. If you have
misspelled it (e.g., `\hobx'), type `I' and the correct
spelling (e.g., `I\hbox'). Otherwise just continue,
and I'll forget about whatever was undefined.

! Undefined control sequence.
l.121 ...ss the needs of a particular topic \citep
                                                  [see][]{RefWorks:264,speer...
The control sequence at the end of the top line
of your error message was never \def'ed. If you have
misspelled it (e.g., `\hobx'), type `I' and the correct
spelling (e.g., `I\hbox'). Otherwise just continue,
and I'll forget about whatever was undefined.

! Undefined control sequence.
l.121 ...re only a single snapshot in time  \citep
                                                  {RefWorks:327}. Any sense ...
The control sequence at the end of the top line
of your error message was never \def'ed. If you have
misspelled it (e.g., `\hobx'), type `I' and the correct
spelling (e.g., `I\hbox'). Otherwise just continue,
and I'll forget about whatever was undefined.

! Undefined control sequence.
l.121 ...-depth interviews and observations \citep
                                                  {RefWorks:329}
The control sequence at the end of the top line
of your error message was never \def'ed. If you have
misspelled it (e.g., `\hobx'), type `I' and the correct
spelling (e.g., `I\hbox'). Otherwise just continue,
and I'll forget about whatever was undefined.

! Undefined control sequence.
l.122 ...hus criticism of them is premature \citep
                                                  {RefWorks:312}. They are a...
The control sequence at the end of the top line
of your error message was never \def'ed. If you have
misspelled it (e.g., `\hobx'), type `I' and the correct
spelling (e.g., `I\hbox'). Otherwise just continue,
and I'll forget about whatever was undefined.


Overfull \hbox (114.29486pt too wide) in paragraph at lines 120--123
\OT1/cmr/m/n/12 the needs of a par-tic-u-lar topic [see][]RefWorks:264,speer199
8reaching,RefWorks:311,RefWorks:328.
 []

[9
\@writefile{toc}{\contentsline {subsection}{Surveys of School Board Members}{9}
}
]

LaTeX Warning: Reference `sbsurveys2' on page 10 undefined on input line 124.


! LaTeX Error: Environment singlespace undefined.

See the LaTeX manual or LaTeX Companion for explanation.
Type  H <return>  for immediate help.
 ...                                              
                                                  
l.128 \begin{singlespace}
                         
Your command was ignored.
Type  I <command> <return>  to replace it with another command,
or  <return>  to continue without it.


! LaTeX Error: Environment longtable undefined.

See the LaTeX manual or LaTeX Companion for explanation.
Type  H <return>  for immediate help.
 ...                                              
                                                  
l.129 \begin{longtable}
                       {| p{.125\textwidth} | p{.725\textwidth} | p{.125\tex...

Your command was ignored.
Type  I <command> <return>  to replace it with another command,
or  <return>  to continue without it.

! Missing number, treated as zero.
<to be read again> 
                   }
l.129 \begin{longtable}{| p{.125\textwidth}
                                            | p{.725\textwidth} | p{.125\tex...
A number should have been here; I inserted `0'.
(If you can't figure out why I needed to see a number,
look up `weird error' in the index to The TeXbook.)

! Illegal unit of measure (pt inserted).
<to be read again> 
                   }
l.129 \begin{longtable}{| p{.125\textwidth}
                                            | p{.725\textwidth} | p{.125\tex...
Dimensions can be in units of em, ex, in, pt, pc,
cm, mm, dd, cc, nd, nc, bp, or sp; but yours is a new one!
I'll assume that you meant to say pt, for printer's points.
To recover gracefully from this error, it's best to
delete the erroneous units; e.g., type `2' to delete
two letters. (See Chapter 27 of The TeXbook.)

! Missing number, treated as zero.
<to be read again> 
                   }
l.129 ...}{| p{.125\textwidth} | p{.725\textwidth}
                                                   | p{.125\textwidth}|}
A number should have been here; I inserted `0'.
(If you can't figure out why I needed to see a number,
look up `weird error' in the index to The TeXbook.)

! Illegal unit of measure (pt inserted).
<to be read again> 
                   }
l.129 ...}{| p{.125\textwidth} | p{.725\textwidth}
                                                   | p{.125\textwidth}|}
Dimensions can be in units of em, ex, in, pt, pc,
cm, mm, dd, cc, nd, nc, bp, or sp; but yours is a new one!
I'll assume that you meant to say pt, for printer's points.
To recover gracefully from this error, it's best to
delete the erroneous units; e.g., type `2' to delete
two letters. (See Chapter 27 of The TeXbook.)

! Missing number, treated as zero.
<to be read again> 
                   }
l.129 ...} | p{.725\textwidth} | p{.125\textwidth}
                                                  |}
A number should have been here; I inserted `0'.
(If you can't figure out why I needed to see a number,
look up `weird error' in the index to The TeXbook.)

! Illegal unit of measure (pt inserted).
<to be read again> 
                   }
l.129 ...} | p{.725\textwidth} | p{.125\textwidth}
                                                  |}
Dimensions can be in units of em, ex, in, pt, pc,
cm, mm, dd, cc, nd, nc, bp, or sp; but yours is a new one!
I'll assume that you meant to say pt, for printer's points.
To recover gracefully from this error, it's best to
delete the erroneous units; e.g., type `2' to delete
two letters. (See Chapter 27 of The TeXbook.)

! Misplaced \noalign.
\hline ->\noalign 
                  {\ifnum 0=`}\fi \hrule \@height \arrayrulewidth \futurelet...
l.130 \hline
            
I expect to see \noalign only after the \cr of
an alignment. Proceed, and I'll ignore this case.


! LaTeX Error: \caption outside float.

See the LaTeX manual or LaTeX Companion for explanation.
Type  H <return>  for immediate help.
 ...                                              
                                                  
l.132 \caption
              {Key Findings of School Board Surveys} \label{sbsurveys2}\\ \h...

You're in trouble here.  Try typing  <return>  to proceed.
If that doesn't work, type  X <return>  to quit.

! Misplaced \noalign.
\hline ->\noalign 
                  {\ifnum 0=`}\fi \hrule \@height \arrayrulewidth \futurelet...
l.132 ...oard Surveys} \label{sbsurveys2}\\ \hline
                                                  
I expect to see \noalign only after the \cr of
an alignment. Proceed, and I'll ignore this case.


Underfull \hbox (badness 10000) in paragraph at lines 132--132

 []

! Misplaced alignment tab character &.
l.133 \textbf{Survey}  &
                         \textbf{Findings} & \textbf{Sample} \\ \hline \endhead
I can't figure out why you would want to use a tab mark
here. If you just want an ampersand, the remedy is
simple: Just type `I\&' now. But if some right brace
up above has ended a previous alignment prematurely,
you're probably due for more error messages, and you
might try typing `S' now just to see what is salvageable.

! Misplaced alignment tab character &.
l.133 \textbf{Survey}  & \textbf{Findings} &
                                             \textbf{Sample} \\ \hline \endhead
I can't figure out why you would want to use a tab mark
here. If you just want an ampersand, the remedy is
simple: Just type `I\&' now. But if some right brace
up above has ended a previous alignment prematurely,
you're probably due for more error messages, and you
might try typing `S' now just to see what is salvageable.

! Misplaced \noalign.
\hline ->\noalign 
                  {\ifnum 0=`}\fi \hrule \@height \arrayrulewidth \futurelet...
l.133 ...tbf{Findings} & \textbf{Sample} \\ \hline
                                                   \endhead
I expect to see \noalign only after the \cr of
an alignment. Proceed, and I'll ignore this case.


Underfull \hbox (badness 10000) in paragraph at lines 133--133

 []

! Undefined control sequence.
<recently read> \endhead 
                         
l.133 ...ngs} & \textbf{Sample} \\ \hline \endhead
                                                  
The control sequence at the end of the top line
of your error message was never \def'ed. If you have
misspelled it (e.g., `\hobx'), type `I' and the correct
spelling (e.g., `I\hbox'). Otherwise just continue,
and I'll forget about whatever was undefined.

! Undefined control sequence.
l.134 \citet
            {RefWorks:321}  &  \vspace{-6mm} \begin{itemize} \setlength\item...
The control sequence at the end of the top line
of your error message was never \def'ed. If you have
misspelled it (e.g., `\hobx'), type `I' and the correct
spelling (e.g., `I\hbox'). Otherwise just continue,
and I'll forget about whatever was undefined.

! Misplaced alignment tab character &.
l.134 \citet{RefWorks:321}  &
                               \vspace{-6mm} \begin{itemize} \setlength\item...
I can't figure out why you would want to use a tab mark
here. If you just want an ampersand, the remedy is
simple: Just type `I\&' now. But if some right brace
up above has ended a previous alignment prematurely,
you're probably due for more error messages, and you
might try typing `S' now just to see what is salvageable.

LaTeX Font Info:    Try loading font information for OMS+cmr on input line 135.

("C:\Program Files (x86)\MiKTeX 2.9\tex\latex\base\omscmr.fd"
File: omscmr.fd 1999/05/25 v2.5h Standard LaTeX font definitions
)
LaTeX Font Info:    Font shape `OMS/cmr/m/n' in size <10.95> not available
(Font)              Font shape `OMS/cmsy/m/n' tried instead on input line 135.

! Misplaced alignment tab character &.
l.138 \end{itemize} \vspace{-4mm} &
                                    National \\ \hline
I can't figure out why you would want to use a tab mark
here. If you just want an ampersand, the remedy is
simple: Just type `I\&' now. But if some right brace
up above has ended a previous alignment prematurely,
you're probably due for more error messages, and you
might try typing `S' now just to see what is salvageable.

! Misplaced \noalign.
\hline ->\noalign 
                  {\ifnum 0=`}\fi \hrule \@height \arrayrulewidth \futurelet...
l.138 ...emize} \vspace{-4mm} & National \\ \hline
                                                  
I expect to see \noalign only after the \cr of
an alignment. Proceed, and I'll ignore this case.


Underfull \hbox (badness 10000) in paragraph at lines 138--138

 []

! Undefined control sequence.
<recently read> \citet 
                       
l.139 \citet
            {RefWorks:264} & \vspace{-6mm} \begin{itemize} \setlength\itemse...
The control sequence at the end of the top line
of your error message was never \def'ed. If you have
misspelled it (e.g., `\hobx'), type `I' and the correct
spelling (e.g., `I\hbox'). Otherwise just continue,
and I'll forget about whatever was undefined.

! Misplaced alignment tab character &.
l.139 \citet{RefWorks:264} &
                             \vspace{-6mm} \begin{itemize} \setlength\itemse...
I can't figure out why you would want to use a tab mark
here. If you just want an ampersand, the remedy is
simple: Just type `I\&' now. But if some right brace
up above has ended a previous alignment prematurely,
you're probably due for more error messages, and you
might try typing `S' now just to see what is salvageable.

! Misplaced alignment tab character &.
l.144 \end{itemize} \vspace{-4mm} &
                                    California \\ \hline
I can't figure out why you would want to use a tab mark
here. If you just want an ampersand, the remedy is
simple: Just type `I\&' now. But if some right brace
up above has ended a previous alignment prematurely,
you're probably due for more error messages, and you
might try typing `S' now just to see what is salvageable.

! Misplaced \noalign.
\hline ->\noalign 
                  {\ifnum 0=`}\fi \hrule \@height \arrayrulewidth \futurelet...
l.144 ...ize} \vspace{-4mm} & California \\ \hline
                                                  
I expect to see \noalign only after the \cr of
an alignment. Proceed, and I'll ignore this case.


Underfull \hbox (badness 10000) in paragraph at lines 144--144

 []

! Undefined control sequence.
<recently read> \citet 
                       
l.145 \citet
            {RefWorks:322} & \vspace{-6mm} \begin{itemize}
The control sequence at the end of the top line
of your error message was never \def'ed. If you have
misspelled it (e.g., `\hobx'), type `I' and the correct
spelling (e.g., `I\hbox'). Otherwise just continue,
and I'll forget about whatever was undefined.

! Misplaced alignment tab character &.
l.145 \citet{RefWorks:322} &
                             \vspace{-6mm} \begin{itemize}
I can't figure out why you would want to use a tab mark
here. If you just want an ampersand, the remedy is
simple: Just type `I\&' now. But if some right brace
up above has ended a previous alignment prematurely,
you're probably due for more error messages, and you
might try typing `S' now just to see what is salvageable.

[10
\newlabel{sbsurveys2}{{\M@TitleReference {0.4}{Surveys of School Board Members}
}{10}}
]
! Misplaced alignment tab character &.
l.150 &
        National \\ \hline
I can't figure out why you would want to use a tab mark
here. If you just want an ampersand, the remedy is
simple: Just type `I\&' now. But if some right brace
up above has ended a previous alignment prematurely,
you're probably due for more error messages, and you
might try typing `S' now just to see what is salvageable.

! Misplaced \noalign.
\hline ->\noalign 
                  {\ifnum 0=`}\fi \hrule \@height \arrayrulewidth \futurelet...
l.150 & National \\ \hline
                          
I expect to see \noalign only after the \cr of
an alignment. Proceed, and I'll ignore this case.


Underfull \hbox (badness 10000) in paragraph at lines 150--150

 []

! Undefined control sequence.
<recently read> \citet 
                       
l.151 \citet
            {speer1998reaching} & \vspace{-6mm} \begin{itemize}
The control sequence at the end of the top line
of your error message was never \def'ed. If you have
misspelled it (e.g., `\hobx'), type `I' and the correct
spelling (e.g., `I\hbox'). Otherwise just continue,
and I'll forget about whatever was undefined.

! Misplaced alignment tab character &.
l.151 \citet{speer1998reaching} &
                                  \vspace{-6mm} \begin{itemize}
I can't figure out why you would want to use a tab mark
here. If you just want an ampersand, the remedy is
simple: Just type `I\&' now. But if some right brace
up above has ended a previous alignment prematurely,
you're probably due for more error messages, and you
might try typing `S' now just to see what is salvageable.

! Misplaced alignment tab character &.
l.152 ...achievement \end{itemize} \vspace{-4mm} &
                                                   National \\ \hline
I can't figure out why you would want to use a tab mark
here. If you just want an ampersand, the remedy is
simple: Just type `I\&' now. But if some right brace
up above has ended a previous alignment prematurely,
you're probably due for more error messages, and you
might try typing `S' now just to see what is salvageable.

! Misplaced \noalign.
\hline ->\noalign 
                  {\ifnum 0=`}\fi \hrule \@height \arrayrulewidth \futurelet...
l.152 ...emize} \vspace{-4mm} & National \\ \hline
                                                  
I expect to see \noalign only after the \cr of
an alignment. Proceed, and I'll ignore this case.


Underfull \hbox (badness 10000) in paragraph at lines 152--152

 []

! Undefined control sequence.
<recently read> \citet 
                       
l.153 \citet
            {RefWorks:311} & \vspace{-6mm} \begin{itemize} \setlength\itemse...
The control sequence at the end of the top line
of your error message was never \def'ed. If you have
misspelled it (e.g., `\hobx'), type `I' and the correct
spelling (e.g., `I\hbox'). Otherwise just continue,
and I'll forget about whatever was undefined.

! Misplaced alignment tab character &.
l.153 \citet{RefWorks:311} &
                             \vspace{-6mm} \begin{itemize} \setlength\itemse...
I can't figure out why you would want to use a tab mark
here. If you just want an ampersand, the remedy is
simple: Just type `I\&' now. But if some right brace
up above has ended a previous alignment prematurely,
you're probably due for more error messages, and you
might try typing `S' now just to see what is salvageable.

! Misplaced alignment tab character &.
l.154  \end{itemize} \vspace{-4mm}&
                                    Washington\\ \hline
I can't figure out why you would want to use a tab mark
here. If you just want an ampersand, the remedy is
simple: Just type `I\&' now. But if some right brace
up above has ended a previous alignment prematurely,
you're probably due for more error messages, and you
might try typing `S' now just to see what is salvageable.

! Misplaced \noalign.
\hline ->\noalign 
                  {\ifnum 0=`}\fi \hrule \@height \arrayrulewidth \futurelet...
l.154 ...emize} \vspace{-4mm}& Washington\\ \hline
                                                  
I expect to see \noalign only after the \cr of
an alignment. Proceed, and I'll ignore this case.


Underfull \hbox (badness 10000) in paragraph at lines 154--154

 []

! Undefined control sequence.
<recently read> \citet 
                       
l.155 \citet
            {RefWorks:333} &  \vspace{-6mm} \begin{itemize} \setlength\items...
The control sequence at the end of the top line
of your error message was never \def'ed. If you have
misspelled it (e.g., `\hobx'), type `I' and the correct
spelling (e.g., `I\hbox'). Otherwise just continue,
and I'll forget about whatever was undefined.

! Misplaced alignment tab character &.
l.155 \citet{RefWorks:333} &
                              \vspace{-6mm} \begin{itemize} \setlength\items...
I can't figure out why you would want to use a tab mark
here. If you just want an ampersand, the remedy is
simple: Just type `I\&' now. But if some right brace
up above has ended a previous alignment prematurely,
you're probably due for more error messages, and you
might try typing `S' now just to see what is salvageable.

! Misplaced alignment tab character &.
l.157 \end{itemize} \vspace{-4mm} &
                                    California \\ \hline
I can't figure out why you would want to use a tab mark
here. If you just want an ampersand, the remedy is
simple: Just type `I\&' now. But if some right brace
up above has ended a previous alignment prematurely,
you're probably due for more error messages, and you
might try typing `S' now just to see what is salvageable.

! Misplaced \noalign.
\hline ->\noalign 
                  {\ifnum 0=`}\fi \hrule \@height \arrayrulewidth \futurelet...
l.157 ...ize} \vspace{-4mm} & California \\ \hline
                                                  
I expect to see \noalign only after the \cr of
an alignment. Proceed, and I'll ignore this case.


Underfull \hbox (badness 10000) in paragraph at lines 157--157

 []

! Undefined control sequence.
<recently read> \citet 
                       
l.158 \citet
            {RefWorks:328} & \vspace{-6mm} \begin{itemize} \setlength\itemse...
The control sequence at the end of the top line
of your error message was never \def'ed. If you have
misspelled it (e.g., `\hobx'), type `I' and the correct
spelling (e.g., `I\hbox'). Otherwise just continue,
and I'll forget about whatever was undefined.

! Misplaced alignment tab character &.
l.158 \citet{RefWorks:328} &
                             \vspace{-6mm} \begin{itemize} \setlength\itemse...
I can't figure out why you would want to use a tab mark
here. If you just want an ampersand, the remedy is
simple: Just type `I\&' now. But if some right brace
up above has ended a previous alignment prematurely,
you're probably due for more error messages, and you
might try typing `S' now just to see what is salvageable.

! Misplaced alignment tab character &.
l.162 \end{itemize} \vspace{-4mm} &
                                    Netherlands \\ \hline
I can't figure out why you would want to use a tab mark
here. If you just want an ampersand, the remedy is
simple: Just type `I\&' now. But if some right brace
up above has ended a previous alignment prematurely,
you're probably due for more error messages, and you
might try typing `S' now just to see what is salvageable.

! Misplaced \noalign.
\hline ->\noalign 
                  {\ifnum 0=`}\fi \hrule \@height \arrayrulewidth \futurelet...
l.162 ...ze} \vspace{-4mm} & Netherlands \\ \hline
                                                  
I expect to see \noalign only after the \cr of
an alignment. Proceed, and I'll ignore this case.


Underfull \hbox (badness 10000) in paragraph at lines 162--162

 []


! LaTeX Error: \begin{small} on input line 127 ended by \end{longtable}.

See the LaTeX manual or LaTeX Companion for explanation.
Type  H <return>  for immediate help.
 ...                                              
                                                  
l.163 \end{longtable}
                     
Your command was ignored.
Type  I <command> <return>  to replace it with another command,
or  <return>  to continue without it.


! LaTeX Error: \begin{small} on input line 127 ended by \end{singlespace}.

See the LaTeX manual or LaTeX Companion for explanation.
Type  H <return>  for immediate help.
 ...                                              
                                                  
l.164 \end{singlespace}
                       
Your command was ignored.
Type  I <command> <return>  to replace it with another command,
or  <return>  to continue without it.


LaTeX Warning: Reference `sbsurveys2' on page 11 undefined on input line 167.

[11]

LaTeX Warning: Reference `sbtheory' on page 12 undefined on input line 176.

! Undefined control sequence.
l.179 ...ly with the communities they serve \citep
                                                  {RefWorks:195,RefWorks:238...
The control sequence at the end of the top line
of your error message was never \def'ed. If you have
misspelled it (e.g., `\hobx'), type `I' and the correct
spelling (e.g., `I\hbox'). Otherwise just continue,
and I'll forget about whatever was undefined.

! Undefined control sequence.
l.179 ...se than the communities they serve \citep
                                                  {RefWorks:321,RefWorks:322...
The control sequence at the end of the top line
of your error message was never \def'ed. If you have
misspelled it (e.g., `\hobx'), type `I' and the correct
spelling (e.g., `I\hbox'). Otherwise just continue,
and I'll forget about whatever was undefined.

! Undefined control sequence.
l.179 ...race, gender, and community values \citep
                                                  {RefWorks:241,RefWorks:238...
The control sequence at the end of the top line
of your error message was never \def'ed. If you have
misspelled it (e.g., `\hobx'), type `I' and the correct
spelling (e.g., `I\hbox'). Otherwise just continue,
and I'll forget about whatever was undefined.

! Undefined control sequence.
l.179 ... can play in school board election \citep
                                                  {RefWorks:273}. Finally th...
The control sequence at the end of the top line
of your error message was never \def'ed. If you have
misspelled it (e.g., `\hobx'), type `I' and the correct
spelling (e.g., `I\hbox'). Otherwise just continue,
and I'll forget about whatever was undefined.

! Undefined control sequence.
l.179 ...g to identify their constituencies \citep
                                                  {RefWorks:315,RefWorks:242}.
The control sequence at the end of the top line
of your error message was never \def'ed. If you have
misspelled it (e.g., `\hobx'), type `I' and the correct
spelling (e.g., `I\hbox'). Otherwise just continue,
and I'll forget about whatever was undefined.

[12
\@writefile{toc}{\contentsline {subsection}{Politics of School Boards}{12}}
\@writefile{toc}{\contentsline {subsubsection}{Electoral Rules}{12}}
]
! Undefined control sequence.
l.184 \citet
            {RefWorks:311}'s study revived interest in Dissatisfaction Theor...
The control sequence at the end of the top line
of your error message was never \def'ed. If you have
misspelled it (e.g., `\hobx'), type `I' and the correct
spelling (e.g., `I\hbox'). Otherwise just continue,
and I'll forget about whatever was undefined.


LaTeX Warning: Reference `dtheoryrep' on page 13 undefined on input line 184.


! LaTeX Error: Missing \begin{document}.

See the LaTeX manual or LaTeX Companion for explanation.
Type  H <return>  for immediate help.
 ...                                              
                                                  
l.187 \begin{table}[h!]
                       
You're in trouble here.  Try typing  <return>  to proceed.
If that doesn't work, type  X <return>  to quit.

! Undefined control sequence.
l.195 Washington  & 1990s & Support & \citet
                                            {RefWorks:311} \\ \hline
The control sequence at the end of the top line
of your error message was never \def'ed. If you have
misspelled it (e.g., `\hobx'), type `I' and the correct
spelling (e.g., `I\hbox'). Otherwise just continue,
and I'll forget about whatever was undefined.

! Undefined control sequence.
l.196 Washington & 1980s & Support & \citet
                                           {RefWorks:245} \\ \hline
The control sequence at the end of the top line
of your error message was never \def'ed. If you have
misspelled it (e.g., `\hobx'), type `I' and the correct
spelling (e.g., `I\hbox'). Otherwise just continue,
and I'll forget about whatever was undefined.

! Undefined control sequence.
l.197 Oklahoma & 1970s-1980s & Reject & \citet
                                              {RefWorks:247} \\ \hline
The control sequence at the end of the top line
of your error message was never \def'ed. If you have
misspelled it (e.g., `\hobx'), type `I' and the correct
spelling (e.g., `I\hbox'). Otherwise just continue,
and I'll forget about whatever was undefined.

! Undefined control sequence.
l.198 Ohio & 1970s & Unclear &  \citet
                                      {RefWorks:259,RefWorks:337} \\ \hline
The control sequence at the end of the top line
of your error message was never \def'ed. If you have
misspelled it (e.g., `\hobx'), type `I' and the correct
spelling (e.g., `I\hbox'). Otherwise just continue,
and I'll forget about whatever was undefined.

! Undefined control sequence.
l.199 New Mexico & 1960s & Mild Support & \citet
                                                {RefWorks:341} \\ \hline
The control sequence at the end of the top line
of your error message was never \def'ed. If you have
misspelled it (e.g., `\hobx'), type `I' and the correct
spelling (e.g., `I\hbox'). Otherwise just continue,
and I'll forget about whatever was undefined.

! Undefined control sequence.
l.205 ...s choosing which policies to adopt \citep
                                                  {RefWorks:336,RefWorks:340...
The control sequence at the end of the top line
of your error message was never \def'ed. If you have
misspelled it (e.g., `\hobx'), type `I' and the correct
spelling (e.g., `I\hbox'). Otherwise just continue,
and I'll forget about whatever was undefined.

! Undefined control sequence.
l.205 ...r turnout and challenger emergence \citep
                                                  {RefWorks:243}. Such model...
The control sequence at the end of the top line
of your error message was never \def'ed. If you have
misspelled it (e.g., `\hobx'), type `I' and the correct
spelling (e.g., `I\hbox'). Otherwise just continue,
and I'll forget about whatever was undefined.

! Undefined control sequence.
l.205 ...-particularly legislative activity \citep
                                                  {RefWorks:350,RefWorks:349...
The control sequence at the end of the top line
of your error message was never \def'ed. If you have
misspelled it (e.g., `\hobx'), type `I' and the correct
spelling (e.g., `I\hbox'). Otherwise just continue,
and I'll forget about whatever was undefined.


Overfull \hbox (105.15607pt too wide) in paragraph at lines 205--206
\OT1/cmr/m/n/12 and board mem-bers choos-ing which poli-cies to adopt Re-f-Work
s:336,RefWorks:340,RefWorks:339.
 []

[13
\@writefile{toc}{\contentsline {subsubsection}{Election Outcomes}{13}}
\@writefile{lot}{\contentsline {table}{\numberline {0.2}{\ignorespaces Replicat
ions of Dissatisfaction Theory}}{13}}
\newlabel{dtheoryrep}{{\M@TitleReference {0.2}{Replications of Dissatisfaction 
Theory}}{13}}
]
! Undefined control sequence.
l.207 In \citet
               {RefWorks:243}'s model, school board members and voters play ...
The control sequence at the end of the top line
of your error message was never \def'ed. If you have
misspelled it (e.g., `\hobx'), type `I' and the correct
spelling (e.g., `I\hbox'). Otherwise just continue,
and I'll forget about whatever was undefined.


LaTeX Warning: Reference `wumodel' on page 14 undefined on input line 207.

! Undefined control sequence.
l.209 \citet
            {RefWorks:243}'s model is simplified from a true school board in...
The control sequence at the end of the top line
of your error message was never \def'ed. If you have
misspelled it (e.g., `\hobx'), type `I' and the correct
spelling (e.g., `I\hbox'). Otherwise just continue,
and I'll forget about whatever was undefined.

! Undefined control sequence.
l.211 ...ains theoretical, with no test of  \citet
                                                  {RefWorks:243}'s spatial m...
The control sequence at the end of the top line
of your error message was never \def'ed. If you have
misspelled it (e.g., `\hobx'), type `I' and the correct
spelling (e.g., `I\hbox'). Otherwise just continue,
and I'll forget about whatever was undefined.

! Undefined control sequence.
l.211 ...rmative and empirical consequences \citep
                                                  {RefWorks:228}.  The impac...
The control sequence at the end of the top line
of your error message was never \def'ed. If you have
misspelled it (e.g., `\hobx'), type `I' and the correct
spelling (e.g., `I\hbox'). Otherwise just continue,
and I'll forget about whatever was undefined.

! Undefined control sequence.
l.211 ...ol board members has not been made \citep
                                                  {RefWorks:342, RefWorks:343}.
The control sequence at the end of the top line
of your error message was never \def'ed. If you have
misspelled it (e.g., `\hobx'), type `I' and the correct
spelling (e.g., `I\hbox'). Otherwise just continue,
and I'll forget about whatever was undefined.

[14]

! LaTeX Error: Missing \begin{document}.

See the LaTeX manual or LaTeX Companion for explanation.
Type  H <return>  for immediate help.
 ...                                              
                                                  
l.214 \begin{figure}[h!]
                        
You're in trouble here.  Try typing  <return>  to proceed.
If that doesn't work, type  X <return>  to quit.

! Undefined control sequence.
l.217 \includegraphics
                      [width=.9\textwidth]{img/wumodel}
The control sequence at the end of the top line
of your error message was never \def'ed. If you have
misspelled it (e.g., `\hobx'), type `I' and the correct
spelling (e.g., `I\hbox'). Otherwise just continue,
and I'll forget about whatever was undefined.

! Missing number, treated as zero.
<to be read again> 
                   ]
l.217 \includegraphics[width=.9\textwidth]
                                          {img/wumodel}
A number should have been here; I inserted `0'.
(If you can't figure out why I needed to see a number,
look up `weird error' in the index to The TeXbook.)

! Illegal unit of measure (pt inserted).
<to be read again> 
                   ]
l.217 \includegraphics[width=.9\textwidth]
                                          {img/wumodel}
Dimensions can be in units of em, ex, in, pt, pc,
cm, mm, dd, cc, nd, nc, bp, or sp; but yours is a new one!
I'll assume that you meant to say pt, for printer's points.
To recover gracefully from this error, it's best to
delete the erroneous units; e.g., type `2' to delete
two letters. (See Chapter 27 of The TeXbook.)

! Undefined control sequence.
l.222 ...oards have received some attention \citep
                                                  {RefWorks:258}, but from s...
The control sequence at the end of the top line
of your error message was never \def'ed. If you have
misspelled it (e.g., `\hobx'), type `I' and the correct
spelling (e.g., `I\hbox'). Otherwise just continue,
and I'll forget about whatever was undefined.

! Undefined control sequence.
l.222 ... municipal policymakers in schools \citep
                                                  {RefWorks:262}. \citet{Ref...
The control sequence at the end of the top line
of your error message was never \def'ed. If you have
misspelled it (e.g., `\hobx'), type `I' and the correct
spelling (e.g., `I\hbox'). Otherwise just continue,
and I'll forget about whatever was undefined.

! Undefined control sequence.
l.222 ...s in schools \citep{RefWorks:262}. \citet
                                                  {RefWorks:318} indicates t...
The control sequence at the end of the top line
of your error message was never \def'ed. If you have
misspelled it (e.g., `\hobx'), type `I' and the correct
spelling (e.g., `I\hbox'). Otherwise just continue,
and I'll forget about whatever was undefined.

! Undefined control sequence.
l.222 ...ally to policy making at the state \citep
                                                  {RefWorks:187} and federal...
The control sequence at the end of the top line
of your error message was never \def'ed. If you have
misspelled it (e.g., `\hobx'), type `I' and the correct
spelling (e.g., `I\hbox'). Otherwise just continue,
and I'll forget about whatever was undefined.

! Undefined control sequence.
l.222 ...e \citep{RefWorks:187} and federal \citep
                                                  {RefWorks:236} levels. Unf...
The control sequence at the end of the top line
of your error message was never \def'ed. If you have
misspelled it (e.g., `\hobx'), type `I' and the correct
spelling (e.g., `I\hbox'). Otherwise just continue,
and I'll forget about whatever was undefined.

! Undefined control sequence.
l.226 ... also only received a cursory look \citep
                                                  {RefWorks:254}. \citet{Ref...
The control sequence at the end of the top line
of your error message was never \def'ed. If you have
misspelled it (e.g., `\hobx'), type `I' and the correct
spelling (e.g., `I\hbox'). Otherwise just continue,
and I'll forget about whatever was undefined.

! Undefined control sequence.
l.226 ...cursory look \citep{RefWorks:254}. \citet
                                                  {RefWorks:217} have done l...
The control sequence at the end of the top line
of your error message was never \def'ed. If you have
misspelled it (e.g., `\hobx'), type `I' and the correct
spelling (e.g., `I\hbox'). Otherwise just continue,
and I'll forget about whatever was undefined.

! Undefined control sequence.
l.226 ...losers from school board campaigns \citet
                                                  {RefWorks:218} found signi...
The control sequence at the end of the top line
of your error message was never \def'ed. If you have
misspelled it (e.g., `\hobx'), type `I' and the correct
spelling (e.g., `I\hbox'). Otherwise just continue,
and I'll forget about whatever was undefined.

! Undefined control sequence.
l.226 ...ions over the outcome of elections \citep
                                                  [see also:][]{RefWorks:320...
The control sequence at the end of the top line
of your error message was never \def'ed. If you have
misspelled it (e.g., `\hobx'), type `I' and the correct
spelling (e.g., `I\hbox'). Otherwise just continue,
and I'll forget about whatever was undefined.

! Undefined control sequence.
l.226 ...allengers are externally supported \citep
                                                  {RefWorks:240,RefWorks:347...
The control sequence at the end of the top line
of your error message was never \def'ed. If you have
misspelled it (e.g., `\hobx'), type `I' and the correct
spelling (e.g., `I\hbox'). Otherwise just continue,
and I'll forget about whatever was undefined.

! Undefined control sequence.
l.226 ... scholarship is surprising because \citet
                                                  {RefWorks:242} found that ...
The control sequence at the end of the top line
of your error message was never \def'ed. If you have
misspelled it (e.g., `\hobx'), type `I' and the correct
spelling (e.g., `I\hbox'). Otherwise just continue,
and I'll forget about whatever was undefined.

! Undefined control sequence.
l.226 ...w of influence on school decisions \citep
                                                  [see also][]{RefWorks:315}.
The control sequence at the end of the top line
of your error message was never \def'ed. If you have
misspelled it (e.g., `\hobx'), type `I' and the correct
spelling (e.g., `I\hbox'). Otherwise just continue,
and I'll forget about whatever was undefined.

[15
\@writefile{lof}{\contentsline {figure}{\numberline {0.2}{\ignorespaces The Str
ategic Game Sequence from Wu 1995}}{15}}
\newlabel{wumodel}{{\M@TitleReference {0.2}{The Strategic Game Sequence from Wu
 1995}}{15}}
\@writefile{toc}{\contentsline {subsubsection}{Policymaking}{15}}
]
! Undefined control sequence.
l.232 ...ers and the district administrator \citep
                                                  [see][]{RefWorks:233,RefWo...
The control sequence at the end of the top line
of your error message was never \def'ed. If you have
misspelled it (e.g., `\hobx'), type `I' and the correct
spelling (e.g., `I\hbox'). Otherwise just continue,
and I'll forget about whatever was undefined.

! Undefined control sequence.
l.232 ...as viewed by superintendents as in \citet
                                                  {RefWorks:229,RefWorks:234...
The control sequence at the end of the top line
of your error message was never \def'ed. If you have
misspelled it (e.g., `\hobx'), type `I' and the correct
spelling (e.g., `I\hbox'). Otherwise just continue,
and I'll forget about whatever was undefined.

! Undefined control sequence.
l.232 ...t as viewed by board members as in \citet
                                                  {RefWorks:227, RefWorks:23...
The control sequence at the end of the top line
of your error message was never \def'ed. If you have
misspelled it (e.g., `\hobx'), type `I' and the correct
spelling (e.g., `I\hbox'). Otherwise just continue,
and I'll forget about whatever was undefined.

! Undefined control sequence.
l.232 ...tween administration and the board \citet
                                                  {RefWorks:251, RefWorks:257}.
The control sequence at the end of the top line
of your error message was never \def'ed. If you have
misspelled it (e.g., `\hobx'), type `I' and the correct
spelling (e.g., `I\hbox'). Otherwise just continue,
and I'll forget about whatever was undefined.


Overfull \hbox (537.21414pt too wide) in paragraph at lines 232--233
\OT1/cmr/m/n/12 and the dis-trict ad-min-is-tra-tor [see][]RefWorks:233,RefWork
s:263,RefWorks:227,RefWorks:251,RefWorks:229,RefWorks:234,RefWorks:257,RefWorks
:264,RefWorks:226,RefWorks:316.
 []

! Undefined control sequence.
l.234 ...boards and superintendents, though \citet
                                                  {RefWorks:251} classified ...
The control sequence at the end of the top line
of your error message was never \def'ed. If you have
misspelled it (e.g., `\hobx'), type `I' and the correct
spelling (e.g., `I\hbox'). Otherwise just continue,
and I'll forget about whatever was undefined.

! Undefined control sequence.
l.234 ...ent of functional local governance \citep
                                                  [see][]{RefWorks:229,RefWo...
The control sequence at the end of the top line
of your error message was never \def'ed. If you have
misspelled it (e.g., `\hobx'), type `I' and the correct
spelling (e.g., `I\hbox'). Otherwise just continue,
and I'll forget about whatever was undefined.

! Undefined control sequence.
l.234 ...ween the board and superintendent. \citet
                                                  {RefWorks:340} noted that ...
The control sequence at the end of the top line
of your error message was never \def'ed. If you have
misspelled it (e.g., `\hobx'), type `I' and the correct
spelling (e.g., `I\hbox'). Otherwise just continue,
and I'll forget about whatever was undefined.

! Undefined control sequence.
l.234 ...ct--see the descriptive studies of \citet
                                                  {RefWorks:311} for an exam...
The control sequence at the end of the top line
of your error message was never \def'ed. If you have
misspelled it (e.g., `\hobx'), type `I' and the correct
spelling (e.g., `I\hbox'). Otherwise just continue,
and I'll forget about whatever was undefined.

! Undefined control sequence.
l.234 ...of the board on the superintendent \citep
                                                  {RefWorks:246}.
The control sequence at the end of the top line
of your error message was never \def'ed. If you have
misspelled it (e.g., `\hobx'), type `I' and the correct
spelling (e.g., `I\hbox'). Otherwise just continue,
and I'll forget about whatever was undefined.


Overfull \hbox (80.44244pt too wide) in paragraph at lines 234--235
\OT1/cmr/m/n/12 func-tional lo-cal gov-er-nance [see][]RefWorks:229,RefWorks:23
4,RefWorks:227,RefWorks:233,
 []

[16
\@writefile{toc}{\contentsline {subsubsection}{Interest Groups}{16}}
\@writefile{toc}{\contentsline {subsection}{Board and Superintendent Relationsh
ips}{16}}
]
! Undefined control sequence.
l.236 ...ave tended to focus on style as in \citet
                                                  {RefWorks:251} and not on ...
The control sequence at the end of the top line
of your error message was never \def'ed. If you have
misspelled it (e.g., `\hobx'), type `I' and the correct
spelling (e.g., `I\hbox'). Otherwise just continue,
and I'll forget about whatever was undefined.

Missing character: There is no â in font cmr12!
Missing character: There is no € in font cmr12!
Missing character: There is no ” in font cmr12!
Missing character: There is no â in font cmr12!
Missing character: There is no € in font cmr12!
Missing character: There is no ” in font cmr12!
[17
\@writefile{toc}{\contentsline {section}{\numberline {0.5}Proposed Study}{17}}
]

! LaTeX Error: Environment singlespace undefined.

See the LaTeX manual or LaTeX Companion for explanation.
Type  H <return>  for immediate help.
 ...                                              
                                                  
l.246 \begin{singlespace}
                         
Your command was ignored.
Type  I <command> <return>  to replace it with another command,
or  <return>  to continue without it.

! Undefined control sequence.
<argument> ...pair bill'' known formally as \href 
                                                  {http://docs.legis.wiscons...
l.247 ...consin Act 10} passed on March, 11 2011.}
                                                   This includes the elimina...
The control sequence at the end of the top line
of your error message was never \def'ed. If you have
misspelled it (e.g., `\hobx'), type `I' and the correct
spelling (e.g., `I\hbox'). Otherwise just continue,
and I'll forget about whatever was undefined.


Underfull \hbox (badness 7649) in paragraph at lines 247--247
[][] [][] \OT1/cmr/m/n/10 This in the form of the ``bud-get re-pair bill'' know
n for-mally as
 []

! Undefined control sequence.
<argument> ...6 states studied according to \href 
                                                  {http://www.cbpp.org/files...
l.248 ...Center for Budget Policy and Priorities.}
                                                  
The control sequence at the end of the top line
of your error message was never \def'ed. If you have
misspelled it (e.g., `\hobx'), type `I' and the correct
spelling (e.g., `I\hbox'). Otherwise just continue,
and I'll forget about whatever was undefined.

! Undefined control sequence.
<argument> ...et's impact on school finance \href 
                                                  {http://dpi.wi.gov/pb/11-1...
l.249 ...pb/11-13_budget.html}{available online}.}
                                                  
The control sequence at the end of the top line
of your error message was never \def'ed. If you have
misspelled it (e.g., `\hobx'), type `I' and the correct
spelling (e.g., `I\hbox'). Otherwise just continue,
and I'll forget about whatever was undefined.

! Missing $ inserted.
<inserted text> 
                $
l.249 ...pb/11-13_budget.html}{available online}.}
                                                  
I've inserted a begin-math/end-math symbol since I think
you left one out. Proceed, with fingers crossed.

! Extra }, or forgotten $.
<argument> ...p://dpi.wi.gov/pb/11-13_budget.html}
                                                  {available online}.}\@fina...
l.249 ...pb/11-13_budget.html}{available online}.}
                                                  
I've deleted a group-closing symbol because it seems to be
spurious, as in `$x}$'. But perhaps the } is legitimate and
you forgot something else, as in `\hbox{$x}'. In such cases
the way to recover is to insert both the forgotten and the
deleted material, e.g., by typing `I$}'.

! Extra }, or forgotten $.
<argument> ...-13_budget.html}{available online}.}
                                                  \@finalstrut \strutbox 
l.249 ...pb/11-13_budget.html}{available online}.}
                                                  
I've deleted a group-closing symbol because it seems to be
spurious, as in `$x}$'. But perhaps the } is legitimate and
you forgot something else, as in `\hbox{$x}'. In such cases
the way to recover is to insert both the forgotten and the
deleted material, e.g., by typing `I$}'.

! Extra }, or forgotten $.
\@footnotetext ...rut \strutbox }\color@endgroup }
                                                  \fi \m@mmf@prepare 
l.249 ...pb/11-13_budget.html}{available online}.}
                                                  
I've deleted a group-closing symbol because it seems to be
spurious, as in `$x}$'. But perhaps the } is legitimate and
you forgot something else, as in `\hbox{$x}'. In such cases
the way to recover is to insert both the forgotten and the
deleted material, e.g., by typing `I$}'.


! LaTeX Error: Command \item invalid in math mode.

See the LaTeX manual or LaTeX Companion for explanation.
Type  H <return>  for immediate help.
 ...                                              
                                                  
l.250 \item
            A reduction in the levy rate for local property taxes in most sc...

Try typing  <return>  to proceed.
If that doesn't work, type  X <return>  to quit.


! LaTeX Error: Something's wrong--perhaps a missing \item.

See the LaTeX manual or LaTeX Companion for explanation.
Type  H <return>  for immediate help.
 ...                                              
                                                  
l.250 \item A
              reduction in the levy rate for local property taxes in most sc...

Try typing  <return>  to proceed.
If that doesn't work, type  X <return>  to quit.


! LaTeX Error: Something's wrong--perhaps a missing \item.

See the LaTeX manual or LaTeX Companion for explanation.
Type  H <return>  for immediate help.
 ...                                              
                                                  
l.250 \item A
              reduction in the levy rate for local property taxes in most sc...

Try typing  <return>  to proceed.
If that doesn't work, type  X <return>  to quit.


Overfull \hbox (60.95634pt too wide) in paragraph at lines 250--250
[][] [][]\OT1/cmr/m/n/10 More in-for-ma-tion avail-able here: http://www.reform
s.wi.gov/section.asp?linkid=1779&locid=185| 
 []


! LaTeX Error: \begin{enumerate} on input line 245 ended by \end{singlespace}.

See the LaTeX manual or LaTeX Companion for explanation.
Type  H <return>  for immediate help.
 ...                                              
                                                  
l.251 \end{singlespace}
                       
Your command was ignored.
Type  I <command> <return>  to replace it with another command,
or  <return>  to continue without it.

! Missing $ inserted.
<inserted text> 
                $
l.251 \end{singlespace}
                       
I've inserted something that you may have forgotten.
(See the <inserted text> above.)
With luck, this will get me unwedged. But if you
really didn't forget anything, try typing `2' now; then
my insertion and my current dilemma will both disappear.

! Missing } inserted.
<inserted text> 
                }
l.251 \end{singlespace}
                       
I've inserted something that you may have forgotten.
(See the <inserted text> above.)
With luck, this will get me unwedged. But if you
really didn't forget anything, try typing `2' now; then
my insertion and my current dilemma will both disappear.

! Missing } inserted.
<inserted text> 
                }
l.251 \end{singlespace}
                       
I've inserted something that you may have forgotten.
(See the <inserted text> above.)
With luck, this will get me unwedged. But if you
really didn't forget anything, try typing `2' now; then
my insertion and my current dilemma will both disappear.

! Missing } inserted.
<inserted text> 
                }
l.251 \end{singlespace}
                       
I've inserted something that you may have forgotten.
(See the <inserted text> above.)
With luck, this will get me unwedged. But if you
really didn't forget anything, try typing `2' now; then
my insertion and my current dilemma will both disappear.


Underfull \hbox (badness 1755) in paragraph at lines 249--251
[][] [][] \OT1/cmr/m/n/10 The Wis-con-sin De-part-ment of Pub-lic In-struc-tion
 has a strong sum-mary
 []


Underfull \hbox (badness 7486) in paragraph at lines 249--251
\OT1/cmr/m/n/10 of the 2011-13 bud-get's im-pact on school fi-nance http://dpi.
wi.gov/pb/11-
 []


Overfull \hbox (590.77147pt too wide) in paragraph at lines 249--251
\OT1/cmr/m/n/10 13$[]\OML/cmm/m/it/10 udget:html[]:|Areductioninthelevyrateforl
ocalpropertytaxesinmostschooldistrictsstatewide; a\OT1/cmr/m/n/10 1%\OML/cmm/m/
it/10 decreaseintheschooltaxshareofpropertytaxes; andastatewidereductionof\OT1/
cmr/m/n/10 $228\OML/cmm/m/it/10 millioninpropertytaxrates:[]$ 
 []


! LaTeX Error: Environment singlespace undefined.

See the LaTeX manual or LaTeX Companion for explanation.
Type  H <return>  for immediate help.
 ...                                              
                                                  
l.257 \begin{singlespace}
                         
Your command was ignored.
Type  I <command> <return>  to replace it with another command,
or  <return>  to continue without it.


! LaTeX Error: \begin{enumerate} on input line 256 ended by \end{singlespace}.

See the LaTeX manual or LaTeX Companion for explanation.
Type  H <return>  for immediate help.
 ...                                              
                                                  
l.262 \end{singlespace}
                       
Your command was ignored.
Type  I <command> <return>  to replace it with another command,
or  <return>  to continue without it.


LaTeX Warning: Reference `wiscotimeline' on page 18 undefined on input line 265
.

[18] [19]

! LaTeX Error: Missing \begin{document}.

See the LaTeX manual or LaTeX Companion for explanation.
Type  H <return>  for immediate help.
 ...                                              
                                                  
l.269 \begin{figure}[h!]
                        
You're in trouble here.  Try typing  <return>  to proceed.
If that doesn't work, type  X <return>  to quit.

! Undefined control sequence.
l.272 \includegraphics
                      [width=\textwidth,height=1.75in]{img/wiscotimeline}
The control sequence at the end of the top line
of your error message was never \def'ed. If you have
misspelled it (e.g., `\hobx'), type `I' and the correct
spelling (e.g., `I\hbox'). Otherwise just continue,
and I'll forget about whatever was undefined.

! Illegal unit of measure (pt inserted).
<to be read again> 
                   h
l.272 \includegraphics[width=\textwidth,h
                                         eight=1.75in]{img/wiscotimeline}
Dimensions can be in units of em, ex, in, pt, pc,
cm, mm, dd, cc, nd, nc, bp, or sp; but yours is a new one!
I'll assume that you meant to say pt, for printer's points.
To recover gracefully from this error, it's best to
delete the erroneous units; e.g., type `2' to delete
two letters. (See Chapter 27 of The TeXbook.)


LaTeX Warning: Reference `wiscotimeline' on page 20 undefined on input line 292
.


! LaTeX Error: Environment singlespace undefined.

See the LaTeX manual or LaTeX Companion for explanation.
Type  H <return>  for immediate help.
 ...                                              
                                                  
l.296 \begin{singlespace}
                         
Your command was ignored.
Type  I <command> <return>  to replace it with another command,
or  <return>  to continue without it.


! LaTeX Error: \begin{enumerate} on input line 295 ended by \end{singlespace}.

See the LaTeX manual or LaTeX Companion for explanation.
Type  H <return>  for immediate help.
 ...                                              
                                                  
l.301 \end{singlespace}
                       
Your command was ignored.
Type  I <command> <return>  to replace it with another command,
or  <return>  to continue without it.

! Undefined control sequence.
l.305 ...e theory development has occurred, \citet
                                                  {RefWorks:192} argue that ...
The control sequence at the end of the top line
of your error message was never \def'ed. If you have
misspelled it (e.g., `\hobx'), type `I' and the correct
spelling (e.g., `I\hbox'). Otherwise just continue,
and I'll forget about whatever was undefined.

! Undefined control sequence.
l.305 ...of electoral behavior in key areas \citep
                                                  {RefWorks:348}.
The control sequence at the end of the top line
of your error message was never \def'ed. If you have
misspelled it (e.g., `\hobx'), type `I' and the correct
spelling (e.g., `I\hbox'). Otherwise just continue,
and I'll forget about whatever was undefined.

! Undefined control sequence.
<argument> ...not the case according to the \href 
                                                  {http://www.politifact.com...
l.307 ...gned-his-/}{Milwaukee Journal Sentinel}.}
                                                   Additionally, the reforms...
The control sequence at the end of the top line
of your error message was never \def'ed. If you have
misspelled it (e.g., `\hobx'), type `I' and the correct
spelling (e.g., `I\hbox'). Otherwise just continue,
and I'll forget about whatever was undefined.


Underfull \hbox (badness 10000) in paragraph at lines 307--307
\OT1/cmr/m/n/10 http://www.politifact.com/wisconsin/statements/2011/feb/22/scot
t-walker/wisconsin-
 []

[20


\@writefile{lof}{\contentsline {figure}{\numberline {0.3}{\ignorespaces Wiscons
in Politics 2011-2013 Timeline}}{20}}
\newlabel{wiscotimeline}{{\M@TitleReference {0.3}{Wisconsin Politics 2011-2013 
Timeline}}{20}}
\@writefile{toc}{\contentsline {subsection}{Research Questions and Methodology}
{20}}
]

LaTeX Warning: Reference `model' on page 21 undefined on input line 309.

! Undefined control sequence.
l.309 ...l level policy concerns much as in \citet
                                                  {RefWorks:243}, in turn, t...
The control sequence at the end of the top line
of your error message was never \def'ed. If you have
misspelled it (e.g., `\hobx'), type `I' and the correct
spelling (e.g., `I\hbox'). Otherwise just continue,
and I'll forget about whatever was undefined.

! Undefined control sequence.
l.309 ... support for those policies. As in \citet
                                                  {RefWorks:243} when boards...
The control sequence at the end of the top line
of your error message was never \def'ed. If you have
misspelled it (e.g., `\hobx'), type `I' and the correct
spelling (e.g., `I\hbox'). Otherwise just continue,
and I'll forget about whatever was undefined.

! Undefined control sequence.
l.309 ...n policy and pre-election activity \citep
                                                  [see][]{RefWorks:345,RefWo...
The control sequence at the end of the top line
of your error message was never \def'ed. If you have
misspelled it (e.g., `\hobx'), type `I' and the correct
spelling (e.g., `I\hbox'). Otherwise just continue,
and I'll forget about whatever was undefined.


! LaTeX Error: Missing \begin{document}.

See the LaTeX manual or LaTeX Companion for explanation.
Type  H <return>  for immediate help.
 ...                                              
                                                  
l.312 \begin{figure}[h!]
                        
You're in trouble here.  Try typing  <return>  to proceed.
If that doesn't work, type  X <return>  to quit.

! Undefined control sequence.
l.315 \includegraphics
                      [width=.9\textwidth]{img/theory}
The control sequence at the end of the top line
of your error message was never \def'ed. If you have
misspelled it (e.g., `\hobx'), type `I' and the correct
spelling (e.g., `I\hbox'). Otherwise just continue,
and I'll forget about whatever was undefined.

! Missing number, treated as zero.
<to be read again> 
                   ]
l.315 \includegraphics[width=.9\textwidth]
                                          {img/theory}
A number should have been here; I inserted `0'.
(If you can't figure out why I needed to see a number,
look up `weird error' in the index to The TeXbook.)

! Illegal unit of measure (pt inserted).
<to be read again> 
                   ]
l.315 \includegraphics[width=.9\textwidth]
                                          {img/theory}
Dimensions can be in units of em, ex, in, pt, pc,
cm, mm, dd, cc, nd, nc, bp, or sp; but yours is a new one!
I'll assume that you meant to say pt, for printer's points.
To recover gracefully from this error, it's best to
delete the erroneous units; e.g., type `2' to delete
two letters. (See Chapter 27 of The TeXbook.)


LaTeX Warning: `!h' float specifier changed to `!ht'.

[21]
! Undefined control sequence.
l.327 ...ensome in terms of time and energy \citep
                                                  {RefWorks:336}. Additional...
The control sequence at the end of the top line
of your error message was never \def'ed. If you have
misspelled it (e.g., `\hobx'), type `I' and the correct
spelling (e.g., `I\hbox'). Otherwise just continue,
and I'll forget about whatever was undefined.

! Undefined control sequence.
l.327 ...any weeknights for public meetings \citep
                                                  {RefWorks:333}. Moreover, ...
The control sequence at the end of the top line
of your error message was never \def'ed. If you have
misspelled it (e.g., `\hobx'), type `I' and the correct
spelling (e.g., `I\hbox'). Otherwise just continue,
and I'll forget about whatever was undefined.

! Undefined control sequence.
l.327 ...tone office for career politicians \citep
                                                  {RefWorks:333}. Yet, candi...
The control sequence at the end of the top line
of your error message was never \def'ed. If you have
misspelled it (e.g., `\hobx'), type `I' and the correct
spelling (e.g., `I\hbox'). Otherwise just continue,
and I'll forget about whatever was undefined.

! Undefined control sequence.
l.327 ...orks:333}. Yet, candidates emerge. \citet
                                                  {RefWorks:336}'s applicati...
The control sequence at the end of the top line
of your error message was never \def'ed. If you have
misspelled it (e.g., `\hobx'), type `I' and the correct
spelling (e.g., `I\hbox'). Otherwise just continue,
and I'll forget about whatever was undefined.

[22
\@writefile{lof}{\contentsline {figure}{\numberline {0.4}{\ignorespaces A Theor
etical Model of School Board Policy Shock}}{22}}
\newlabel{model}{{\M@TitleReference {0.4}{A Theoretical Model of School Board P
olicy Shock}}{22}}
\@writefile{toc}{\contentsline {subsection}{Candidate and Voter Participation}{
22}}
]
! Undefined control sequence.
l.329 ...y in the literature as confounding \citep
                                                  {RefWorks:311}.
The control sequence at the end of the top line
of your error message was never \def'ed. If you have
misspelled it (e.g., `\hobx'), type `I' and the correct
spelling (e.g., `I\hbox'). Otherwise just continue,
and I'll forget about whatever was undefined.

! Undefined control sequence.
l.331 ... board members and superintendents \citep
                                                  {RefWorks:243,RefWorks:297...
The control sequence at the end of the top line
of your error message was never \def'ed. If you have
misspelled it (e.g., `\hobx'), type `I' and the correct
spelling (e.g., `I\hbox'). Otherwise just continue,
and I'll forget about whatever was undefined.


Underfull \hbox (badness 10000) in paragraph at lines 331--332

 []


Underfull \hbox (badness 10000) in paragraph at lines 333--334

 []

! Undefined control sequence.
<argument> ...a number of additional ways. \citet 
                                                  {RefWorks:337} discuss a n...
l.335 ... seats available divided by challengers.}
                                                   Thus, when $Z_{t} = 0$ th...
The control sequence at the end of the top line
of your error message was never \def'ed. If you have
misspelled it (e.g., `\hobx'), type `I' and the correct
spelling (e.g., `I\hbox'). Otherwise just continue,
and I'll forget about whatever was undefined.

[23
\@writefile{toc}{\contentsline {subsubsection}{Candidate Participation}{23}}
\newlabel{sec:ce}{{\M@TitleReference {0.5}{Candidate Participation}}{23}}
]
! Undefined control sequence.
l.339 ... community to a substantial degree \citep
                                                  {RefWorks:297}. Continuous...
The control sequence at the end of the top line
of your error message was never \def'ed. If you have
misspelled it (e.g., `\hobx'), type `I' and the correct
spelling (e.g., `I\hbox'). Otherwise just continue,
and I'll forget about whatever was undefined.

! Undefined control sequence.
l.339 ... seeks support from the electorate \citep
                                                  {RefWorks:283}. Finally, P...
The control sequence at the end of the top line
of your error message was never \def'ed. If you have
misspelled it (e.g., `\hobx'), type `I' and the correct
spelling (e.g., `I\hbox'). Otherwise just continue,
and I'll forget about whatever was undefined.

! Undefined control sequence.
l.339 ...sitions exceeds the cost of voting \citep
                                                  {RefWorks:336,RefWorks:243}.
The control sequence at the end of the top line
of your error message was never \def'ed. If you have
misspelled it (e.g., `\hobx'), type `I' and the correct
spelling (e.g., `I\hbox'). Otherwise just continue,
and I'll forget about whatever was undefined.


Underfull \hbox (badness 10000) in paragraph at lines 341--342

 []

[24
\@writefile{toc}{\contentsline {subsubsection}{Voter Participation}{24}}
\newlabel{sec:vp}{{\M@TitleReference {0.5}{Voter Participation}}{24}}
]
Underfull \hbox (badness 10000) in paragraph at lines 344--345

 []

! Undefined control sequence.
l.346 ...rest group in the spring elections \citep
                                                  {RefWorks:320, RefWorks:20...
The control sequence at the end of the top line
of your error message was never \def'ed. If you have
misspelled it (e.g., `\hobx'), type `I' and the correct
spelling (e.g., `I\hbox'). Otherwise just continue,
and I'll forget about whatever was undefined.

! Undefined control sequence.
l.346 ...tion will increase as predicted by \citep
                                                  {RefWorks:243}--voters see...
The control sequence at the end of the top line
of your error message was never \def'ed. If you have
misspelled it (e.g., `\hobx'), type `I' and the correct
spelling (e.g., `I\hbox'). Otherwise just continue,
and I'll forget about whatever was undefined.

[25]
! Undefined control sequence.
l.354 ...ple of school districts in a state \citep
                                                  {RefWorks:253,RefWorks:236...
The control sequence at the end of the top line
of your error message was never \def'ed. If you have
misspelled it (e.g., `\hobx'), type `I' and the correct
spelling (e.g., `I\hbox'). Otherwise just continue,
and I'll forget about whatever was undefined.

[26
\@writefile{toc}{\contentsline {subsection}{Board Policy Responses}{26}}
\newlabel{sec:bp}{{\M@TitleReference {0.5}{Board Policy Responses}}{26}}
]
Underfull \hbox (badness 10000) in paragraph at lines 356--357

 []


Underfull \hbox (badness 10000) in paragraph at lines 358--359

 []

[27]
Underfull \hbox (badness 3333) in paragraph at lines 362--362
[][] [][]\OT1/cmr/m/n/10 The orig-i-nal sur-vey form for 2011 and for 2012 can 
be found on-line:
 []


Underfull \hbox (badness 10000) in paragraph at lines 362--363

 []


Underfull \hbox (badness 10000) in paragraph at lines 365--366

 []

[28]
! Undefined control sequence.
l.376 ...-identify their political ideology \citep
                                                  {RefWorks:321,RefWorks:333...
The control sequence at the end of the top line
of your error message was never \def'ed. If you have
misspelled it (e.g., `\hobx'), type `I' and the correct
spelling (e.g., `I\hbox'). Otherwise just continue,
and I'll forget about whatever was undefined.


Underfull \hbox (badness 10000) in paragraph at lines 380--381

 []

[29
\@writefile{toc}{\contentsline {subsection}{Partisanship in Board Elections}{29
}}
\newlabel{sec:pid}{{\M@TitleReference {0.5}{Partisanship in Board Elections}}{2
9}}
]
Underfull \hbox (badness 10000) in paragraph at lines 382--383

 []


LaTeX Warning: Reference `hypotab' on page 30 undefined on input line 390.

! Undefined control sequence.
l.390 ...rom the models above in sections \nameref
                                                  {sec:ce}, \nameref{sec:vp}...
The control sequence at the end of the top line
of your error message was never \def'ed. If you have
misspelled it (e.g., `\hobx'), type `I' and the correct
spelling (e.g., `I\hbox'). Otherwise just continue,
and I'll forget about whatever was undefined.

! Undefined control sequence.
l.390 ...ve in sections \nameref{sec:ce}, \nameref
                                                  {sec:vp}, \nameref{sec:bp}...
The control sequence at the end of the top line
of your error message was never \def'ed. If you have
misspelled it (e.g., `\hobx'), type `I' and the correct
spelling (e.g., `I\hbox'). Otherwise just continue,
and I'll forget about whatever was undefined.

! Undefined control sequence.
l.390 ...meref{sec:ce}, \nameref{sec:vp}, \nameref
                                                  {sec:bp},and \nameref{sec:...
The control sequence at the end of the top line
of your error message was never \def'ed. If you have
misspelled it (e.g., `\hobx'), type `I' and the correct
spelling (e.g., `I\hbox'). Otherwise just continue,
and I'll forget about whatever was undefined.

! Undefined control sequence.
l.390 ...ef{sec:vp}, \nameref{sec:bp},and \nameref
                                                  {sec:pid}.
The control sequence at the end of the top line
of your error message was never \def'ed. If you have
misspelled it (e.g., `\hobx'), type `I' and the correct
spelling (e.g., `I\hbox'). Otherwise just continue,
and I'll forget about whatever was undefined.


! LaTeX Error: Missing \begin{document}.

See the LaTeX manual or LaTeX Companion for explanation.
Type  H <return>  for immediate help.
 ...                                              
                                                  
l.392 \begin{table}[h!]
                       
You're in trouble here.  Try typing  <return>  to proceed.
If that doesn't work, type  X <return>  to quit.

! Undefined control sequence.
<recently read> \multirow 
                          
l.400 \multirow
               {2}{*}{Candidate Participation} & Unity on State Policy ($\up...
The control sequence at the end of the top line
of your error message was never \def'ed. If you have
misspelled it (e.g., `\hobx'), type `I' and the correct
spelling (e.g., `I\hbox'). Otherwise just continue,
and I'll forget about whatever was undefined.

! Undefined control sequence.
<recently read> \multirow 
                          
l.401 \multirow
               {4}{*}{Voter Participation} & Prior Turnout $(\uparrow)$ & Po...
The control sequence at the end of the top line
of your error message was never \def'ed. If you have
misspelled it (e.g., `\hobx'), type `I' and the correct
spelling (e.g., `I\hbox'). Otherwise just continue,
and I'll forget about whatever was undefined.


Underfull \hbox (badness 7308) in paragraph at lines 401--401
[]|\OT1/cmr/m/n/10.95 4*Voter Par-tic-i-pa-
 []

! Undefined control sequence.
<recently read> \multirow 
                          
l.403 \multirow
               {2}{*}{Union Policy} & Union Strength $(\uparrow)$ & Policy R...
The control sequence at the end of the top line
of your error message was never \def'ed. If you have
misspelled it (e.g., `\hobx'), type `I' and the correct
spelling (e.g., `I\hbox'). Otherwise just continue,
and I'll forget about whatever was undefined.

! Undefined control sequence.
<recently read> \multirow 
                          
l.404 \multirow
               {2}{*}{Budget Policy} & Budgetary Health $(\uparrow)$ & Fewer...
The control sequence at the end of the top line
of your error message was never \def'ed. If you have
misspelled it (e.g., `\hobx'), type `I' and the correct
spelling (e.g., `I\hbox'). Otherwise just continue,
and I'll forget about whatever was undefined.


LaTeX Warning: `!h' float specifier changed to `!ht'.

[30
\@writefile{toc}{\contentsline {subsection}{Summary of Questions, Hypotheses, a
nd Models}{30}}
] [31
\@writefile{lot}{\contentsline {table}{\numberline {0.3}{\ignorespaces Summariz
ing Hypotheses}}{31}}
\newlabel{hypotab}{{\M@TitleReference {0.3}{Summarizing Hypotheses}}{31}}
\@writefile{toc}{\contentsline {subsection}{Data and Design}{31}}
] [32] [33]
! Undefined control sequence.
l.426 ...tate similar to the survey used by \citet
                                                  {RefWorks:333} to understa...
The control sequence at the end of the top line
of your error message was never \def'ed. If you have
misspelled it (e.g., `\hobx'), type `I' and the correct
spelling (e.g., `I\hbox'). Otherwise just continue,
and I'll forget about whatever was undefined.

[34
\@writefile{toc}{\contentsline {section}{\numberline {0.6}Contribution of Findi
ngs}{34}}
] [35
\@writefile{toc}{\contentsline {section}{\numberline {0.7}Risks and Caveats}{35
}}
])
! Emergency stop.
<*> intro.tex
             
*** (job aborted, no legal \end found)

 
Here is how much of TeX's memory you used:
 3579 strings out of 493921
 47172 string characters out of 3144875
 137938 words of memory out of 3000000
 6928 multiletter control sequences out of 15000+200000
 9470 words of font info for 33 fonts, out of 3000000 for 9000
 841 hyphenation exceptions out of 8191
 28i,10n,23p,2629b,338s stack positions out of 5000i,500n,10000p,200000b,50000s
!  ==> Fatal error occurred, no output PDF file produced!
